start transaction;
UPDATE selecao SET bandeira = '/images/bandeiras/RUS.gif' WHERE codigo_pais = 'RUS';
UPDATE selecao SET bandeira = '/images/bandeiras/SAU.gif' WHERE codigo_pais = 'SAU';
UPDATE selecao SET bandeira = '/images/bandeiras/EGY.gif' WHERE codigo_pais = 'EGY';
UPDATE selecao SET bandeira = '/images/bandeiras/URY.gif' WHERE codigo_pais = 'URY';
UPDATE selecao SET bandeira = '/images/bandeiras/POR.gif' WHERE codigo_pais = 'POR';
UPDATE selecao SET bandeira = '/images/bandeiras/ESP.gif' WHERE codigo_pais = 'ESP';
UPDATE selecao SET bandeira = '/images/bandeiras/MAR.gif' WHERE codigo_pais = 'MAR';
UPDATE selecao SET bandeira = '/images/bandeiras/IRN.gif' WHERE codigo_pais = 'IRN';
UPDATE selecao SET bandeira = '/images/bandeiras/FRA.gif' WHERE codigo_pais = 'FRA';
UPDATE selecao SET bandeira = '/images/bandeiras/AUS.gif' WHERE codigo_pais = 'AUS';
UPDATE selecao SET bandeira = '/images/bandeiras/PER.gif' WHERE codigo_pais = 'PER';
UPDATE selecao SET bandeira = '/images/bandeiras/DEN.gif' WHERE codigo_pais = 'DEN';
UPDATE selecao SET bandeira = '/images/bandeiras/ARG.gif' WHERE codigo_pais = 'ARG';
UPDATE selecao SET bandeira = '/images/bandeiras/ISL.gif' WHERE codigo_pais = 'ISL';
UPDATE selecao SET bandeira = '/images/bandeiras/CRO.gif' WHERE codigo_pais = 'CRO';
UPDATE selecao SET bandeira = '/images/bandeiras/NIG.gif' WHERE codigo_pais = 'NIG';
UPDATE selecao SET bandeira = '/images/bandeiras/BRA.gif' WHERE codigo_pais = 'BRA';
UPDATE selecao SET bandeira = '/images/bandeiras/SWI.gif' WHERE codigo_pais = 'SWI';
UPDATE selecao SET bandeira = '/images/bandeiras/CRI.gif' WHERE codigo_pais = 'CRI';
UPDATE selecao SET bandeira = '/images/bandeiras/SRB.gif' WHERE codigo_pais = 'SRB';
UPDATE selecao SET bandeira = '/images/bandeiras/GER.gif' WHERE codigo_pais = 'GER';
UPDATE selecao SET bandeira = '/images/bandeiras/MEX.gif' WHERE codigo_pais = 'MEX';
UPDATE selecao SET bandeira = '/images/bandeiras/SWE.gif' WHERE codigo_pais = 'SWE';
UPDATE selecao SET bandeira = '/images/bandeiras/KOR.gif' WHERE codigo_pais = 'KOR';
UPDATE selecao SET bandeira = '/images/bandeiras/BEL.gif' WHERE codigo_pais = 'BEL';
UPDATE selecao SET bandeira = '/images/bandeiras/PAN.gif' WHERE codigo_pais = 'PAN';
UPDATE selecao SET bandeira = '/images/bandeiras/TUN.gif' WHERE codigo_pais = 'TUN';
UPDATE selecao SET bandeira = '/images/bandeiras/ENG.gif' WHERE codigo_pais = 'ENG';
UPDATE selecao SET bandeira = '/images/bandeiras/POL.gif' WHERE codigo_pais = 'POL';
UPDATE selecao SET bandeira = '/images/bandeiras/SEN.gif' WHERE codigo_pais = 'SEN';
UPDATE selecao SET bandeira = '/images/bandeiras/COL.gif' WHERE codigo_pais = 'COL';
UPDATE selecao SET bandeira = '/images/bandeiras/JPN.gif' WHERE codigo_pais = 'JPN';
INSERT INTO cidade (id_cidade, nome, estado) VALUES (1,'Moscow','Moscow');
INSERT INTO cidade (id_cidade, nome, estado) VALUES (2,'Ekaterinburg','Ekaterinburg');
INSERT INTO cidade (id_cidade, nome, estado) VALUES (3,'St. Petersburg','St. Petersburg');
INSERT INTO cidade (id_cidade, nome, estado) VALUES (4,'Sochi','Sochi');
INSERT INTO cidade (id_cidade, nome, estado) VALUES (5,'Kazan','Kazan');
INSERT INTO cidade (id_cidade, nome, estado) VALUES (6,'Saransk','Saransk');
INSERT INTO cidade (id_cidade, nome, estado) VALUES (7,'Kaliningrad','Kaliningrad');
INSERT INTO cidade (id_cidade, nome, estado) VALUES (8,'Samara','Samara');
INSERT INTO cidade (id_cidade, nome, estado) VALUES (9,'Rostov','Rostov');
INSERT INTO cidade (id_cidade, nome, estado) VALUES (10,'Nizhny Novgorod','Nizhny Novgorod');
INSERT INTO cidade (id_cidade, nome, estado) VALUES (11,'Volgograd','Volgograd');
INSERT INTO estadio (id_estadio, id_cidade, nome, capacidade) VALUES (1, 1, 'Luzhniki Stadium', 69174);
INSERT INTO estadio (id_estadio, id_cidade, nome, capacidade) VALUES (2, 2, 'Ekaterinburg Arena', 58542);
INSERT INTO estadio (id_estadio, id_cidade, nome, capacidade) VALUES (3, 3, 'Saint Petersburg Stadium', 58697);
INSERT INTO estadio (id_estadio, id_cidade, nome, capacidade) VALUES (4, 4, 'Fisht Stadium', 61188);
INSERT INTO estadio (id_estadio, id_cidade, nome, capacidade) VALUES (5, 5, 'Kazan Arena', 59911);
INSERT INTO estadio (id_estadio, id_cidade, nome, capacidade) VALUES (6, 1, 'Spartak Stadium', 67125);
INSERT INTO estadio (id_estadio, id_cidade, nome, capacidade) VALUES (7, 6, 'Mordovia Arena', 59394);
INSERT INTO estadio (id_estadio, id_cidade, nome, capacidade) VALUES (8, 7, 'Kaliningrad Stadium', 68009);
INSERT INTO estadio (id_estadio, id_cidade, nome, capacidade) VALUES (9, 8, 'Samara Arena', 56825);
INSERT INTO estadio (id_estadio, id_cidade, nome, capacidade) VALUES (10, 9, 'Rostov Arena', 51942);
INSERT INTO estadio (id_estadio, id_cidade, nome, capacidade) VALUES (11, 10, 'Nizhny Novgorod Stadium', 61105);
INSERT INTO estadio (id_estadio, id_cidade, nome, capacidade) VALUES (12, 11, 'Volgograd Arena', 52506);
INSERT INTO pessoa (id_pessoa, tipo_documento,documento,nome,data_nascimento,nome_pais_origem) VALUES (1,'RHU','022296','Igor Akinfeev','19870621','Rússia');
INSERT INTO pessoa (id_pessoa, tipo_documento,documento,nome,data_nascimento,nome_pais_origem) VALUES (2,'RHU','008932','Igor Smolnikov','19841121','Rússia');
INSERT INTO pessoa (id_pessoa, tipo_documento,documento,nome,data_nascimento,nome_pais_origem) VALUES (3,'RHU','024229','Viktor Vasin','19890217','Rússia');
INSERT INTO pessoa (id_pessoa, tipo_documento,documento,nome,data_nascimento,nome_pais_origem) VALUES (4,'RHU','024041','Mário Fernandes','19871215','Rússia');
INSERT INTO pessoa (id_pessoa, tipo_documento,documento,nome,data_nascimento,nome_pais_origem) VALUES (5,'RHU','010112','Fedor Kudrayashov','19851227','Rússia');
INSERT INTO pessoa (id_pessoa, tipo_documento,documento,nome,data_nascimento,nome_pais_origem) VALUES (6,'RHU','013022','Ilya Kutepov','19850124','Rússia');
INSERT INTO pessoa (id_pessoa, tipo_documento,documento,nome,data_nascimento,nome_pais_origem) VALUES (7,'RHU','029337','Dmitri Kombarov','19770406','Rússia');
INSERT INTO pessoa (id_pessoa, tipo_documento,documento,nome,data_nascimento,nome_pais_origem) VALUES (8,'RHU','001626','Aleksei Miranchuk','19760822','Rússia');
INSERT INTO pessoa (id_pessoa, tipo_documento,documento,nome,data_nascimento,nome_pais_origem) VALUES (9,'RHU','023216','Denis Glushakov','19800407','Rússia');
INSERT INTO pessoa (id_pessoa, tipo_documento,documento,nome,data_nascimento,nome_pais_origem) VALUES (10,'RHU','018823','Aleksandr Golovin','19810309','Rússia');
INSERT INTO pessoa (id_pessoa, tipo_documento,documento,nome,data_nascimento,nome_pais_origem) VALUES (11,'RHU','032356','Yuri Zhirkov','19880221','Rússia');
INSERT INTO pessoa (id_pessoa, tipo_documento,documento,nome,data_nascimento,nome_pais_origem) VALUES (12,'RHU','019405','Aleksandr Erokhin','19791110','Rússia');
INSERT INTO pessoa (id_pessoa, tipo_documento,documento,nome,data_nascimento,nome_pais_origem) VALUES (13,'RHU','027384','Alan Dzagoev','19890222','Rússia');
INSERT INTO pessoa (id_pessoa, tipo_documento,documento,nome,data_nascimento,nome_pais_origem) VALUES (14,'RHU','012993','Daler Kuzyayev','19810318','Rússia');
INSERT INTO pessoa (id_pessoa, tipo_documento,documento,nome,data_nascimento,nome_pais_origem) VALUES (15,'RHU','022428','Daler Kuzyayev','19850123','Rússia');
INSERT INTO pessoa (id_pessoa, tipo_documento,documento,nome,data_nascimento,nome_pais_origem) VALUES (16,'RHU','014460','Dmitry Poloz','19860124','Rússia');
INSERT INTO pessoa (id_pessoa, tipo_documento,documento,nome,data_nascimento,nome_pais_origem) VALUES (17,'RHU','019801','Fedor Smolov','19810204','Rússia');
INSERT INTO pessoa (id_pessoa, tipo_documento,documento,nome,data_nascimento,nome_pais_origem) VALUES (18,'RHU','005108','Aleksandr Kokorin','19770411','Rússia');
INSERT INTO pessoa (id_pessoa, tipo_documento,documento,nome,data_nascimento,nome_pais_origem) VALUES (19,'RHU','002303','Abdullah Al-Mayouf','19821215','Arábia Saudita');
INSERT INTO pessoa (id_pessoa, tipo_documento,documento,nome,data_nascimento,nome_pais_origem) VALUES (20,'RHU','002324','Osama Hawsawi','19870313','Arábia Saudita');
INSERT INTO pessoa (id_pessoa, tipo_documento,documento,nome,data_nascimento,nome_pais_origem) VALUES (21,'RHU','006439','Abdullah Al-Zori','19880103','Arábia Saudita');
INSERT INTO pessoa (id_pessoa, tipo_documento,documento,nome,data_nascimento,nome_pais_origem) VALUES (22,'RHU','001200','Mansour Al-Harbi','19800224','Arábia Saudita');
INSERT INTO pessoa (id_pessoa, tipo_documento,documento,nome,data_nascimento,nome_pais_origem) VALUES (23,'RHU','013007','Omar Hawsawi','19850312','Arábia Saudita');
INSERT INTO pessoa (id_pessoa, tipo_documento,documento,nome,data_nascimento,nome_pais_origem) VALUES (24,'RHU','008365','Yasser Al-Shahrani','19770519','Arábia Saudita');
INSERT INTO pessoa (id_pessoa, tipo_documento,documento,nome,data_nascimento,nome_pais_origem) VALUES (25,'RHU','017578','Motaz Hawsawi','19860624','Arábia Saudita');
INSERT INTO pessoa (id_pessoa, tipo_documento,documento,nome,data_nascimento,nome_pais_origem) VALUES (26,'RHU','030900','Mohammed Al-Beraik','19800507','Arábia Saudita');
INSERT INTO pessoa (id_pessoa, tipo_documento,documento,nome,data_nascimento,nome_pais_origem) VALUES (27,'RHU','024423','Taisir Al-Jassim','19841002','Arábia Saudita');
INSERT INTO pessoa (id_pessoa, tipo_documento,documento,nome,data_nascimento,nome_pais_origem) VALUES (28,'RHU','029361','Salman Al-Faraj','19780217','Arábia Saudita');
INSERT INTO pessoa (id_pessoa, tipo_documento,documento,nome,data_nascimento,nome_pais_origem) VALUES (29,'RHU','018662','Abdulmalek Al-Khaibri','19850410','Arábia Saudita');
INSERT INTO pessoa (id_pessoa, tipo_documento,documento,nome,data_nascimento,nome_pais_origem) VALUES (30,'RHU','020851','Salman Al-Moasher','19800313','Arábia Saudita');
INSERT INTO pessoa (id_pessoa, tipo_documento,documento,nome,data_nascimento,nome_pais_origem) VALUES (31,'RHU','023869','Yahya Al-Shehri','19750912','Arábia Saudita');
INSERT INTO pessoa (id_pessoa, tipo_documento,documento,nome,data_nascimento,nome_pais_origem) VALUES (32,'RHU','004940','Salem Al-Dosari','19780220','Arábia Saudita');
INSERT INTO pessoa (id_pessoa, tipo_documento,documento,nome,data_nascimento,nome_pais_origem) VALUES (33,'RHU','030188','Nawaf Al-Abed','19880423','Arábia Saudita');
INSERT INTO pessoa (id_pessoa, tipo_documento,documento,nome,data_nascimento,nome_pais_origem) VALUES (34,'RHU','029790','Mohammad Al-Sahlawi','19891025','Arábia Saudita');
INSERT INTO pessoa (id_pessoa, tipo_documento,documento,nome,data_nascimento,nome_pais_origem) VALUES (35,'RHU','029011','Nasser Al-Shamrani','19820219','Arábia Saudita');
INSERT INTO pessoa (id_pessoa, tipo_documento,documento,nome,data_nascimento,nome_pais_origem) VALUES (36,'RHU','020326','Fahad Al-Muwallad','19891015','Arábia Saudita');
INSERT INTO pessoa (id_pessoa, tipo_documento,documento,nome,data_nascimento,nome_pais_origem) VALUES (37,'RHU','005030','Essam El Hadary','19891002','Egito');
INSERT INTO pessoa (id_pessoa, tipo_documento,documento,nome,data_nascimento,nome_pais_origem) VALUES (38,'RHU','013261','Ali Gabr','19850601','Egito');
INSERT INTO pessoa (id_pessoa, tipo_documento,documento,nome,data_nascimento,nome_pais_origem) VALUES (39,'RHU','003737','Ahmed Elmohamady','19820617','Egito');
INSERT INTO pessoa (id_pessoa, tipo_documento,documento,nome,data_nascimento,nome_pais_origem) VALUES (40,'RHU','000123','Omar Gaber','19821013','Egito');
INSERT INTO pessoa (id_pessoa, tipo_documento,documento,nome,data_nascimento,nome_pais_origem) VALUES (41,'RHU','014962','Ramy Rabia','19880719','Egito');
INSERT INTO pessoa (id_pessoa, tipo_documento,documento,nome,data_nascimento,nome_pais_origem) VALUES (42,'RHU','021113','Ahmed Hegazi','19850502','Egito');
INSERT INTO pessoa (id_pessoa, tipo_documento,documento,nome,data_nascimento,nome_pais_origem) VALUES (43,'RHU','028520','Ahmed Abdelmonem Fathy','19850722','Egito');
INSERT INTO pessoa (id_pessoa, tipo_documento,documento,nome,data_nascimento,nome_pais_origem) VALUES (44,'RHU','031928','Mohamed Abdel Shaly','19840424','Egito');
INSERT INTO pessoa (id_pessoa, tipo_documento,documento,nome,data_nascimento,nome_pais_origem) VALUES (45,'RHU','005629','Saad El-Din Samir','19880618','Egito');
INSERT INTO pessoa (id_pessoa, tipo_documento,documento,nome,data_nascimento,nome_pais_origem) VALUES (46,'RHU','029577','Tarek Hamed','19851210','Egito');
INSERT INTO pessoa (id_pessoa, tipo_documento,documento,nome,data_nascimento,nome_pais_origem) VALUES (47,'RHU','007882','Mahmoud Kahraba','19751005','Egito');
INSERT INTO pessoa (id_pessoa, tipo_documento,documento,nome,data_nascimento,nome_pais_origem) VALUES (48,'RHU','005109','Mohamed Elneny','19890715','Egito');
INSERT INTO pessoa (id_pessoa, tipo_documento,documento,nome,data_nascimento,nome_pais_origem) VALUES (49,'RHU','007164','Trezeguet','19890816','Egito');
INSERT INTO pessoa (id_pessoa, tipo_documento,documento,nome,data_nascimento,nome_pais_origem) VALUES (50,'RHU','022758','Abdallah El Said','19750513','Egito');
INSERT INTO pessoa (id_pessoa, tipo_documento,documento,nome,data_nascimento,nome_pais_origem) VALUES (51,'RHU','012043','Ramadan Sobhi','19840815','Egito');
INSERT INTO pessoa (id_pessoa, tipo_documento,documento,nome,data_nascimento,nome_pais_origem) VALUES (52,'RHU','014887','Ahmed Hassan','19831107','Egito');
INSERT INTO pessoa (id_pessoa, tipo_documento,documento,nome,data_nascimento,nome_pais_origem) VALUES (53,'RHU','032170','Mohamed Salah','19880116','Egito');
INSERT INTO pessoa (id_pessoa, tipo_documento,documento,nome,data_nascimento,nome_pais_origem) VALUES (54,'RHU','001926','Amr Gamal','19830902','Egito');
INSERT INTO pessoa (id_pessoa, tipo_documento,documento,nome,data_nascimento,nome_pais_origem) VALUES (55,'RHU','031060','Fernando Muslera','19770606','Uruguai');
INSERT INTO pessoa (id_pessoa, tipo_documento,documento,nome,data_nascimento,nome_pais_origem) VALUES (56,'RHU','020556','Maxi Pereira','19890724','Uruguai');
INSERT INTO pessoa (id_pessoa, tipo_documento,documento,nome,data_nascimento,nome_pais_origem) VALUES (57,'RHU','018087','Diego Godín','19801208','Uruguai');
INSERT INTO pessoa (id_pessoa, tipo_documento,documento,nome,data_nascimento,nome_pais_origem) VALUES (58,'RHU','002800','Martín Cáceres','19750921','Uruguai');
INSERT INTO pessoa (id_pessoa, tipo_documento,documento,nome,data_nascimento,nome_pais_origem) VALUES (59,'RHU','021119','José Giménez','19830219','Uruguai');
INSERT INTO pessoa (id_pessoa, tipo_documento,documento,nome,data_nascimento,nome_pais_origem) VALUES (60,'RHU','003487','Sebastián Coates','19760723','Uruguai');
INSERT INTO pessoa (id_pessoa, tipo_documento,documento,nome,data_nascimento,nome_pais_origem) VALUES (61,'RHU','001018','Gastón Silva','19820101','Uruguai');
INSERT INTO pessoa (id_pessoa, tipo_documento,documento,nome,data_nascimento,nome_pais_origem) VALUES (62,'RHU','012717','Mathías Corujo','19850818','Uruguai');
INSERT INTO pessoa (id_pessoa, tipo_documento,documento,nome,data_nascimento,nome_pais_origem) VALUES (63,'RHU','022593','Egidio Arévalo Ríos','19781010','Uruguai');
INSERT INTO pessoa (id_pessoa, tipo_documento,documento,nome,data_nascimento,nome_pais_origem) VALUES (64,'RHU','022466','Álvaro González','19801206','Uruguai');
INSERT INTO pessoa (id_pessoa, tipo_documento,documento,nome,data_nascimento,nome_pais_origem) VALUES (65,'RHU','022658','Nicolás Lodeiro','19751224','Uruguai');
INSERT INTO pessoa (id_pessoa, tipo_documento,documento,nome,data_nascimento,nome_pais_origem) VALUES (66,'RHU','008526','Carlos Sánchez','19870402','Uruguai');
INSERT INTO pessoa (id_pessoa, tipo_documento,documento,nome,data_nascimento,nome_pais_origem) VALUES (67,'RHU','021694','Cristian Rodríguez','19820410','Uruguai');
INSERT INTO pessoa (id_pessoa, tipo_documento,documento,nome,data_nascimento,nome_pais_origem) VALUES (68,'RHU','002125','Matías Vecino','19840427','Uruguai');
INSERT INTO pessoa (id_pessoa, tipo_documento,documento,nome,data_nascimento,nome_pais_origem) VALUES (69,'RHU','021624','Edinson Cavani','19770511','Uruguai');
INSERT INTO pessoa (id_pessoa, tipo_documento,documento,nome,data_nascimento,nome_pais_origem) VALUES (70,'RHU','002695','Luis Suárez','19860915','Uruguai');
INSERT INTO pessoa (id_pessoa, tipo_documento,documento,nome,data_nascimento,nome_pais_origem) VALUES (71,'RHU','012550','Cristhian Stuani','19830304','Uruguai');
INSERT INTO pessoa (id_pessoa, tipo_documento,documento,nome,data_nascimento,nome_pais_origem) VALUES (72,'RHU','007285','Diego Rolán','19890726','Uruguai');
INSERT INTO pessoa (id_pessoa, tipo_documento,documento,nome,data_nascimento,nome_pais_origem) VALUES (73,'RHU','018896','Rui Patrício','19751119','Portugal');
INSERT INTO pessoa (id_pessoa, tipo_documento,documento,nome,data_nascimento,nome_pais_origem) VALUES (74,'RHU','025760','Bruno Alves','19810820','Portugal');
INSERT INTO pessoa (id_pessoa, tipo_documento,documento,nome,data_nascimento,nome_pais_origem) VALUES (75,'RHU','019711','Pepe','19811221','Portugal');
INSERT INTO pessoa (id_pessoa, tipo_documento,documento,nome,data_nascimento,nome_pais_origem) VALUES (76,'RHU','030833','José Fonte','19880712','Portugal');
INSERT INTO pessoa (id_pessoa, tipo_documento,documento,nome,data_nascimento,nome_pais_origem) VALUES (77,'RHU','000235','Eliseu','19880507','Portugal');
INSERT INTO pessoa (id_pessoa, tipo_documento,documento,nome,data_nascimento,nome_pais_origem) VALUES (78,'RHU','021763','Cédric','19821225','Portugal');
INSERT INTO pessoa (id_pessoa, tipo_documento,documento,nome,data_nascimento,nome_pais_origem) VALUES (79,'RHU','029170','Raphaël Guerreiro','19750108','Portugal');
INSERT INTO pessoa (id_pessoa, tipo_documento,documento,nome,data_nascimento,nome_pais_origem) VALUES (80,'RHU','014270','João Moutinho','19760318','Portugal');
INSERT INTO pessoa (id_pessoa, tipo_documento,documento,nome,data_nascimento,nome_pais_origem) VALUES (81,'RHU','009576','João Mário','19860420','Portugal');
INSERT INTO pessoa (id_pessoa, tipo_documento,documento,nome,data_nascimento,nome_pais_origem) VALUES (82,'RHU','030974','Danilo Pereira','19890505','Portugal');
INSERT INTO pessoa (id_pessoa, tipo_documento,documento,nome,data_nascimento,nome_pais_origem) VALUES (83,'RHU','008360','William Carvalho','19770112','Portugal');
INSERT INTO pessoa (id_pessoa, tipo_documento,documento,nome,data_nascimento,nome_pais_origem) VALUES (84,'RHU','019187','André Gomes','19771003','Portugal');
INSERT INTO pessoa (id_pessoa, tipo_documento,documento,nome,data_nascimento,nome_pais_origem) VALUES (85,'RHU','013064','Ricardo Quaresma','19820112','Portugal');
INSERT INTO pessoa (id_pessoa, tipo_documento,documento,nome,data_nascimento,nome_pais_origem) VALUES (86,'RHU','031286','Bernardo Silva','19880315','Portugal');
INSERT INTO pessoa (id_pessoa, tipo_documento,documento,nome,data_nascimento,nome_pais_origem) VALUES (87,'RHU','017222','André Silva','19750522','Portugal');
INSERT INTO pessoa (id_pessoa, tipo_documento,documento,nome,data_nascimento,nome_pais_origem) VALUES (88,'RHU','013031','Gelson Martins','19850526','Portugal');
INSERT INTO pessoa (id_pessoa, tipo_documento,documento,nome,data_nascimento,nome_pais_origem) VALUES (89,'RHU','022725','Cristiano Ronaldo','19760616','Portugal');
INSERT INTO pessoa (id_pessoa, tipo_documento,documento,nome,data_nascimento,nome_pais_origem) VALUES (90,'RHU','027593','Nani','19790622','Portugal');
INSERT INTO pessoa (id_pessoa, tipo_documento,documento,nome,data_nascimento,nome_pais_origem) VALUES (91,'RHU','017505','David de Gea','19820101','Espanha');
INSERT INTO pessoa (id_pessoa, tipo_documento,documento,nome,data_nascimento,nome_pais_origem) VALUES (92,'RHU','027432','Jordi Alba','19821115','Espanha');
INSERT INTO pessoa (id_pessoa, tipo_documento,documento,nome,data_nascimento,nome_pais_origem) VALUES (93,'RHU','004667','Nacho','19810406','Espanha');
INSERT INTO pessoa (id_pessoa, tipo_documento,documento,nome,data_nascimento,nome_pais_origem) VALUES (94,'RHU','031003','Nacho Monreal','19751006','Espanha');
INSERT INTO pessoa (id_pessoa, tipo_documento,documento,nome,data_nascimento,nome_pais_origem) VALUES (95,'RHU','014181','Gerard Piqué','19761014','Espanha');
INSERT INTO pessoa (id_pessoa, tipo_documento,documento,nome,data_nascimento,nome_pais_origem) VALUES (96,'RHU','006477','Sergio Ramos','19820708','Espanha');
INSERT INTO pessoa (id_pessoa, tipo_documento,documento,nome,data_nascimento,nome_pais_origem) VALUES (97,'RHU','013061','Daniel Carvajal','19781008','Espanha');
INSERT INTO pessoa (id_pessoa, tipo_documento,documento,nome,data_nascimento,nome_pais_origem) VALUES (98,'RHU','029972','Sergio Buesquets','19880106','Espanha');
INSERT INTO pessoa (id_pessoa, tipo_documento,documento,nome,data_nascimento,nome_pais_origem) VALUES (99,'RHU','011023','Thiago','19841027','Espanha');
INSERT INTO pessoa (id_pessoa, tipo_documento,documento,nome,data_nascimento,nome_pais_origem) VALUES (100,'RHU','002625','Isco','19830323','Espanha');
INSERT INTO pessoa (id_pessoa, tipo_documento,documento,nome,data_nascimento,nome_pais_origem) VALUES (101,'RHU','030527','Koke','19840501','Espanha');
INSERT INTO pessoa (id_pessoa, tipo_documento,documento,nome,data_nascimento,nome_pais_origem) VALUES (102,'RHU','004802','Marco Asensio','19790206','Espanha');
INSERT INTO pessoa (id_pessoa, tipo_documento,documento,nome,data_nascimento,nome_pais_origem) VALUES (103,'RHU','007627','Andrés Iniesta','19800526','Espanha');
INSERT INTO pessoa (id_pessoa, tipo_documento,documento,nome,data_nascimento,nome_pais_origem) VALUES (104,'RHU','030227','David Silva','19801116','Espanha');
INSERT INTO pessoa (id_pessoa, tipo_documento,documento,nome,data_nascimento,nome_pais_origem) VALUES (105,'RHU','005537','Saúl Ñíguez','19840618','Espanha');
INSERT INTO pessoa (id_pessoa, tipo_documento,documento,nome,data_nascimento,nome_pais_origem) VALUES (106,'RHU','024648','Álvaro Morata','19780524','Espanha');
INSERT INTO pessoa (id_pessoa, tipo_documento,documento,nome,data_nascimento,nome_pais_origem) VALUES (107,'RHU','009010','Vitolo','19811118','Espanha');
INSERT INTO pessoa (id_pessoa, tipo_documento,documento,nome,data_nascimento,nome_pais_origem) VALUES (108,'RHU','014771','Diego Costa','19820105','Espanha');
INSERT INTO pessoa (id_pessoa, tipo_documento,documento,nome,data_nascimento,nome_pais_origem) VALUES (109,'RHU','016827','Munir Mohamedi','19750319','Marrocos');
INSERT INTO pessoa (id_pessoa, tipo_documento,documento,nome,data_nascimento,nome_pais_origem) VALUES (110,'RHU','004966','Medhi Benatia','19811203','Marrocos');
INSERT INTO pessoa (id_pessoa, tipo_documento,documento,nome,data_nascimento,nome_pais_origem) VALUES (111,'RHU','026418','Nabil Dirar','19840311','Marrocos');
INSERT INTO pessoa (id_pessoa, tipo_documento,documento,nome,data_nascimento,nome_pais_origem) VALUES (112,'RHU','001999','Romain Saïss','19761201','Marrocos');
INSERT INTO pessoa (id_pessoa, tipo_documento,documento,nome,data_nascimento,nome_pais_origem) VALUES (113,'RHU','025721','Fouad Chafik','19761007','Marrocos');
INSERT INTO pessoa (id_pessoa, tipo_documento,documento,nome,data_nascimento,nome_pais_origem) VALUES (114,'RHU','000053','Hamza Mendyl','19750918','Marrocos');
INSERT INTO pessoa (id_pessoa, tipo_documento,documento,nome,data_nascimento,nome_pais_origem) VALUES (115,'RHU','016413','Achraf Hakimi','19840315','Marrocos');
INSERT INTO pessoa (id_pessoa, tipo_documento,documento,nome,data_nascimento,nome_pais_origem) VALUES (116,'RHU','004734','Mbark Boussoufa','19771106','Marrocos');
INSERT INTO pessoa (id_pessoa, tipo_documento,documento,nome,data_nascimento,nome_pais_origem) VALUES (117,'RHU','010322','Karim El Ahmadi','19841012','Marrocos');
INSERT INTO pessoa (id_pessoa, tipo_documento,documento,nome,data_nascimento,nome_pais_origem) VALUES (118,'RHU','002421','Younès Belhanda','19890208','Marrocos');
INSERT INTO pessoa (id_pessoa, tipo_documento,documento,nome,data_nascimento,nome_pais_origem) VALUES (119,'RHU','025734','Nordin Amrabat','19840414','Marrocos');
INSERT INTO pessoa (id_pessoa, tipo_documento,documento,nome,data_nascimento,nome_pais_origem) VALUES (120,'RHU','004041','Fayçal Fajr','19881017','Marrocos');
INSERT INTO pessoa (id_pessoa, tipo_documento,documento,nome,data_nascimento,nome_pais_origem) VALUES (121,'RHU','001587','Hakim Ziyech','19890413','Marrocos');
INSERT INTO pessoa (id_pessoa, tipo_documento,documento,nome,data_nascimento,nome_pais_origem) VALUES (122,'RHU','008116','Youssef Aït Bennasser','19750425','Marrocos');
INSERT INTO pessoa (id_pessoa, tipo_documento,documento,nome,data_nascimento,nome_pais_origem) VALUES (123,'RHU','010585','Khalid Boutaib','19840713','Marrocos');
INSERT INTO pessoa (id_pessoa, tipo_documento,documento,nome,data_nascimento,nome_pais_origem) VALUES (124,'RHU','021548','Rachid Alioui','19770927','Marrocos');
INSERT INTO pessoa (id_pessoa, tipo_documento,documento,nome,data_nascimento,nome_pais_origem) VALUES (125,'RHU','019912','Aziz Bouhaddouz','19850611','Marrocos');
INSERT INTO pessoa (id_pessoa, tipo_documento,documento,nome,data_nascimento,nome_pais_origem) VALUES (126,'RHU','024488','Youssef En-Nesyri','19850723','Marrocos');
INSERT INTO pessoa (id_pessoa, tipo_documento,documento,nome,data_nascimento,nome_pais_origem) VALUES (127,'RHU','000491','Alireza Beiranvand','19760808','Irã');
INSERT INTO pessoa (id_pessoa, tipo_documento,documento,nome,data_nascimento,nome_pais_origem) VALUES (128,'RHU','029168','Pejman Montazeri','19851226','Irã');
INSERT INTO pessoa (id_pessoa, tipo_documento,documento,nome,data_nascimento,nome_pais_origem) VALUES (129,'RHU','013030','Vouria Ghafouri','19831006','Irã');
INSERT INTO pessoa (id_pessoa, tipo_documento,documento,nome,data_nascimento,nome_pais_origem) VALUES (130,'RHU','032209','Jalal Hosseini','19760102','Irã');
INSERT INTO pessoa (id_pessoa, tipo_documento,documento,nome,data_nascimento,nome_pais_origem) VALUES (131,'RHU','003602','Milad Mohammadi','19780216','Irã');
INSERT INTO pessoa (id_pessoa, tipo_documento,documento,nome,data_nascimento,nome_pais_origem) VALUES (132,'RHU','027624','Morteza Pouraliganji','19881109','Irã');
INSERT INTO pessoa (id_pessoa, tipo_documento,documento,nome,data_nascimento,nome_pais_origem) VALUES (133,'RHU','020671','Ramin Rezaeian','19890507','Irã');
INSERT INTO pessoa (id_pessoa, tipo_documento,documento,nome,data_nascimento,nome_pais_origem) VALUES (134,'RHU','012287','Ehsan Hajsafi','19760120','Irã');
INSERT INTO pessoa (id_pessoa, tipo_documento,documento,nome,data_nascimento,nome_pais_origem) VALUES (135,'RHU','006411','Omid Ebrahimi','19810323','Irã');
INSERT INTO pessoa (id_pessoa, tipo_documento,documento,nome,data_nascimento,nome_pais_origem) VALUES (136,'RHU','018756','Saeid Ezatolahi','19830821','Irã');
INSERT INTO pessoa (id_pessoa, tipo_documento,documento,nome,data_nascimento,nome_pais_origem) VALUES (137,'RHU','031101','Vahid Amiri','19800913','Irã');
INSERT INTO pessoa (id_pessoa, tipo_documento,documento,nome,data_nascimento,nome_pais_origem) VALUES (138,'RHU','006900','Alireza Jahanbakhsh','19750611','Irã');
INSERT INTO pessoa (id_pessoa, tipo_documento,documento,nome,data_nascimento,nome_pais_origem) VALUES (139,'RHU','027350','Ashkan Dejagah','19881007','Irã');
INSERT INTO pessoa (id_pessoa, tipo_documento,documento,nome,data_nascimento,nome_pais_origem) VALUES (140,'RHU','015457','Saman Ghoddos','19810916','Irã');
INSERT INTO pessoa (id_pessoa, tipo_documento,documento,nome,data_nascimento,nome_pais_origem) VALUES (141,'RHU','026500','Mehdi Taremi','19880419','Irã');
INSERT INTO pessoa (id_pessoa, tipo_documento,documento,nome,data_nascimento,nome_pais_origem) VALUES (142,'RHU','006868','Karim Ansarifard','19810504','Irã');
INSERT INTO pessoa (id_pessoa, tipo_documento,documento,nome,data_nascimento,nome_pais_origem) VALUES (143,'RHU','004414','Reza Ghoochannejhad','19810709','Irã');
INSERT INTO pessoa (id_pessoa, tipo_documento,documento,nome,data_nascimento,nome_pais_origem) VALUES (144,'RHU','011337','Sardar Azmoun','19760711','Irã');
INSERT INTO pessoa (id_pessoa, tipo_documento,documento,nome,data_nascimento,nome_pais_origem) VALUES (145,'RHU','012760','Hugo Lloris','19891009','França');
INSERT INTO pessoa (id_pessoa, tipo_documento,documento,nome,data_nascimento,nome_pais_origem) VALUES (146,'RHU','010291','Raphaël Varane','19811118','França');
INSERT INTO pessoa (id_pessoa, tipo_documento,documento,nome,data_nascimento,nome_pais_origem) VALUES (147,'RHU','024221','Lucas Digne','19791026','França');
INSERT INTO pessoa (id_pessoa, tipo_documento,documento,nome,data_nascimento,nome_pais_origem) VALUES (148,'RHU','020315','Djibril Sidibé','19820415','França');
INSERT INTO pessoa (id_pessoa, tipo_documento,documento,nome,data_nascimento,nome_pais_origem) VALUES (149,'RHU','004678','Samuel Umtiti','19760112','França');
INSERT INTO pessoa (id_pessoa, tipo_documento,documento,nome,data_nascimento,nome_pais_origem) VALUES (150,'RHU','030191','Layvin Kurzawa','19881122','França');
INSERT INTO pessoa (id_pessoa, tipo_documento,documento,nome,data_nascimento,nome_pais_origem) VALUES (151,'RHU','009741','Laurent Koscielny','19880719','França');
INSERT INTO pessoa (id_pessoa, tipo_documento,documento,nome,data_nascimento,nome_pais_origem) VALUES (152,'RHU','004833','Balise Matuidi','19771104','França');
INSERT INTO pessoa (id_pessoa, tipo_documento,documento,nome,data_nascimento,nome_pais_origem) VALUES (153,'RHU','006559','N’Golo Kanté','19821008','França');
INSERT INTO pessoa (id_pessoa, tipo_documento,documento,nome,data_nascimento,nome_pais_origem) VALUES (154,'RHU','013966','Thomas Lemar','19840323','França');
INSERT INTO pessoa (id_pessoa, tipo_documento,documento,nome,data_nascimento,nome_pais_origem) VALUES (155,'RHU','010285','Adrien Rabiot','19810526','França');
INSERT INTO pessoa (id_pessoa, tipo_documento,documento,nome,data_nascimento,nome_pais_origem) VALUES (156,'RHU','003195','Paul Pogba','19860606','França');
INSERT INTO pessoa (id_pessoa, tipo_documento,documento,nome,data_nascimento,nome_pais_origem) VALUES (157,'RHU','029565','Olivier Giroud','19851120','França');
INSERT INTO pessoa (id_pessoa, tipo_documento,documento,nome,data_nascimento,nome_pais_origem) VALUES (158,'RHU','015574','Antoine Griezmann','19810921','França');
INSERT INTO pessoa (id_pessoa, tipo_documento,documento,nome,data_nascimento,nome_pais_origem) VALUES (159,'RHU','028253','Alexandre Lacazette','19840824','França');
INSERT INTO pessoa (id_pessoa, tipo_documento,documento,nome,data_nascimento,nome_pais_origem) VALUES (160,'RHU','023655','Kylian Mbappé','19770324','França');
INSERT INTO pessoa (id_pessoa, tipo_documento,documento,nome,data_nascimento,nome_pais_origem) VALUES (161,'RHU','000900','Ousmane Dembélé','19771205','França');
INSERT INTO pessoa (id_pessoa, tipo_documento,documento,nome,data_nascimento,nome_pais_origem) VALUES (162,'RHU','024767','Anthony Martial','19880425','França');
INSERT INTO pessoa (id_pessoa, tipo_documento,documento,nome,data_nascimento,nome_pais_origem) VALUES (163,'RHU','012052','Mathew Ryan','19810718','Austrália');
INSERT INTO pessoa (id_pessoa, tipo_documento,documento,nome,data_nascimento,nome_pais_origem) VALUES (164,'RHU','018636','Mitchell Langerak','19760302','Austrália');
INSERT INTO pessoa (id_pessoa, tipo_documento,documento,nome,data_nascimento,nome_pais_origem) VALUES (165,'RHU','021520','Milos Degenek','19831102','Austrália');
INSERT INTO pessoa (id_pessoa, tipo_documento,documento,nome,data_nascimento,nome_pais_origem) VALUES (166,'RHU','013290','Bailey Wright','19811109','Austrália');
INSERT INTO pessoa (id_pessoa, tipo_documento,documento,nome,data_nascimento,nome_pais_origem) VALUES (167,'RHU','023986','Aziz Behich','19850606','Austrália');
INSERT INTO pessoa (id_pessoa, tipo_documento,documento,nome,data_nascimento,nome_pais_origem) VALUES (168,'RHU','008281','Trent Sainsbury','19771110','Austrália');
INSERT INTO pessoa (id_pessoa, tipo_documento,documento,nome,data_nascimento,nome_pais_origem) VALUES (169,'RHU','031185','Ryan McGowan','19800701','Austrália');
INSERT INTO pessoa (id_pessoa, tipo_documento,documento,nome,data_nascimento,nome_pais_origem) VALUES (170,'RHU','005097','Mark Milligan','19780925','Austrália');
INSERT INTO pessoa (id_pessoa, tipo_documento,documento,nome,data_nascimento,nome_pais_origem) VALUES (171,'RHU','001416','Aaron Mooy','19780510','Austrália');
INSERT INTO pessoa (id_pessoa, tipo_documento,documento,nome,data_nascimento,nome_pais_origem) VALUES (172,'RHU','005829','James Troisi','19850105','Austrália');
INSERT INTO pessoa (id_pessoa, tipo_documento,documento,nome,data_nascimento,nome_pais_origem) VALUES (173,'RHU','027506','Mile Jedinak','19870313','Austrália');
INSERT INTO pessoa (id_pessoa, tipo_documento,documento,nome,data_nascimento,nome_pais_origem) VALUES (174,'RHU','014893','Massimo Luongo','19830208','Austrália');
INSERT INTO pessoa (id_pessoa, tipo_documento,documento,nome,data_nascimento,nome_pais_origem) VALUES (175,'RHU','017371','Jackson Irvine','19810526','Austrália');
INSERT INTO pessoa (id_pessoa, tipo_documento,documento,nome,data_nascimento,nome_pais_origem) VALUES (176,'RHU','028070','Tom Rogic','19840306','Austrália');
INSERT INTO pessoa (id_pessoa, tipo_documento,documento,nome,data_nascimento,nome_pais_origem) VALUES (177,'RHU','026924','Tim Cahill','19791124','Austrália');
INSERT INTO pessoa (id_pessoa, tipo_documento,documento,nome,data_nascimento,nome_pais_origem) VALUES (178,'RHU','008480','Mathew Leckie','19850905','Austrália');
INSERT INTO pessoa (id_pessoa, tipo_documento,documento,nome,data_nascimento,nome_pais_origem) VALUES (179,'RHU','031673','Tomi Juric','19801101','Austrália');
INSERT INTO pessoa (id_pessoa, tipo_documento,documento,nome,data_nascimento,nome_pais_origem) VALUES (180,'RHU','012859','Robbie Kruse','19860121','Austrália');
INSERT INTO pessoa (id_pessoa, tipo_documento,documento,nome,data_nascimento,nome_pais_origem) VALUES (181,'RHU','022386','Pedro Gallese','19760703','Peru');
INSERT INTO pessoa (id_pessoa, tipo_documento,documento,nome,data_nascimento,nome_pais_origem) VALUES (182,'RHU','002634','Carlos Cáceda','19830721','Peru');
INSERT INTO pessoa (id_pessoa, tipo_documento,documento,nome,data_nascimento,nome_pais_origem) VALUES (183,'RHU','018127','Aldo Corzo','19781122','Peru');
INSERT INTO pessoa (id_pessoa, tipo_documento,documento,nome,data_nascimento,nome_pais_origem) VALUES (184,'RHU','003788','Miguel Trauco','19761210','Peru');
INSERT INTO pessoa (id_pessoa, tipo_documento,documento,nome,data_nascimento,nome_pais_origem) VALUES (185,'RHU','024484','Christian Ramos','19830417','Peru');
INSERT INTO pessoa (id_pessoa, tipo_documento,documento,nome,data_nascimento,nome_pais_origem) VALUES (186,'RHU','001924','Luis Advincula','19800705','Peru');
INSERT INTO pessoa (id_pessoa, tipo_documento,documento,nome,data_nascimento,nome_pais_origem) VALUES (187,'RHU','012623','Alberto Rodríguez','19871015','Peru');
INSERT INTO pessoa (id_pessoa, tipo_documento,documento,nome,data_nascimento,nome_pais_origem) VALUES (188,'RHU','003625','Miguel Araujo','19840914','Peru');
INSERT INTO pessoa (id_pessoa, tipo_documento,documento,nome,data_nascimento,nome_pais_origem) VALUES (189,'RHU','023152','Christian Cueva','19780701','Peru');
INSERT INTO pessoa (id_pessoa, tipo_documento,documento,nome,data_nascimento,nome_pais_origem) VALUES (190,'RHU','009161','Renato Tapia','19800601','Peru');
INSERT INTO pessoa (id_pessoa, tipo_documento,documento,nome,data_nascimento,nome_pais_origem) VALUES (191,'RHU','027157','Andy Polo','19761003','Peru');
INSERT INTO pessoa (id_pessoa, tipo_documento,documento,nome,data_nascimento,nome_pais_origem) VALUES (192,'RHU','008260','Yoshimar Yotún','19780705','Peru');
INSERT INTO pessoa (id_pessoa, tipo_documento,documento,nome,data_nascimento,nome_pais_origem) VALUES (193,'RHU','029658','Edison Flores','19840723','Peru');
INSERT INTO pessoa (id_pessoa, tipo_documento,documento,nome,data_nascimento,nome_pais_origem) VALUES (194,'RHU','028022','Paolo Hurtado','19850602','Peru');
INSERT INTO pessoa (id_pessoa, tipo_documento,documento,nome,data_nascimento,nome_pais_origem) VALUES (195,'RHU','017807','Paolo Guerrero','19890622','Peru');
INSERT INTO pessoa (id_pessoa, tipo_documento,documento,nome,data_nascimento,nome_pais_origem) VALUES (196,'RHU','004639','Jefferson Farfán','19890803','Peru');
INSERT INTO pessoa (id_pessoa, tipo_documento,documento,nome,data_nascimento,nome_pais_origem) VALUES (197,'RHU','019629','Raúl Ruidíaz','19880108','Peru');
INSERT INTO pessoa (id_pessoa, tipo_documento,documento,nome,data_nascimento,nome_pais_origem) VALUES (198,'RHU','016541','André Carrillo','19770604','Peru');
INSERT INTO pessoa (id_pessoa, tipo_documento,documento,nome,data_nascimento,nome_pais_origem) VALUES (199,'RHU','020222','Kasper Schmeichel','19790914','Dinamarca');
INSERT INTO pessoa (id_pessoa, tipo_documento,documento,nome,data_nascimento,nome_pais_origem) VALUES (200,'RHU','005075','Kannik Vestergaard','19760722','Dinamarca');
INSERT INTO pessoa (id_pessoa, tipo_documento,documento,nome,data_nascimento,nome_pais_origem) VALUES (201,'RHU','004664','Simon Kjaer','19751013','Dinamarca');
INSERT INTO pessoa (id_pessoa, tipo_documento,documento,nome,data_nascimento,nome_pais_origem) VALUES (202,'RHU','031322','Andreas Christensen','19880415','Dinamarca');
INSERT INTO pessoa (id_pessoa, tipo_documento,documento,nome,data_nascimento,nome_pais_origem) VALUES (203,'RHU','010383','Andreas Bjelland','19841023','Dinamarca');
INSERT INTO pessoa (id_pessoa, tipo_documento,documento,nome,data_nascimento,nome_pais_origem) VALUES (204,'RHU','013977','Mathias Jorgensen','19851023','Dinamarca');
INSERT INTO pessoa (id_pessoa, tipo_documento,documento,nome,data_nascimento,nome_pais_origem) VALUES (205,'RHU','028703','Jens Stryger Larsen','19850526','Dinamarca');
INSERT INTO pessoa (id_pessoa, tipo_documento,documento,nome,data_nascimento,nome_pais_origem) VALUES (206,'RHU','006617','Peter Ankersen','19840623','Dinamarca');
INSERT INTO pessoa (id_pessoa, tipo_documento,documento,nome,data_nascimento,nome_pais_origem) VALUES (207,'RHU','006224','Riza Durmisi','19841014','Dinamarca');
INSERT INTO pessoa (id_pessoa, tipo_documento,documento,nome,data_nascimento,nome_pais_origem) VALUES (208,'RHU','023199','William Kvist','19750110','Dinamarca');
INSERT INTO pessoa (id_pessoa, tipo_documento,documento,nome,data_nascimento,nome_pais_origem) VALUES (209,'RHU','029334','Thomas Delaney','19810216','Dinamarca');
INSERT INTO pessoa (id_pessoa, tipo_documento,documento,nome,data_nascimento,nome_pais_origem) VALUES (210,'RHU','015890','Christian Eriksen','19880515','Dinamarca');
INSERT INTO pessoa (id_pessoa, tipo_documento,documento,nome,data_nascimento,nome_pais_origem) VALUES (211,'RHU','024129','Lasse Schöne','19760104','Dinamarca');
INSERT INTO pessoa (id_pessoa, tipo_documento,documento,nome,data_nascimento,nome_pais_origem) VALUES (212,'RHU','008492','Pione Sisto','19840726','Dinamarca');
INSERT INTO pessoa (id_pessoa, tipo_documento,documento,nome,data_nascimento,nome_pais_origem) VALUES (213,'RHU','022483','Nicklas Bendtner','19771105','Dinamarca');
INSERT INTO pessoa (id_pessoa, tipo_documento,documento,nome,data_nascimento,nome_pais_origem) VALUES (214,'RHU','011538','Nicolai Jorgensen','19751225','Dinamarca');
INSERT INTO pessoa (id_pessoa, tipo_documento,documento,nome,data_nascimento,nome_pais_origem) VALUES (215,'RHU','026302','Yussuf Poulsen','19891114','Dinamarca');
INSERT INTO pessoa (id_pessoa, tipo_documento,documento,nome,data_nascimento,nome_pais_origem) VALUES (216,'RHU','019718','Andreas Cornelius','19800826','Dinamarca');
INSERT INTO pessoa (id_pessoa, tipo_documento,documento,nome,data_nascimento,nome_pais_origem) VALUES (217,'RHU','015573','Sergio Romero','19760116','Argentina');
INSERT INTO pessoa (id_pessoa, tipo_documento,documento,nome,data_nascimento,nome_pais_origem) VALUES (218,'RHU','024626','Gabriel Mercado','19821214','Argentina');
INSERT INTO pessoa (id_pessoa, tipo_documento,documento,nome,data_nascimento,nome_pais_origem) VALUES (219,'RHU','020142','Federico Fazio','19751016','Argentina');
INSERT INTO pessoa (id_pessoa, tipo_documento,documento,nome,data_nascimento,nome_pais_origem) VALUES (220,'RHU','017673','Javier Mascherano','19830701','Argentina');
INSERT INTO pessoa (id_pessoa, tipo_documento,documento,nome,data_nascimento,nome_pais_origem) VALUES (221,'RHU','027446','Nicolás Otamendi','19821026','Argentina');
INSERT INTO pessoa (id_pessoa, tipo_documento,documento,nome,data_nascimento,nome_pais_origem) VALUES (222,'RHU','011173','Marcos Rojo','19780409','Argentina');
INSERT INTO pessoa (id_pessoa, tipo_documento,documento,nome,data_nascimento,nome_pais_origem) VALUES (223,'RHU','015724','Ramiro Funes Mori','19870727','Argentina');
INSERT INTO pessoa (id_pessoa, tipo_documento,documento,nome,data_nascimento,nome_pais_origem) VALUES (224,'RHU','010712','Lucas Biglia','19781201','Argentina');
INSERT INTO pessoa (id_pessoa, tipo_documento,documento,nome,data_nascimento,nome_pais_origem) VALUES (225,'RHU','029358','Enzo Pérez','19791225','Argentina');
INSERT INTO pessoa (id_pessoa, tipo_documento,documento,nome,data_nascimento,nome_pais_origem) VALUES (226,'RHU','026576','Ángel Di Maria','19890321','Argentina');
INSERT INTO pessoa (id_pessoa, tipo_documento,documento,nome,data_nascimento,nome_pais_origem) VALUES (227,'RHU','019169','Marcos Acuña','19760614','Argentina');
INSERT INTO pessoa (id_pessoa, tipo_documento,documento,nome,data_nascimento,nome_pais_origem) VALUES (228,'RHU','017035','Éver Banega','19870513','Argentina');
INSERT INTO pessoa (id_pessoa, tipo_documento,documento,nome,data_nascimento,nome_pais_origem) VALUES (229,'RHU','022929','Eduardo Salvio','19770808','Argentina');
INSERT INTO pessoa (id_pessoa, tipo_documento,documento,nome,data_nascimento,nome_pais_origem) VALUES (230,'RHU','020580','Mauro Icardi','19870320','Argentina');
INSERT INTO pessoa (id_pessoa, tipo_documento,documento,nome,data_nascimento,nome_pais_origem) VALUES (231,'RHU','003297','Lionel Messi','19770827','Argentina');
INSERT INTO pessoa (id_pessoa, tipo_documento,documento,nome,data_nascimento,nome_pais_origem) VALUES (232,'RHU','023281','Paulo Dybala','19830110','Argentina');
INSERT INTO pessoa (id_pessoa, tipo_documento,documento,nome,data_nascimento,nome_pais_origem) VALUES (233,'RHU','017086','Sergio Agüero','19870403','Argentina');
INSERT INTO pessoa (id_pessoa, tipo_documento,documento,nome,data_nascimento,nome_pais_origem) VALUES (234,'RHU','026962','Gonzalo Higuaín','19850514','Argentina');
INSERT INTO pessoa (id_pessoa, tipo_documento,documento,nome,data_nascimento,nome_pais_origem) VALUES (235,'RHU','013829','Hannes Halldórsson','19811108','Islândia');
INSERT INTO pessoa (id_pessoa, tipo_documento,documento,nome,data_nascimento,nome_pais_origem) VALUES (236,'RHU','006422','Birkir Saevarsson','19791024','Islândia');
INSERT INTO pessoa (id_pessoa, tipo_documento,documento,nome,data_nascimento,nome_pais_origem) VALUES (237,'RHU','020328','Ragnar Sigurdsson','19841007','Islândia');
INSERT INTO pessoa (id_pessoa, tipo_documento,documento,nome,data_nascimento,nome_pais_origem) VALUES (238,'RHU','019954','Kári Árnason','19771107','Islândia');
INSERT INTO pessoa (id_pessoa, tipo_documento,documento,nome,data_nascimento,nome_pais_origem) VALUES (239,'RHU','023811','Ari Skúlason','19760116','Islândia');
INSERT INTO pessoa (id_pessoa, tipo_documento,documento,nome,data_nascimento,nome_pais_origem) VALUES (240,'RHU','005705','Sverrir Ingason','19880813','Islândia');
INSERT INTO pessoa (id_pessoa, tipo_documento,documento,nome,data_nascimento,nome_pais_origem) VALUES (241,'RHU','020945','Hordur Magnússon','19760306','Islândia');
INSERT INTO pessoa (id_pessoa, tipo_documento,documento,nome,data_nascimento,nome_pais_origem) VALUES (242,'RHU','027529','Aron Gunnarsson','19880906','Islândia');
INSERT INTO pessoa (id_pessoa, tipo_documento,documento,nome,data_nascimento,nome_pais_origem) VALUES (243,'RHU','020798','Birkir Bjarnason','19850912','Islândia');
INSERT INTO pessoa (id_pessoa, tipo_documento,documento,nome,data_nascimento,nome_pais_origem) VALUES (244,'RHU','001869','Emil Hallfredsson','19881005','Islândia');
INSERT INTO pessoa (id_pessoa, tipo_documento,documento,nome,data_nascimento,nome_pais_origem) VALUES (245,'RHU','016512','Gylfi Sigurdsson','19880819','Islândia');
INSERT INTO pessoa (id_pessoa, tipo_documento,documento,nome,data_nascimento,nome_pais_origem) VALUES (246,'RHU','019072','Arnór Ingvi Traustason','19780711','Islândia');
INSERT INTO pessoa (id_pessoa, tipo_documento,documento,nome,data_nascimento,nome_pais_origem) VALUES (247,'RHU','019895','Rúrik Gíslason','19841106','Islândia');
INSERT INTO pessoa (id_pessoa, tipo_documento,documento,nome,data_nascimento,nome_pais_origem) VALUES (248,'RHU','026439','Johann Gudmundsson','19890315','Islândia');
INSERT INTO pessoa (id_pessoa, tipo_documento,documento,nome,data_nascimento,nome_pais_origem) VALUES (249,'RHU','024946','Alfred Finnbogason','19771007','Islândia');
INSERT INTO pessoa (id_pessoa, tipo_documento,documento,nome,data_nascimento,nome_pais_origem) VALUES (250,'RHU','003548','Jón Dadi Bödvarsson','19790602','Islândia');
INSERT INTO pessoa (id_pessoa, tipo_documento,documento,nome,data_nascimento,nome_pais_origem) VALUES (251,'RHU','006334','Vidar Örn Kjartansson','19750912','Islândia');
INSERT INTO pessoa (id_pessoa, tipo_documento,documento,nome,data_nascimento,nome_pais_origem) VALUES (252,'RHU','020649','Björn Sigurdarson','19770308','Islândia');
INSERT INTO pessoa (id_pessoa, tipo_documento,documento,nome,data_nascimento,nome_pais_origem) VALUES (253,'RHU','025874','Danijel Subasic','19870727','Croácia');
INSERT INTO pessoa (id_pessoa, tipo_documento,documento,nome,data_nascimento,nome_pais_origem) VALUES (254,'RHU','018467','Sime Vrsaljko','19750201','Croácia');
INSERT INTO pessoa (id_pessoa, tipo_documento,documento,nome,data_nascimento,nome_pais_origem) VALUES (255,'RHU','028692','Ivan Strinic','19880622','Croácia');
INSERT INTO pessoa (id_pessoa, tipo_documento,documento,nome,data_nascimento,nome_pais_origem) VALUES (256,'RHU','019264','Dejan Lovren','19841223','Croácia');
INSERT INTO pessoa (id_pessoa, tipo_documento,documento,nome,data_nascimento,nome_pais_origem) VALUES (257,'RHU','030771','Domagoj Vida','19800706','Croácia');
INSERT INTO pessoa (id_pessoa, tipo_documento,documento,nome,data_nascimento,nome_pais_origem) VALUES (258,'RHU','021718','Josip Pivaric','19810722','Croácia');
INSERT INTO pessoa (id_pessoa, tipo_documento,documento,nome,data_nascimento,nome_pais_origem) VALUES (259,'RHU','013357','Vedran Corluka','19830311','Croácia');
INSERT INTO pessoa (id_pessoa, tipo_documento,documento,nome,data_nascimento,nome_pais_origem) VALUES (260,'RHU','027348','Ivan Rakitic','19880309','Croácia');
INSERT INTO pessoa (id_pessoa, tipo_documento,documento,nome,data_nascimento,nome_pais_origem) VALUES (261,'RHU','009758','Luka Modric','19760806','Croácia');
INSERT INTO pessoa (id_pessoa, tipo_documento,documento,nome,data_nascimento,nome_pais_origem) VALUES (262,'RHU','029510','Marcelo Brozovic','19770716','Croácia');
INSERT INTO pessoa (id_pessoa, tipo_documento,documento,nome,data_nascimento,nome_pais_origem) VALUES (263,'RHU','030333','Marko Rog','19810301','Croácia');
INSERT INTO pessoa (id_pessoa, tipo_documento,documento,nome,data_nascimento,nome_pais_origem) VALUES (264,'RHU','009040','Mario Pasalic','19771210','Croácia');
INSERT INTO pessoa (id_pessoa, tipo_documento,documento,nome,data_nascimento,nome_pais_origem) VALUES (265,'RHU','030836','Milan Badelj','19810726','Croácia');
INSERT INTO pessoa (id_pessoa, tipo_documento,documento,nome,data_nascimento,nome_pais_origem) VALUES (266,'RHU','006359','Mateo Kovacic','19841124','Croácia');
INSERT INTO pessoa (id_pessoa, tipo_documento,documento,nome,data_nascimento,nome_pais_origem) VALUES (267,'RHU','024355','Andrej Kramaric','19810723','Croácia');
INSERT INTO pessoa (id_pessoa, tipo_documento,documento,nome,data_nascimento,nome_pais_origem) VALUES (268,'RHU','032439','Nikola Kalinic','19770909','Croácia');
INSERT INTO pessoa (id_pessoa, tipo_documento,documento,nome,data_nascimento,nome_pais_origem) VALUES (269,'RHU','011942','Mario Mandzukic','19850202','Croácia');
INSERT INTO pessoa (id_pessoa, tipo_documento,documento,nome,data_nascimento,nome_pais_origem) VALUES (270,'RHU','009961','Ivan Perisic','19861221','Croácia');
INSERT INTO pessoa (id_pessoa, tipo_documento,documento,nome,data_nascimento,nome_pais_origem) VALUES (271,'RHU','028019','Ikechukwu Ezenwa','19801010','Nigéria');
INSERT INTO pessoa (id_pessoa, tipo_documento,documento,nome,data_nascimento,nome_pais_origem) VALUES (272,'RHU','012382','Elderson Echiejilé','19780920','Nigéria');
INSERT INTO pessoa (id_pessoa, tipo_documento,documento,nome,data_nascimento,nome_pais_origem) VALUES (273,'RHU','000292','Shehu Abdullahi','19800209','Nigéria');
INSERT INTO pessoa (id_pessoa, tipo_documento,documento,nome,data_nascimento,nome_pais_origem) VALUES (274,'RHU','031426','William Troost-Ekong','19850817','Nigéria');
INSERT INTO pessoa (id_pessoa, tipo_documento,documento,nome,data_nascimento,nome_pais_origem) VALUES (275,'RHU','023196','Leon Balogun','19820617','Nigéria');
INSERT INTO pessoa (id_pessoa, tipo_documento,documento,nome,data_nascimento,nome_pais_origem) VALUES (276,'RHU','003430','Kenneth Omeruo','19870915','Nigéria');
INSERT INTO pessoa (id_pessoa, tipo_documento,documento,nome,data_nascimento,nome_pais_origem) VALUES (277,'RHU','017421','Ola Aina','19890903','Nigéria');
INSERT INTO pessoa (id_pessoa, tipo_documento,documento,nome,data_nascimento,nome_pais_origem) VALUES (278,'RHU','017410','John Obi Mikel','19820121','Nigéria');
INSERT INTO pessoa (id_pessoa, tipo_documento,documento,nome,data_nascimento,nome_pais_origem) VALUES (279,'RHU','031316','Ogenyi Onazi','19830818','Nigéria');
INSERT INTO pessoa (id_pessoa, tipo_documento,documento,nome,data_nascimento,nome_pais_origem) VALUES (280,'RHU','024596','Etebo Oghenekaro','19830625','Nigéria');
INSERT INTO pessoa (id_pessoa, tipo_documento,documento,nome,data_nascimento,nome_pais_origem) VALUES (281,'RHU','017189','Wilfred Ndidi','19810802','Nigéria');
INSERT INTO pessoa (id_pessoa, tipo_documento,documento,nome,data_nascimento,nome_pais_origem) VALUES (282,'RHU','001655','Mikel Agu','19870901','Nigéria');
INSERT INTO pessoa (id_pessoa, tipo_documento,documento,nome,data_nascimento,nome_pais_origem) VALUES (283,'RHU','018762','Ahmed Musa','19810804','Nigéria');
INSERT INTO pessoa (id_pessoa, tipo_documento,documento,nome,data_nascimento,nome_pais_origem) VALUES (284,'RHU','031107','Victor Musa','19860213','Nigéria');
INSERT INTO pessoa (id_pessoa, tipo_documento,documento,nome,data_nascimento,nome_pais_origem) VALUES (285,'RHU','005436','Moses Simon','19750712','Nigéria');
INSERT INTO pessoa (id_pessoa, tipo_documento,documento,nome,data_nascimento,nome_pais_origem) VALUES (286,'RHU','020055','Odion Ighalo','19801221','Nigéria');
INSERT INTO pessoa (id_pessoa, tipo_documento,documento,nome,data_nascimento,nome_pais_origem) VALUES (287,'RHU','017192','Alex Iwobi','19840807','Nigéria');
INSERT INTO pessoa (id_pessoa, tipo_documento,documento,nome,data_nascimento,nome_pais_origem) VALUES (288,'RHU','000140','Kelechi Iheanacho','19891220','Nigéria');
INSERT INTO pessoa (id_pessoa, tipo_documento,documento,nome,data_nascimento,nome_pais_origem) VALUES (289,'RHU','021538','Alisson','19781208','Brasil');
INSERT INTO pessoa (id_pessoa, tipo_documento,documento,nome,data_nascimento,nome_pais_origem) VALUES (290,'RHU','012949','Dani Alves','19820214','Brasil');
INSERT INTO pessoa (id_pessoa, tipo_documento,documento,nome,data_nascimento,nome_pais_origem) VALUES (291,'RHU','007376','Thiago Silva','19840110','Brasil');
INSERT INTO pessoa (id_pessoa, tipo_documento,documento,nome,data_nascimento,nome_pais_origem) VALUES (292,'RHU','022190','Miranda','19851005','Brasil');
INSERT INTO pessoa (id_pessoa, tipo_documento,documento,nome,data_nascimento,nome_pais_origem) VALUES (293,'RHU','010555','Filipe Luís','19850508','Brasil');
INSERT INTO pessoa (id_pessoa, tipo_documento,documento,nome,data_nascimento,nome_pais_origem) VALUES (294,'RHU','008909','Marquinhos','19850110','Brasil');
INSERT INTO pessoa (id_pessoa, tipo_documento,documento,nome,data_nascimento,nome_pais_origem) VALUES (295,'RHU','000153','Marcelo','19840323','Brasil');
INSERT INTO pessoa (id_pessoa, tipo_documento,documento,nome,data_nascimento,nome_pais_origem) VALUES (296,'RHU','022648','Willian','19880203','Brasil');
INSERT INTO pessoa (id_pessoa, tipo_documento,documento,nome,data_nascimento,nome_pais_origem) VALUES (297,'RHU','012423','Paulinho','19770125','Brasil');
INSERT INTO pessoa (id_pessoa, tipo_documento,documento,nome,data_nascimento,nome_pais_origem) VALUES (298,'RHU','032391','Fernandinho','19800503','Brasil');
INSERT INTO pessoa (id_pessoa, tipo_documento,documento,nome,data_nascimento,nome_pais_origem) VALUES (299,'RHU','007900','Casemiro','19890722','Brasil');
INSERT INTO pessoa (id_pessoa, tipo_documento,documento,nome,data_nascimento,nome_pais_origem) VALUES (300,'RHU','008723','Renato Augusto','19840607','Brasil');
INSERT INTO pessoa (id_pessoa, tipo_documento,documento,nome,data_nascimento,nome_pais_origem) VALUES (301,'RHU','003902','Giuliano','19870121','Brasil');
INSERT INTO pessoa (id_pessoa, tipo_documento,documento,nome,data_nascimento,nome_pais_origem) VALUES (302,'RHU','018716','Philippe Coutinho','19820913','Brasil');
INSERT INTO pessoa (id_pessoa, tipo_documento,documento,nome,data_nascimento,nome_pais_origem) VALUES (303,'RHU','013694','Douglas Costa','19831003','Brasil');
INSERT INTO pessoa (id_pessoa, tipo_documento,documento,nome,data_nascimento,nome_pais_origem) VALUES (304,'RHU','024393','Roberto Firmino','19810408','Brasil');
INSERT INTO pessoa (id_pessoa, tipo_documento,documento,nome,data_nascimento,nome_pais_origem) VALUES (305,'RHU','002995','Gabriel Jesus','19860706','Brasil');
INSERT INTO pessoa (id_pessoa, tipo_documento,documento,nome,data_nascimento,nome_pais_origem) VALUES (306,'RHU','026308','Neymar Jr','19761012','Brasil');
INSERT INTO pessoa (id_pessoa, tipo_documento,documento,nome,data_nascimento,nome_pais_origem) VALUES (307,'RHU','014604','Yann Sommer','19781212','Suíça');
INSERT INTO pessoa (id_pessoa, tipo_documento,documento,nome,data_nascimento,nome_pais_origem) VALUES (308,'RHU','001150','Stephan Lichtsteiner','19870101','Suíça');
INSERT INTO pessoa (id_pessoa, tipo_documento,documento,nome,data_nascimento,nome_pais_origem) VALUES (309,'RHU','015141','Manuel Akanji','19781115','Suíça');
INSERT INTO pessoa (id_pessoa, tipo_documento,documento,nome,data_nascimento,nome_pais_origem) VALUES (310,'RHU','022355','Michael Lang','19850501','Suíça');
INSERT INTO pessoa (id_pessoa, tipo_documento,documento,nome,data_nascimento,nome_pais_origem) VALUES (311,'RHU','009374','Ricardo Rodríguez','19790915','Suíça');
INSERT INTO pessoa (id_pessoa, tipo_documento,documento,nome,data_nascimento,nome_pais_origem) VALUES (312,'RHU','011020','Johan Djourou','19780122','Suíça');
INSERT INTO pessoa (id_pessoa, tipo_documento,documento,nome,data_nascimento,nome_pais_origem) VALUES (313,'RHU','021724','Fabian Schär','19791206','Suíça');
INSERT INTO pessoa (id_pessoa, tipo_documento,documento,nome,data_nascimento,nome_pais_origem) VALUES (314,'RHU','010202','Granit Xhaka','19860205','Suíça');
INSERT INTO pessoa (id_pessoa, tipo_documento,documento,nome,data_nascimento,nome_pais_origem) VALUES (315,'RHU','014924','Steven Zuber','19870204','Suíça');
INSERT INTO pessoa (id_pessoa, tipo_documento,documento,nome,data_nascimento,nome_pais_origem) VALUES (316,'RHU','012455','Blerim Dzemaili','19780805','Suíça');
INSERT INTO pessoa (id_pessoa, tipo_documento,documento,nome,data_nascimento,nome_pais_origem) VALUES (317,'RHU','027644','Denis Zakaria','19850610','Suíça');
INSERT INTO pessoa (id_pessoa, tipo_documento,documento,nome,data_nascimento,nome_pais_origem) VALUES (318,'RHU','018696','Xherdan Shaqiri','19780507','Suíça');
INSERT INTO pessoa (id_pessoa, tipo_documento,documento,nome,data_nascimento,nome_pais_origem) VALUES (319,'RHU','010466','Valon Behrami','19830827','Suíça');
INSERT INTO pessoa (id_pessoa, tipo_documento,documento,nome,data_nascimento,nome_pais_origem) VALUES (320,'RHU','024372','Gerson Fernandes','19870711','Suíça');
INSERT INTO pessoa (id_pessoa, tipo_documento,documento,nome,data_nascimento,nome_pais_origem) VALUES (321,'RHU','019668','Breel Embolo','19851024','Suíça');
INSERT INTO pessoa (id_pessoa, tipo_documento,documento,nome,data_nascimento,nome_pais_origem) VALUES (322,'RHU','004031','Haris Seferovic','19780506','Suíça');
INSERT INTO pessoa (id_pessoa, tipo_documento,documento,nome,data_nascimento,nome_pais_origem) VALUES (323,'RHU','027753','Admir Mehmedi','19850102','Suíça');
INSERT INTO pessoa (id_pessoa, tipo_documento,documento,nome,data_nascimento,nome_pais_origem) VALUES (324,'RHU','008942','Eren Derdiyok','19820116','Suíça');
INSERT INTO pessoa (id_pessoa, tipo_documento,documento,nome,data_nascimento,nome_pais_origem) VALUES (325,'RHU','004827','Keylor Navas','19890212','Costa Rica');
INSERT INTO pessoa (id_pessoa, tipo_documento,documento,nome,data_nascimento,nome_pais_origem) VALUES (326,'RHU','004757','Giancarlo González','19760417','Costa Rica');
INSERT INTO pessoa (id_pessoa, tipo_documento,documento,nome,data_nascimento,nome_pais_origem) VALUES (327,'RHU','016279','Cristian Gamboa','19880707','Costa Rica');
INSERT INTO pessoa (id_pessoa, tipo_documento,documento,nome,data_nascimento,nome_pais_origem) VALUES (328,'RHU','001842','Bryan Oviedo','19890709','Costa Rica');
INSERT INTO pessoa (id_pessoa, tipo_documento,documento,nome,data_nascimento,nome_pais_origem) VALUES (329,'RHU','003035','Francisco Calvo','19870604','Costa Rica');
INSERT INTO pessoa (id_pessoa, tipo_documento,documento,nome,data_nascimento,nome_pais_origem) VALUES (330,'RHU','003728','Kendall Waston','19840123','Costa Rica');
INSERT INTO pessoa (id_pessoa, tipo_documento,documento,nome,data_nascimento,nome_pais_origem) VALUES (331,'RHU','027595','Rónald Matarrita','19820224','Costa Rica');
INSERT INTO pessoa (id_pessoa, tipo_documento,documento,nome,data_nascimento,nome_pais_origem) VALUES (332,'RHU','002082','Michael Umaña','19761020','Costa Rica');
INSERT INTO pessoa (id_pessoa, tipo_documento,documento,nome,data_nascimento,nome_pais_origem) VALUES (333,'RHU','028464','Johnny Acosta','19821015','Costa Rica');
INSERT INTO pessoa (id_pessoa, tipo_documento,documento,nome,data_nascimento,nome_pais_origem) VALUES (334,'RHU','018588','Bryan Ruiz','19860113','Costa Rica');
INSERT INTO pessoa (id_pessoa, tipo_documento,documento,nome,data_nascimento,nome_pais_origem) VALUES (335,'RHU','011585','Celso Borges','19860820','Costa Rica');
INSERT INTO pessoa (id_pessoa, tipo_documento,documento,nome,data_nascimento,nome_pais_origem) VALUES (336,'RHU','019815','Christian Bolaños','19831202','Costa Rica');
INSERT INTO pessoa (id_pessoa, tipo_documento,documento,nome,data_nascimento,nome_pais_origem) VALUES (337,'RHU','024389','Randall Azofeifa','19770125','Costa Rica');
INSERT INTO pessoa (id_pessoa, tipo_documento,documento,nome,data_nascimento,nome_pais_origem) VALUES (338,'RHU','002168','David Guzmán','19830615','Costa Rica');
INSERT INTO pessoa (id_pessoa, tipo_documento,documento,nome,data_nascimento,nome_pais_origem) VALUES (339,'RHU','012044','Rodney Wallace','19780301','Costa Rica');
INSERT INTO pessoa (id_pessoa, tipo_documento,documento,nome,data_nascimento,nome_pais_origem) VALUES (340,'RHU','022413','Joel Campbell','19810504','Costa Rica');
INSERT INTO pessoa (id_pessoa, tipo_documento,documento,nome,data_nascimento,nome_pais_origem) VALUES (341,'RHU','015006','Marco Ureña','19801007','Costa Rica');
INSERT INTO pessoa (id_pessoa, tipo_documento,documento,nome,data_nascimento,nome_pais_origem) VALUES (342,'RHU','020037','Johan Venegas','19750206','Costa Rica');
INSERT INTO pessoa (id_pessoa, tipo_documento,documento,nome,data_nascimento,nome_pais_origem) VALUES (343,'RHU','010195','Vladimir Stojkovic','19801021','Sérvia');
INSERT INTO pessoa (id_pessoa, tipo_documento,documento,nome,data_nascimento,nome_pais_origem) VALUES (344,'RHU','014310','Branislav Ivanovic','19820321','Sérvia');
INSERT INTO pessoa (id_pessoa, tipo_documento,documento,nome,data_nascimento,nome_pais_origem) VALUES (345,'RHU','011477','Aleksandar Kolarov','19770501','Sérvia');
INSERT INTO pessoa (id_pessoa, tipo_documento,documento,nome,data_nascimento,nome_pais_origem) VALUES (346,'RHU','000778','Antonio Rukavina','19851111','Sérvia');
INSERT INTO pessoa (id_pessoa, tipo_documento,documento,nome,data_nascimento,nome_pais_origem) VALUES (347,'RHU','025484','Matija Nastasic','19870811','Sérvia');
INSERT INTO pessoa (id_pessoa, tipo_documento,documento,nome,data_nascimento,nome_pais_origem) VALUES (348,'RHU','012316','Dusko Tosic','19811210','Sérvia');
INSERT INTO pessoa (id_pessoa, tipo_documento,documento,nome,data_nascimento,nome_pais_origem) VALUES (349,'RHU','013931','Nikola Maksimovic','19820805','Sérvia');
INSERT INTO pessoa (id_pessoa, tipo_documento,documento,nome,data_nascimento,nome_pais_origem) VALUES (350,'RHU','028745','Jagos Vukovic','19761117','Sérvia');
INSERT INTO pessoa (id_pessoa, tipo_documento,documento,nome,data_nascimento,nome_pais_origem) VALUES (351,'RHU','000288','Dusan Tadic','19771002','Sérvia');
INSERT INTO pessoa (id_pessoa, tipo_documento,documento,nome,data_nascimento,nome_pais_origem) VALUES (352,'RHU','030145','Sergej Milinkovic-Savic','19800319','Sérvia');
INSERT INTO pessoa (id_pessoa, tipo_documento,documento,nome,data_nascimento,nome_pais_origem) VALUES (353,'RHU','024084','Nemanja Matic','19751104','Sérvia');
INSERT INTO pessoa (id_pessoa, tipo_documento,documento,nome,data_nascimento,nome_pais_origem) VALUES (354,'RHU','028145','Luka Milivojevic','19880613','Sérvia');
INSERT INTO pessoa (id_pessoa, tipo_documento,documento,nome,data_nascimento,nome_pais_origem) VALUES (355,'RHU','023646','Adem Ljajic','19810203','Sérvia');
INSERT INTO pessoa (id_pessoa, tipo_documento,documento,nome,data_nascimento,nome_pais_origem) VALUES (356,'RHU','024370','Nemanja Gudelj','19821204','Sérvia');
INSERT INTO pessoa (id_pessoa, tipo_documento,documento,nome,data_nascimento,nome_pais_origem) VALUES (357,'RHU','003102','Mijat Gacinovic','19860521','Sérvia');
INSERT INTO pessoa (id_pessoa, tipo_documento,documento,nome,data_nascimento,nome_pais_origem) VALUES (358,'RHU','015350','Filip Kostic','19860217','Sérvia');
INSERT INTO pessoa (id_pessoa, tipo_documento,documento,nome,data_nascimento,nome_pais_origem) VALUES (359,'RHU','030106','Aleksandar Mitrovic','19791221','Sérvia');
INSERT INTO pessoa (id_pessoa, tipo_documento,documento,nome,data_nascimento,nome_pais_origem) VALUES (360,'RHU','011701','Aleksandar Prijovic','19810413','Sérvia');
INSERT INTO pessoa (id_pessoa, tipo_documento,documento,nome,data_nascimento,nome_pais_origem) VALUES (361,'RHU','020537','Manuel Neuer','19830420','Alemanha');
INSERT INTO pessoa (id_pessoa, tipo_documento,documento,nome,data_nascimento,nome_pais_origem) VALUES (362,'RHU','016944','Mats Hummels','19820206','Alemanha');
INSERT INTO pessoa (id_pessoa, tipo_documento,documento,nome,data_nascimento,nome_pais_origem) VALUES (363,'RHU','022813','Antonio Rüdiger','19881225','Alemanha');
INSERT INTO pessoa (id_pessoa, tipo_documento,documento,nome,data_nascimento,nome_pais_origem) VALUES (364,'RHU','006902','Jérôme Boateng','19820927','Alemanha');
INSERT INTO pessoa (id_pessoa, tipo_documento,documento,nome,data_nascimento,nome_pais_origem) VALUES (365,'RHU','011840','Joshua Kimmich','19880707','Alemanha');
INSERT INTO pessoa (id_pessoa, tipo_documento,documento,nome,data_nascimento,nome_pais_origem) VALUES (366,'RHU','014309','Jonas Hector','19760625','Alemanha');
INSERT INTO pessoa (id_pessoa, tipo_documento,documento,nome,data_nascimento,nome_pais_origem) VALUES (367,'RHU','007616','Julian Draxler','19831225','Alemanha');
INSERT INTO pessoa (id_pessoa, tipo_documento,documento,nome,data_nascimento,nome_pais_origem) VALUES (368,'RHU','018935','Toni Kroos','19760220','Alemanha');
INSERT INTO pessoa (id_pessoa, tipo_documento,documento,nome,data_nascimento,nome_pais_origem) VALUES (369,'RHU','017451','Emre Can','19890626','Alemanha');
INSERT INTO pessoa (id_pessoa, tipo_documento,documento,nome,data_nascimento,nome_pais_origem) VALUES (370,'RHU','005786','Leon Goretzka','19860612','Alemanha');
INSERT INTO pessoa (id_pessoa, tipo_documento,documento,nome,data_nascimento,nome_pais_origem) VALUES (371,'RHU','020600','Julian Brandt','19801222','Alemanha');
INSERT INTO pessoa (id_pessoa, tipo_documento,documento,nome,data_nascimento,nome_pais_origem) VALUES (372,'RHU','016519','Sebastian Rudy','19770614','Alemanha');
INSERT INTO pessoa (id_pessoa, tipo_documento,documento,nome,data_nascimento,nome_pais_origem) VALUES (373,'RHU','031556','Leroy Sané','19871019','Alemanha');
INSERT INTO pessoa (id_pessoa, tipo_documento,documento,nome,data_nascimento,nome_pais_origem) VALUES (374,'RHU','026299','Mesut Özil','19870204','Alemanha');
INSERT INTO pessoa (id_pessoa, tipo_documento,documento,nome,data_nascimento,nome_pais_origem) VALUES (375,'RHU','016423','Sami Khedira','19750426','Alemanha');
INSERT INTO pessoa (id_pessoa, tipo_documento,documento,nome,data_nascimento,nome_pais_origem) VALUES (376,'RHU','022798','Mario Götze','19890927','Alemanha');
INSERT INTO pessoa (id_pessoa, tipo_documento,documento,nome,data_nascimento,nome_pais_origem) VALUES (377,'RHU','011008','Thomas Müller','19860606','Alemanha');
INSERT INTO pessoa (id_pessoa, tipo_documento,documento,nome,data_nascimento,nome_pais_origem) VALUES (378,'RHU','018114','Timo Werner','19760220','Alemanha');
INSERT INTO pessoa (id_pessoa, tipo_documento,documento,nome,data_nascimento,nome_pais_origem) VALUES (379,'RHU','020159','Guillermo Ochoa','19760511','México');
INSERT INTO pessoa (id_pessoa, tipo_documento,documento,nome,data_nascimento,nome_pais_origem) VALUES (380,'RHU','032609','Hugo Ayala','19811110','México');
INSERT INTO pessoa (id_pessoa, tipo_documento,documento,nome,data_nascimento,nome_pais_origem) VALUES (381,'RHU','014989','Diego Reyes','19840112','México');
INSERT INTO pessoa (id_pessoa, tipo_documento,documento,nome,data_nascimento,nome_pais_origem) VALUES (382,'RHU','032702','Héctor Moreno','19790505','México');
INSERT INTO pessoa (id_pessoa, tipo_documento,documento,nome,data_nascimento,nome_pais_origem) VALUES (383,'RHU','025423','Jesús Gallardo','19880603','México');
INSERT INTO pessoa (id_pessoa, tipo_documento,documento,nome,data_nascimento,nome_pais_origem) VALUES (384,'RHU','027892','Miguel Layún','19810818','México');
INSERT INTO pessoa (id_pessoa, tipo_documento,documento,nome,data_nascimento,nome_pais_origem) VALUES (385,'RHU','020485','Carlos Salcedo','19860113','México');
INSERT INTO pessoa (id_pessoa, tipo_documento,documento,nome,data_nascimento,nome_pais_origem) VALUES (386,'RHU','023757','Jonathan dos Santos','19830209','México');
INSERT INTO pessoa (id_pessoa, tipo_documento,documento,nome,data_nascimento,nome_pais_origem) VALUES (387,'RHU','011323','Giovani dos Santos','19850810','México');
INSERT INTO pessoa (id_pessoa, tipo_documento,documento,nome,data_nascimento,nome_pais_origem) VALUES (388,'RHU','003093','Andrés Guardado','19751215','México');
INSERT INTO pessoa (id_pessoa, tipo_documento,documento,nome,data_nascimento,nome_pais_origem) VALUES (389,'RHU','014343','Héctor Herrera','19780802','México');
INSERT INTO pessoa (id_pessoa, tipo_documento,documento,nome,data_nascimento,nome_pais_origem) VALUES (390,'RHU','030523','Javier Aquino','19780211','México');
INSERT INTO pessoa (id_pessoa, tipo_documento,documento,nome,data_nascimento,nome_pais_origem) VALUES (391,'RHU','005447','Jesús Corona','19821217','México');
INSERT INTO pessoa (id_pessoa, tipo_documento,documento,nome,data_nascimento,nome_pais_origem) VALUES (392,'RHU','006270','Hirving Lozano','19860518','México');
INSERT INTO pessoa (id_pessoa, tipo_documento,documento,nome,data_nascimento,nome_pais_origem) VALUES (393,'RHU','029314','Raúl Jiménez','19820509','México');
INSERT INTO pessoa (id_pessoa, tipo_documento,documento,nome,data_nascimento,nome_pais_origem) VALUES (394,'RHU','004565','Carlos Vela','19870822','México');
INSERT INTO pessoa (id_pessoa, tipo_documento,documento,nome,data_nascimento,nome_pais_origem) VALUES (395,'RHU','009503','Javier Hernández','19880905','México');
INSERT INTO pessoa (id_pessoa, tipo_documento,documento,nome,data_nascimento,nome_pais_origem) VALUES (396,'RHU','018007','Oribe Peralta','19810214','México');
INSERT INTO pessoa (id_pessoa, tipo_documento,documento,nome,data_nascimento,nome_pais_origem) VALUES (397,'RHU','031998','Robin Olsen','19760601','Suécia');
INSERT INTO pessoa (id_pessoa, tipo_documento,documento,nome,data_nascimento,nome_pais_origem) VALUES (398,'RHU','025200','Mikel Lustig','19780720','Suécia');
INSERT INTO pessoa (id_pessoa, tipo_documento,documento,nome,data_nascimento,nome_pais_origem) VALUES (399,'RHU','032662','Victor Nilsson Lindelöf','19770306','Suécia');
INSERT INTO pessoa (id_pessoa, tipo_documento,documento,nome,data_nascimento,nome_pais_origem) VALUES (400,'RHU','016202','Andreas Granqvist','19800515','Suécia');
INSERT INTO pessoa (id_pessoa, tipo_documento,documento,nome,data_nascimento,nome_pais_origem) VALUES (401,'RHU','013458','Martin Olsson','19760406','Suécia');
INSERT INTO pessoa (id_pessoa, tipo_documento,documento,nome,data_nascimento,nome_pais_origem) VALUES (402,'RHU','019796','Ludwig Augustinsson','19820126','Suécia');
INSERT INTO pessoa (id_pessoa, tipo_documento,documento,nome,data_nascimento,nome_pais_origem) VALUES (403,'RHU','000467','Emil Krafth','19871016','Suécia');
INSERT INTO pessoa (id_pessoa, tipo_documento,documento,nome,data_nascimento,nome_pais_origem) VALUES (404,'RHU','015281','Pontus Jansson','19771125','Suécia');
INSERT INTO pessoa (id_pessoa, tipo_documento,documento,nome,data_nascimento,nome_pais_origem) VALUES (405,'RHU','031111','Sebastian Larsson','19840206','Suécia');
INSERT INTO pessoa (id_pessoa, tipo_documento,documento,nome,data_nascimento,nome_pais_origem) VALUES (406,'RHU','002306','Emil Forsberg','19850419','Suécia');
INSERT INTO pessoa (id_pessoa, tipo_documento,documento,nome,data_nascimento,nome_pais_origem) VALUES (407,'RHU','032757','Gustav Svensson','19760509','Suécia');
INSERT INTO pessoa (id_pessoa, tipo_documento,documento,nome,data_nascimento,nome_pais_origem) VALUES (408,'RHU','019589','Viktor Claesson','19860713','Suécia');
INSERT INTO pessoa (id_pessoa, tipo_documento,documento,nome,data_nascimento,nome_pais_origem) VALUES (409,'RHU','001543','Jimmy Durmaz','19801023','Suécia');
INSERT INTO pessoa (id_pessoa, tipo_documento,documento,nome,data_nascimento,nome_pais_origem) VALUES (410,'RHU','020472','Albin Ekdal','19810116','Suécia');
INSERT INTO pessoa (id_pessoa, tipo_documento,documento,nome,data_nascimento,nome_pais_origem) VALUES (411,'RHU','008177','Isaac Kiese Thelin','19860525','Suécia');
INSERT INTO pessoa (id_pessoa, tipo_documento,documento,nome,data_nascimento,nome_pais_origem) VALUES (412,'RHU','012292','Marcus Berg','19880801','Suécia');
INSERT INTO pessoa (id_pessoa, tipo_documento,documento,nome,data_nascimento,nome_pais_origem) VALUES (413,'RHU','018538','John Guidetti','19780804','Suécia');
INSERT INTO pessoa (id_pessoa, tipo_documento,documento,nome,data_nascimento,nome_pais_origem) VALUES (414,'RHU','005021','Ola Toivonen','19791220','Suécia');
INSERT INTO pessoa (id_pessoa, tipo_documento,documento,nome,data_nascimento,nome_pais_origem) VALUES (415,'RHU','005844','Kim Seunggyu','19850105','Coréia do Sul');
INSERT INTO pessoa (id_pessoa, tipo_documento,documento,nome,data_nascimento,nome_pais_origem) VALUES (416,'RHU','008313','Kim Younggwon','19850712','Coréia do Sul');
INSERT INTO pessoa (id_pessoa, tipo_documento,documento,nome,data_nascimento,nome_pais_origem) VALUES (417,'RHU','006038','Kim Jinsu','19810125','Coréia do Sul');
INSERT INTO pessoa (id_pessoa, tipo_documento,documento,nome,data_nascimento,nome_pais_origem) VALUES (418,'RHU','024179','Kwak Taehwi','19810215','Coréia do Sul');
INSERT INTO pessoa (id_pessoa, tipo_documento,documento,nome,data_nascimento,nome_pais_origem) VALUES (419,'RHU','018190','Hong Jeongho','19811223','Coréia do Sul');
INSERT INTO pessoa (id_pessoa, tipo_documento,documento,nome,data_nascimento,nome_pais_origem) VALUES (420,'RHU','012896','Jang Hyunsoo','19750114','Coréia do Sul');
INSERT INTO pessoa (id_pessoa, tipo_documento,documento,nome,data_nascimento,nome_pais_origem) VALUES (421,'RHU','007958','Koo Jacheol','19820819','Coréia do Sul');
INSERT INTO pessoa (id_pessoa, tipo_documento,documento,nome,data_nascimento,nome_pais_origem) VALUES (422,'RHU','017713','Kwon Changhoon','19800317','Coréia do Sul');
INSERT INTO pessoa (id_pessoa, tipo_documento,documento,nome,data_nascimento,nome_pais_origem) VALUES (423,'RHU','006191','Ki Sungyueng','19771001','Coréia do Sul');
INSERT INTO pessoa (id_pessoa, tipo_documento,documento,nome,data_nascimento,nome_pais_origem) VALUES (424,'RHU','007448','Nam Taehee','19750106','Coréia do Sul');
INSERT INTO pessoa (id_pessoa, tipo_documento,documento,nome,data_nascimento,nome_pais_origem) VALUES (425,'RHU','000041','Han Kookyoung','19831108','Coréia do Sul');
INSERT INTO pessoa (id_pessoa, tipo_documento,documento,nome,data_nascimento,nome_pais_origem) VALUES (426,'RHU','002510','Lee Chungyoung','19890319','Coréia do Sul');
INSERT INTO pessoa (id_pessoa, tipo_documento,documento,nome,data_nascimento,nome_pais_origem) VALUES (427,'RHU','022888','Jung Wooyoung','19750615','Coréia do Sul');
INSERT INTO pessoa (id_pessoa, tipo_documento,documento,nome,data_nascimento,nome_pais_origem) VALUES (428,'RHU','029617','Lee Jaesung','19750908','Coréia do Sul');
INSERT INTO pessoa (id_pessoa, tipo_documento,documento,nome,data_nascimento,nome_pais_origem) VALUES (429,'RHU','011511','Son Heungmin','19861206','Coréia do Sul');
INSERT INTO pessoa (id_pessoa, tipo_documento,documento,nome,data_nascimento,nome_pais_origem) VALUES (430,'RHU','024272','Ji Dongwon','19760911','Coréia do Sul');
INSERT INTO pessoa (id_pessoa, tipo_documento,documento,nome,data_nascimento,nome_pais_origem) VALUES (431,'RHU','022646','Kim Shinwook','19760824','Coréia do Sul');
INSERT INTO pessoa (id_pessoa, tipo_documento,documento,nome,data_nascimento,nome_pais_origem) VALUES (432,'RHU','026362','Hwang Heechan','19820226','Coréia do Sul');
INSERT INTO pessoa (id_pessoa, tipo_documento,documento,nome,data_nascimento,nome_pais_origem) VALUES (433,'RHU','012835','Thibaut Courtois','19870820','Bélgica');
INSERT INTO pessoa (id_pessoa, tipo_documento,documento,nome,data_nascimento,nome_pais_origem) VALUES (434,'RHU','017773','Toby Alderweireld','19811115','Bélgica');
INSERT INTO pessoa (id_pessoa, tipo_documento,documento,nome,data_nascimento,nome_pais_origem) VALUES (435,'RHU','004886','Thomas Vermaelen','19830922','Bélgica');
INSERT INTO pessoa (id_pessoa, tipo_documento,documento,nome,data_nascimento,nome_pais_origem) VALUES (436,'RHU','026154','Jan Vertonghen','19770918','Bélgica');
INSERT INTO pessoa (id_pessoa, tipo_documento,documento,nome,data_nascimento,nome_pais_origem) VALUES (437,'RHU','018875','Vincent Kompany','19751122','Bélgica');
INSERT INTO pessoa (id_pessoa, tipo_documento,documento,nome,data_nascimento,nome_pais_origem) VALUES (438,'RHU','028433','Thomas Meunier','19790415','Bélgica');
INSERT INTO pessoa (id_pessoa, tipo_documento,documento,nome,data_nascimento,nome_pais_origem) VALUES (439,'RHU','029869','Axel Witsel','19801226','Bélgica');
INSERT INTO pessoa (id_pessoa, tipo_documento,documento,nome,data_nascimento,nome_pais_origem) VALUES (440,'RHU','020053','Radja Nainggolan','19800802','Bélgica');
INSERT INTO pessoa (id_pessoa, tipo_documento,documento,nome,data_nascimento,nome_pais_origem) VALUES (441,'RHU','023844','Kevin De Bruyne','19860206','Bélgica');
INSERT INTO pessoa (id_pessoa, tipo_documento,documento,nome,data_nascimento,nome_pais_origem) VALUES (442,'RHU','006202','Marouane Fellaini','19780608','Bélgica');
INSERT INTO pessoa (id_pessoa, tipo_documento,documento,nome,data_nascimento,nome_pais_origem) VALUES (443,'RHU','001264','Youri Tielemans','19820408','Bélgica');
INSERT INTO pessoa (id_pessoa, tipo_documento,documento,nome,data_nascimento,nome_pais_origem) VALUES (444,'RHU','026777','Mousa Dembélé','19800810','Bélgica');
INSERT INTO pessoa (id_pessoa, tipo_documento,documento,nome,data_nascimento,nome_pais_origem) VALUES (445,'RHU','015255','Nacer Chadli','19790720','Bélgica');
INSERT INTO pessoa (id_pessoa, tipo_documento,documento,nome,data_nascimento,nome_pais_origem) VALUES (446,'RHU','004745','Eden Hazard','19870614','Bélgica');
INSERT INTO pessoa (id_pessoa, tipo_documento,documento,nome,data_nascimento,nome_pais_origem) VALUES (447,'RHU','006729','Yannick Carrasco','19800619','Bélgica');
INSERT INTO pessoa (id_pessoa, tipo_documento,documento,nome,data_nascimento,nome_pais_origem) VALUES (448,'RHU','010021','Dries Mertens','19791221','Bélgica');
INSERT INTO pessoa (id_pessoa, tipo_documento,documento,nome,data_nascimento,nome_pais_origem) VALUES (449,'RHU','023805','Michy Batshuayi','19810323','Bélgica');
INSERT INTO pessoa (id_pessoa, tipo_documento,documento,nome,data_nascimento,nome_pais_origem) VALUES (450,'RHU','005699','Romelu Lukaku','19890121','Bélgica');
INSERT INTO pessoa (id_pessoa, tipo_documento,documento,nome,data_nascimento,nome_pais_origem) VALUES (451,'RHU','009789','Jaime Penedo','19800915','Panamá');
INSERT INTO pessoa (id_pessoa, tipo_documento,documento,nome,data_nascimento,nome_pais_origem) VALUES (452,'RHU','018787','José Calderón','19760604','Panamá');
INSERT INTO pessoa (id_pessoa, tipo_documento,documento,nome,data_nascimento,nome_pais_origem) VALUES (453,'RHU','003557','Michael Murillo','19841213','Panamá');
INSERT INTO pessoa (id_pessoa, tipo_documento,documento,nome,data_nascimento,nome_pais_origem) VALUES (454,'RHU','014485','Fidel Escobar','19891107','Panamá');
INSERT INTO pessoa (id_pessoa, tipo_documento,documento,nome,data_nascimento,nome_pais_origem) VALUES (455,'RHU','032591','Román Torres','19800312','Panamá');
INSERT INTO pessoa (id_pessoa, tipo_documento,documento,nome,data_nascimento,nome_pais_origem) VALUES (456,'RHU','028476','Adolfo Machado','19830525','Panamá');
INSERT INTO pessoa (id_pessoa, tipo_documento,documento,nome,data_nascimento,nome_pais_origem) VALUES (457,'RHU','014945','Éric Davis','19841210','Panamá');
INSERT INTO pessoa (id_pessoa, tipo_documento,documento,nome,data_nascimento,nome_pais_origem) VALUES (458,'RHU','002600','Luis Ovalle','19770710','Panamá');
INSERT INTO pessoa (id_pessoa, tipo_documento,documento,nome,data_nascimento,nome_pais_origem) VALUES (459,'RHU','019357','Felipe Baloy','19851012','Panamá');
INSERT INTO pessoa (id_pessoa, tipo_documento,documento,nome,data_nascimento,nome_pais_origem) VALUES (460,'RHU','032525','Gabriel Gómez','19890409','Panamá');
INSERT INTO pessoa (id_pessoa, tipo_documento,documento,nome,data_nascimento,nome_pais_origem) VALUES (461,'RHU','021003','Édgar Bárcenas','19770803','Panamá');
INSERT INTO pessoa (id_pessoa, tipo_documento,documento,nome,data_nascimento,nome_pais_origem) VALUES (462,'RHU','026869','Armando Cooper','19820612','Panamá');
INSERT INTO pessoa (id_pessoa, tipo_documento,documento,nome,data_nascimento,nome_pais_origem) VALUES (463,'RHU','021153','Alberto Quintero','19840717','Panamá');
INSERT INTO pessoa (id_pessoa, tipo_documento,documento,nome,data_nascimento,nome_pais_origem) VALUES (464,'RHU','023622','Aníbal Godoy','19880802','Panamá');
INSERT INTO pessoa (id_pessoa, tipo_documento,documento,nome,data_nascimento,nome_pais_origem) VALUES (465,'RHU','017861','Blas Pérez','19830224','Panamá');
INSERT INTO pessoa (id_pessoa, tipo_documento,documento,nome,data_nascimento,nome_pais_origem) VALUES (466,'RHU','014688','Gabriel Torres','19860918','Panamá');
INSERT INTO pessoa (id_pessoa, tipo_documento,documento,nome,data_nascimento,nome_pais_origem) VALUES (467,'RHU','013401','Luis Tejada','19820209','Panamá');
INSERT INTO pessoa (id_pessoa, tipo_documento,documento,nome,data_nascimento,nome_pais_origem) VALUES (468,'RHU','005002','Abdiel Arroyo','19811208','Panamá');
INSERT INTO pessoa (id_pessoa, tipo_documento,documento,nome,data_nascimento,nome_pais_origem) VALUES (469,'RHU','027088','Aymen Mathlouthi','19850608','Tunísia');
INSERT INTO pessoa (id_pessoa, tipo_documento,documento,nome,data_nascimento,nome_pais_origem) VALUES (470,'RHU','016549','Ali Maâloul','19851007','Tunísia');
INSERT INTO pessoa (id_pessoa, tipo_documento,documento,nome,data_nascimento,nome_pais_origem) VALUES (471,'RHU','000912','Syam Ben Youssef','19820210','Tunísia');
INSERT INTO pessoa (id_pessoa, tipo_documento,documento,nome,data_nascimento,nome_pais_origem) VALUES (472,'RHU','028617','Aymen Abdennour','19800407','Tunísia');
INSERT INTO pessoa (id_pessoa, tipo_documento,documento,nome,data_nascimento,nome_pais_origem) VALUES (473,'RHU','009930','Hamdi Naguez','19831010','Tunísia');
INSERT INTO pessoa (id_pessoa, tipo_documento,documento,nome,data_nascimento,nome_pais_origem) VALUES (474,'RHU','004169','Yassine Meriah','19781125','Tunísia');
INSERT INTO pessoa (id_pessoa, tipo_documento,documento,nome,data_nascimento,nome_pais_origem) VALUES (475,'RHU','025547','Oussama Haddadi','19820719','Tunísia');
INSERT INTO pessoa (id_pessoa, tipo_documento,documento,nome,data_nascimento,nome_pais_origem) VALUES (476,'RHU','006618','Ferjani Sassi','19840727','Tunísia');
INSERT INTO pessoa (id_pessoa, tipo_documento,documento,nome,data_nascimento,nome_pais_origem) VALUES (477,'RHU','007441','Wahbi Khazri','19840816','Tunísia');
INSERT INTO pessoa (id_pessoa, tipo_documento,documento,nome,data_nascimento,nome_pais_origem) VALUES (478,'RHU','013985','Mohamed Amine Ben Amor','19850408','Tunísia');
INSERT INTO pessoa (id_pessoa, tipo_documento,documento,nome,data_nascimento,nome_pais_origem) VALUES (479,'RHU','002154','Ghaylène Chaalali','19760518','Tunísia');
INSERT INTO pessoa (id_pessoa, tipo_documento,documento,nome,data_nascimento,nome_pais_origem) VALUES (480,'RHU','019976','Naïm Sliti','19831009','Tunísia');
INSERT INTO pessoa (id_pessoa, tipo_documento,documento,nome,data_nascimento,nome_pais_origem) VALUES (481,'RHU','031329','Youssef Msakni','19810721','Tunísia');
INSERT INTO pessoa (id_pessoa, tipo_documento,documento,nome,data_nascimento,nome_pais_origem) VALUES (482,'RHU','028704','Fakhreddine Ben Youssef','19851020','Tunísia');
INSERT INTO pessoa (id_pessoa, tipo_documento,documento,nome,data_nascimento,nome_pais_origem) VALUES (483,'RHU','006483','Taha Yassine Khenissi','19890304','Tunísia');
INSERT INTO pessoa (id_pessoa, tipo_documento,documento,nome,data_nascimento,nome_pais_origem) VALUES (484,'RHU','002368','Yoann Touzghar','19850415','Tunísia');
INSERT INTO pessoa (id_pessoa, tipo_documento,documento,nome,data_nascimento,nome_pais_origem) VALUES (485,'RHU','014018','Anice Bradi','19750210','Tunísia');
INSERT INTO pessoa (id_pessoa, tipo_documento,documento,nome,data_nascimento,nome_pais_origem) VALUES (486,'RHU','028009','Ahmed Akaïchi','19820105','Tunísia');
INSERT INTO pessoa (id_pessoa, tipo_documento,documento,nome,data_nascimento,nome_pais_origem) VALUES (487,'RHU','021425','Joe Hart','19870113','Inglaterra');
INSERT INTO pessoa (id_pessoa, tipo_documento,documento,nome,data_nascimento,nome_pais_origem) VALUES (488,'RHU','000142','Jordan Pickford','19890407','Inglaterra');
INSERT INTO pessoa (id_pessoa, tipo_documento,documento,nome,data_nascimento,nome_pais_origem) VALUES (489,'RHU','003434','Gary Cahill','19810104','Inglaterra');
INSERT INTO pessoa (id_pessoa, tipo_documento,documento,nome,data_nascimento,nome_pais_origem) VALUES (490,'RHU','009512','Kyle Walker','19770804','Inglaterra');
INSERT INTO pessoa (id_pessoa, tipo_documento,documento,nome,data_nascimento,nome_pais_origem) VALUES (491,'RHU','018060','John Stones','19871026','Inglaterra');
INSERT INTO pessoa (id_pessoa, tipo_documento,documento,nome,data_nascimento,nome_pais_origem) VALUES (492,'RHU','009514','Ryan Bertrand','19841207','Inglaterra');
INSERT INTO pessoa (id_pessoa, tipo_documento,documento,nome,data_nascimento,nome_pais_origem) VALUES (493,'RHU','003753','Danny Rose','19860405','Inglaterra');
INSERT INTO pessoa (id_pessoa, tipo_documento,documento,nome,data_nascimento,nome_pais_origem) VALUES (494,'RHU','004596','Phil Jones','19771115','Inglaterra');
INSERT INTO pessoa (id_pessoa, tipo_documento,documento,nome,data_nascimento,nome_pais_origem) VALUES (495,'RHU','016118','Jordan Henderson','19870820','Inglaterra');
INSERT INTO pessoa (id_pessoa, tipo_documento,documento,nome,data_nascimento,nome_pais_origem) VALUES (496,'RHU','016941','Alex Oxlade-Chamberlain','19810419','Inglaterra');
INSERT INTO pessoa (id_pessoa, tipo_documento,documento,nome,data_nascimento,nome_pais_origem) VALUES (497,'RHU','030932','Dele Alli','19760508','Inglaterra');
INSERT INTO pessoa (id_pessoa, tipo_documento,documento,nome,data_nascimento,nome_pais_origem) VALUES (498,'RHU','000481','Eric Dier','19810119','Inglaterra');
INSERT INTO pessoa (id_pessoa, tipo_documento,documento,nome,data_nascimento,nome_pais_origem) VALUES (499,'RHU','016139','Adam Lallana','19870818','Inglaterra');
INSERT INTO pessoa (id_pessoa, tipo_documento,documento,nome,data_nascimento,nome_pais_origem) VALUES (500,'RHU','014474','Jesse Lingard','19790717','Inglaterra');
INSERT INTO pessoa (id_pessoa, tipo_documento,documento,nome,data_nascimento,nome_pais_origem) VALUES (501,'RHU','024350','Raheem Sterling','19860507','Inglaterra');
INSERT INTO pessoa (id_pessoa, tipo_documento,documento,nome,data_nascimento,nome_pais_origem) VALUES (502,'RHU','022704','Harry Kane','19750204','Inglaterra');
INSERT INTO pessoa (id_pessoa, tipo_documento,documento,nome,data_nascimento,nome_pais_origem) VALUES (503,'RHU','021881','Marcus Rashford','19810925','Inglaterra');
INSERT INTO pessoa (id_pessoa, tipo_documento,documento,nome,data_nascimento,nome_pais_origem) VALUES (504,'RHU','025996','Jamie Vardy','19800813','Inglaterra');
INSERT INTO pessoa (id_pessoa, tipo_documento,documento,nome,data_nascimento,nome_pais_origem) VALUES (505,'RHU','023271','Lukasz Fabianski','19830227','Polônia');
INSERT INTO pessoa (id_pessoa, tipo_documento,documento,nome,data_nascimento,nome_pais_origem) VALUES (506,'RHU','019156','Wojciech Szczesny','19880227','Polônia');
INSERT INTO pessoa (id_pessoa, tipo_documento,documento,nome,data_nascimento,nome_pais_origem) VALUES (507,'RHU','016687','Lukasz Piszczek','19890906','Polônia');
INSERT INTO pessoa (id_pessoa, tipo_documento,documento,nome,data_nascimento,nome_pais_origem) VALUES (508,'RHU','012529','Kamil Glik','19830822','Polônia');
INSERT INTO pessoa (id_pessoa, tipo_documento,documento,nome,data_nascimento,nome_pais_origem) VALUES (509,'RHU','024021','Michal Pazdan','19891213','Polônia');
INSERT INTO pessoa (id_pessoa, tipo_documento,documento,nome,data_nascimento,nome_pais_origem) VALUES (510,'RHU','025667','Thiago Cionek','19831005','Polônia');
INSERT INTO pessoa (id_pessoa, tipo_documento,documento,nome,data_nascimento,nome_pais_origem) VALUES (511,'RHU','017437','Bartosz Bereszynski','19780305','Polônia');
INSERT INTO pessoa (id_pessoa, tipo_documento,documento,nome,data_nascimento,nome_pais_origem) VALUES (512,'RHU','021726','Artur Jedrzejczyk','19840616','Polônia');
INSERT INTO pessoa (id_pessoa, tipo_documento,documento,nome,data_nascimento,nome_pais_origem) VALUES (513,'RHU','022549','Maciej Rybus','19781215','Polônia');
INSERT INTO pessoa (id_pessoa, tipo_documento,documento,nome,data_nascimento,nome_pais_origem) VALUES (514,'RHU','018958','Jakub Blaszczykowski','19830725','Polônia');
INSERT INTO pessoa (id_pessoa, tipo_documento,documento,nome,data_nascimento,nome_pais_origem) VALUES (515,'RHU','029657','Kamil Grosicki','19820306','Polônia');
INSERT INTO pessoa (id_pessoa, tipo_documento,documento,nome,data_nascimento,nome_pais_origem) VALUES (516,'RHU','009905','Grzegorz Krychowiak','19820210','Polônia');
INSERT INTO pessoa (id_pessoa, tipo_documento,documento,nome,data_nascimento,nome_pais_origem) VALUES (517,'RHU','004144','Krzysztof Maczynski','19820404','Polônia');
INSERT INTO pessoa (id_pessoa, tipo_documento,documento,nome,data_nascimento,nome_pais_origem) VALUES (518,'RHU','025627','Piotr Zielinski','19760127','Polônia');
INSERT INTO pessoa (id_pessoa, tipo_documento,documento,nome,data_nascimento,nome_pais_origem) VALUES (519,'RHU','019866','Karol Linetty','19851120','Polônia');
INSERT INTO pessoa (id_pessoa, tipo_documento,documento,nome,data_nascimento,nome_pais_origem) VALUES (520,'RHU','000193','Robert Lewandowski','19770721','Polônia');
INSERT INTO pessoa (id_pessoa, tipo_documento,documento,nome,data_nascimento,nome_pais_origem) VALUES (521,'RHU','023195','Lukasz Teodorczyk','19840516','Polônia');
INSERT INTO pessoa (id_pessoa, tipo_documento,documento,nome,data_nascimento,nome_pais_origem) VALUES (522,'RHU','031115','Arkadiusz Milik','19830303','Polônia');
INSERT INTO pessoa (id_pessoa, tipo_documento,documento,nome,data_nascimento,nome_pais_origem) VALUES (523,'RHU','020416','Khadim N’Diaye','19811214','Senegal');
INSERT INTO pessoa (id_pessoa, tipo_documento,documento,nome,data_nascimento,nome_pais_origem) VALUES (524,'RHU','009357','Kara Mbodj','19780326','Senegal');
INSERT INTO pessoa (id_pessoa, tipo_documento,documento,nome,data_nascimento,nome_pais_origem) VALUES (525,'RHU','007711','Lamine Gassama','19771009','Senegal');
INSERT INTO pessoa (id_pessoa, tipo_documento,documento,nome,data_nascimento,nome_pais_origem) VALUES (526,'RHU','028286','Kalidou Koulibaly','19791226','Senegal');
INSERT INTO pessoa (id_pessoa, tipo_documento,documento,nome,data_nascimento,nome_pais_origem) VALUES (527,'RHU','016105','Salif Sané','19820813','Senegal');
INSERT INTO pessoa (id_pessoa, tipo_documento,documento,nome,data_nascimento,nome_pais_origem) VALUES (528,'RHU','016282','Saliou Ciss','19840220','Senegal');
INSERT INTO pessoa (id_pessoa, tipo_documento,documento,nome,data_nascimento,nome_pais_origem) VALUES (529,'RHU','012263','Moussa Wagué','19780722','Senegal');
INSERT INTO pessoa (id_pessoa, tipo_documento,documento,nome,data_nascimento,nome_pais_origem) VALUES (530,'RHU','004313','Idrissa Gueye','19850425','Senegal');
INSERT INTO pessoa (id_pessoa, tipo_documento,documento,nome,data_nascimento,nome_pais_origem) VALUES (531,'RHU','010808','Cheikhou Kouyaté','19770324','Senegal');
INSERT INTO pessoa (id_pessoa, tipo_documento,documento,nome,data_nascimento,nome_pais_origem) VALUES (532,'RHU','029213','Cheikh Ndoye','19861006','Senegal');
INSERT INTO pessoa (id_pessoa, tipo_documento,documento,nome,data_nascimento,nome_pais_origem) VALUES (533,'RHU','001832','Papa Alioune N’Diaye','19851220','Senegal');
INSERT INTO pessoa (id_pessoa, tipo_documento,documento,nome,data_nascimento,nome_pais_origem) VALUES (534,'RHU','028321','Sadio Mané','19850827','Senegal');
INSERT INTO pessoa (id_pessoa, tipo_documento,documento,nome,data_nascimento,nome_pais_origem) VALUES (535,'RHU','022850','Moussa Sow','19880426','Senegal');
INSERT INTO pessoa (id_pessoa, tipo_documento,documento,nome,data_nascimento,nome_pais_origem) VALUES (536,'RHU','019558','Moussa Konaté','19850414','Senegal');
INSERT INTO pessoa (id_pessoa, tipo_documento,documento,nome,data_nascimento,nome_pais_origem) VALUES (537,'RHU','027982','Keita Baldé','19810908','Senegal');
INSERT INTO pessoa (id_pessoa, tipo_documento,documento,nome,data_nascimento,nome_pais_origem) VALUES (538,'RHU','029350','M’Baye Niang','19800608','Senegal');
INSERT INTO pessoa (id_pessoa, tipo_documento,documento,nome,data_nascimento,nome_pais_origem) VALUES (539,'RHU','026058','Ismaïla Sarr','19750219','Senegal');
INSERT INTO pessoa (id_pessoa, tipo_documento,documento,nome,data_nascimento,nome_pais_origem) VALUES (540,'RHU','018651','Mame Diouf','19750727','Senegal');
INSERT INTO pessoa (id_pessoa, tipo_documento,documento,nome,data_nascimento,nome_pais_origem) VALUES (541,'RHU','007129','David Ospina','19830217','Colômbia');
INSERT INTO pessoa (id_pessoa, tipo_documento,documento,nome,data_nascimento,nome_pais_origem) VALUES (542,'RHU','002161','Cristian Zapata','19851215','Colômbia');
INSERT INTO pessoa (id_pessoa, tipo_documento,documento,nome,data_nascimento,nome_pais_origem) VALUES (543,'RHU','006540','Santiago Arias','19760708','Colômbia');
INSERT INTO pessoa (id_pessoa, tipo_documento,documento,nome,data_nascimento,nome_pais_origem) VALUES (544,'RHU','011478','Frank Fabra','19830710','Colômbia');
INSERT INTO pessoa (id_pessoa, tipo_documento,documento,nome,data_nascimento,nome_pais_origem) VALUES (545,'RHU','027938','Dávinson Sánchez','19870315','Colômbia');
INSERT INTO pessoa (id_pessoa, tipo_documento,documento,nome,data_nascimento,nome_pais_origem) VALUES (546,'RHU','009832','Yerry Mina','19891104','Colômbia');
INSERT INTO pessoa (id_pessoa, tipo_documento,documento,nome,data_nascimento,nome_pais_origem) VALUES (547,'RHU','026292','Carlos Sánchez','19750804','Colômbia');
INSERT INTO pessoa (id_pessoa, tipo_documento,documento,nome,data_nascimento,nome_pais_origem) VALUES (548,'RHU','027756','Juan Guillermo Cuadrado','19870513','Colômbia');
INSERT INTO pessoa (id_pessoa, tipo_documento,documento,nome,data_nascimento,nome_pais_origem) VALUES (549,'RHU','024464','Abel Aguilar','19830421','Colômbia');
INSERT INTO pessoa (id_pessoa, tipo_documento,documento,nome,data_nascimento,nome_pais_origem) VALUES (550,'RHU','005535','James Rodríguez','19840323','Colômbia');
INSERT INTO pessoa (id_pessoa, tipo_documento,documento,nome,data_nascimento,nome_pais_origem) VALUES (551,'RHU','020450','Giovanni Moreno','19780521','Colômbia');
INSERT INTO pessoa (id_pessoa, tipo_documento,documento,nome,data_nascimento,nome_pais_origem) VALUES (552,'RHU','017253','Wílmar Barrios','19760220','Colômbia');
INSERT INTO pessoa (id_pessoa, tipo_documento,documento,nome,data_nascimento,nome_pais_origem) VALUES (553,'RHU','020024','Radamel Falcao García','19850612','Colômbia');
INSERT INTO pessoa (id_pessoa, tipo_documento,documento,nome,data_nascimento,nome_pais_origem) VALUES (554,'RHU','009894','Teófilo Gutiérrez','19840607','Colômbia');
INSERT INTO pessoa (id_pessoa, tipo_documento,documento,nome,data_nascimento,nome_pais_origem) VALUES (555,'RHU','013186','Carlos Bacca','19801007','Colômbia');
INSERT INTO pessoa (id_pessoa, tipo_documento,documento,nome,data_nascimento,nome_pais_origem) VALUES (556,'RHU','004474','Edwin Cardona','19870113','Colômbia');
INSERT INTO pessoa (id_pessoa, tipo_documento,documento,nome,data_nascimento,nome_pais_origem) VALUES (557,'RHU','030303','Yimmi Chará','19891107','Colômbia');
INSERT INTO pessoa (id_pessoa, tipo_documento,documento,nome,data_nascimento,nome_pais_origem) VALUES (558,'RHU','017958','Duván Zapata','19820225','Colômbia');
INSERT INTO pessoa (id_pessoa, tipo_documento,documento,nome,data_nascimento,nome_pais_origem) VALUES (559,'RHU','023851','Eiji Kawashima','19851026','Japão');
INSERT INTO pessoa (id_pessoa, tipo_documento,documento,nome,data_nascimento,nome_pais_origem) VALUES (560,'RHU','004099','Shusaku Nishikawa','19890904','Japão');
INSERT INTO pessoa (id_pessoa, tipo_documento,documento,nome,data_nascimento,nome_pais_origem) VALUES (561,'RHU','014798','Masato Morishige','19830625','Japão');
INSERT INTO pessoa (id_pessoa, tipo_documento,documento,nome,data_nascimento,nome_pais_origem) VALUES (562,'RHU','007391','Yuto Nagatomo','19801005','Japão');
INSERT INTO pessoa (id_pessoa, tipo_documento,documento,nome,data_nascimento,nome_pais_origem) VALUES (563,'RHU','026477','Hiroki Sakai','19860405','Japão');
INSERT INTO pessoa (id_pessoa, tipo_documento,documento,nome,data_nascimento,nome_pais_origem) VALUES (564,'RHU','021659','Tomoaki Makino','19881111','Japão');
INSERT INTO pessoa (id_pessoa, tipo_documento,documento,nome,data_nascimento,nome_pais_origem) VALUES (565,'RHU','009314','Gotoku Sakai','19890503','Japão');
INSERT INTO pessoa (id_pessoa, tipo_documento,documento,nome,data_nascimento,nome_pais_origem) VALUES (566,'RHU','006072','Maya Yoshida','19771201','Japão');
INSERT INTO pessoa (id_pessoa, tipo_documento,documento,nome,data_nascimento,nome_pais_origem) VALUES (567,'RHU','005249','Hotaru Yamaguchi','19790412','Japão');
INSERT INTO pessoa (id_pessoa, tipo_documento,documento,nome,data_nascimento,nome_pais_origem) VALUES (568,'RHU','025824','Shinji Kagawa','19850723','Japão');
INSERT INTO pessoa (id_pessoa, tipo_documento,documento,nome,data_nascimento,nome_pais_origem) VALUES (569,'RHU','011833','Makoto Hasebe','19860115','Japão');
INSERT INTO pessoa (id_pessoa, tipo_documento,documento,nome,data_nascimento,nome_pais_origem) VALUES (570,'RHU','007487','Hiroshi Kiyotake','19761015','Japão');
INSERT INTO pessoa (id_pessoa, tipo_documento,documento,nome,data_nascimento,nome_pais_origem) VALUES (571,'RHU','024182','Keisuke Honda','19750315','Japão');
INSERT INTO pessoa (id_pessoa, tipo_documento,documento,nome,data_nascimento,nome_pais_origem) VALUES (572,'RHU','028297','Takashi Usami','19830509','Japão');
INSERT INTO pessoa (id_pessoa, tipo_documento,documento,nome,data_nascimento,nome_pais_origem) VALUES (573,'RHU','007518','Genki Haraguchi','19870423','Japão');
INSERT INTO pessoa (id_pessoa, tipo_documento,documento,nome,data_nascimento,nome_pais_origem) VALUES (574,'RHU','032270','Shinji Okazaki','19770722','Japão');
INSERT INTO pessoa (id_pessoa, tipo_documento,documento,nome,data_nascimento,nome_pais_origem) VALUES (575,'RHU','001763','Yuya Kubo','19750521','Japão');
INSERT INTO pessoa (id_pessoa, tipo_documento,documento,nome,data_nascimento,nome_pais_origem) VALUES (576,'RHU','002668','Yuya Osako','19861015','Japão');

INSERT INTO selecao (codigo_pais, nome_pais, descricao, grupo, entidade) VALUES ('RUS','Rússia','Seleção Russa: um grupo de jogadores que defende a bandeira Russa na Copa.',1,'CRF');
INSERT INTO selecao (codigo_pais, nome_pais, descricao, grupo, entidade) VALUES ('SAU','Arábia Saudita','Seleção da Arábia Saudita: um grupo de jogadores que defende a bandeira Saudita na Copa.',1,'CAF');
INSERT INTO selecao (codigo_pais, nome_pais, descricao, grupo, entidade) VALUES ('EGY','Egito','Seleção Egípcia: um grupo de jogadores que defende a bandeira Egípcia na Copa.',1,'CEF');
INSERT INTO selecao (codigo_pais, nome_pais, descricao, grupo, entidade) VALUES ('URY','Uruguai','Seleção Uruguaia: um grupo de jogadores que defende a bandeira Uruguaia na Copa.',1,'CUF');
INSERT INTO selecao (codigo_pais, nome_pais, descricao, grupo, entidade) VALUES ('POR','Portugal','Seleção Portuguesa: um grupo de jogadores que defende a bandeira Portuguesa na Copa.',2,'CPRF');
INSERT INTO selecao (codigo_pais, nome_pais, descricao, grupo, entidade) VALUES ('ESP','Espanha','Seleção Espanhola: um grupo de jogadores que defende a bandeira Espanhola na Copa.',2,'CESF');
INSERT INTO selecao (codigo_pais, nome_pais, descricao, grupo, entidade) VALUES ('MAR','Marrocos','Seleção Marroquina: um grupo de jogadores que defende a bandeira Marroquina na Copa.',2,'CMF');
INSERT INTO selecao (codigo_pais, nome_pais, descricao, grupo, entidade) VALUES ('IRN','Irã','Seleção Irãniana: um grupo de jogadores que defende a bandeira Irãniana na Copa.',2,'CIF');
INSERT INTO selecao (codigo_pais, nome_pais, descricao, grupo, entidade) VALUES ('FRA','França','Seleção Francesa: um grupo de jogadores que defende a bandeira Francesa na Copa.',3,'CFRF');
INSERT INTO selecao (codigo_pais, nome_pais, descricao, grupo, entidade) VALUES ('AUS','Austrália','Seleção Australiana: um grupo de jogadores que defende a bandeira Australiana na Copa.',3,'CAUF');
INSERT INTO selecao (codigo_pais, nome_pais, descricao, grupo, entidade) VALUES ('PER','Peru','Seleção Peruana: um grupo de jogadores que defende a bandeira Peruana na Copa.',3,'CPEF');
INSERT INTO selecao (codigo_pais, nome_pais, descricao, grupo, entidade) VALUES ('DEN','Dinamarca','Seleção Dinamarquesa: um grupo de jogadores que defende a bandeira Dinamarquesa na Copa.',3,'CDEF');
INSERT INTO selecao (codigo_pais, nome_pais, descricao, grupo, entidade) VALUES ('ARG','Argentina','Seleção Argentina: um grupo de jogadores que defende a bandeira Argentina na Copa.',4,'CARF');
INSERT INTO selecao (codigo_pais, nome_pais, descricao, grupo, entidade) VALUES ('ISL','Islândia','Seleção Islandesa: um grupo de jogadores que defende a bandeira Islandesa na Copa.',4,'CISF');
INSERT INTO selecao (codigo_pais, nome_pais, descricao, grupo, entidade) VALUES ('CRO','Croácia','Seleção Croata: um grupo de jogadores que defende a bandeira Croata na Copa.',4,'CCRF');
INSERT INTO selecao (codigo_pais, nome_pais, descricao, grupo, entidade) VALUES ('NIG','Nigéria','Seleção Nigeriana: um grupo de jogadores que defende a bandeira Nigeriana na Copa.',4,'CNIF');
INSERT INTO selecao (codigo_pais, nome_pais, descricao, grupo, entidade) VALUES ('BRA','Brasil','Seleção Brasileira: um grupo de jogadores que defende a bandeira Brasileira na Copa.',5,'CBF');
INSERT INTO selecao (codigo_pais, nome_pais, descricao, grupo, entidade) VALUES ('SWI','Suíça','Seleção Suíça: um grupo de jogadores que defende a bandeira Suíça na Copa.',5,'CSWF');
INSERT INTO selecao (codigo_pais, nome_pais, descricao, grupo, entidade) VALUES ('CRI','Costa Rica','Seleção Costa Riquenha: um grupo de jogadores que defende a bandeira Costa Riquenha na Copa.',5,'CCRIF');
INSERT INTO selecao (codigo_pais, nome_pais, descricao, grupo, entidade) VALUES ('SRB','Sérvia','Seleção Sérvia: um grupo de jogadores que defende a bandeira Sérvia na Copa.',5,'CSRB');
INSERT INTO selecao (codigo_pais, nome_pais, descricao, grupo, entidade) VALUES ('GER','Alemanha','Seleção Alemã: um grupo de jogadores que defende a bandeira Alemã na Copa.',6,'CGEF');
INSERT INTO selecao (codigo_pais, nome_pais, descricao, grupo, entidade) VALUES ('MEX','México','Seleção Mexicana: um grupo de jogadores que defende a bandeira Mexicana na Copa.',6,'CMEF');
INSERT INTO selecao (codigo_pais, nome_pais, descricao, grupo, entidade) VALUES ('SWE','Suécia','Seleção Sueca: um grupo de jogadores que defende a bandeira Sueca na Copa.',6,'CSEF');
INSERT INTO selecao (codigo_pais, nome_pais, descricao, grupo, entidade) VALUES ('KOR','Coréia do Sul','Seleção Sul Coreana: um grupo de jogadores que defende a bandeira Sul Coreana na Copa.',6,'CKOF');
INSERT INTO selecao (codigo_pais, nome_pais, descricao, grupo, entidade) VALUES ('BEL','Bélgica','Seleção Belga: um grupo de jogadores que defende a bandeira Belga na Copa.',7,'CBEF');
INSERT INTO selecao (codigo_pais, nome_pais, descricao, grupo, entidade) VALUES ('PAN','Panamá','Seleção Panamenha: um grupo de jogadores que defende a bandeira Panamenha na Copa.',7,'CPAF');
INSERT INTO selecao (codigo_pais, nome_pais, descricao, grupo, entidade) VALUES ('TUN','Tunísia','Seleção da Tunísia: um grupo de jogadores que defende a bandeira da Tunísia na Copa.',7,'CTUF');
INSERT INTO selecao (codigo_pais, nome_pais, descricao, grupo, entidade) VALUES ('ENG','Inglaterra','Seleção Inglesa: um grupo de jogadores que defende a bandeira Inglesa na Copa.',7,'CENF');
INSERT INTO selecao (codigo_pais, nome_pais, descricao, grupo, entidade) VALUES ('POL','Polônia','Seleção Polonesa: um grupo de jogadores que defende a bandeira Polonesa na Copa.',8,'CPOF');
INSERT INTO selecao (codigo_pais, nome_pais, descricao, grupo, entidade) VALUES ('SEN','Senegal','Seleção Senegalense: um grupo de jogadores que defende a bandeira Senegalense na Copa.',8,'CSEF');
INSERT INTO selecao (codigo_pais, nome_pais, descricao, grupo, entidade) VALUES ('COL','Colômbia','Seleção Colombiana: um grupo de jogadores que defende a bandeira Colombiana na Copa.',8,'CCOF');
INSERT INTO selecao (codigo_pais, nome_pais, descricao, grupo, entidade) VALUES ('JPN','Japão','Seleção Japonesa: um grupo de jogadores que defende a bandeira Japonesa na Copa.',8,'CJPF');

INSERT INTO jogador (id_pessoa,codigo_pais_joga,nome_conhecido,clube_origem,posicao,numero_camisa) VALUES (1,'RUS','Igor Akinfeev','Legia','Volante',1);
INSERT INTO jogador (id_pessoa,codigo_pais_joga,nome_conhecido,clube_origem,posicao,numero_camisa) VALUES (2,'RUS','Igor Smolnikov','Dynamo','Zagueiro',2 );
INSERT INTO jogador (id_pessoa,codigo_pais_joga,nome_conhecido,clube_origem,posicao,numero_camisa) VALUES (3,'RUS','Viktor Vasin','Moscow','Atacante',3 );
INSERT INTO jogador (id_pessoa,codigo_pais_joga,nome_conhecido,clube_origem,posicao,numero_camisa) VALUES (4,'RUS','Mário Fernandes','Ajax','Meio-campo',4);
INSERT INTO jogador (id_pessoa,codigo_pais_joga,nome_conhecido,clube_origem,posicao,numero_camisa) VALUES (5,'RUS','Fedor Kudrayashov','Paris','Goleiro',5);
INSERT INTO jogador (id_pessoa,codigo_pais_joga,nome_conhecido,clube_origem,posicao,numero_camisa) VALUES (6,'RUS','Ilya Kutepov','Basel','Zagueiro',6);
INSERT INTO jogador (id_pessoa,codigo_pais_joga,nome_conhecido,clube_origem,posicao,numero_camisa) VALUES (7,'RUS','Dmitri Kombarov','Astana','Lateral',7 );
INSERT INTO jogador (id_pessoa,codigo_pais_joga,nome_conhecido,clube_origem,posicao,numero_camisa) VALUES (8,'RUS','Aleksei Miranchuk','Prague','Lateral',8 );
INSERT INTO jogador (id_pessoa,codigo_pais_joga,nome_conhecido,clube_origem,posicao,numero_camisa) VALUES (9,'RUS','Denis Glushakov','Legia','Zagueiro',9 );
INSERT INTO jogador (id_pessoa,codigo_pais_joga,nome_conhecido,clube_origem,posicao,numero_camisa) VALUES (10,'RUS','Aleksandr Golovin','Warsaw','Volante',10 );
INSERT INTO jogador (id_pessoa,codigo_pais_joga,nome_conhecido,clube_origem,posicao,numero_camisa) VALUES (11,'RUS','Yuri Zhirkov','Young','Lateral',11 );
INSERT INTO jogador (id_pessoa,codigo_pais_joga,nome_conhecido,clube_origem,posicao,numero_camisa) VALUES (12,'RUS','Aleksandr Erokhin','Feyenoord','Volante',12);
INSERT INTO jogador (id_pessoa,codigo_pais_joga,nome_conhecido,clube_origem,posicao,numero_camisa) VALUES (13,'RUS','Alan Dzagoev','Porto','Volante',13 );
INSERT INTO jogador (id_pessoa,codigo_pais_joga,nome_conhecido,clube_origem,posicao,numero_camisa) VALUES (14,'RUS','Daler Kuzyayev','Viitorul','Goleiro',14);
INSERT INTO jogador (id_pessoa,codigo_pais_joga,nome_conhecido,clube_origem,posicao,numero_camisa) VALUES (15,'RUS','Daler Kuzyayev','United','Lateral',15);
INSERT INTO jogador (id_pessoa,codigo_pais_joga,nome_conhecido,clube_origem,posicao,numero_camisa) VALUES (16,'RUS','Dmitry Poloz','Spartak','Zagueiro',16);
INSERT INTO jogador (id_pessoa,codigo_pais_joga,nome_conhecido,clube_origem,posicao,numero_camisa) VALUES (17,'RUS','Fedor Smolov','FF','Lateral',17);
INSERT INTO jogador (id_pessoa,codigo_pais_joga,nome_conhecido,clube_origem,posicao,numero_camisa) VALUES (18,'RUS','Aleksandr Kokorin','United','Meio-campo',18);
INSERT INTO jogador (id_pessoa,codigo_pais_joga,nome_conhecido,clube_origem,posicao,numero_camisa) VALUES (19,'SAU','Abdullah Al-Mayouf','Moscow','Volante',1 );
INSERT INTO jogador (id_pessoa,codigo_pais_joga,nome_conhecido,clube_origem,posicao,numero_camisa) VALUES (20,'SAU','Osama Hawsawi','Juventus','Atacante',2 );
INSERT INTO jogador (id_pessoa,codigo_pais_joga,nome_conhecido,clube_origem,posicao,numero_camisa) VALUES (21,'SAU','Abdullah Al-Zori','Kyiv','Atacante',3);
INSERT INTO jogador (id_pessoa,codigo_pais_joga,nome_conhecido,clube_origem,posicao,numero_camisa) VALUES (22,'SAU','Mansour Al-Harbi','Porto','Lateral',4);
INSERT INTO jogador (id_pessoa,codigo_pais_joga,nome_conhecido,clube_origem,posicao,numero_camisa) VALUES (23,'SAU','Omar Hawsawi','Sevilla','Goleiro',5);
INSERT INTO jogador (id_pessoa,codigo_pais_joga,nome_conhecido,clube_origem,posicao,numero_camisa) VALUES (24,'SAU','Yasser Al-Shahrani','Constanța','Meio-campo',6 );
INSERT INTO jogador (id_pessoa,codigo_pais_joga,nome_conhecido,clube_origem,posicao,numero_camisa) VALUES (25,'SAU','Motaz Hawsawi','Basel','Lateral',7 );
INSERT INTO jogador (id_pessoa,codigo_pais_joga,nome_conhecido,clube_origem,posicao,numero_camisa) VALUES (26,'SAU','Mohammed Al-Beraik','City','Meio-campo',8);
INSERT INTO jogador (id_pessoa,codigo_pais_joga,nome_conhecido,clube_origem,posicao,numero_camisa) VALUES (27,'SAU','Taisir Al-Jassim','Spartak','Volante',9);
INSERT INTO jogador (id_pessoa,codigo_pais_joga,nome_conhecido,clube_origem,posicao,numero_camisa) VALUES (28,'SAU','Salman Al-Faraj','Samtredia','Volante',10);
INSERT INTO jogador (id_pessoa,codigo_pais_joga,nome_conhecido,clube_origem,posicao,numero_camisa) VALUES (29,'SAU','Abdulmalek Al-Khaibri','Hotspur','Volante',11);
INSERT INTO jogador (id_pessoa,codigo_pais_joga,nome_conhecido,clube_origem,posicao,numero_camisa) VALUES (30,'SAU','Salman Al-Moasher','Madrid','Meio-campo',12);
INSERT INTO jogador (id_pessoa,codigo_pais_joga,nome_conhecido,clube_origem,posicao,numero_camisa) VALUES (31,'SAU','Yahya Al-Shehri','Legia','Atacante',13 );
INSERT INTO jogador (id_pessoa,codigo_pais_joga,nome_conhecido,clube_origem,posicao,numero_camisa) VALUES (32,'SAU','Salem Al-Dosari','Ajax','Goleiro',14 );
INSERT INTO jogador (id_pessoa,codigo_pais_joga,nome_conhecido,clube_origem,posicao,numero_camisa) VALUES (33,'SAU','Nawaf Al-Abed','Munich','Zagueiro',15);
INSERT INTO jogador (id_pessoa,codigo_pais_joga,nome_conhecido,clube_origem,posicao,numero_camisa) VALUES (34,'SAU','Mohammad Al-Sahlawi','Celtic','Volante',16 );
INSERT INTO jogador (id_pessoa,codigo_pais_joga,nome_conhecido,clube_origem,posicao,numero_camisa) VALUES (35,'SAU','Nasser Al-Shamrani','Brugge','Lateral',17);
INSERT INTO jogador (id_pessoa,codigo_pais_joga,nome_conhecido,clube_origem,posicao,numero_camisa) VALUES (36,'SAU','Fahad Al-Muwallad','Celtic','Volante',18 );
INSERT INTO jogador (id_pessoa,codigo_pais_joga,nome_conhecido,clube_origem,posicao,numero_camisa) VALUES (37,'EGY','Essam El Hadary','Basel','Meio-campo',1);
INSERT INTO jogador (id_pessoa,codigo_pais_joga,nome_conhecido,clube_origem,posicao,numero_camisa) VALUES (38,'EGY','Ali Gabr','Malmö','Zagueiro',2 );
INSERT INTO jogador (id_pessoa,codigo_pais_joga,nome_conhecido,clube_origem,posicao,numero_camisa) VALUES (39,'EGY','Ahmed Elmohamady','Celtic','Atacante',3);
INSERT INTO jogador (id_pessoa,codigo_pais_joga,nome_conhecido,clube_origem,posicao,numero_camisa) VALUES (40,'EGY','Omar Gaber','Manchester','Zagueiro',4);
INSERT INTO jogador (id_pessoa,codigo_pais_joga,nome_conhecido,clube_origem,posicao,numero_camisa) VALUES (41,'EGY','Ramy Rabia','Tottenham','Goleiro',5);
INSERT INTO jogador (id_pessoa,codigo_pais_joga,nome_conhecido,clube_origem,posicao,numero_camisa) VALUES (42,'EGY','Ahmed Hegazi','Madrid','Meio-campo',6);
INSERT INTO jogador (id_pessoa,codigo_pais_joga,nome_conhecido,clube_origem,posicao,numero_camisa) VALUES (43,'EGY','Ahmed Abdelmonem Fathy','Ludogorets','Atacante',7);
INSERT INTO jogador (id_pessoa,codigo_pais_joga,nome_conhecido,clube_origem,posicao,numero_camisa) VALUES (44,'EGY','Mohamed Abdel Shaly','Liverpool','Atacante',8);
INSERT INTO jogador (id_pessoa,codigo_pais_joga,nome_conhecido,clube_origem,posicao,numero_camisa) VALUES (45,'EGY','Saad El-Din Samir','Feyenoord','Lateral',9 );
INSERT INTO jogador (id_pessoa,codigo_pais_joga,nome_conhecido,clube_origem,posicao,numero_camisa) VALUES (46,'EGY','Tarek Hamed','Celtic','Lateral',10 );
INSERT INTO jogador (id_pessoa,codigo_pais_joga,nome_conhecido,clube_origem,posicao,numero_camisa) VALUES (47,'EGY','Mahmoud Kahraba','Slavia','Lateral',11 );
INSERT INTO jogador (id_pessoa,codigo_pais_joga,nome_conhecido,clube_origem,posicao,numero_camisa) VALUES (48,'EGY','Mohamed Elneny','Atlético','Atacante',12 );
INSERT INTO jogador (id_pessoa,codigo_pais_joga,nome_conhecido,clube_origem,posicao,numero_camisa) VALUES (49,'EGY','Trezeguet','Rijeka','Lateral',13 );
INSERT INTO jogador (id_pessoa,codigo_pais_joga,nome_conhecido,clube_origem,posicao,numero_camisa) VALUES (50,'EGY','Abdallah El Said','Liverpool','Goleiro',14 );
INSERT INTO jogador (id_pessoa,codigo_pais_joga,nome_conhecido,clube_origem,posicao,numero_camisa) VALUES (51,'EGY','Ramadan Sobhi','Boys','Meio-campo',15);
INSERT INTO jogador (id_pessoa,codigo_pais_joga,nome_conhecido,clube_origem,posicao,numero_camisa) VALUES (52,'EGY','Ahmed Hassan','Spartak','Volante',16 );
INSERT INTO jogador (id_pessoa,codigo_pais_joga,nome_conhecido,clube_origem,posicao,numero_camisa) VALUES (53,'EGY','Mohamed Salah','Olympiacos','Lateral',17 );
INSERT INTO jogador (id_pessoa,codigo_pais_joga,nome_conhecido,clube_origem,posicao,numero_camisa) VALUES (54,'EGY','Amr Gamal','Constanța','Zagueiro',18 );
INSERT INTO jogador (id_pessoa,codigo_pais_joga,nome_conhecido,clube_origem,posicao,numero_camisa) VALUES (55,'URY','Fernando Muslera','Rijeka','Meio-campo',1);
INSERT INTO jogador (id_pessoa,codigo_pais_joga,nome_conhecido,clube_origem,posicao,numero_camisa) VALUES (56,'URY','Maxi Pereira','Feyenoord','Zagueiro',2 );
INSERT INTO jogador (id_pessoa,codigo_pais_joga,nome_conhecido,clube_origem,posicao,numero_camisa) VALUES (57,'URY','Diego Godín','Prague','Lateral',3);
INSERT INTO jogador (id_pessoa,codigo_pais_joga,nome_conhecido,clube_origem,posicao,numero_camisa) VALUES (58,'URY','Martín Cáceres','Liverpool','Lateral',4);
INSERT INTO jogador (id_pessoa,codigo_pais_joga,nome_conhecido,clube_origem,posicao,numero_camisa) VALUES (59,'URY','José Giménez','United','Goleiro',5 );
INSERT INTO jogador (id_pessoa,codigo_pais_joga,nome_conhecido,clube_origem,posicao,numero_camisa) VALUES (60,'URY','Sebastián Coates','Astana','Atacante',6);
INSERT INTO jogador (id_pessoa,codigo_pais_joga,nome_conhecido,clube_origem,posicao,numero_camisa) VALUES (61,'URY','Gastón Silva','Sevilla','Zagueiro',7 );
INSERT INTO jogador (id_pessoa,codigo_pais_joga,nome_conhecido,clube_origem,posicao,numero_camisa) VALUES (62,'URY','Mathías Corujo','Olympiacos','Volante',8 );
INSERT INTO jogador (id_pessoa,codigo_pais_joga,nome_conhecido,clube_origem,posicao,numero_camisa) VALUES (63,'URY','Egidio Arévalo Ríos','Liverpool','Volante',9 );
INSERT INTO jogador (id_pessoa,codigo_pais_joga,nome_conhecido,clube_origem,posicao,numero_camisa) VALUES (64,'URY','Álvaro González','Paris','Lateral',10);
INSERT INTO jogador (id_pessoa,codigo_pais_joga,nome_conhecido,clube_origem,posicao,numero_camisa) VALUES (65,'URY','Nicolás Lodeiro','Celtic','Lateral',11 );
INSERT INTO jogador (id_pessoa,codigo_pais_joga,nome_conhecido,clube_origem,posicao,numero_camisa) VALUES (66,'URY','Carlos Sánchez','Young','Zagueiro',12);
INSERT INTO jogador (id_pessoa,codigo_pais_joga,nome_conhecido,clube_origem,posicao,numero_camisa) VALUES (67,'URY','Cristian Rodríguez','Juventus','Zagueiro',13 );
INSERT INTO jogador (id_pessoa,codigo_pais_joga,nome_conhecido,clube_origem,posicao,numero_camisa) VALUES (68,'URY','Matías Vecino','Sporting','Goleiro',14 );
INSERT INTO jogador (id_pessoa,codigo_pais_joga,nome_conhecido,clube_origem,posicao,numero_camisa) VALUES (69,'URY','Edinson Cavani','Moscow','Volante',15);
INSERT INTO jogador (id_pessoa,codigo_pais_joga,nome_conhecido,clube_origem,posicao,numero_camisa) VALUES (70,'URY','Luis Suárez','Real','Zagueiro',16);
INSERT INTO jogador (id_pessoa,codigo_pais_joga,nome_conhecido,clube_origem,posicao,numero_camisa) VALUES (71,'URY','Cristhian Stuani','Legia','Atacante',17);
INSERT INTO jogador (id_pessoa,codigo_pais_joga,nome_conhecido,clube_origem,posicao,numero_camisa) VALUES (72,'URY','Diego Rolán','Munich','Zagueiro',18);
INSERT INTO jogador (id_pessoa,codigo_pais_joga,nome_conhecido,clube_origem,posicao,numero_camisa) VALUES (73,'POR','Rui Patrício','Hotspur','Lateral',1);
INSERT INTO jogador (id_pessoa,codigo_pais_joga,nome_conhecido,clube_origem,posicao,numero_camisa) VALUES (74,'POR','Bruno Alves','Hotspur','Volante',2 );
INSERT INTO jogador (id_pessoa,codigo_pais_joga,nome_conhecido,clube_origem,posicao,numero_camisa) VALUES (75,'POR','Pepe','Hotspur','Volante',3);
INSERT INTO jogador (id_pessoa,codigo_pais_joga,nome_conhecido,clube_origem,posicao,numero_camisa) VALUES (76,'POR','José Fonte','Porto','Meio-campo',4 );
INSERT INTO jogador (id_pessoa,codigo_pais_joga,nome_conhecido,clube_origem,posicao,numero_camisa) VALUES (77,'POR','Eliseu','Astana','Goleiro',5 );
INSERT INTO jogador (id_pessoa,codigo_pais_joga,nome_conhecido,clube_origem,posicao,numero_camisa) VALUES (78,'POR','Cédric','Madrid','Atacante',6);
INSERT INTO jogador (id_pessoa,codigo_pais_joga,nome_conhecido,clube_origem,posicao,numero_camisa) VALUES (79,'POR','Raphaël Guerreiro','Atlético','Lateral',7);
INSERT INTO jogador (id_pessoa,codigo_pais_joga,nome_conhecido,clube_origem,posicao,numero_camisa) VALUES (80,'POR','João Moutinho','Brugge','Volante',8);
INSERT INTO jogador (id_pessoa,codigo_pais_joga,nome_conhecido,clube_origem,posicao,numero_camisa) VALUES (81,'POR','João Mário','Malmö','Lateral',9);
INSERT INTO jogador (id_pessoa,codigo_pais_joga,nome_conhecido,clube_origem,posicao,numero_camisa) VALUES (82,'POR','Danilo Pereira','CSKA','Meio-campo',10 );
INSERT INTO jogador (id_pessoa,codigo_pais_joga,nome_conhecido,clube_origem,posicao,numero_camisa) VALUES (83,'POR','William Carvalho','Spartak','Zagueiro',11);
INSERT INTO jogador (id_pessoa,codigo_pais_joga,nome_conhecido,clube_origem,posicao,numero_camisa) VALUES (84,'POR','André Gomes','Legia','Volante',12);
INSERT INTO jogador (id_pessoa,codigo_pais_joga,nome_conhecido,clube_origem,posicao,numero_camisa) VALUES (85,'POR','Ricardo Quaresma','Barcelona','Zagueiro',13);
INSERT INTO jogador (id_pessoa,codigo_pais_joga,nome_conhecido,clube_origem,posicao,numero_camisa) VALUES (86,'POR','Bernardo Silva','Madrid','Goleiro',14);
INSERT INTO jogador (id_pessoa,codigo_pais_joga,nome_conhecido,clube_origem,posicao,numero_camisa) VALUES (87,'POR','André Silva','Sporting','Volante',15 );
INSERT INTO jogador (id_pessoa,codigo_pais_joga,nome_conhecido,clube_origem,posicao,numero_camisa) VALUES (88,'POR','Gelson Martins','Ludogorets','Meio-campo',16 );
INSERT INTO jogador (id_pessoa,codigo_pais_joga,nome_conhecido,clube_origem,posicao,numero_camisa) VALUES (89,'POR','Cristiano Ronaldo','Astana','Lateral',17 );
INSERT INTO jogador (id_pessoa,codigo_pais_joga,nome_conhecido,clube_origem,posicao,numero_camisa) VALUES (90,'POR','Nani','Chelsea','Zagueiro',18);
INSERT INTO jogador (id_pessoa,codigo_pais_joga,nome_conhecido,clube_origem,posicao,numero_camisa) VALUES (91,'ESP','David de Gea','Legia','Lateral',1);
INSERT INTO jogador (id_pessoa,codigo_pais_joga,nome_conhecido,clube_origem,posicao,numero_camisa) VALUES (92,'ESP','Jordi Alba','Sporting','Zagueiro',2);
INSERT INTO jogador (id_pessoa,codigo_pais_joga,nome_conhecido,clube_origem,posicao,numero_camisa) VALUES (93,'ESP','Nacho','Malmö','Lateral',3 );
INSERT INTO jogador (id_pessoa,codigo_pais_joga,nome_conhecido,clube_origem,posicao,numero_camisa) VALUES (94,'ESP','Nacho Monreal','Ludogorets','Atacante',4 );
INSERT INTO jogador (id_pessoa,codigo_pais_joga,nome_conhecido,clube_origem,posicao,numero_camisa) VALUES (95,'ESP','Gerard Piqué','Spartak','Goleiro',5);
INSERT INTO jogador (id_pessoa,codigo_pais_joga,nome_conhecido,clube_origem,posicao,numero_camisa) VALUES (96,'ESP','Sergio Ramos','Dynamo','Lateral',6 );
INSERT INTO jogador (id_pessoa,codigo_pais_joga,nome_conhecido,clube_origem,posicao,numero_camisa) VALUES (97,'ESP','Daniel Carvajal','Dynamo','Meio-campo',7 );
INSERT INTO jogador (id_pessoa,codigo_pais_joga,nome_conhecido,clube_origem,posicao,numero_camisa) VALUES (98,'ESP','Sergio Buesquets','Razgrad','Meio-campo',8 );
INSERT INTO jogador (id_pessoa,codigo_pais_joga,nome_conhecido,clube_origem,posicao,numero_camisa) VALUES (99,'ESP','Thiago','Brugge','Zagueiro',9);
INSERT INTO jogador (id_pessoa,codigo_pais_joga,nome_conhecido,clube_origem,posicao,numero_camisa) VALUES (100,'ESP','Isco','Brugge','Volante',10 );
INSERT INTO jogador (id_pessoa,codigo_pais_joga,nome_conhecido,clube_origem,posicao,numero_camisa) VALUES (101,'ESP','Koke','Juventus','Meio-campo',11);
INSERT INTO jogador (id_pessoa,codigo_pais_joga,nome_conhecido,clube_origem,posicao,numero_camisa) VALUES (102,'ESP','Marco Asensio','Partizan','Meio-campo',12 );
INSERT INTO jogador (id_pessoa,codigo_pais_joga,nome_conhecido,clube_origem,posicao,numero_camisa) VALUES (103,'ESP','Andrés Iniesta','Constanța','Volante',13);
INSERT INTO jogador (id_pessoa,codigo_pais_joga,nome_conhecido,clube_origem,posicao,numero_camisa) VALUES (104,'ESP','David Silva','United','Goleiro',14);
INSERT INTO jogador (id_pessoa,codigo_pais_joga,nome_conhecido,clube_origem,posicao,numero_camisa) VALUES (105,'ESP','Saúl Ñíguez','Manchester','Volante',15);
INSERT INTO jogador (id_pessoa,codigo_pais_joga,nome_conhecido,clube_origem,posicao,numero_camisa) VALUES (106,'ESP','Álvaro Morata','Saint-Germain','Atacante',16);
INSERT INTO jogador (id_pessoa,codigo_pais_joga,nome_conhecido,clube_origem,posicao,numero_camisa) VALUES (107,'ESP','Vitolo','Madrid','Lateral',17 );
INSERT INTO jogador (id_pessoa,codigo_pais_joga,nome_conhecido,clube_origem,posicao,numero_camisa) VALUES (108,'ESP','Diego Costa','Kyiv','Lateral',18);
INSERT INTO jogador (id_pessoa,codigo_pais_joga,nome_conhecido,clube_origem,posicao,numero_camisa) VALUES (109,'MAR','Munir Mohamedi','Real','Atacante',1 );
INSERT INTO jogador (id_pessoa,codigo_pais_joga,nome_conhecido,clube_origem,posicao,numero_camisa) VALUES (110,'MAR','Medhi Benatia','Moscow','Lateral',2 );
INSERT INTO jogador (id_pessoa,codigo_pais_joga,nome_conhecido,clube_origem,posicao,numero_camisa) VALUES (111,'MAR','Nabil Dirar','Ludogorets','Meio-campo',3);
INSERT INTO jogador (id_pessoa,codigo_pais_joga,nome_conhecido,clube_origem,posicao,numero_camisa) VALUES (112,'MAR','Romain Saïss','Sporting','Meio-campo',4 );
INSERT INTO jogador (id_pessoa,codigo_pais_joga,nome_conhecido,clube_origem,posicao,numero_camisa) VALUES (113,'MAR','Fouad Chafik','Samtredia','Goleiro',5 );
INSERT INTO jogador (id_pessoa,codigo_pais_joga,nome_conhecido,clube_origem,posicao,numero_camisa) VALUES (114,'MAR','Hamza Mendyl','Madrid','Atacante',6 );
INSERT INTO jogador (id_pessoa,codigo_pais_joga,nome_conhecido,clube_origem,posicao,numero_camisa) VALUES (115,'MAR','Achraf Hakimi','Chelsea','Zagueiro',7 );
INSERT INTO jogador (id_pessoa,codigo_pais_joga,nome_conhecido,clube_origem,posicao,numero_camisa) VALUES (116,'MAR','Mbark Boussoufa','Kyiv','Meio-campo',8);
INSERT INTO jogador (id_pessoa,codigo_pais_joga,nome_conhecido,clube_origem,posicao,numero_camisa) VALUES (117,'MAR','Karim El Ahmadi','Partizan','Meio-campo',9);
INSERT INTO jogador (id_pessoa,codigo_pais_joga,nome_conhecido,clube_origem,posicao,numero_camisa) VALUES (118,'MAR','Younès Belhanda','Boys','Atacante',10 );
INSERT INTO jogador (id_pessoa,codigo_pais_joga,nome_conhecido,clube_origem,posicao,numero_camisa) VALUES (119,'MAR','Nordin Amrabat','Porto','Meio-campo',11 );
INSERT INTO jogador (id_pessoa,codigo_pais_joga,nome_conhecido,clube_origem,posicao,numero_camisa) VALUES (120,'MAR','Fayçal Fajr','Real','Meio-campo',12 );
INSERT INTO jogador (id_pessoa,codigo_pais_joga,nome_conhecido,clube_origem,posicao,numero_camisa) VALUES (121,'MAR','Hakim Ziyech','Spartak','Zagueiro',13 );
INSERT INTO jogador (id_pessoa,codigo_pais_joga,nome_conhecido,clube_origem,posicao,numero_camisa) VALUES (122,'MAR','Youssef Aït Bennasser','Malmö','Goleiro',14 );
INSERT INTO jogador (id_pessoa,codigo_pais_joga,nome_conhecido,clube_origem,posicao,numero_camisa) VALUES (123,'MAR','Khalid Boutaib','Ludogorets','Lateral',15 );
INSERT INTO jogador (id_pessoa,codigo_pais_joga,nome_conhecido,clube_origem,posicao,numero_camisa) VALUES (124,'MAR','Rachid Alioui','Rijeka','Meio-campo',16 );
INSERT INTO jogador (id_pessoa,codigo_pais_joga,nome_conhecido,clube_origem,posicao,numero_camisa) VALUES (125,'MAR','Aziz Bouhaddouz','Madrid','Volante',17);
INSERT INTO jogador (id_pessoa,codigo_pais_joga,nome_conhecido,clube_origem,posicao,numero_camisa) VALUES (126,'MAR','Youssef En-Nesyri','Sevilla','Volante',18 );
INSERT INTO jogador (id_pessoa,codigo_pais_joga,nome_conhecido,clube_origem,posicao,numero_camisa) VALUES (127,'IRN','Alireza Beiranvand','Brugge','Volante',1);
INSERT INTO jogador (id_pessoa,codigo_pais_joga,nome_conhecido,clube_origem,posicao,numero_camisa) VALUES (128,'IRN','Pejman Montazeri','Brugge','Atacante',2 );
INSERT INTO jogador (id_pessoa,codigo_pais_joga,nome_conhecido,clube_origem,posicao,numero_camisa) VALUES (129,'IRN','Vouria Ghafouri','Celtic','Volante',3 );
INSERT INTO jogador (id_pessoa,codigo_pais_joga,nome_conhecido,clube_origem,posicao,numero_camisa) VALUES (130,'IRN','Jalal Hosseini','Atlético','Lateral',4);
INSERT INTO jogador (id_pessoa,codigo_pais_joga,nome_conhecido,clube_origem,posicao,numero_camisa) VALUES (131,'IRN','Milad Mohammadi','Bayern','Goleiro',5 );
INSERT INTO jogador (id_pessoa,codigo_pais_joga,nome_conhecido,clube_origem,posicao,numero_camisa) VALUES (132,'IRN','Morteza Pouraliganji','Brugge','Lateral',6);
INSERT INTO jogador (id_pessoa,codigo_pais_joga,nome_conhecido,clube_origem,posicao,numero_camisa) VALUES (133,'IRN','Ramin Rezaeian','City','Volante',7);
INSERT INTO jogador (id_pessoa,codigo_pais_joga,nome_conhecido,clube_origem,posicao,numero_camisa) VALUES (134,'IRN','Ehsan Hajsafi','Dynamo','Volante',8 );
INSERT INTO jogador (id_pessoa,codigo_pais_joga,nome_conhecido,clube_origem,posicao,numero_camisa) VALUES (135,'IRN','Omid Ebrahimi','Barcelona','Meio-campo',9 );
INSERT INTO jogador (id_pessoa,codigo_pais_joga,nome_conhecido,clube_origem,posicao,numero_camisa) VALUES (136,'IRN','Saeid Ezatolahi','Malmö','Volante',10 );
INSERT INTO jogador (id_pessoa,codigo_pais_joga,nome_conhecido,clube_origem,posicao,numero_camisa) VALUES (137,'IRN','Vahid Amiri','Young','Zagueiro',11);
INSERT INTO jogador (id_pessoa,codigo_pais_joga,nome_conhecido,clube_origem,posicao,numero_camisa) VALUES (138,'IRN','Alireza Jahanbakhsh','Constanța','Atacante',12);
INSERT INTO jogador (id_pessoa,codigo_pais_joga,nome_conhecido,clube_origem,posicao,numero_camisa) VALUES (139,'IRN','Ashkan Dejagah','Warsaw','Atacante',13);
INSERT INTO jogador (id_pessoa,codigo_pais_joga,nome_conhecido,clube_origem,posicao,numero_camisa) VALUES (140,'IRN','Saman Ghoddos','Munich','Goleiro',14);
INSERT INTO jogador (id_pessoa,codigo_pais_joga,nome_conhecido,clube_origem,posicao,numero_camisa) VALUES (141,'IRN','Mehdi Taremi','Moscow','Meio-campo',15);
INSERT INTO jogador (id_pessoa,codigo_pais_joga,nome_conhecido,clube_origem,posicao,numero_camisa) VALUES (142,'IRN','Karim Ansarifard','Sevilla','Lateral',16);
INSERT INTO jogador (id_pessoa,codigo_pais_joga,nome_conhecido,clube_origem,posicao,numero_camisa) VALUES (143,'IRN','Reza Ghoochannejhad','United','Atacante',17 );
INSERT INTO jogador (id_pessoa,codigo_pais_joga,nome_conhecido,clube_origem,posicao,numero_camisa) VALUES (144,'IRN','Sardar Azmoun','Hotspur','Lateral',18 );
INSERT INTO jogador (id_pessoa,codigo_pais_joga,nome_conhecido,clube_origem,posicao,numero_camisa) VALUES (145,'FRA','Hugo Lloris','Warsaw','Atacante',1);
INSERT INTO jogador (id_pessoa,codigo_pais_joga,nome_conhecido,clube_origem,posicao,numero_camisa) VALUES (146,'FRA','Raphaël Varane','CP','Volante',2);
INSERT INTO jogador (id_pessoa,codigo_pais_joga,nome_conhecido,clube_origem,posicao,numero_camisa) VALUES (147,'FRA','Lucas Digne','Real','Zagueiro',3);
INSERT INTO jogador (id_pessoa,codigo_pais_joga,nome_conhecido,clube_origem,posicao,numero_camisa) VALUES (148,'FRA','Djibril Sidibé','Porto','Atacante',4);
INSERT INTO jogador (id_pessoa,codigo_pais_joga,nome_conhecido,clube_origem,posicao,numero_camisa) VALUES (149,'FRA','Samuel Umtiti','City','Goleiro',5 );
INSERT INTO jogador (id_pessoa,codigo_pais_joga,nome_conhecido,clube_origem,posicao,numero_camisa) VALUES (150,'FRA','Layvin Kurzawa','Brugge','Lateral',6);
INSERT INTO jogador (id_pessoa,codigo_pais_joga,nome_conhecido,clube_origem,posicao,numero_camisa) VALUES (151,'FRA','Laurent Koscielny','Rijeka','Zagueiro',7);
INSERT INTO jogador (id_pessoa,codigo_pais_joga,nome_conhecido,clube_origem,posicao,numero_camisa) VALUES (152,'FRA','Balise Matuidi','Liverpool','Volante',8 );
INSERT INTO jogador (id_pessoa,codigo_pais_joga,nome_conhecido,clube_origem,posicao,numero_camisa) VALUES (153,'FRA','N’Golo Kanté','Kyiv','Volante',9);
INSERT INTO jogador (id_pessoa,codigo_pais_joga,nome_conhecido,clube_origem,posicao,numero_camisa) VALUES (154,'FRA','Thomas Lemar','Kyiv','Meio-campo',10);
INSERT INTO jogador (id_pessoa,codigo_pais_joga,nome_conhecido,clube_origem,posicao,numero_camisa) VALUES (155,'FRA','Adrien Rabiot','Slavia','Volante',11);
INSERT INTO jogador (id_pessoa,codigo_pais_joga,nome_conhecido,clube_origem,posicao,numero_camisa) VALUES (156,'FRA','Paul Pogba','Hotspur','Volante',12);
INSERT INTO jogador (id_pessoa,codigo_pais_joga,nome_conhecido,clube_origem,posicao,numero_camisa) VALUES (157,'FRA','Olivier Giroud','Viitorul','Atacante',13);
INSERT INTO jogador (id_pessoa,codigo_pais_joga,nome_conhecido,clube_origem,posicao,numero_camisa) VALUES (158,'FRA','Antoine Griezmann','Feyenoord','Goleiro',14 );
INSERT INTO jogador (id_pessoa,codigo_pais_joga,nome_conhecido,clube_origem,posicao,numero_camisa) VALUES (159,'FRA','Alexandre Lacazette','United','Atacante',15 );
INSERT INTO jogador (id_pessoa,codigo_pais_joga,nome_conhecido,clube_origem,posicao,numero_camisa) VALUES (160,'FRA','Kylian Mbappé','Slavia','Atacante',16 );
INSERT INTO jogador (id_pessoa,codigo_pais_joga,nome_conhecido,clube_origem,posicao,numero_camisa) VALUES (161,'FRA','Ousmane Dembélé','Spartak','Volante',17 );
INSERT INTO jogador (id_pessoa,codigo_pais_joga,nome_conhecido,clube_origem,posicao,numero_camisa) VALUES (162,'FRA','Anthony Martial','CP','Zagueiro',18 );
INSERT INTO jogador (id_pessoa,codigo_pais_joga,nome_conhecido,clube_origem,posicao,numero_camisa) VALUES (163,'AUS','Mathew Ryan','Dynamo','Atacante',1);
INSERT INTO jogador (id_pessoa,codigo_pais_joga,nome_conhecido,clube_origem,posicao,numero_camisa) VALUES (164,'AUS','Mitchell Langerak','Legia','Volante',2);
INSERT INTO jogador (id_pessoa,codigo_pais_joga,nome_conhecido,clube_origem,posicao,numero_camisa) VALUES (165,'AUS','Milos Degenek','Astana','Zagueiro',3);
INSERT INTO jogador (id_pessoa,codigo_pais_joga,nome_conhecido,clube_origem,posicao,numero_camisa) VALUES (166,'AUS','Bailey Wright','Spartak','Meio-campo',4 );
INSERT INTO jogador (id_pessoa,codigo_pais_joga,nome_conhecido,clube_origem,posicao,numero_camisa) VALUES (167,'AUS','Aziz Behich','Rijeka','Goleiro',5 );
INSERT INTO jogador (id_pessoa,codigo_pais_joga,nome_conhecido,clube_origem,posicao,numero_camisa) VALUES (168,'AUS','Trent Sainsbury','Liverpool','Atacante',6 );
INSERT INTO jogador (id_pessoa,codigo_pais_joga,nome_conhecido,clube_origem,posicao,numero_camisa) VALUES (169,'AUS','Ryan McGowan','Malmö','Volante',7 );
INSERT INTO jogador (id_pessoa,codigo_pais_joga,nome_conhecido,clube_origem,posicao,numero_camisa) VALUES (170,'AUS','Mark Milligan','Olympiacos','Atacante',8);
INSERT INTO jogador (id_pessoa,codigo_pais_joga,nome_conhecido,clube_origem,posicao,numero_camisa) VALUES (171,'AUS','Aaron Mooy','Boys','Lateral',9);
INSERT INTO jogador (id_pessoa,codigo_pais_joga,nome_conhecido,clube_origem,posicao,numero_camisa) VALUES (172,'AUS','James Troisi','Razgrad','Meio-campo',10 );
INSERT INTO jogador (id_pessoa,codigo_pais_joga,nome_conhecido,clube_origem,posicao,numero_camisa) VALUES (173,'AUS','Mile Jedinak','Astana','Volante',11 );
INSERT INTO jogador (id_pessoa,codigo_pais_joga,nome_conhecido,clube_origem,posicao,numero_camisa) VALUES (174,'AUS','Massimo Luongo','Munich','Lateral',12 );
INSERT INTO jogador (id_pessoa,codigo_pais_joga,nome_conhecido,clube_origem,posicao,numero_camisa) VALUES (175,'AUS','Jackson Irvine','Barcelona','Meio-campo',13 );
INSERT INTO jogador (id_pessoa,codigo_pais_joga,nome_conhecido,clube_origem,posicao,numero_camisa) VALUES (176,'AUS','Tom Rogic','Viitorul','Goleiro',14);
INSERT INTO jogador (id_pessoa,codigo_pais_joga,nome_conhecido,clube_origem,posicao,numero_camisa) VALUES (177,'AUS','Tim Cahill','Barcelona','Atacante',15 );
INSERT INTO jogador (id_pessoa,codigo_pais_joga,nome_conhecido,clube_origem,posicao,numero_camisa) VALUES (178,'AUS','Mathew Leckie','Basel','Lateral',16 );
INSERT INTO jogador (id_pessoa,codigo_pais_joga,nome_conhecido,clube_origem,posicao,numero_camisa) VALUES (179,'AUS','Tomi Juric','Munich','Lateral',17 );
INSERT INTO jogador (id_pessoa,codigo_pais_joga,nome_conhecido,clube_origem,posicao,numero_camisa) VALUES (180,'AUS','Robbie Kruse','Young','Meio-campo',18 );
INSERT INTO jogador (id_pessoa,codigo_pais_joga,nome_conhecido,clube_origem,posicao,numero_camisa) VALUES (181,'PER','Pedro Gallese','Saint-Germain','Zagueiro',1 );
INSERT INTO jogador (id_pessoa,codigo_pais_joga,nome_conhecido,clube_origem,posicao,numero_camisa) VALUES (182,'PER','Carlos Cáceda','Kyiv','Meio-campo',2);
INSERT INTO jogador (id_pessoa,codigo_pais_joga,nome_conhecido,clube_origem,posicao,numero_camisa) VALUES (183,'PER','Aldo Corzo','Paris','Meio-campo',3);
INSERT INTO jogador (id_pessoa,codigo_pais_joga,nome_conhecido,clube_origem,posicao,numero_camisa) VALUES (184,'PER','Miguel Trauco','Viitorul','Zagueiro',4);
INSERT INTO jogador (id_pessoa,codigo_pais_joga,nome_conhecido,clube_origem,posicao,numero_camisa) VALUES (185,'PER','Christian Ramos','Saint-Germain','Goleiro',5);
INSERT INTO jogador (id_pessoa,codigo_pais_joga,nome_conhecido,clube_origem,posicao,numero_camisa) VALUES (186,'PER','Luis Advincula','Tottenham','Lateral',6 );
INSERT INTO jogador (id_pessoa,codigo_pais_joga,nome_conhecido,clube_origem,posicao,numero_camisa) VALUES (187,'PER','Alberto Rodríguez','Atlético','Lateral',7 );
INSERT INTO jogador (id_pessoa,codigo_pais_joga,nome_conhecido,clube_origem,posicao,numero_camisa) VALUES (188,'PER','Miguel Araujo','Viitorul','Lateral',8 );
INSERT INTO jogador (id_pessoa,codigo_pais_joga,nome_conhecido,clube_origem,posicao,numero_camisa) VALUES (189,'PER','Christian Cueva','Samtredia','Lateral',9);
INSERT INTO jogador (id_pessoa,codigo_pais_joga,nome_conhecido,clube_origem,posicao,numero_camisa) VALUES (190,'PER','Renato Tapia','Sevilla','Atacante',10 );
INSERT INTO jogador (id_pessoa,codigo_pais_joga,nome_conhecido,clube_origem,posicao,numero_camisa) VALUES (191,'PER','Andy Polo','City','Zagueiro',11 );
INSERT INTO jogador (id_pessoa,codigo_pais_joga,nome_conhecido,clube_origem,posicao,numero_camisa) VALUES (192,'PER','Yoshimar Yotún','Real','Meio-campo',12);
INSERT INTO jogador (id_pessoa,codigo_pais_joga,nome_conhecido,clube_origem,posicao,numero_camisa) VALUES (193,'PER','Edison Flores','Munich','Atacante',13 );
INSERT INTO jogador (id_pessoa,codigo_pais_joga,nome_conhecido,clube_origem,posicao,numero_camisa) VALUES (194,'PER','Paolo Hurtado','Madrid','Goleiro',14);
INSERT INTO jogador (id_pessoa,codigo_pais_joga,nome_conhecido,clube_origem,posicao,numero_camisa) VALUES (195,'PER','Paolo Guerrero','Warsaw','Atacante',15);
INSERT INTO jogador (id_pessoa,codigo_pais_joga,nome_conhecido,clube_origem,posicao,numero_camisa) VALUES (196,'PER','Jefferson Farfán','Porto','Atacante',16 );
INSERT INTO jogador (id_pessoa,codigo_pais_joga,nome_conhecido,clube_origem,posicao,numero_camisa) VALUES (197,'PER','Raúl Ruidíaz','Feyenoord','Zagueiro',17 );
INSERT INTO jogador (id_pessoa,codigo_pais_joga,nome_conhecido,clube_origem,posicao,numero_camisa) VALUES (198,'PER','André Carrillo','Astana','Atacante',18);
INSERT INTO jogador (id_pessoa,codigo_pais_joga,nome_conhecido,clube_origem,posicao,numero_camisa) VALUES (199,'DEN','Kasper Schmeichel','Young','Meio-campo',1 );
INSERT INTO jogador (id_pessoa,codigo_pais_joga,nome_conhecido,clube_origem,posicao,numero_camisa) VALUES (200,'DEN','Kannik Vestergaard','Sporting','Volante',2);
INSERT INTO jogador (id_pessoa,codigo_pais_joga,nome_conhecido,clube_origem,posicao,numero_camisa) VALUES (201,'DEN','Simon Kjaer','Spartak','Meio-campo',3 );
INSERT INTO jogador (id_pessoa,codigo_pais_joga,nome_conhecido,clube_origem,posicao,numero_camisa) VALUES (202,'DEN','Andreas Christensen','Boys','Zagueiro',4);
INSERT INTO jogador (id_pessoa,codigo_pais_joga,nome_conhecido,clube_origem,posicao,numero_camisa) VALUES (203,'DEN','Andreas Bjelland','Atlético','Goleiro',5);
INSERT INTO jogador (id_pessoa,codigo_pais_joga,nome_conhecido,clube_origem,posicao,numero_camisa) VALUES (204,'DEN','Mathias Jorgensen','Legia','Volante',6);
INSERT INTO jogador (id_pessoa,codigo_pais_joga,nome_conhecido,clube_origem,posicao,numero_camisa) VALUES (205,'DEN','Jens Stryger Larsen','CP','Volante',7 );
INSERT INTO jogador (id_pessoa,codigo_pais_joga,nome_conhecido,clube_origem,posicao,numero_camisa) VALUES (206,'DEN','Peter Ankersen','Basel','Atacante',8);
INSERT INTO jogador (id_pessoa,codigo_pais_joga,nome_conhecido,clube_origem,posicao,numero_camisa) VALUES (207,'DEN','Riza Durmisi','Sporting','Atacante',9 );
INSERT INTO jogador (id_pessoa,codigo_pais_joga,nome_conhecido,clube_origem,posicao,numero_camisa) VALUES (208,'DEN','William Kvist','Sporting','Volante',10);
INSERT INTO jogador (id_pessoa,codigo_pais_joga,nome_conhecido,clube_origem,posicao,numero_camisa) VALUES (209,'DEN','Thomas Delaney','Madrid','Meio-campo',11);
INSERT INTO jogador (id_pessoa,codigo_pais_joga,nome_conhecido,clube_origem,posicao,numero_camisa) VALUES (210,'DEN','Christian Eriksen','Manchester','Volante',12);
INSERT INTO jogador (id_pessoa,codigo_pais_joga,nome_conhecido,clube_origem,posicao,numero_camisa) VALUES (211,'DEN','Lasse Schöne','FF','Meio-campo',13);
INSERT INTO jogador (id_pessoa,codigo_pais_joga,nome_conhecido,clube_origem,posicao,numero_camisa) VALUES (212,'DEN','Pione Sisto','Prague','Goleiro',14);
INSERT INTO jogador (id_pessoa,codigo_pais_joga,nome_conhecido,clube_origem,posicao,numero_camisa) VALUES (213,'DEN','Nicklas Bendtner','Liverpool','Zagueiro',15 );
INSERT INTO jogador (id_pessoa,codigo_pais_joga,nome_conhecido,clube_origem,posicao,numero_camisa) VALUES (214,'DEN','Nicolai Jorgensen','Saint-Germain','Meio-campo',16);
INSERT INTO jogador (id_pessoa,codigo_pais_joga,nome_conhecido,clube_origem,posicao,numero_camisa) VALUES (215,'DEN','Yussuf Poulsen','Warsaw','Zagueiro',17);
INSERT INTO jogador (id_pessoa,codigo_pais_joga,nome_conhecido,clube_origem,posicao,numero_camisa) VALUES (216,'DEN','Andreas Cornelius','Chelsea','Zagueiro',18);
INSERT INTO jogador (id_pessoa,codigo_pais_joga,nome_conhecido,clube_origem,posicao,numero_camisa) VALUES (217,'ARG','Sergio Romero','Saint-Germain','Volante',1);
INSERT INTO jogador (id_pessoa,codigo_pais_joga,nome_conhecido,clube_origem,posicao,numero_camisa) VALUES (218,'ARG','Gabriel Mercado','Chelsea','Atacante',2 );
INSERT INTO jogador (id_pessoa,codigo_pais_joga,nome_conhecido,clube_origem,posicao,numero_camisa) VALUES (219,'ARG','Federico Fazio','Prague','Zagueiro',3 );
INSERT INTO jogador (id_pessoa,codigo_pais_joga,nome_conhecido,clube_origem,posicao,numero_camisa) VALUES (220,'ARG','Javier Mascherano','Partizan','Atacante',4);
INSERT INTO jogador (id_pessoa,codigo_pais_joga,nome_conhecido,clube_origem,posicao,numero_camisa) VALUES (221,'ARG','Nicolás Otamendi','Liverpool','Goleiro',5 );
INSERT INTO jogador (id_pessoa,codigo_pais_joga,nome_conhecido,clube_origem,posicao,numero_camisa) VALUES (222,'ARG','Marcos Rojo','Sevilla','Lateral',6);
INSERT INTO jogador (id_pessoa,codigo_pais_joga,nome_conhecido,clube_origem,posicao,numero_camisa) VALUES (223,'ARG','Ramiro Funes Mori','Moscow','Meio-campo',7);
INSERT INTO jogador (id_pessoa,codigo_pais_joga,nome_conhecido,clube_origem,posicao,numero_camisa) VALUES (224,'ARG','Lucas Biglia','Viitorul','Zagueiro',8 );
INSERT INTO jogador (id_pessoa,codigo_pais_joga,nome_conhecido,clube_origem,posicao,numero_camisa) VALUES (225,'ARG','Enzo Pérez','Partizan','Zagueiro',9 );
INSERT INTO jogador (id_pessoa,codigo_pais_joga,nome_conhecido,clube_origem,posicao,numero_camisa) VALUES (226,'ARG','Ángel Di Maria','Moscow','Volante',10 );
INSERT INTO jogador (id_pessoa,codigo_pais_joga,nome_conhecido,clube_origem,posicao,numero_camisa) VALUES (227,'ARG','Marcos Acuña','Warsaw','Volante',11 );
INSERT INTO jogador (id_pessoa,codigo_pais_joga,nome_conhecido,clube_origem,posicao,numero_camisa) VALUES (228,'ARG','Éver Banega','Young','Atacante',12);
INSERT INTO jogador (id_pessoa,codigo_pais_joga,nome_conhecido,clube_origem,posicao,numero_camisa) VALUES (229,'ARG','Eduardo Salvio','Real','Volante',13 );
INSERT INTO jogador (id_pessoa,codigo_pais_joga,nome_conhecido,clube_origem,posicao,numero_camisa) VALUES (230,'ARG','Mauro Icardi','Manchester','Goleiro',14 );
INSERT INTO jogador (id_pessoa,codigo_pais_joga,nome_conhecido,clube_origem,posicao,numero_camisa) VALUES (231,'ARG','Lionel Messi','Saint-Germain','Atacante',15 );
INSERT INTO jogador (id_pessoa,codigo_pais_joga,nome_conhecido,clube_origem,posicao,numero_camisa) VALUES (232,'ARG','Paulo Dybala','Manchester','Zagueiro',16);
INSERT INTO jogador (id_pessoa,codigo_pais_joga,nome_conhecido,clube_origem,posicao,numero_camisa) VALUES (233,'ARG','Sergio Agüero','Kyiv','Meio-campo',17 );
INSERT INTO jogador (id_pessoa,codigo_pais_joga,nome_conhecido,clube_origem,posicao,numero_camisa) VALUES (234,'ARG','Gonzalo Higuaín','City','Zagueiro',18 );
INSERT INTO jogador (id_pessoa,codigo_pais_joga,nome_conhecido,clube_origem,posicao,numero_camisa) VALUES (235,'ISL','Hannes Halldórsson','Malmö','Volante',1 );
INSERT INTO jogador (id_pessoa,codigo_pais_joga,nome_conhecido,clube_origem,posicao,numero_camisa) VALUES (236,'ISL','Birkir Saevarsson','Kyiv','Zagueiro',2);
INSERT INTO jogador (id_pessoa,codigo_pais_joga,nome_conhecido,clube_origem,posicao,numero_camisa) VALUES (237,'ISL','Ragnar Sigurdsson','Celtic','Atacante',3);
INSERT INTO jogador (id_pessoa,codigo_pais_joga,nome_conhecido,clube_origem,posicao,numero_camisa) VALUES (238,'ISL','Kári Árnason','Astana','Atacante',4 );
INSERT INTO jogador (id_pessoa,codigo_pais_joga,nome_conhecido,clube_origem,posicao,numero_camisa) VALUES (239,'ISL','Ari Skúlason','Moscow','Goleiro',5);
INSERT INTO jogador (id_pessoa,codigo_pais_joga,nome_conhecido,clube_origem,posicao,numero_camisa) VALUES (240,'ISL','Sverrir Ingason','CP','Lateral',6 );
INSERT INTO jogador (id_pessoa,codigo_pais_joga,nome_conhecido,clube_origem,posicao,numero_camisa) VALUES (241,'ISL','Hordur Magnússon','Samtredia','Meio-campo',7);
INSERT INTO jogador (id_pessoa,codigo_pais_joga,nome_conhecido,clube_origem,posicao,numero_camisa) VALUES (242,'ISL','Aron Gunnarsson','Chelsea','Lateral',8);
INSERT INTO jogador (id_pessoa,codigo_pais_joga,nome_conhecido,clube_origem,posicao,numero_camisa) VALUES (243,'ISL','Birkir Bjarnason','Munich','Meio-campo',9 );
INSERT INTO jogador (id_pessoa,codigo_pais_joga,nome_conhecido,clube_origem,posicao,numero_camisa) VALUES (244,'ISL','Emil Hallfredsson','Partizan','Lateral',10);
INSERT INTO jogador (id_pessoa,codigo_pais_joga,nome_conhecido,clube_origem,posicao,numero_camisa) VALUES (245,'ISL','Gylfi Sigurdsson','Dynamo','Meio-campo',11);
INSERT INTO jogador (id_pessoa,codigo_pais_joga,nome_conhecido,clube_origem,posicao,numero_camisa) VALUES (246,'ISL','Arnór Ingvi Traustason','Basel','Atacante',12 );
INSERT INTO jogador (id_pessoa,codigo_pais_joga,nome_conhecido,clube_origem,posicao,numero_camisa) VALUES (247,'ISL','Rúrik Gíslason','Chelsea','Zagueiro',13 );
INSERT INTO jogador (id_pessoa,codigo_pais_joga,nome_conhecido,clube_origem,posicao,numero_camisa) VALUES (248,'ISL','Johann Gudmundsson','Boys','Goleiro',14 );
INSERT INTO jogador (id_pessoa,codigo_pais_joga,nome_conhecido,clube_origem,posicao,numero_camisa) VALUES (249,'ISL','Alfred Finnbogason','Manchester','Lateral',15 );
INSERT INTO jogador (id_pessoa,codigo_pais_joga,nome_conhecido,clube_origem,posicao,numero_camisa) VALUES (250,'ISL','Jón Dadi Bödvarsson','Manchester','Volante',16);
INSERT INTO jogador (id_pessoa,codigo_pais_joga,nome_conhecido,clube_origem,posicao,numero_camisa) VALUES (251,'ISL','Vidar Örn Kjartansson','Manchester','Zagueiro',17);
INSERT INTO jogador (id_pessoa,codigo_pais_joga,nome_conhecido,clube_origem,posicao,numero_camisa) VALUES (252,'ISL','Björn Sigurdarson','Slavia','Volante',18);
INSERT INTO jogador (id_pessoa,codigo_pais_joga,nome_conhecido,clube_origem,posicao,numero_camisa) VALUES (253,'CRO','Danijel Subasic','Partizan','Meio-campo',1);
INSERT INTO jogador (id_pessoa,codigo_pais_joga,nome_conhecido,clube_origem,posicao,numero_camisa) VALUES (254,'CRO','Sime Vrsaljko','Basel','Atacante',2 );
INSERT INTO jogador (id_pessoa,codigo_pais_joga,nome_conhecido,clube_origem,posicao,numero_camisa) VALUES (255,'CRO','Ivan Strinic','Viitorul','Lateral',3);
INSERT INTO jogador (id_pessoa,codigo_pais_joga,nome_conhecido,clube_origem,posicao,numero_camisa) VALUES (256,'CRO','Dejan Lovren','Bayern','Volante',4);
INSERT INTO jogador (id_pessoa,codigo_pais_joga,nome_conhecido,clube_origem,posicao,numero_camisa) VALUES (257,'CRO','Domagoj Vida','Prague','Goleiro',5);
INSERT INTO jogador (id_pessoa,codigo_pais_joga,nome_conhecido,clube_origem,posicao,numero_camisa) VALUES (258,'CRO','Josip Pivaric','Sporting','Zagueiro',6);
INSERT INTO jogador (id_pessoa,codigo_pais_joga,nome_conhecido,clube_origem,posicao,numero_camisa) VALUES (259,'CRO','Vedran Corluka','Prague','Atacante',7 );
INSERT INTO jogador (id_pessoa,codigo_pais_joga,nome_conhecido,clube_origem,posicao,numero_camisa) VALUES (260,'CRO','Ivan Rakitic','Ajax','Meio-campo',8 );
INSERT INTO jogador (id_pessoa,codigo_pais_joga,nome_conhecido,clube_origem,posicao,numero_camisa) VALUES (261,'CRO','Luka Modric','Manchester','Volante',9 );
INSERT INTO jogador (id_pessoa,codigo_pais_joga,nome_conhecido,clube_origem,posicao,numero_camisa) VALUES (262,'CRO','Marcelo Brozovic','Paris','Meio-campo',10 );
INSERT INTO jogador (id_pessoa,codigo_pais_joga,nome_conhecido,clube_origem,posicao,numero_camisa) VALUES (263,'CRO','Marko Rog','Malmö','Volante',11 );
INSERT INTO jogador (id_pessoa,codigo_pais_joga,nome_conhecido,clube_origem,posicao,numero_camisa) VALUES (264,'CRO','Mario Pasalic','City','Zagueiro',12 );
INSERT INTO jogador (id_pessoa,codigo_pais_joga,nome_conhecido,clube_origem,posicao,numero_camisa) VALUES (265,'CRO','Milan Badelj','CP','Atacante',13);
INSERT INTO jogador (id_pessoa,codigo_pais_joga,nome_conhecido,clube_origem,posicao,numero_camisa) VALUES (266,'CRO','Mateo Kovacic','Manchester','Goleiro',14);
INSERT INTO jogador (id_pessoa,codigo_pais_joga,nome_conhecido,clube_origem,posicao,numero_camisa) VALUES (267,'CRO','Andrej Kramaric','Chelsea','Lateral',15 );
INSERT INTO jogador (id_pessoa,codigo_pais_joga,nome_conhecido,clube_origem,posicao,numero_camisa) VALUES (268,'CRO','Nikola Kalinic','CSKA','Lateral',16 );
INSERT INTO jogador (id_pessoa,codigo_pais_joga,nome_conhecido,clube_origem,posicao,numero_camisa) VALUES (269,'CRO','Mario Mandzukic','City','Lateral',17);
INSERT INTO jogador (id_pessoa,codigo_pais_joga,nome_conhecido,clube_origem,posicao,numero_camisa) VALUES (270,'CRO','Ivan Perisic','City','Volante',18 );
INSERT INTO jogador (id_pessoa,codigo_pais_joga,nome_conhecido,clube_origem,posicao,numero_camisa) VALUES (271,'NIG','Ikechukwu Ezenwa','Porto','Zagueiro',1);
INSERT INTO jogador (id_pessoa,codigo_pais_joga,nome_conhecido,clube_origem,posicao,numero_camisa) VALUES (272,'NIG','Elderson Echiejilé','Celtic','Atacante',2 );
INSERT INTO jogador (id_pessoa,codigo_pais_joga,nome_conhecido,clube_origem,posicao,numero_camisa) VALUES (273,'NIG','Shehu Abdullahi','Brugge','Meio-campo',3);
INSERT INTO jogador (id_pessoa,codigo_pais_joga,nome_conhecido,clube_origem,posicao,numero_camisa) VALUES (274,'NIG','William Troost-Ekong','Celtic','Lateral',4);
INSERT INTO jogador (id_pessoa,codigo_pais_joga,nome_conhecido,clube_origem,posicao,numero_camisa) VALUES (275,'NIG','Leon Balogun','Paris','Goleiro',5 );
INSERT INTO jogador (id_pessoa,codigo_pais_joga,nome_conhecido,clube_origem,posicao,numero_camisa) VALUES (276,'NIG','Kenneth Omeruo','Olympiacos','Zagueiro',6 );
INSERT INTO jogador (id_pessoa,codigo_pais_joga,nome_conhecido,clube_origem,posicao,numero_camisa) VALUES (277,'NIG','Ola Aina','Saint-Germain','Meio-campo',7);
INSERT INTO jogador (id_pessoa,codigo_pais_joga,nome_conhecido,clube_origem,posicao,numero_camisa) VALUES (278,'NIG','John Obi Mikel','Ajax','Zagueiro',8 );
INSERT INTO jogador (id_pessoa,codigo_pais_joga,nome_conhecido,clube_origem,posicao,numero_camisa) VALUES (279,'NIG','Ogenyi Onazi','Hotspur','Volante',9 );
INSERT INTO jogador (id_pessoa,codigo_pais_joga,nome_conhecido,clube_origem,posicao,numero_camisa) VALUES (280,'NIG','Etebo Oghenekaro','Real','Meio-campo',10);
INSERT INTO jogador (id_pessoa,codigo_pais_joga,nome_conhecido,clube_origem,posicao,numero_camisa) VALUES (281,'NIG','Wilfred Ndidi','Rijeka','Meio-campo',11 );
INSERT INTO jogador (id_pessoa,codigo_pais_joga,nome_conhecido,clube_origem,posicao,numero_camisa) VALUES (282,'NIG','Mikel Agu','Manchester','Volante',12);
INSERT INTO jogador (id_pessoa,codigo_pais_joga,nome_conhecido,clube_origem,posicao,numero_camisa) VALUES (283,'NIG','Ahmed Musa','Sporting','Volante',13 );
INSERT INTO jogador (id_pessoa,codigo_pais_joga,nome_conhecido,clube_origem,posicao,numero_camisa) VALUES (284,'NIG','Victor Musa','Atlético','Goleiro',14);
INSERT INTO jogador (id_pessoa,codigo_pais_joga,nome_conhecido,clube_origem,posicao,numero_camisa) VALUES (285,'NIG','Moses Simon','Saint-Germain','Volante',15 );
INSERT INTO jogador (id_pessoa,codigo_pais_joga,nome_conhecido,clube_origem,posicao,numero_camisa) VALUES (286,'NIG','Odion Ighalo','Madrid','Zagueiro',16);
INSERT INTO jogador (id_pessoa,codigo_pais_joga,nome_conhecido,clube_origem,posicao,numero_camisa) VALUES (287,'NIG','Alex Iwobi','Manchester','Meio-campo',17);
INSERT INTO jogador (id_pessoa,codigo_pais_joga,nome_conhecido,clube_origem,posicao,numero_camisa) VALUES (288,'NIG','Kelechi Iheanacho','Partizan','Atacante',18 );
INSERT INTO jogador (id_pessoa,codigo_pais_joga,nome_conhecido,clube_origem,posicao,numero_camisa) VALUES (289,'BRA','Alisson','Barcelona','Zagueiro',1 );
INSERT INTO jogador (id_pessoa,codigo_pais_joga,nome_conhecido,clube_origem,posicao,numero_camisa) VALUES (290,'BRA','Dani Alves','City','Atacante',2 );
INSERT INTO jogador (id_pessoa,codigo_pais_joga,nome_conhecido,clube_origem,posicao,numero_camisa) VALUES (291,'BRA','Thiago Silva','Kyiv','Lateral',3);
INSERT INTO jogador (id_pessoa,codigo_pais_joga,nome_conhecido,clube_origem,posicao,numero_camisa) VALUES (292,'BRA','Miranda','Sevilla','Zagueiro',4 );
INSERT INTO jogador (id_pessoa,codigo_pais_joga,nome_conhecido,clube_origem,posicao,numero_camisa) VALUES (293,'BRA','Filipe Luís','Liverpool','Goleiro',5);
INSERT INTO jogador (id_pessoa,codigo_pais_joga,nome_conhecido,clube_origem,posicao,numero_camisa) VALUES (294,'BRA','Marquinhos','Kyiv','Lateral',6);
INSERT INTO jogador (id_pessoa,codigo_pais_joga,nome_conhecido,clube_origem,posicao,numero_camisa) VALUES (295,'BRA','Marcelo','Munich','Lateral',7 );
INSERT INTO jogador (id_pessoa,codigo_pais_joga,nome_conhecido,clube_origem,posicao,numero_camisa) VALUES (296,'BRA','Willian','Hotspur','Lateral',8);
INSERT INTO jogador (id_pessoa,codigo_pais_joga,nome_conhecido,clube_origem,posicao,numero_camisa) VALUES (297,'BRA','Paulinho','Hotspur','Volante',9 );
INSERT INTO jogador (id_pessoa,codigo_pais_joga,nome_conhecido,clube_origem,posicao,numero_camisa) VALUES (298,'BRA','Fernandinho','United','Atacante',10 );
INSERT INTO jogador (id_pessoa,codigo_pais_joga,nome_conhecido,clube_origem,posicao,numero_camisa) VALUES (299,'BRA','Casemiro','City','Lateral',11 );
INSERT INTO jogador (id_pessoa,codigo_pais_joga,nome_conhecido,clube_origem,posicao,numero_camisa) VALUES (300,'BRA','Renato Augusto','Sevilla','Volante',12);
INSERT INTO jogador (id_pessoa,codigo_pais_joga,nome_conhecido,clube_origem,posicao,numero_camisa) VALUES (301,'BRA','Giuliano','Paris','Volante',13);
INSERT INTO jogador (id_pessoa,codigo_pais_joga,nome_conhecido,clube_origem,posicao,numero_camisa) VALUES (302,'BRA','Philippe Coutinho','Malmö','Goleiro',14 );
INSERT INTO jogador (id_pessoa,codigo_pais_joga,nome_conhecido,clube_origem,posicao,numero_camisa) VALUES (303,'BRA','Douglas Costa','Kyiv','Lateral',15);
INSERT INTO jogador (id_pessoa,codigo_pais_joga,nome_conhecido,clube_origem,posicao,numero_camisa) VALUES (304,'BRA','Roberto Firmino','Liverpool','Atacante',16);
INSERT INTO jogador (id_pessoa,codigo_pais_joga,nome_conhecido,clube_origem,posicao,numero_camisa) VALUES (305,'BRA','Gabriel Jesus','Olympiacos','Zagueiro',17 );
INSERT INTO jogador (id_pessoa,codigo_pais_joga,nome_conhecido,clube_origem,posicao,numero_camisa) VALUES (306,'BRA','Neymar Jr','Madrid','Volante',18);
INSERT INTO jogador (id_pessoa,codigo_pais_joga,nome_conhecido,clube_origem,posicao,numero_camisa) VALUES (307,'SWI','Yann Sommer','Malmö','Zagueiro',1 );
INSERT INTO jogador (id_pessoa,codigo_pais_joga,nome_conhecido,clube_origem,posicao,numero_camisa) VALUES (308,'SWI','Stephan Lichtsteiner','Porto','Volante',2 );
INSERT INTO jogador (id_pessoa,codigo_pais_joga,nome_conhecido,clube_origem,posicao,numero_camisa) VALUES (309,'SWI','Manuel Akanji','Dynamo','Atacante',3);
INSERT INTO jogador (id_pessoa,codigo_pais_joga,nome_conhecido,clube_origem,posicao,numero_camisa) VALUES (310,'SWI','Michael Lang','Feyenoord','Volante',4 );
INSERT INTO jogador (id_pessoa,codigo_pais_joga,nome_conhecido,clube_origem,posicao,numero_camisa) VALUES (311,'SWI','Ricardo Rodríguez','Hotspur','Goleiro',5);
INSERT INTO jogador (id_pessoa,codigo_pais_joga,nome_conhecido,clube_origem,posicao,numero_camisa) VALUES (312,'SWI','Johan Djourou','Moscow','Volante',6 );
INSERT INTO jogador (id_pessoa,codigo_pais_joga,nome_conhecido,clube_origem,posicao,numero_camisa) VALUES (313,'SWI','Fabian Schär','Saint-Germain','Volante',7 );
INSERT INTO jogador (id_pessoa,codigo_pais_joga,nome_conhecido,clube_origem,posicao,numero_camisa) VALUES (314,'SWI','Granit Xhaka','Constanța','Lateral',8 );
INSERT INTO jogador (id_pessoa,codigo_pais_joga,nome_conhecido,clube_origem,posicao,numero_camisa) VALUES (315,'SWI','Steven Zuber','Kyiv','Volante',9);
INSERT INTO jogador (id_pessoa,codigo_pais_joga,nome_conhecido,clube_origem,posicao,numero_camisa) VALUES (316,'SWI','Blerim Dzemaili','Ludogorets','Zagueiro',10 );
INSERT INTO jogador (id_pessoa,codigo_pais_joga,nome_conhecido,clube_origem,posicao,numero_camisa) VALUES (317,'SWI','Denis Zakaria','Brugge','Meio-campo',11 );
INSERT INTO jogador (id_pessoa,codigo_pais_joga,nome_conhecido,clube_origem,posicao,numero_camisa) VALUES (318,'SWI','Xherdan Shaqiri','Warsaw','Atacante',12 );
INSERT INTO jogador (id_pessoa,codigo_pais_joga,nome_conhecido,clube_origem,posicao,numero_camisa) VALUES (319,'SWI','Valon Behrami','City','Lateral',13);
INSERT INTO jogador (id_pessoa,codigo_pais_joga,nome_conhecido,clube_origem,posicao,numero_camisa) VALUES (320,'SWI','Gerson Fernandes','CP','Goleiro',14 );
INSERT INTO jogador (id_pessoa,codigo_pais_joga,nome_conhecido,clube_origem,posicao,numero_camisa) VALUES (321,'SWI','Breel Embolo','Madrid','Zagueiro',15);
INSERT INTO jogador (id_pessoa,codigo_pais_joga,nome_conhecido,clube_origem,posicao,numero_camisa) VALUES (322,'SWI','Haris Seferovic','United','Zagueiro',16 );
INSERT INTO jogador (id_pessoa,codigo_pais_joga,nome_conhecido,clube_origem,posicao,numero_camisa) VALUES (323,'SWI','Admir Mehmedi','Slavia','Atacante',17 );
INSERT INTO jogador (id_pessoa,codigo_pais_joga,nome_conhecido,clube_origem,posicao,numero_camisa) VALUES (324,'SWI','Eren Derdiyok','Barcelona','Meio-campo',18);
INSERT INTO jogador (id_pessoa,codigo_pais_joga,nome_conhecido,clube_origem,posicao,numero_camisa) VALUES (325,'CRI','Keylor Navas','Real','Meio-campo',1 );
INSERT INTO jogador (id_pessoa,codigo_pais_joga,nome_conhecido,clube_origem,posicao,numero_camisa) VALUES (326,'CRI','Giancarlo González','Olympiacos','Lateral',2);
INSERT INTO jogador (id_pessoa,codigo_pais_joga,nome_conhecido,clube_origem,posicao,numero_camisa) VALUES (327,'CRI','Cristian Gamboa','Partizan','Atacante',3);
INSERT INTO jogador (id_pessoa,codigo_pais_joga,nome_conhecido,clube_origem,posicao,numero_camisa) VALUES (328,'CRI','Bryan Oviedo','Boys','Atacante',4 );
INSERT INTO jogador (id_pessoa,codigo_pais_joga,nome_conhecido,clube_origem,posicao,numero_camisa) VALUES (329,'CRI','Francisco Calvo','Tottenham','Goleiro',5);
INSERT INTO jogador (id_pessoa,codigo_pais_joga,nome_conhecido,clube_origem,posicao,numero_camisa) VALUES (330,'CRI','Kendall Waston','Partizan','Lateral',6);
INSERT INTO jogador (id_pessoa,codigo_pais_joga,nome_conhecido,clube_origem,posicao,numero_camisa) VALUES (331,'CRI','Rónald Matarrita','Barcelona','Volante',7 );
INSERT INTO jogador (id_pessoa,codigo_pais_joga,nome_conhecido,clube_origem,posicao,numero_camisa) VALUES (332,'CRI','Michael Umaña','Ludogorets','Lateral',8 );
INSERT INTO jogador (id_pessoa,codigo_pais_joga,nome_conhecido,clube_origem,posicao,numero_camisa) VALUES (333,'CRI','Johnny Acosta','Real','Meio-campo',9);
INSERT INTO jogador (id_pessoa,codigo_pais_joga,nome_conhecido,clube_origem,posicao,numero_camisa) VALUES (334,'CRI','Bryan Ruiz','Legia','Zagueiro',10 );
INSERT INTO jogador (id_pessoa,codigo_pais_joga,nome_conhecido,clube_origem,posicao,numero_camisa) VALUES (335,'CRI','Celso Borges','Barcelona','Volante',11);
INSERT INTO jogador (id_pessoa,codigo_pais_joga,nome_conhecido,clube_origem,posicao,numero_camisa) VALUES (336,'CRI','Christian Bolaños','Paris','Lateral',12 );
INSERT INTO jogador (id_pessoa,codigo_pais_joga,nome_conhecido,clube_origem,posicao,numero_camisa) VALUES (337,'CRI','Randall Azofeifa','Prague','Atacante',13);
INSERT INTO jogador (id_pessoa,codigo_pais_joga,nome_conhecido,clube_origem,posicao,numero_camisa) VALUES (338,'CRI','David Guzmán','Ajax','Goleiro',14 );
INSERT INTO jogador (id_pessoa,codigo_pais_joga,nome_conhecido,clube_origem,posicao,numero_camisa) VALUES (339,'CRI','Rodney Wallace','Chelsea','Meio-campo',15 );
INSERT INTO jogador (id_pessoa,codigo_pais_joga,nome_conhecido,clube_origem,posicao,numero_camisa) VALUES (340,'CRI','Joel Campbell','Malmö','Meio-campo',16);
INSERT INTO jogador (id_pessoa,codigo_pais_joga,nome_conhecido,clube_origem,posicao,numero_camisa) VALUES (341,'CRI','Marco Ureña','Celtic','Meio-campo',17 );
INSERT INTO jogador (id_pessoa,codigo_pais_joga,nome_conhecido,clube_origem,posicao,numero_camisa) VALUES (342,'CRI','Johan Venegas','CP','Volante',18);
INSERT INTO jogador (id_pessoa,codigo_pais_joga,nome_conhecido,clube_origem,posicao,numero_camisa) VALUES (343,'SRB','Vladimir Stojkovic','Spartak','Zagueiro',1);
INSERT INTO jogador (id_pessoa,codigo_pais_joga,nome_conhecido,clube_origem,posicao,numero_camisa) VALUES (344,'SRB','Branislav Ivanovic','Juventus','Volante',2);
INSERT INTO jogador (id_pessoa,codigo_pais_joga,nome_conhecido,clube_origem,posicao,numero_camisa) VALUES (345,'SRB','Aleksandar Kolarov','Paris','Zagueiro',3);
INSERT INTO jogador (id_pessoa,codigo_pais_joga,nome_conhecido,clube_origem,posicao,numero_camisa) VALUES (346,'SRB','Antonio Rukavina','Moscow','Lateral',4);
INSERT INTO jogador (id_pessoa,codigo_pais_joga,nome_conhecido,clube_origem,posicao,numero_camisa) VALUES (347,'SRB','Matija Nastasic','Celtic','Goleiro',5 );
INSERT INTO jogador (id_pessoa,codigo_pais_joga,nome_conhecido,clube_origem,posicao,numero_camisa) VALUES (348,'SRB','Dusko Tosic','Brugge','Zagueiro',6);
INSERT INTO jogador (id_pessoa,codigo_pais_joga,nome_conhecido,clube_origem,posicao,numero_camisa) VALUES (349,'SRB','Nikola Maksimovic','Celtic','Volante',7 );
INSERT INTO jogador (id_pessoa,codigo_pais_joga,nome_conhecido,clube_origem,posicao,numero_camisa) VALUES (350,'SRB','Jagos Vukovic','Rijeka','Zagueiro',8);
INSERT INTO jogador (id_pessoa,codigo_pais_joga,nome_conhecido,clube_origem,posicao,numero_camisa) VALUES (351,'SRB','Dusan Tadic','Astana','Meio-campo',9);
INSERT INTO jogador (id_pessoa,codigo_pais_joga,nome_conhecido,clube_origem,posicao,numero_camisa) VALUES (352,'SRB','Sergej Milinkovic-Savic','Basel','Lateral',10 );
INSERT INTO jogador (id_pessoa,codigo_pais_joga,nome_conhecido,clube_origem,posicao,numero_camisa) VALUES (353,'SRB','Nemanja Matic','Celtic','Atacante',11 );
INSERT INTO jogador (id_pessoa,codigo_pais_joga,nome_conhecido,clube_origem,posicao,numero_camisa) VALUES (354,'SRB','Luka Milivojevic','Atlético','Zagueiro',12);
INSERT INTO jogador (id_pessoa,codigo_pais_joga,nome_conhecido,clube_origem,posicao,numero_camisa) VALUES (355,'SRB','Adem Ljajic','Madrid','Volante',13);
INSERT INTO jogador (id_pessoa,codigo_pais_joga,nome_conhecido,clube_origem,posicao,numero_camisa) VALUES (356,'SRB','Nemanja Gudelj','Barcelona','Goleiro',14);
INSERT INTO jogador (id_pessoa,codigo_pais_joga,nome_conhecido,clube_origem,posicao,numero_camisa) VALUES (357,'SRB','Mijat Gacinovic','Basel','Lateral',15 );
INSERT INTO jogador (id_pessoa,codigo_pais_joga,nome_conhecido,clube_origem,posicao,numero_camisa) VALUES (358,'SRB','Filip Kostic','Porto','Atacante',16 );
INSERT INTO jogador (id_pessoa,codigo_pais_joga,nome_conhecido,clube_origem,posicao,numero_camisa) VALUES (359,'SRB','Aleksandar Mitrovic','CP','Meio-campo',17 );
INSERT INTO jogador (id_pessoa,codigo_pais_joga,nome_conhecido,clube_origem,posicao,numero_camisa) VALUES (360,'SRB','Aleksandar Prijovic','Warsaw','Volante',18);
INSERT INTO jogador (id_pessoa,codigo_pais_joga,nome_conhecido,clube_origem,posicao,numero_camisa) VALUES (361,'GER','Manuel Neuer','Razgrad','Lateral',1 );
INSERT INTO jogador (id_pessoa,codigo_pais_joga,nome_conhecido,clube_origem,posicao,numero_camisa) VALUES (362,'GER','Mats Hummels','City','Volante',2);
INSERT INTO jogador (id_pessoa,codigo_pais_joga,nome_conhecido,clube_origem,posicao,numero_camisa) VALUES (363,'GER','Antonio Rüdiger','Juventus','Lateral',3 );
INSERT INTO jogador (id_pessoa,codigo_pais_joga,nome_conhecido,clube_origem,posicao,numero_camisa) VALUES (364,'GER','Jérôme Boateng','Olympiacos','Zagueiro',4 );
INSERT INTO jogador (id_pessoa,codigo_pais_joga,nome_conhecido,clube_origem,posicao,numero_camisa) VALUES (365,'GER','Joshua Kimmich','Saint-Germain','Goleiro',5 );
INSERT INTO jogador (id_pessoa,codigo_pais_joga,nome_conhecido,clube_origem,posicao,numero_camisa) VALUES (366,'GER','Jonas Hector','Sporting','Lateral',6);
INSERT INTO jogador (id_pessoa,codigo_pais_joga,nome_conhecido,clube_origem,posicao,numero_camisa) VALUES (367,'GER','Julian Draxler','Prague','Zagueiro',7 );
INSERT INTO jogador (id_pessoa,codigo_pais_joga,nome_conhecido,clube_origem,posicao,numero_camisa) VALUES (368,'GER','Toni Kroos','Constanța','Meio-campo',8);
INSERT INTO jogador (id_pessoa,codigo_pais_joga,nome_conhecido,clube_origem,posicao,numero_camisa) VALUES (369,'GER','Emre Can','Warsaw','Atacante',9 );
INSERT INTO jogador (id_pessoa,codigo_pais_joga,nome_conhecido,clube_origem,posicao,numero_camisa) VALUES (370,'GER','Leon Goretzka','Madrid','Volante',10);
INSERT INTO jogador (id_pessoa,codigo_pais_joga,nome_conhecido,clube_origem,posicao,numero_camisa) VALUES (371,'GER','Julian Brandt','Madrid','Zagueiro',11 );
INSERT INTO jogador (id_pessoa,codigo_pais_joga,nome_conhecido,clube_origem,posicao,numero_camisa) VALUES (372,'GER','Sebastian Rudy','Ajax','Volante',12 );
INSERT INTO jogador (id_pessoa,codigo_pais_joga,nome_conhecido,clube_origem,posicao,numero_camisa) VALUES (373,'GER','Leroy Sané','Dynamo','Zagueiro',13);
INSERT INTO jogador (id_pessoa,codigo_pais_joga,nome_conhecido,clube_origem,posicao,numero_camisa) VALUES (374,'GER','Mesut Özil','Young','Goleiro',14);
INSERT INTO jogador (id_pessoa,codigo_pais_joga,nome_conhecido,clube_origem,posicao,numero_camisa) VALUES (375,'GER','Sami Khedira','Ludogorets','Zagueiro',15);
INSERT INTO jogador (id_pessoa,codigo_pais_joga,nome_conhecido,clube_origem,posicao,numero_camisa) VALUES (376,'GER','Mario Götze','Boys','Volante',16);
INSERT INTO jogador (id_pessoa,codigo_pais_joga,nome_conhecido,clube_origem,posicao,numero_camisa) VALUES (377,'GER','Thomas Müller','Feyenoord','Meio-campo',17);
INSERT INTO jogador (id_pessoa,codigo_pais_joga,nome_conhecido,clube_origem,posicao,numero_camisa) VALUES (378,'GER','Timo Werner','United','Meio-campo',18 );
INSERT INTO jogador (id_pessoa,codigo_pais_joga,nome_conhecido,clube_origem,posicao,numero_camisa) VALUES (379,'MEX','Guillermo Ochoa','Tottenham','Meio-campo',1 );
INSERT INTO jogador (id_pessoa,codigo_pais_joga,nome_conhecido,clube_origem,posicao,numero_camisa) VALUES (380,'MEX','Hugo Ayala','Manchester','Lateral',2);
INSERT INTO jogador (id_pessoa,codigo_pais_joga,nome_conhecido,clube_origem,posicao,numero_camisa) VALUES (381,'MEX','Diego Reyes','Rijeka','Zagueiro',3);
INSERT INTO jogador (id_pessoa,codigo_pais_joga,nome_conhecido,clube_origem,posicao,numero_camisa) VALUES (382,'MEX','Héctor Moreno','Basel','Volante',4);
INSERT INTO jogador (id_pessoa,codigo_pais_joga,nome_conhecido,clube_origem,posicao,numero_camisa) VALUES (383,'MEX','Jesús Gallardo','Moscow','Goleiro',5);
INSERT INTO jogador (id_pessoa,codigo_pais_joga,nome_conhecido,clube_origem,posicao,numero_camisa) VALUES (384,'MEX','Miguel Layún','Saint-Germain','Lateral',6 );
INSERT INTO jogador (id_pessoa,codigo_pais_joga,nome_conhecido,clube_origem,posicao,numero_camisa) VALUES (385,'MEX','Carlos Salcedo','Feyenoord','Meio-campo',7);
INSERT INTO jogador (id_pessoa,codigo_pais_joga,nome_conhecido,clube_origem,posicao,numero_camisa) VALUES (386,'MEX','Jonathan dos Santos','Viitorul','Zagueiro',8);
INSERT INTO jogador (id_pessoa,codigo_pais_joga,nome_conhecido,clube_origem,posicao,numero_camisa) VALUES (387,'MEX','Giovani dos Santos','Barcelona','Zagueiro',9);
INSERT INTO jogador (id_pessoa,codigo_pais_joga,nome_conhecido,clube_origem,posicao,numero_camisa) VALUES (388,'MEX','Andrés Guardado','Rijeka','Meio-campo',10 );
INSERT INTO jogador (id_pessoa,codigo_pais_joga,nome_conhecido,clube_origem,posicao,numero_camisa) VALUES (389,'MEX','Héctor Herrera','Sevilla','Meio-campo',11 );
INSERT INTO jogador (id_pessoa,codigo_pais_joga,nome_conhecido,clube_origem,posicao,numero_camisa) VALUES (390,'MEX','Javier Aquino','FF','Atacante',12 );
INSERT INTO jogador (id_pessoa,codigo_pais_joga,nome_conhecido,clube_origem,posicao,numero_camisa) VALUES (391,'MEX','Jesús Corona','Ludogorets','Lateral',13 );
INSERT INTO jogador (id_pessoa,codigo_pais_joga,nome_conhecido,clube_origem,posicao,numero_camisa) VALUES (392,'MEX','Hirving Lozano','Basel','Goleiro',14);
INSERT INTO jogador (id_pessoa,codigo_pais_joga,nome_conhecido,clube_origem,posicao,numero_camisa) VALUES (393,'MEX','Raúl Jiménez','Saint-Germain','Zagueiro',15 );
INSERT INTO jogador (id_pessoa,codigo_pais_joga,nome_conhecido,clube_origem,posicao,numero_camisa) VALUES (394,'MEX','Carlos Vela','Astana','Volante',16);
INSERT INTO jogador (id_pessoa,codigo_pais_joga,nome_conhecido,clube_origem,posicao,numero_camisa) VALUES (395,'MEX','Javier Hernández','Malmö','Meio-campo',17 );
INSERT INTO jogador (id_pessoa,codigo_pais_joga,nome_conhecido,clube_origem,posicao,numero_camisa) VALUES (396,'MEX','Oribe Peralta','Moscow','Volante',18);
INSERT INTO jogador (id_pessoa,codigo_pais_joga,nome_conhecido,clube_origem,posicao,numero_camisa) VALUES (397,'SWE','Robin Olsen','Moscow','Zagueiro',1);
INSERT INTO jogador (id_pessoa,codigo_pais_joga,nome_conhecido,clube_origem,posicao,numero_camisa) VALUES (398,'SWE','Mikel Lustig','Rijeka','Atacante',2 );
INSERT INTO jogador (id_pessoa,codigo_pais_joga,nome_conhecido,clube_origem,posicao,numero_camisa) VALUES (399,'SWE','Victor Nilsson Lindelöf','Bayern','Zagueiro',3);
INSERT INTO jogador (id_pessoa,codigo_pais_joga,nome_conhecido,clube_origem,posicao,numero_camisa) VALUES (400,'SWE','Andreas Granqvist','Astana','Meio-campo',4);
INSERT INTO jogador (id_pessoa,codigo_pais_joga,nome_conhecido,clube_origem,posicao,numero_camisa) VALUES (401,'SWE','Martin Olsson','Spartak','Goleiro',5);
INSERT INTO jogador (id_pessoa,codigo_pais_joga,nome_conhecido,clube_origem,posicao,numero_camisa) VALUES (402,'SWE','Ludwig Augustinsson','Manchester','Lateral',6 );
INSERT INTO jogador (id_pessoa,codigo_pais_joga,nome_conhecido,clube_origem,posicao,numero_camisa) VALUES (403,'SWE','Emil Krafth','Liverpool','Volante',7);
INSERT INTO jogador (id_pessoa,codigo_pais_joga,nome_conhecido,clube_origem,posicao,numero_camisa) VALUES (404,'SWE','Pontus Jansson','Sevilla','Volante',8 );
INSERT INTO jogador (id_pessoa,codigo_pais_joga,nome_conhecido,clube_origem,posicao,numero_camisa) VALUES (405,'SWE','Sebastian Larsson','Boys','Zagueiro',9);
INSERT INTO jogador (id_pessoa,codigo_pais_joga,nome_conhecido,clube_origem,posicao,numero_camisa) VALUES (406,'SWE','Emil Forsberg','Saint-Germain','Lateral',10 );
INSERT INTO jogador (id_pessoa,codigo_pais_joga,nome_conhecido,clube_origem,posicao,numero_camisa) VALUES (407,'SWE','Gustav Svensson','Porto','Meio-campo',11);
INSERT INTO jogador (id_pessoa,codigo_pais_joga,nome_conhecido,clube_origem,posicao,numero_camisa) VALUES (408,'SWE','Viktor Claesson','Prague','Zagueiro',12 );
INSERT INTO jogador (id_pessoa,codigo_pais_joga,nome_conhecido,clube_origem,posicao,numero_camisa) VALUES (409,'SWE','Jimmy Durmaz','Moscow','Zagueiro',13);
INSERT INTO jogador (id_pessoa,codigo_pais_joga,nome_conhecido,clube_origem,posicao,numero_camisa) VALUES (410,'SWE','Albin Ekdal','Bayern','Goleiro',14);
INSERT INTO jogador (id_pessoa,codigo_pais_joga,nome_conhecido,clube_origem,posicao,numero_camisa) VALUES (411,'SWE','Isaac Kiese Thelin','Ajax','Meio-campo',15);
INSERT INTO jogador (id_pessoa,codigo_pais_joga,nome_conhecido,clube_origem,posicao,numero_camisa) VALUES (412,'SWE','Marcus Berg','FF','Meio-campo',16 );
INSERT INTO jogador (id_pessoa,codigo_pais_joga,nome_conhecido,clube_origem,posicao,numero_camisa) VALUES (413,'SWE','John Guidetti','Partizan','Volante',17);
INSERT INTO jogador (id_pessoa,codigo_pais_joga,nome_conhecido,clube_origem,posicao,numero_camisa) VALUES (414,'SWE','Ola Toivonen','Madrid','Meio-campo',18);
INSERT INTO jogador (id_pessoa,codigo_pais_joga,nome_conhecido,clube_origem,posicao,numero_camisa) VALUES (415,'KOR','Kim Seunggyu','Razgrad','Lateral',1 );
INSERT INTO jogador (id_pessoa,codigo_pais_joga,nome_conhecido,clube_origem,posicao,numero_camisa) VALUES (416,'KOR','Kim Younggwon','Brugge','Volante',2 );
INSERT INTO jogador (id_pessoa,codigo_pais_joga,nome_conhecido,clube_origem,posicao,numero_camisa) VALUES (417,'KOR','Kim Jinsu','Atlético','Zagueiro',3);
INSERT INTO jogador (id_pessoa,codigo_pais_joga,nome_conhecido,clube_origem,posicao,numero_camisa) VALUES (418,'KOR','Kwak Taehwi','United','Meio-campo',4);
INSERT INTO jogador (id_pessoa,codigo_pais_joga,nome_conhecido,clube_origem,posicao,numero_camisa) VALUES (419,'KOR','Hong Jeongho','Feyenoord','Goleiro',5 );
INSERT INTO jogador (id_pessoa,codigo_pais_joga,nome_conhecido,clube_origem,posicao,numero_camisa) VALUES (420,'KOR','Jang Hyunsoo','Brugge','Lateral',6);
INSERT INTO jogador (id_pessoa,codigo_pais_joga,nome_conhecido,clube_origem,posicao,numero_camisa) VALUES (421,'KOR','Koo Jacheol','Celtic','Atacante',7);
INSERT INTO jogador (id_pessoa,codigo_pais_joga,nome_conhecido,clube_origem,posicao,numero_camisa) VALUES (422,'KOR','Kwon Changhoon','Partizan','Zagueiro',8 );
INSERT INTO jogador (id_pessoa,codigo_pais_joga,nome_conhecido,clube_origem,posicao,numero_camisa) VALUES (423,'KOR','Ki Sungyueng','Manchester','Meio-campo',9 );
INSERT INTO jogador (id_pessoa,codigo_pais_joga,nome_conhecido,clube_origem,posicao,numero_camisa) VALUES (424,'KOR','Nam Taehee','Juventus','Lateral',10 );
INSERT INTO jogador (id_pessoa,codigo_pais_joga,nome_conhecido,clube_origem,posicao,numero_camisa) VALUES (425,'KOR','Han Kookyoung','Constanța','Zagueiro',11);
INSERT INTO jogador (id_pessoa,codigo_pais_joga,nome_conhecido,clube_origem,posicao,numero_camisa) VALUES (426,'KOR','Lee Chungyoung','Slavia','Zagueiro',12);
INSERT INTO jogador (id_pessoa,codigo_pais_joga,nome_conhecido,clube_origem,posicao,numero_camisa) VALUES (427,'KOR','Jung Wooyoung','Brugge','Meio-campo',13 );
INSERT INTO jogador (id_pessoa,codigo_pais_joga,nome_conhecido,clube_origem,posicao,numero_camisa) VALUES (428,'KOR','Lee Jaesung','Olympiacos','Goleiro',14);
INSERT INTO jogador (id_pessoa,codigo_pais_joga,nome_conhecido,clube_origem,posicao,numero_camisa) VALUES (429,'KOR','Son Heungmin','Sporting','Meio-campo',15);
INSERT INTO jogador (id_pessoa,codigo_pais_joga,nome_conhecido,clube_origem,posicao,numero_camisa) VALUES (430,'KOR','Ji Dongwon','Liverpool','Atacante',16 );
INSERT INTO jogador (id_pessoa,codigo_pais_joga,nome_conhecido,clube_origem,posicao,numero_camisa) VALUES (431,'KOR','Kim Shinwook','Hotspur','Lateral',17);
INSERT INTO jogador (id_pessoa,codigo_pais_joga,nome_conhecido,clube_origem,posicao,numero_camisa) VALUES (432,'KOR','Hwang Heechan','Samtredia','Zagueiro',18);
INSERT INTO jogador (id_pessoa,codigo_pais_joga,nome_conhecido,clube_origem,posicao,numero_camisa) VALUES (433,'BEL','Thibaut Courtois','Spartak','Lateral',1 );
INSERT INTO jogador (id_pessoa,codigo_pais_joga,nome_conhecido,clube_origem,posicao,numero_camisa) VALUES (434,'BEL','Toby Alderweireld','City','Zagueiro',2);
INSERT INTO jogador (id_pessoa,codigo_pais_joga,nome_conhecido,clube_origem,posicao,numero_camisa) VALUES (435,'BEL','Thomas Vermaelen','Barcelona','Lateral',3 );
INSERT INTO jogador (id_pessoa,codigo_pais_joga,nome_conhecido,clube_origem,posicao,numero_camisa) VALUES (436,'BEL','Jan Vertonghen','Razgrad','Lateral',4 );
INSERT INTO jogador (id_pessoa,codigo_pais_joga,nome_conhecido,clube_origem,posicao,numero_camisa) VALUES (437,'BEL','Vincent Kompany','Dynamo','Goleiro',5 );
INSERT INTO jogador (id_pessoa,codigo_pais_joga,nome_conhecido,clube_origem,posicao,numero_camisa) VALUES (438,'BEL','Thomas Meunier','Bayern','Atacante',6 );
INSERT INTO jogador (id_pessoa,codigo_pais_joga,nome_conhecido,clube_origem,posicao,numero_camisa) VALUES (439,'BEL','Axel Witsel','Warsaw','Zagueiro',7);
INSERT INTO jogador (id_pessoa,codigo_pais_joga,nome_conhecido,clube_origem,posicao,numero_camisa) VALUES (440,'BEL','Radja Nainggolan','Saint-Germain','Volante',8 );
INSERT INTO jogador (id_pessoa,codigo_pais_joga,nome_conhecido,clube_origem,posicao,numero_camisa) VALUES (441,'BEL','Kevin De Bruyne','Malmö','Meio-campo',9 );
INSERT INTO jogador (id_pessoa,codigo_pais_joga,nome_conhecido,clube_origem,posicao,numero_camisa) VALUES (442,'BEL','Marouane Fellaini','Sevilla','Lateral',10 );
INSERT INTO jogador (id_pessoa,codigo_pais_joga,nome_conhecido,clube_origem,posicao,numero_camisa) VALUES (443,'BEL','Youri Tielemans','Tottenham','Meio-campo',11);
INSERT INTO jogador (id_pessoa,codigo_pais_joga,nome_conhecido,clube_origem,posicao,numero_camisa) VALUES (444,'BEL','Mousa Dembélé','Olympiacos','Atacante',12 );
INSERT INTO jogador (id_pessoa,codigo_pais_joga,nome_conhecido,clube_origem,posicao,numero_camisa) VALUES (445,'BEL','Nacer Chadli','Barcelona','Lateral',13);
INSERT INTO jogador (id_pessoa,codigo_pais_joga,nome_conhecido,clube_origem,posicao,numero_camisa) VALUES (446,'BEL','Eden Hazard','Paris','Goleiro',14 );
INSERT INTO jogador (id_pessoa,codigo_pais_joga,nome_conhecido,clube_origem,posicao,numero_camisa) VALUES (447,'BEL','Yannick Carrasco','CP','Meio-campo',15);
INSERT INTO jogador (id_pessoa,codigo_pais_joga,nome_conhecido,clube_origem,posicao,numero_camisa) VALUES (448,'BEL','Dries Mertens','Bayern','Lateral',16);
INSERT INTO jogador (id_pessoa,codigo_pais_joga,nome_conhecido,clube_origem,posicao,numero_camisa) VALUES (449,'BEL','Michy Batshuayi','Young','Lateral',17 );
INSERT INTO jogador (id_pessoa,codigo_pais_joga,nome_conhecido,clube_origem,posicao,numero_camisa) VALUES (450,'BEL','Romelu Lukaku','Basel','Atacante',18);
INSERT INTO jogador (id_pessoa,codigo_pais_joga,nome_conhecido,clube_origem,posicao,numero_camisa) VALUES (451,'PAN','Jaime Penedo','Tottenham','Volante',1 );
INSERT INTO jogador (id_pessoa,codigo_pais_joga,nome_conhecido,clube_origem,posicao,numero_camisa) VALUES (452,'PAN','José Calderón','Young','Meio-campo',2 );
INSERT INTO jogador (id_pessoa,codigo_pais_joga,nome_conhecido,clube_origem,posicao,numero_camisa) VALUES (453,'PAN','Michael Murillo','Viitorul','Zagueiro',3);
INSERT INTO jogador (id_pessoa,codigo_pais_joga,nome_conhecido,clube_origem,posicao,numero_camisa) VALUES (454,'PAN','Fidel Escobar','Bayern','Lateral',4 );
INSERT INTO jogador (id_pessoa,codigo_pais_joga,nome_conhecido,clube_origem,posicao,numero_camisa) VALUES (455,'PAN','Román Torres','CSKA','Goleiro',5);
INSERT INTO jogador (id_pessoa,codigo_pais_joga,nome_conhecido,clube_origem,posicao,numero_camisa) VALUES (456,'PAN','Adolfo Machado','Legia','Zagueiro',6);
INSERT INTO jogador (id_pessoa,codigo_pais_joga,nome_conhecido,clube_origem,posicao,numero_camisa) VALUES (457,'PAN','Éric Davis','City','Volante',7);
INSERT INTO jogador (id_pessoa,codigo_pais_joga,nome_conhecido,clube_origem,posicao,numero_camisa) VALUES (458,'PAN','Luis Ovalle','Young','Zagueiro',8 );
INSERT INTO jogador (id_pessoa,codigo_pais_joga,nome_conhecido,clube_origem,posicao,numero_camisa) VALUES (459,'PAN','Felipe Baloy','Real','Volante',9);
INSERT INTO jogador (id_pessoa,codigo_pais_joga,nome_conhecido,clube_origem,posicao,numero_camisa) VALUES (460,'PAN','Gabriel Gómez','Dynamo','Meio-campo',10 );
INSERT INTO jogador (id_pessoa,codigo_pais_joga,nome_conhecido,clube_origem,posicao,numero_camisa) VALUES (461,'PAN','Édgar Bárcenas','Porto','Lateral',11);
INSERT INTO jogador (id_pessoa,codigo_pais_joga,nome_conhecido,clube_origem,posicao,numero_camisa) VALUES (462,'PAN','Armando Cooper','Chelsea','Meio-campo',12 );
INSERT INTO jogador (id_pessoa,codigo_pais_joga,nome_conhecido,clube_origem,posicao,numero_camisa) VALUES (463,'PAN','Alberto Quintero','Paris','Meio-campo',13 );
INSERT INTO jogador (id_pessoa,codigo_pais_joga,nome_conhecido,clube_origem,posicao,numero_camisa) VALUES (464,'PAN','Aníbal Godoy','Feyenoord','Goleiro',14);
INSERT INTO jogador (id_pessoa,codigo_pais_joga,nome_conhecido,clube_origem,posicao,numero_camisa) VALUES (465,'PAN','Blas Pérez','Porto','Atacante',15 );
INSERT INTO jogador (id_pessoa,codigo_pais_joga,nome_conhecido,clube_origem,posicao,numero_camisa) VALUES (466,'PAN','Gabriel Torres','Porto','Lateral',16);
INSERT INTO jogador (id_pessoa,codigo_pais_joga,nome_conhecido,clube_origem,posicao,numero_camisa) VALUES (467,'PAN','Luis Tejada','Ludogorets','Atacante',17 );
INSERT INTO jogador (id_pessoa,codigo_pais_joga,nome_conhecido,clube_origem,posicao,numero_camisa) VALUES (468,'PAN','Abdiel Arroyo','Juventus','Meio-campo',18 );
INSERT INTO jogador (id_pessoa,codigo_pais_joga,nome_conhecido,clube_origem,posicao,numero_camisa) VALUES (469,'TUN','Aymen Mathlouthi','Madrid','Meio-campo',1 );
INSERT INTO jogador (id_pessoa,codigo_pais_joga,nome_conhecido,clube_origem,posicao,numero_camisa) VALUES (470,'TUN','Ali Maâloul','Real','Zagueiro',2);
INSERT INTO jogador (id_pessoa,codigo_pais_joga,nome_conhecido,clube_origem,posicao,numero_camisa) VALUES (471,'TUN','Syam Ben Youssef','Spartak','Meio-campo',3);
INSERT INTO jogador (id_pessoa,codigo_pais_joga,nome_conhecido,clube_origem,posicao,numero_camisa) VALUES (472,'TUN','Aymen Abdennour','Real','Zagueiro',4);
INSERT INTO jogador (id_pessoa,codigo_pais_joga,nome_conhecido,clube_origem,posicao,numero_camisa) VALUES (473,'TUN','Hamdi Naguez','City','Goleiro',5);
INSERT INTO jogador (id_pessoa,codigo_pais_joga,nome_conhecido,clube_origem,posicao,numero_camisa) VALUES (474,'TUN','Yassine Meriah','Basel','Meio-campo',6);
INSERT INTO jogador (id_pessoa,codigo_pais_joga,nome_conhecido,clube_origem,posicao,numero_camisa) VALUES (475,'TUN','Oussama Haddadi','Slavia','Meio-campo',7);
INSERT INTO jogador (id_pessoa,codigo_pais_joga,nome_conhecido,clube_origem,posicao,numero_camisa) VALUES (476,'TUN','Ferjani Sassi','Madrid','Volante',8 );
INSERT INTO jogador (id_pessoa,codigo_pais_joga,nome_conhecido,clube_origem,posicao,numero_camisa) VALUES (477,'TUN','Wahbi Khazri','City','Atacante',9 );
INSERT INTO jogador (id_pessoa,codigo_pais_joga,nome_conhecido,clube_origem,posicao,numero_camisa) VALUES (478,'TUN','Mohamed Amine Ben Amor','Ludogorets','Volante',10);
INSERT INTO jogador (id_pessoa,codigo_pais_joga,nome_conhecido,clube_origem,posicao,numero_camisa) VALUES (479,'TUN','Ghaylène Chaalali','Porto','Atacante',11);
INSERT INTO jogador (id_pessoa,codigo_pais_joga,nome_conhecido,clube_origem,posicao,numero_camisa) VALUES (480,'TUN','Naïm Sliti','Manchester','Volante',12 );
INSERT INTO jogador (id_pessoa,codigo_pais_joga,nome_conhecido,clube_origem,posicao,numero_camisa) VALUES (481,'TUN','Youssef Msakni','Liverpool','Lateral',13);
INSERT INTO jogador (id_pessoa,codigo_pais_joga,nome_conhecido,clube_origem,posicao,numero_camisa) VALUES (482,'TUN','Fakhreddine Ben Youssef','Moscow','Goleiro',14);
INSERT INTO jogador (id_pessoa,codigo_pais_joga,nome_conhecido,clube_origem,posicao,numero_camisa) VALUES (483,'TUN','Taha Yassine Khenissi','Ajax','Atacante',15 );
INSERT INTO jogador (id_pessoa,codigo_pais_joga,nome_conhecido,clube_origem,posicao,numero_camisa) VALUES (484,'TUN','Yoann Touzghar','Atlético','Atacante',16);
INSERT INTO jogador (id_pessoa,codigo_pais_joga,nome_conhecido,clube_origem,posicao,numero_camisa) VALUES (485,'TUN','Anice Bradi','United','Meio-campo',17 );
INSERT INTO jogador (id_pessoa,codigo_pais_joga,nome_conhecido,clube_origem,posicao,numero_camisa) VALUES (486,'TUN','Ahmed Akaïchi','Astana','Lateral',18);
INSERT INTO jogador (id_pessoa,codigo_pais_joga,nome_conhecido,clube_origem,posicao,numero_camisa) VALUES (487,'ENG','Joe Hart','Feyenoord','Volante',1 );
INSERT INTO jogador (id_pessoa,codigo_pais_joga,nome_conhecido,clube_origem,posicao,numero_camisa) VALUES (488,'ENG','Jordan Pickford','Kyiv','Meio-campo',2);
INSERT INTO jogador (id_pessoa,codigo_pais_joga,nome_conhecido,clube_origem,posicao,numero_camisa) VALUES (489,'ENG','Gary Cahill','Ludogorets','Atacante',3);
INSERT INTO jogador (id_pessoa,codigo_pais_joga,nome_conhecido,clube_origem,posicao,numero_camisa) VALUES (490,'ENG','Kyle Walker','Sevilla','Meio-campo',4 );
INSERT INTO jogador (id_pessoa,codigo_pais_joga,nome_conhecido,clube_origem,posicao,numero_camisa) VALUES (491,'ENG','John Stones','Boys','Goleiro',5 );
INSERT INTO jogador (id_pessoa,codigo_pais_joga,nome_conhecido,clube_origem,posicao,numero_camisa) VALUES (492,'ENG','Ryan Bertrand','Manchester','Lateral',6 );
INSERT INTO jogador (id_pessoa,codigo_pais_joga,nome_conhecido,clube_origem,posicao,numero_camisa) VALUES (493,'ENG','Danny Rose','Dynamo','Meio-campo',7 );
INSERT INTO jogador (id_pessoa,codigo_pais_joga,nome_conhecido,clube_origem,posicao,numero_camisa) VALUES (494,'ENG','Phil Jones','City','Atacante',8 );
INSERT INTO jogador (id_pessoa,codigo_pais_joga,nome_conhecido,clube_origem,posicao,numero_camisa) VALUES (495,'ENG','Jordan Henderson','Partizan','Zagueiro',9 );
INSERT INTO jogador (id_pessoa,codigo_pais_joga,nome_conhecido,clube_origem,posicao,numero_camisa) VALUES (496,'ENG','Alex Oxlade-Chamberlain','Moscow','Volante',10);
INSERT INTO jogador (id_pessoa,codigo_pais_joga,nome_conhecido,clube_origem,posicao,numero_camisa) VALUES (497,'ENG','Dele Alli','Moscow','Meio-campo',11 );
INSERT INTO jogador (id_pessoa,codigo_pais_joga,nome_conhecido,clube_origem,posicao,numero_camisa) VALUES (498,'ENG','Eric Dier','Real','Lateral',12);
INSERT INTO jogador (id_pessoa,codigo_pais_joga,nome_conhecido,clube_origem,posicao,numero_camisa) VALUES (499,'ENG','Adam Lallana','Basel','Volante',13);
INSERT INTO jogador (id_pessoa,codigo_pais_joga,nome_conhecido,clube_origem,posicao,numero_camisa) VALUES (500,'ENG','Jesse Lingard','Bayern','Goleiro',14);
INSERT INTO jogador (id_pessoa,codigo_pais_joga,nome_conhecido,clube_origem,posicao,numero_camisa) VALUES (501,'ENG','Raheem Sterling','Barcelona','Zagueiro',15);
INSERT INTO jogador (id_pessoa,codigo_pais_joga,nome_conhecido,clube_origem,posicao,numero_camisa) VALUES (502,'ENG','Harry Kane','CSKA','Atacante',16);
INSERT INTO jogador (id_pessoa,codigo_pais_joga,nome_conhecido,clube_origem,posicao,numero_camisa) VALUES (503,'ENG','Marcus Rashford','Paris','Meio-campo',17);
INSERT INTO jogador (id_pessoa,codigo_pais_joga,nome_conhecido,clube_origem,posicao,numero_camisa) VALUES (504,'ENG','Jamie Vardy','Viitorul','Atacante',18 );
INSERT INTO jogador (id_pessoa,codigo_pais_joga,nome_conhecido,clube_origem,posicao,numero_camisa) VALUES (505,'POL','Lukasz Fabianski','Kyiv','Zagueiro',1 );
INSERT INTO jogador (id_pessoa,codigo_pais_joga,nome_conhecido,clube_origem,posicao,numero_camisa) VALUES (506,'POL','Wojciech Szczesny','Dynamo','Atacante',2);
INSERT INTO jogador (id_pessoa,codigo_pais_joga,nome_conhecido,clube_origem,posicao,numero_camisa) VALUES (507,'POL','Lukasz Piszczek','CSKA','Zagueiro',3);
INSERT INTO jogador (id_pessoa,codigo_pais_joga,nome_conhecido,clube_origem,posicao,numero_camisa) VALUES (508,'POL','Kamil Glik','Madrid','Lateral',4);
INSERT INTO jogador (id_pessoa,codigo_pais_joga,nome_conhecido,clube_origem,posicao,numero_camisa) VALUES (509,'POL','Michal Pazdan','Bayern','Goleiro',5 );
INSERT INTO jogador (id_pessoa,codigo_pais_joga,nome_conhecido,clube_origem,posicao,numero_camisa) VALUES (510,'POL','Thiago Cionek','Olympiacos','Zagueiro',6);
INSERT INTO jogador (id_pessoa,codigo_pais_joga,nome_conhecido,clube_origem,posicao,numero_camisa) VALUES (511,'POL','Bartosz Bereszynski','Ludogorets','Meio-campo',7);
INSERT INTO jogador (id_pessoa,codigo_pais_joga,nome_conhecido,clube_origem,posicao,numero_camisa) VALUES (512,'POL','Artur Jedrzejczyk','Brugge','Volante',8 );
INSERT INTO jogador (id_pessoa,codigo_pais_joga,nome_conhecido,clube_origem,posicao,numero_camisa) VALUES (513,'POL','Maciej Rybus','Viitorul','Lateral',9);
INSERT INTO jogador (id_pessoa,codigo_pais_joga,nome_conhecido,clube_origem,posicao,numero_camisa) VALUES (514,'POL','Jakub Blaszczykowski','Rijeka','Meio-campo',10);
INSERT INTO jogador (id_pessoa,codigo_pais_joga,nome_conhecido,clube_origem,posicao,numero_camisa) VALUES (515,'POL','Kamil Grosicki','Atlético','Lateral',11 );
INSERT INTO jogador (id_pessoa,codigo_pais_joga,nome_conhecido,clube_origem,posicao,numero_camisa) VALUES (516,'POL','Grzegorz Krychowiak','Celtic','Meio-campo',12 );
INSERT INTO jogador (id_pessoa,codigo_pais_joga,nome_conhecido,clube_origem,posicao,numero_camisa) VALUES (517,'POL','Krzysztof Maczynski','Saint-Germain','Meio-campo',13);
INSERT INTO jogador (id_pessoa,codigo_pais_joga,nome_conhecido,clube_origem,posicao,numero_camisa) VALUES (518,'POL','Piotr Zielinski','Dynamo','Goleiro',14);
INSERT INTO jogador (id_pessoa,codigo_pais_joga,nome_conhecido,clube_origem,posicao,numero_camisa) VALUES (519,'POL','Karol Linetty','Ajax','Zagueiro',15 );
INSERT INTO jogador (id_pessoa,codigo_pais_joga,nome_conhecido,clube_origem,posicao,numero_camisa) VALUES (520,'POL','Robert Lewandowski','United','Zagueiro',16);
INSERT INTO jogador (id_pessoa,codigo_pais_joga,nome_conhecido,clube_origem,posicao,numero_camisa) VALUES (521,'POL','Lukasz Teodorczyk','Sporting','Lateral',17);
INSERT INTO jogador (id_pessoa,codigo_pais_joga,nome_conhecido,clube_origem,posicao,numero_camisa) VALUES (522,'POL','Arkadiusz Milik','Constanța','Volante',18 );
INSERT INTO jogador (id_pessoa,codigo_pais_joga,nome_conhecido,clube_origem,posicao,numero_camisa) VALUES (523,'SEN','Khadim N’Diaye','Porto','Zagueiro',1);
INSERT INTO jogador (id_pessoa,codigo_pais_joga,nome_conhecido,clube_origem,posicao,numero_camisa) VALUES (524,'SEN','Kara Mbodj','Spartak','Zagueiro',2);
INSERT INTO jogador (id_pessoa,codigo_pais_joga,nome_conhecido,clube_origem,posicao,numero_camisa) VALUES (525,'SEN','Lamine Gassama','Slavia','Atacante',3 );
INSERT INTO jogador (id_pessoa,codigo_pais_joga,nome_conhecido,clube_origem,posicao,numero_camisa) VALUES (526,'SEN','Kalidou Koulibaly','Real','Meio-campo',4);
INSERT INTO jogador (id_pessoa,codigo_pais_joga,nome_conhecido,clube_origem,posicao,numero_camisa) VALUES (527,'SEN','Salif Sané','Madrid','Goleiro',5);
INSERT INTO jogador (id_pessoa,codigo_pais_joga,nome_conhecido,clube_origem,posicao,numero_camisa) VALUES (528,'SEN','Saliou Ciss','Partizan','Lateral',6 );
INSERT INTO jogador (id_pessoa,codigo_pais_joga,nome_conhecido,clube_origem,posicao,numero_camisa) VALUES (529,'SEN','Moussa Wagué','CSKA','Lateral',7);
INSERT INTO jogador (id_pessoa,codigo_pais_joga,nome_conhecido,clube_origem,posicao,numero_camisa) VALUES (530,'SEN','Idrissa Gueye','Razgrad','Volante',8);
INSERT INTO jogador (id_pessoa,codigo_pais_joga,nome_conhecido,clube_origem,posicao,numero_camisa) VALUES (531,'SEN','Cheikhou Kouyaté','Ajax','Atacante',9 );
INSERT INTO jogador (id_pessoa,codigo_pais_joga,nome_conhecido,clube_origem,posicao,numero_camisa) VALUES (532,'SEN','Cheikh Ndoye','Basel','Lateral',10);
INSERT INTO jogador (id_pessoa,codigo_pais_joga,nome_conhecido,clube_origem,posicao,numero_camisa) VALUES (533,'SEN','Papa Alioune N’Diaye','Barcelona','Lateral',11);
INSERT INTO jogador (id_pessoa,codigo_pais_joga,nome_conhecido,clube_origem,posicao,numero_camisa) VALUES (534,'SEN','Sadio Mané','Munich','Lateral',12 );
INSERT INTO jogador (id_pessoa,codigo_pais_joga,nome_conhecido,clube_origem,posicao,numero_camisa) VALUES (535,'SEN','Moussa Sow','Slavia','Lateral',13 );
INSERT INTO jogador (id_pessoa,codigo_pais_joga,nome_conhecido,clube_origem,posicao,numero_camisa) VALUES (536,'SEN','Moussa Konaté','Boys','Goleiro',14);
INSERT INTO jogador (id_pessoa,codigo_pais_joga,nome_conhecido,clube_origem,posicao,numero_camisa) VALUES (537,'SEN','Keita Baldé','Moscow','Atacante',15 );
INSERT INTO jogador (id_pessoa,codigo_pais_joga,nome_conhecido,clube_origem,posicao,numero_camisa) VALUES (538,'SEN','M’Baye Niang','Celtic','Lateral',16 );
INSERT INTO jogador (id_pessoa,codigo_pais_joga,nome_conhecido,clube_origem,posicao,numero_camisa) VALUES (539,'SEN','Ismaïla Sarr','United','Volante',17 );
INSERT INTO jogador (id_pessoa,codigo_pais_joga,nome_conhecido,clube_origem,posicao,numero_camisa) VALUES (540,'SEN','Mame Diouf','United','Atacante',18);
INSERT INTO jogador (id_pessoa,codigo_pais_joga,nome_conhecido,clube_origem,posicao,numero_camisa) VALUES (541,'COL','David Ospina','Madrid','Zagueiro',1 );
INSERT INTO jogador (id_pessoa,codigo_pais_joga,nome_conhecido,clube_origem,posicao,numero_camisa) VALUES (542,'COL','Cristian Zapata','Chelsea','Meio-campo',2 );
INSERT INTO jogador (id_pessoa,codigo_pais_joga,nome_conhecido,clube_origem,posicao,numero_camisa) VALUES (543,'COL','Santiago Arias','Sporting','Lateral',3);
INSERT INTO jogador (id_pessoa,codigo_pais_joga,nome_conhecido,clube_origem,posicao,numero_camisa) VALUES (544,'COL','Frank Fabra','Astana','Volante',4 );
INSERT INTO jogador (id_pessoa,codigo_pais_joga,nome_conhecido,clube_origem,posicao,numero_camisa) VALUES (545,'COL','Dávinson Sánchez','Liverpool','Goleiro',5 );
INSERT INTO jogador (id_pessoa,codigo_pais_joga,nome_conhecido,clube_origem,posicao,numero_camisa) VALUES (546,'COL','Yerry Mina','Moscow','Lateral',6);
INSERT INTO jogador (id_pessoa,codigo_pais_joga,nome_conhecido,clube_origem,posicao,numero_camisa) VALUES (547,'COL','Carlos Sánchez','Spartak','Meio-campo',7);
INSERT INTO jogador (id_pessoa,codigo_pais_joga,nome_conhecido,clube_origem,posicao,numero_camisa) VALUES (548,'COL','Juan Guillermo Cuadrado','Chelsea','Volante',8);
INSERT INTO jogador (id_pessoa,codigo_pais_joga,nome_conhecido,clube_origem,posicao,numero_camisa) VALUES (549,'COL','Abel Aguilar','Hotspur','Lateral',9 );
INSERT INTO jogador (id_pessoa,codigo_pais_joga,nome_conhecido,clube_origem,posicao,numero_camisa) VALUES (550,'COL','James Rodríguez','Paris','Lateral',10 );
INSERT INTO jogador (id_pessoa,codigo_pais_joga,nome_conhecido,clube_origem,posicao,numero_camisa) VALUES (551,'COL','Giovanni Moreno','CSKA','Atacante',11 );
INSERT INTO jogador (id_pessoa,codigo_pais_joga,nome_conhecido,clube_origem,posicao,numero_camisa) VALUES (552,'COL','Wílmar Barrios','Madrid','Atacante',12);
INSERT INTO jogador (id_pessoa,codigo_pais_joga,nome_conhecido,clube_origem,posicao,numero_camisa) VALUES (553,'COL','Radamel Falcao García','Tottenham','Zagueiro',13);
INSERT INTO jogador (id_pessoa,codigo_pais_joga,nome_conhecido,clube_origem,posicao,numero_camisa) VALUES (554,'COL','Teófilo Gutiérrez','Partizan','Goleiro',14);
INSERT INTO jogador (id_pessoa,codigo_pais_joga,nome_conhecido,clube_origem,posicao,numero_camisa) VALUES (555,'COL','Carlos Bacca','Malmö','Volante',15);
INSERT INTO jogador (id_pessoa,codigo_pais_joga,nome_conhecido,clube_origem,posicao,numero_camisa) VALUES (556,'COL','Edwin Cardona','Feyenoord','Zagueiro',16);
INSERT INTO jogador (id_pessoa,codigo_pais_joga,nome_conhecido,clube_origem,posicao,numero_camisa) VALUES (557,'COL','Yimmi Chará','Atlético','Meio-campo',17 );
INSERT INTO jogador (id_pessoa,codigo_pais_joga,nome_conhecido,clube_origem,posicao,numero_camisa) VALUES (558,'COL','Duván Zapata','Legia','Volante',18);
INSERT INTO jogador (id_pessoa,codigo_pais_joga,nome_conhecido,clube_origem,posicao,numero_camisa) VALUES (559,'JPN','Eiji Kawashima','Moscow','Atacante',1 );
INSERT INTO jogador (id_pessoa,codigo_pais_joga,nome_conhecido,clube_origem,posicao,numero_camisa) VALUES (560,'JPN','Shusaku Nishikawa','Rijeka','Meio-campo',2);
INSERT INTO jogador (id_pessoa,codigo_pais_joga,nome_conhecido,clube_origem,posicao,numero_camisa) VALUES (561,'JPN','Masato Morishige','Sevilla','Atacante',3);
INSERT INTO jogador (id_pessoa,codigo_pais_joga,nome_conhecido,clube_origem,posicao,numero_camisa) VALUES (562,'JPN','Yuto Nagatomo','Astana','Volante',4 );
INSERT INTO jogador (id_pessoa,codigo_pais_joga,nome_conhecido,clube_origem,posicao,numero_camisa) VALUES (563,'JPN','Hiroki Sakai','Moscow','Goleiro',5);
INSERT INTO jogador (id_pessoa,codigo_pais_joga,nome_conhecido,clube_origem,posicao,numero_camisa) VALUES (564,'JPN','Tomoaki Makino','Olympiacos','Meio-campo',6 );
INSERT INTO jogador (id_pessoa,codigo_pais_joga,nome_conhecido,clube_origem,posicao,numero_camisa) VALUES (565,'JPN','Gotoku Sakai','Liverpool','Meio-campo',7);
INSERT INTO jogador (id_pessoa,codigo_pais_joga,nome_conhecido,clube_origem,posicao,numero_camisa) VALUES (566,'JPN','Maya Yoshida','Munich','Atacante',8 );
INSERT INTO jogador (id_pessoa,codigo_pais_joga,nome_conhecido,clube_origem,posicao,numero_camisa) VALUES (567,'JPN','Hotaru Yamaguchi','Ludogorets','Lateral',9);
INSERT INTO jogador (id_pessoa,codigo_pais_joga,nome_conhecido,clube_origem,posicao,numero_camisa) VALUES (568,'JPN','Shinji Kagawa','Malmö','Volante',10 );
INSERT INTO jogador (id_pessoa,codigo_pais_joga,nome_conhecido,clube_origem,posicao,numero_camisa) VALUES (569,'JPN','Makoto Hasebe','Constanța','Meio-campo',11);
INSERT INTO jogador (id_pessoa,codigo_pais_joga,nome_conhecido,clube_origem,posicao,numero_camisa) VALUES (570,'JPN','Hiroshi Kiyotake','Sevilla','Lateral',12);
INSERT INTO jogador (id_pessoa,codigo_pais_joga,nome_conhecido,clube_origem,posicao,numero_camisa) VALUES (571,'JPN','Keisuke Honda','Warsaw','Volante',13);
INSERT INTO jogador (id_pessoa,codigo_pais_joga,nome_conhecido,clube_origem,posicao,numero_camisa) VALUES (572,'JPN','Takashi Usami','CP','Goleiro',14);
INSERT INTO jogador (id_pessoa,codigo_pais_joga,nome_conhecido,clube_origem,posicao,numero_camisa) VALUES (573,'JPN','Genki Haraguchi','FF','Meio-campo',15 );
INSERT INTO jogador (id_pessoa,codigo_pais_joga,nome_conhecido,clube_origem,posicao,numero_camisa) VALUES (574,'JPN','Shinji Okazaki','Chelsea','Volante',16);
INSERT INTO jogador (id_pessoa,codigo_pais_joga,nome_conhecido,clube_origem,posicao,numero_camisa) VALUES (575,'JPN','Yuya Kubo','Ludogorets','Zagueiro',17 );
INSERT INTO jogador (id_pessoa,codigo_pais_joga,nome_conhecido,clube_origem,posicao,numero_camisa) VALUES (576,'JPN','Yuya Osako','Warsaw','Zagueiro',18);

INSERT INTO pessoa (id_pessoa, tipo_documento,documento,nome,data_nascimento,nome_pais_origem) VALUES ('577','PASS','000625038','Bernas','19860226','Thailand');
INSERT INTO pessoa (id_pessoa, tipo_documento,documento,nome,data_nascimento,nome_pais_origem) VALUES ('578','PASS','000119797','Christiana','19870204','Algeria');
INSERT INTO pessoa (id_pessoa, tipo_documento,documento,nome,data_nascimento,nome_pais_origem) VALUES ('579','PASS','000477874','Crutchley','19880113','Vietnam');
INSERT INTO pessoa (id_pessoa, tipo_documento,documento,nome,data_nascimento,nome_pais_origem) VALUES ('580','PASS','000387659','Alana','19781006','Georgia');
INSERT INTO pessoa (id_pessoa, tipo_documento,documento,nome,data_nascimento,nome_pais_origem) VALUES ('581','PASS','000431345','Botello','19841022','Armenia');
INSERT INTO pessoa (id_pessoa, tipo_documento,documento,nome,data_nascimento,nome_pais_origem) VALUES ('582','PASS','000733093','Fladger','19780924','Peru');
INSERT INTO pessoa (id_pessoa, tipo_documento,documento,nome,data_nascimento,nome_pais_origem) VALUES ('583','PASS','000118218','Fiedor','19881206','Afghanistan');
INSERT INTO pessoa (id_pessoa, tipo_documento,documento,nome,data_nascimento,nome_pais_origem) VALUES ('584','PASS','000164037','Cisnero','19741101','Monaco');
INSERT INTO pessoa (id_pessoa, tipo_documento,documento,nome,data_nascimento,nome_pais_origem) VALUES ('585','PASS','000191522','Gabrielson','19761124','Germany');
INSERT INTO pessoa (id_pessoa, tipo_documento,documento,nome,data_nascimento,nome_pais_origem) VALUES ('586','PASS','000661541','Etchinson','19850107','Belarus');
INSERT INTO pessoa (id_pessoa, tipo_documento,documento,nome,data_nascimento,nome_pais_origem) VALUES ('587','PASS','000585521','Barbarino','19700210','New');
INSERT INTO pessoa (id_pessoa, tipo_documento,documento,nome,data_nascimento,nome_pais_origem) VALUES ('588','PASS','000920301','Dubuc','19840203','Georgia');
INSERT INTO pessoa (id_pessoa, tipo_documento,documento,nome,data_nascimento,nome_pais_origem) VALUES ('589','PASS','000912508','Gongalez','19830527','Morocco');
INSERT INTO pessoa (id_pessoa, tipo_documento,documento,nome,data_nascimento,nome_pais_origem) VALUES ('590','PASS','000415190','Clipper','19761110','Turkey');
INSERT INTO pessoa (id_pessoa, tipo_documento,documento,nome,data_nascimento,nome_pais_origem) VALUES ('591','PASS','000814914','Eley','19820716','Switzerland');
INSERT INTO pessoa (id_pessoa, tipo_documento,documento,nome,data_nascimento,nome_pais_origem) VALUES ('592','PASS','000833772','Craun','19850821','Morocco');
INSERT INTO pessoa (id_pessoa, tipo_documento,documento,nome,data_nascimento,nome_pais_origem) VALUES ('593','PASS','000246603','Broks','19770110','Chile');
INSERT INTO pessoa (id_pessoa, tipo_documento,documento,nome,data_nascimento,nome_pais_origem) VALUES ('594','PASS','000347309','Dickun','19751108','China');
INSERT INTO pessoa (id_pessoa, tipo_documento,documento,nome,data_nascimento,nome_pais_origem) VALUES ('595','PASS','000871079','Bronzo','19770411','Norway');
INSERT INTO pessoa (id_pessoa, tipo_documento,documento,nome,data_nascimento,nome_pais_origem) VALUES ('596','PASS','000645859','Blakeborough','19760418','Luxembourg');
INSERT INTO pessoa (id_pessoa, tipo_documento,documento,nome,data_nascimento,nome_pais_origem) VALUES ('597','PASS','000810253','Bellar','19880203','Costa');
INSERT INTO pessoa (id_pessoa, tipo_documento,documento,nome,data_nascimento,nome_pais_origem) VALUES ('598','PASS','000422731','Breden','19820714','Peru');
INSERT INTO pessoa (id_pessoa, tipo_documento,documento,nome,data_nascimento,nome_pais_origem) VALUES ('599','PASS','000268982','Ennist','19730225','Denmark');
INSERT INTO pessoa (id_pessoa, tipo_documento,documento,nome,data_nascimento,nome_pais_origem) VALUES ('600','PASS','000868431','Blackston','19820407','Cuba');
INSERT INTO pessoa (id_pessoa, tipo_documento,documento,nome,data_nascimento,nome_pais_origem) VALUES ('601','PASS','000211233','Ferm','19810303','Barbados');
INSERT INTO pessoa (id_pessoa, tipo_documento,documento,nome,data_nascimento,nome_pais_origem) VALUES ('602','PASS','000959321','Bacak','19710510','Zealand');
INSERT INTO pessoa (id_pessoa, tipo_documento,documento,nome,data_nascimento,nome_pais_origem) VALUES ('603','PASS','000368698','Deshong','19830516','Ukraine');
INSERT INTO pessoa (id_pessoa, tipo_documento,documento,nome,data_nascimento,nome_pais_origem) VALUES ('604','PASS','000475206','Chenette','19820526','Afghanistan');
INSERT INTO pessoa (id_pessoa, tipo_documento,documento,nome,data_nascimento,nome_pais_origem) VALUES ('605','PASS','000760718','Elazegui','19721111','Bahrain');
INSERT INTO pessoa (id_pessoa, tipo_documento,documento,nome,data_nascimento,nome_pais_origem) VALUES ('606','PASS','000527360','Debrock','19821212','Iran');
INSERT INTO pessoa (id_pessoa, tipo_documento,documento,nome,data_nascimento,nome_pais_origem) VALUES ('607','PASS','000848018','Fotopoulos','19890624','Rica');
INSERT INTO pessoa (id_pessoa, tipo_documento,documento,nome,data_nascimento,nome_pais_origem) VALUES ('608','PASS','000739653','Ahlborn','19740226','Mongolia');
INSERT INTO pessoa (id_pessoa, tipo_documento,documento,nome,data_nascimento,nome_pais_origem) VALUES ('609','PASS','000305067','Fredricka','19850823','Angola');
INSERT INTO pessoa (id_pessoa, tipo_documento,documento,nome,data_nascimento,nome_pais_origem) VALUES ('610','PASS','000522756','Borkholder','19730608','Uruguay');
INSERT INTO pessoa (id_pessoa, tipo_documento,documento,nome,data_nascimento,nome_pais_origem) VALUES ('611','PASS','000453442','Chua','19760905','Azerbaijan');
INSERT INTO pessoa (id_pessoa, tipo_documento,documento,nome,data_nascimento,nome_pais_origem) VALUES ('612','PASS','000417760','Flatley','19860717','Iraq');
INSERT INTO pessoa (id_pessoa, tipo_documento,documento,nome,data_nascimento,nome_pais_origem) VALUES ('613','PASS','000629570','Gerich','19870807','Philippines');
INSERT INTO pessoa (id_pessoa, tipo_documento,documento,nome,data_nascimento,nome_pais_origem) VALUES ('614','PASS','000118548','Coxum','19851224','Nepal');
INSERT INTO pessoa (id_pessoa, tipo_documento,documento,nome,data_nascimento,nome_pais_origem) VALUES ('615','PASS','000488523','Estep','19710205','Thailand');
INSERT INTO pessoa (id_pessoa, tipo_documento,documento,nome,data_nascimento,nome_pais_origem) VALUES ('616','PASS','000799663','Bostelman','19880311','Sweden');
INSERT INTO pessoa (id_pessoa, tipo_documento,documento,nome,data_nascimento,nome_pais_origem) VALUES ('617','PASS','000647995','Doser','19750411','Brazil');
INSERT INTO pessoa (id_pessoa, tipo_documento,documento,nome,data_nascimento,nome_pais_origem) VALUES ('618','PASS','000903021','Escobedo','19760225','Monaco');
INSERT INTO pessoa (id_pessoa, tipo_documento,documento,nome,data_nascimento,nome_pais_origem) VALUES ('619','PASS','000129235','Alire','19810712','Costa');
INSERT INTO pessoa (id_pessoa, tipo_documento,documento,nome,data_nascimento,nome_pais_origem) VALUES ('620','PASS','000117695','Amrein','19731115','Australia');
INSERT INTO pessoa (id_pessoa, tipo_documento,documento,nome,data_nascimento,nome_pais_origem) VALUES ('621','PASS','000162624','Brashaw','19891224','Barbados');
INSERT INTO pessoa (id_pessoa, tipo_documento,documento,nome,data_nascimento,nome_pais_origem) VALUES ('622','PASS','000149466','Flenard','19760914','France');
INSERT INTO pessoa (id_pessoa, tipo_documento,documento,nome,data_nascimento,nome_pais_origem) VALUES ('623','PASS','000522445','Felch','19800502','New');
INSERT INTO pessoa (id_pessoa, tipo_documento,documento,nome,data_nascimento,nome_pais_origem) VALUES ('624','PASS','000302317','Branam','19820113','Angola');
INSERT INTO pessoa (id_pessoa, tipo_documento,documento,nome,data_nascimento,nome_pais_origem) VALUES ('625','PASS','000666120','Beucke','19841106','Iraq');
INSERT INTO pessoa (id_pessoa, tipo_documento,documento,nome,data_nascimento,nome_pais_origem) VALUES ('626','PASS','000632202','Cleckley','19710422','Paraguay');
INSERT INTO pessoa (id_pessoa, tipo_documento,documento,nome,data_nascimento,nome_pais_origem) VALUES ('627','PASS','000473894','Abasta','19740121','Rica');
INSERT INTO pessoa (id_pessoa, tipo_documento,documento,nome,data_nascimento,nome_pais_origem) VALUES ('628','PASS','000175538','Cuozzo','19820622','Georgia');
INSERT INTO pessoa (id_pessoa, tipo_documento,documento,nome,data_nascimento,nome_pais_origem) VALUES ('629','PASS','000405022','Alm','19820808','Chile');
INSERT INTO pessoa (id_pessoa, tipo_documento,documento,nome,data_nascimento,nome_pais_origem) VALUES ('630','PASS','000622781','Chiem','19840616','Italy');
INSERT INTO pessoa (id_pessoa, tipo_documento,documento,nome,data_nascimento,nome_pais_origem) VALUES ('631','PASS','000758069','Batton','19750617','Greece');
INSERT INTO pessoa (id_pessoa, tipo_documento,documento,nome,data_nascimento,nome_pais_origem) VALUES ('632','PASS','000313120','Cherny','19711115','Spain');
INSERT INTO pessoa (id_pessoa, tipo_documento,documento,nome,data_nascimento,nome_pais_origem) VALUES ('633','PASS','000582947','Ferdon','19740217','Germany');
INSERT INTO pessoa (id_pessoa, tipo_documento,documento,nome,data_nascimento,nome_pais_origem) VALUES ('634','PASS','000636138','Brisky','19701219','Albania');
INSERT INTO pessoa (id_pessoa, tipo_documento,documento,nome,data_nascimento,nome_pais_origem) VALUES ('635','PASS','000517309','Delaune','19880407','Hungary');
INSERT INTO pessoa (id_pessoa, tipo_documento,documento,nome,data_nascimento,nome_pais_origem) VALUES ('636','PASS','000141283','Balde','19700113','Luxembourg');
INSERT INTO pessoa (id_pessoa, tipo_documento,documento,nome,data_nascimento,nome_pais_origem) VALUES ('637','PASS','000973615','Glassco','19840907','Nepal');
INSERT INTO pessoa (id_pessoa, tipo_documento,documento,nome,data_nascimento,nome_pais_origem) VALUES ('638','PASS','000119027','Cauthen','19870608','Costa');
INSERT INTO pessoa (id_pessoa, tipo_documento,documento,nome,data_nascimento,nome_pais_origem) VALUES ('639','PASS','000691151','Adamek','19700805','Estonia');
INSERT INTO pessoa (id_pessoa, tipo_documento,documento,nome,data_nascimento,nome_pais_origem) VALUES ('640','PASS','000436186','Castrillo','19871022','Romania');
INSERT INTO pessoa (id_pessoa, tipo_documento,documento,nome,data_nascimento,nome_pais_origem) VALUES ('641','PASS','000756928','Corrga','19700814','Uzbekistan');
INSERT INTO pessoa (id_pessoa, tipo_documento,documento,nome,data_nascimento,nome_pais_origem) VALUES ('642','PASS','000651849','Ballester','19870919','Egypt');
INSERT INTO pessoa (id_pessoa, tipo_documento,documento,nome,data_nascimento,nome_pais_origem) VALUES ('643','PASS','000764079','Core','19870105','Slovakia');
INSERT INTO pessoa (id_pessoa, tipo_documento,documento,nome,data_nascimento,nome_pais_origem) VALUES ('644','PASS','000456501','Fuerst','19801102','Afghanistan');
INSERT INTO pessoa (id_pessoa, tipo_documento,documento,nome,data_nascimento,nome_pais_origem) VALUES ('645','PASS','000235058','Grinde','19741222','India');
INSERT INTO pessoa (id_pessoa, tipo_documento,documento,nome,data_nascimento,nome_pais_origem) VALUES ('646','PASS','000869399','Fodor','19840421','Chile');
INSERT INTO pessoa (id_pessoa, tipo_documento,documento,nome,data_nascimento,nome_pais_origem) VALUES ('647','PASS','000101926','Balcitis','19811014','Syria');
INSERT INTO pessoa (id_pessoa, tipo_documento,documento,nome,data_nascimento,nome_pais_origem) VALUES ('648','PASS','000414549','December','19781211','Angola');
INSERT INTO pessoa (id_pessoa, tipo_documento,documento,nome,data_nascimento,nome_pais_origem) VALUES ('649','PASS','000448843','Aguillar','19710608','Morocco');
INSERT INTO pessoa (id_pessoa, tipo_documento,documento,nome,data_nascimento,nome_pais_origem) VALUES ('650','PASS','000415249','Eggink','19850818','Singapore');
INSERT INTO pessoa (id_pessoa, tipo_documento,documento,nome,data_nascimento,nome_pais_origem) VALUES ('651','PASS','000401565','Brits','19841014','Georgia');
INSERT INTO pessoa (id_pessoa, tipo_documento,documento,nome,data_nascimento,nome_pais_origem) VALUES ('652','PASS','000344360','Aerni','19740309','Costa');
INSERT INTO pessoa (id_pessoa, tipo_documento,documento,nome,data_nascimento,nome_pais_origem) VALUES ('653','PASS','000521075','Dilaura','19870523','Vietnam');
INSERT INTO pessoa (id_pessoa, tipo_documento,documento,nome,data_nascimento,nome_pais_origem) VALUES ('654','PASS','000441136','Gisi','19830506','Turkey');
INSERT INTO pessoa (id_pessoa, tipo_documento,documento,nome,data_nascimento,nome_pais_origem) VALUES ('655','PASS','000590412','Baccus','19780724','Austria');
INSERT INTO pessoa (id_pessoa, tipo_documento,documento,nome,data_nascimento,nome_pais_origem) VALUES ('656','PASS','000711388','Crudup','19810720','Ukraine');
INSERT INTO pessoa (id_pessoa, tipo_documento,documento,nome,data_nascimento,nome_pais_origem) VALUES ('657','PASS','000814479','Bidwell','19801127','Senegal');
INSERT INTO pessoa (id_pessoa, tipo_documento,documento,nome,data_nascimento,nome_pais_origem) VALUES ('658','PASS','000463586','Albani','19880715','Netherlands');
INSERT INTO pessoa (id_pessoa, tipo_documento,documento,nome,data_nascimento,nome_pais_origem) VALUES ('659','PASS','000763546','Deitsch','19800312','Barbados');
INSERT INTO pessoa (id_pessoa, tipo_documento,documento,nome,data_nascimento,nome_pais_origem) VALUES ('660','PASS','000284327','Arquitt','19700709','Japan');
INSERT INTO pessoa (id_pessoa, tipo_documento,documento,nome,data_nascimento,nome_pais_origem) VALUES ('661','PASS','000569575','Draeger','19710513','Australia');
INSERT INTO pessoa (id_pessoa, tipo_documento,documento,nome,data_nascimento,nome_pais_origem) VALUES ('662','PASS','000434053','Bverger','19830509','New');
INSERT INTO pessoa (id_pessoa, tipo_documento,documento,nome,data_nascimento,nome_pais_origem) VALUES ('663','PASS','000154504','Cacatian','19880723','France');
INSERT INTO pessoa (id_pessoa, tipo_documento,documento,nome,data_nascimento,nome_pais_origem) VALUES ('664','PASS','000483817','Dratch','19750222','Luxembourg');
INSERT INTO pessoa (id_pessoa, tipo_documento,documento,nome,data_nascimento,nome_pais_origem) VALUES ('665','PASS','000840058','Bruce','19820524','France');
INSERT INTO pessoa (id_pessoa, tipo_documento,documento,nome,data_nascimento,nome_pais_origem) VALUES ('666','PASS','000588053','Cardone','19741106','India');
INSERT INTO pessoa (id_pessoa, tipo_documento,documento,nome,data_nascimento,nome_pais_origem) VALUES ('667','PASS','000674066','Demicco','19880916','Cuba');
INSERT INTO pessoa (id_pessoa, tipo_documento,documento,nome,data_nascimento,nome_pais_origem) VALUES ('668','PASS','000269853','Adelaide','19860208','Cuba');
INSERT INTO pessoa (id_pessoa, tipo_documento,documento,nome,data_nascimento,nome_pais_origem) VALUES ('669','PASS','000658459','Drawy','19860721','Belgium');
INSERT INTO pessoa (id_pessoa, tipo_documento,documento,nome,data_nascimento,nome_pais_origem) VALUES ('670','PASS','000753351','Chris','19740915','Paraguay');
INSERT INTO pessoa (id_pessoa, tipo_documento,documento,nome,data_nascimento,nome_pais_origem) VALUES ('671','PASS','000643160','Crothers','19770417','Vietnam');
INSERT INTO pessoa (id_pessoa, tipo_documento,documento,nome,data_nascimento,nome_pais_origem) VALUES ('672','PASS','000679441','Abati','19810106','Hungary');
INSERT INTO pessoa (id_pessoa, tipo_documento,documento,nome,data_nascimento,nome_pais_origem) VALUES ('673','PASS','000149545','Englehardt','19840220','Japan');
INSERT INTO pessoa (id_pessoa, tipo_documento,documento,nome,data_nascimento,nome_pais_origem) VALUES ('674','PASS','000794259','Gran','19870715','Spain');
INSERT INTO pessoa (id_pessoa, tipo_documento,documento,nome,data_nascimento,nome_pais_origem) VALUES ('675','PASS','000475480','Digby','19880724','Thailand');
INSERT INTO pessoa (id_pessoa, tipo_documento,documento,nome,data_nascimento,nome_pais_origem) VALUES ('676','PASS','000179822','Constantino','19730222','Ukraine');
INSERT INTO pessoa (id_pessoa, tipo_documento,documento,nome,data_nascimento,nome_pais_origem) VALUES ('677','PASS','000630584','Batchelder','19831226','Angola');
INSERT INTO pessoa (id_pessoa, tipo_documento,documento,nome,data_nascimento,nome_pais_origem) VALUES ('678','PASS','000413716','Esterline','19840420','Luxembourg');
INSERT INTO pessoa (id_pessoa, tipo_documento,documento,nome,data_nascimento,nome_pais_origem) VALUES ('679','PASS','000129738','Eastep','19751007','Belarus');
INSERT INTO pessoa (id_pessoa, tipo_documento,documento,nome,data_nascimento,nome_pais_origem) VALUES ('680','PASS','000954414','Goodridge','19711222','France');
INSERT INTO pessoa (id_pessoa, tipo_documento,documento,nome,data_nascimento,nome_pais_origem) VALUES ('681','PASS','000207522','Cleverly','19820316','France');
INSERT INTO pessoa (id_pessoa, tipo_documento,documento,nome,data_nascimento,nome_pais_origem) VALUES ('682','PASS','000693081','Bredin','19791125','Estonia');
INSERT INTO pessoa (id_pessoa, tipo_documento,documento,nome,data_nascimento,nome_pais_origem) VALUES ('683','PASS','000601434','Goldston','19761222','Denmark');
INSERT INTO pessoa (id_pessoa, tipo_documento,documento,nome,data_nascimento,nome_pais_origem) VALUES ('684','PASS','000364640','Chainey','19871105','Croatia');
INSERT INTO pessoa (id_pessoa, tipo_documento,documento,nome,data_nascimento,nome_pais_origem) VALUES ('685','PASS','000376902','Booty','19741112','Morocco');
INSERT INTO pessoa (id_pessoa, tipo_documento,documento,nome,data_nascimento,nome_pais_origem) VALUES ('686','PASS','000820626','Didier','19720321','Finland');
INSERT INTO pessoa (id_pessoa, tipo_documento,documento,nome,data_nascimento,nome_pais_origem) VALUES ('687','PASS','000550999','Becke','19780411','Azerbaijan');
INSERT INTO pessoa (id_pessoa, tipo_documento,documento,nome,data_nascimento,nome_pais_origem) VALUES ('688','PASS','000147523','Clas','19770805','Costa');
INSERT INTO pessoa (id_pessoa, tipo_documento,documento,nome,data_nascimento,nome_pais_origem) VALUES ('689','PASS','000462364','Bagby','19790113','Mongolia');
INSERT INTO pessoa (id_pessoa, tipo_documento,documento,nome,data_nascimento,nome_pais_origem) VALUES ('690','PASS','000729439','Geddie','19750116','Netherlands');
INSERT INTO pessoa (id_pessoa, tipo_documento,documento,nome,data_nascimento,nome_pais_origem) VALUES ('691','PASS','000874087','Calderwood','19850124','Paraguay');
INSERT INTO juiz (id_pessoa,posicao) VALUES ('577','Juiz');
INSERT INTO juiz (id_pessoa,posicao) VALUES ('578','Bandeirinha');
INSERT INTO juiz (id_pessoa,posicao) VALUES ('579','Bandeirinha');
INSERT INTO juiz (id_pessoa,posicao) VALUES ('580','Quarto Juiz');
INSERT INTO juiz (id_pessoa,posicao) VALUES ('581','Juiz de video');
INSERT INTO juiz (id_pessoa,posicao) VALUES ('582','Juiz');
INSERT INTO juiz (id_pessoa,posicao) VALUES ('583','Bandeirinha');
INSERT INTO juiz (id_pessoa,posicao) VALUES ('584','Bandeirinha');
INSERT INTO juiz (id_pessoa,posicao) VALUES ('585','Quarto Juiz');
INSERT INTO juiz (id_pessoa,posicao) VALUES ('586','Juiz de video');
INSERT INTO juiz (id_pessoa,posicao) VALUES ('587','Juiz');
INSERT INTO juiz (id_pessoa,posicao) VALUES ('588','Bandeirinha');
INSERT INTO juiz (id_pessoa,posicao) VALUES ('589','Bandeirinha');
INSERT INTO juiz (id_pessoa,posicao) VALUES ('590','Quarto Juiz');
INSERT INTO juiz (id_pessoa,posicao) VALUES ('591','Juiz de video');
INSERT INTO juiz (id_pessoa,posicao) VALUES ('592','Juiz');
INSERT INTO juiz (id_pessoa,posicao) VALUES ('593','Bandeirinha');
INSERT INTO juiz (id_pessoa,posicao) VALUES ('594','Bandeirinha');
INSERT INTO juiz (id_pessoa,posicao) VALUES ('595','Quarto Juiz');
INSERT INTO juiz (id_pessoa,posicao) VALUES ('596','Juiz de video');
INSERT INTO juiz (id_pessoa,posicao) VALUES ('597','Juiz');
INSERT INTO juiz (id_pessoa,posicao) VALUES ('598','Bandeirinha');
INSERT INTO juiz (id_pessoa,posicao) VALUES ('599','Bandeirinha');
INSERT INTO juiz (id_pessoa,posicao) VALUES ('600','Quarto Juiz');
INSERT INTO juiz (id_pessoa,posicao) VALUES ('601','Juiz de video');
INSERT INTO juiz (id_pessoa,posicao) VALUES ('602','Juiz');
INSERT INTO juiz (id_pessoa,posicao) VALUES ('603','Bandeirinha');
INSERT INTO juiz (id_pessoa,posicao) VALUES ('604','Bandeirinha');
INSERT INTO juiz (id_pessoa,posicao) VALUES ('605','Quarto Juiz');
INSERT INTO juiz (id_pessoa,posicao) VALUES ('606','Juiz de video');
INSERT INTO juiz (id_pessoa,posicao) VALUES ('607','Juiz');
INSERT INTO juiz (id_pessoa,posicao) VALUES ('608','Bandeirinha');
INSERT INTO juiz (id_pessoa,posicao) VALUES ('609','Bandeirinha');
INSERT INTO juiz (id_pessoa,posicao) VALUES ('610','Quarto Juiz');
INSERT INTO juiz (id_pessoa,posicao) VALUES ('611','Juiz de video');
INSERT INTO juiz (id_pessoa,posicao) VALUES ('612','Juiz');
INSERT INTO juiz (id_pessoa,posicao) VALUES ('613','Bandeirinha');
INSERT INTO juiz (id_pessoa,posicao) VALUES ('614','Bandeirinha');
INSERT INTO juiz (id_pessoa,posicao) VALUES ('615','Quarto Juiz');
INSERT INTO juiz (id_pessoa,posicao) VALUES ('616','Juiz de video');
INSERT INTO juiz (id_pessoa,posicao) VALUES ('617','Juiz');
INSERT INTO juiz (id_pessoa,posicao) VALUES ('618','Bandeirinha');
INSERT INTO juiz (id_pessoa,posicao) VALUES ('619','Bandeirinha');
INSERT INTO juiz (id_pessoa,posicao) VALUES ('620','Quarto Juiz');
INSERT INTO juiz (id_pessoa,posicao) VALUES ('621','Juiz de video');
INSERT INTO juiz (id_pessoa,posicao) VALUES ('622','Juiz');
INSERT INTO juiz (id_pessoa,posicao) VALUES ('623','Bandeirinha');
INSERT INTO juiz (id_pessoa,posicao) VALUES ('624','Bandeirinha');
INSERT INTO juiz (id_pessoa,posicao) VALUES ('625','Quarto Juiz');
INSERT INTO juiz (id_pessoa,posicao) VALUES ('626','Juiz de video');
INSERT INTO juiz (id_pessoa,posicao) VALUES ('627','Juiz');
INSERT INTO juiz (id_pessoa,posicao) VALUES ('628','Bandeirinha');
INSERT INTO juiz (id_pessoa,posicao) VALUES ('629','Bandeirinha');
INSERT INTO juiz (id_pessoa,posicao) VALUES ('630','Quarto Juiz');
INSERT INTO juiz (id_pessoa,posicao) VALUES ('631','Juiz de video');
INSERT INTO juiz (id_pessoa,posicao) VALUES ('632','Juiz');
INSERT INTO juiz (id_pessoa,posicao) VALUES ('633','Bandeirinha');
INSERT INTO juiz (id_pessoa,posicao) VALUES ('634','Bandeirinha');
INSERT INTO juiz (id_pessoa,posicao) VALUES ('635','Quarto Juiz');
INSERT INTO juiz (id_pessoa,posicao) VALUES ('636','Juiz de video');
INSERT INTO juiz (id_pessoa,posicao) VALUES ('637','Juiz');
INSERT INTO juiz (id_pessoa,posicao) VALUES ('638','Bandeirinha');
INSERT INTO juiz (id_pessoa,posicao) VALUES ('639','Bandeirinha');
INSERT INTO juiz (id_pessoa,posicao) VALUES ('640','Quarto Juiz');
INSERT INTO juiz (id_pessoa,posicao) VALUES ('641','Juiz de video');
INSERT INTO juiz (id_pessoa,posicao) VALUES ('642','Juiz');
INSERT INTO juiz (id_pessoa,posicao) VALUES ('643','Bandeirinha');
INSERT INTO juiz (id_pessoa,posicao) VALUES ('644','Bandeirinha');
INSERT INTO juiz (id_pessoa,posicao) VALUES ('645','Quarto Juiz');
INSERT INTO juiz (id_pessoa,posicao) VALUES ('646','Juiz de video');
INSERT INTO juiz (id_pessoa,posicao) VALUES ('647','Juiz');
INSERT INTO juiz (id_pessoa,posicao) VALUES ('648','Bandeirinha');
INSERT INTO juiz (id_pessoa,posicao) VALUES ('649','Bandeirinha');
INSERT INTO juiz (id_pessoa,posicao) VALUES ('650','Quarto Juiz');
INSERT INTO juiz (id_pessoa,posicao) VALUES ('651','Juiz de video');
INSERT INTO juiz (id_pessoa,posicao) VALUES ('652','Juiz');
INSERT INTO juiz (id_pessoa,posicao) VALUES ('653','Bandeirinha');
INSERT INTO juiz (id_pessoa,posicao) VALUES ('654','Bandeirinha');
INSERT INTO juiz (id_pessoa,posicao) VALUES ('655','Quarto Juiz');
INSERT INTO juiz (id_pessoa,posicao) VALUES ('656','Juiz de video');
INSERT INTO juiz (id_pessoa,posicao) VALUES ('657','Juiz');
INSERT INTO juiz (id_pessoa,posicao) VALUES ('658','Bandeirinha');
INSERT INTO juiz (id_pessoa,posicao) VALUES ('659','Bandeirinha');
INSERT INTO juiz (id_pessoa,posicao) VALUES ('660','Quarto Juiz');
INSERT INTO juiz (id_pessoa,posicao) VALUES ('661','Juiz de video');
INSERT INTO juiz (id_pessoa,posicao) VALUES ('662','Juiz');
INSERT INTO juiz (id_pessoa,posicao) VALUES ('663','Bandeirinha');
INSERT INTO juiz (id_pessoa,posicao) VALUES ('664','Bandeirinha');
INSERT INTO juiz (id_pessoa,posicao) VALUES ('665','Quarto Juiz');
INSERT INTO juiz (id_pessoa,posicao) VALUES ('666','Juiz de video');
INSERT INTO juiz (id_pessoa,posicao) VALUES ('667','Juiz');
INSERT INTO juiz (id_pessoa,posicao) VALUES ('668','Bandeirinha');
INSERT INTO juiz (id_pessoa,posicao) VALUES ('669','Bandeirinha');
INSERT INTO juiz (id_pessoa,posicao) VALUES ('670','Quarto Juiz');
INSERT INTO juiz (id_pessoa,posicao) VALUES ('671','Juiz de video');
INSERT INTO juiz (id_pessoa,posicao) VALUES ('672','Juiz');
INSERT INTO juiz (id_pessoa,posicao) VALUES ('673','Bandeirinha');
INSERT INTO juiz (id_pessoa,posicao) VALUES ('674','Bandeirinha');
INSERT INTO juiz (id_pessoa,posicao) VALUES ('675','Quarto Juiz');
INSERT INTO juiz (id_pessoa,posicao) VALUES ('676','Juiz de video');
INSERT INTO juiz (id_pessoa,posicao) VALUES ('677','Juiz');
INSERT INTO juiz (id_pessoa,posicao) VALUES ('678','Bandeirinha');
INSERT INTO juiz (id_pessoa,posicao) VALUES ('679','Bandeirinha');
INSERT INTO juiz (id_pessoa,posicao) VALUES ('680','Quarto Juiz');
INSERT INTO juiz (id_pessoa,posicao) VALUES ('681','Juiz de video');
INSERT INTO juiz (id_pessoa,posicao) VALUES ('682','Juiz');
INSERT INTO juiz (id_pessoa,posicao) VALUES ('683','Bandeirinha');
INSERT INTO juiz (id_pessoa,posicao) VALUES ('684','Bandeirinha');
INSERT INTO juiz (id_pessoa,posicao) VALUES ('685','Quarto Juiz');
INSERT INTO juiz (id_pessoa,posicao) VALUES ('686','Juiz de video');
INSERT INTO juiz (id_pessoa,posicao) VALUES ('687','Juiz');
INSERT INTO juiz (id_pessoa,posicao) VALUES ('688','Bandeirinha');
INSERT INTO juiz (id_pessoa,posicao) VALUES ('689','Bandeirinha');
INSERT INTO juiz (id_pessoa,posicao) VALUES ('690','Quarto Juiz');
INSERT INTO juiz (id_pessoa,posicao) VALUES ('691','Juiz de video');

INSERT INTO pessoa (id_pessoa, tipo_documento,documento,nome,data_nascimento,nome_pais_origem) VALUES ('692','PASS','000858514','Clavelle','19770718','Iraq');
INSERT INTO pessoa (id_pessoa, tipo_documento,documento,nome,data_nascimento,nome_pais_origem) VALUES ('693','PASS','000808436','Bertovich','19860213','Albania');
INSERT INTO pessoa (id_pessoa, tipo_documento,documento,nome,data_nascimento,nome_pais_origem) VALUES ('694','PASS','000395553','Glidden','19780707','Brazil');
INSERT INTO pessoa (id_pessoa, tipo_documento,documento,nome,data_nascimento,nome_pais_origem) VALUES ('695','PASS','000247619','Etters','19770118','Georgia');
INSERT INTO pessoa (id_pessoa, tipo_documento,documento,nome,data_nascimento,nome_pais_origem) VALUES ('696','PASS','000278929','Albrekht','19701006','Argentina');
INSERT INTO pessoa (id_pessoa, tipo_documento,documento,nome,data_nascimento,nome_pais_origem) VALUES ('697','PASS','000738704','Desutter','19830305','Zealand');
INSERT INTO pessoa (id_pessoa, tipo_documento,documento,nome,data_nascimento,nome_pais_origem) VALUES ('698','PASS','000716530','Bandle','19721218','Hungary');
INSERT INTO pessoa (id_pessoa, tipo_documento,documento,nome,data_nascimento,nome_pais_origem) VALUES ('699','PASS','000796800','Cogill','19770119','Chad');
INSERT INTO pessoa (id_pessoa, tipo_documento,documento,nome,data_nascimento,nome_pais_origem) VALUES ('700','PASS','000293686','Eischens','19820811','Philippines');
INSERT INTO pessoa (id_pessoa, tipo_documento,documento,nome,data_nascimento,nome_pais_origem) VALUES ('701','PASS','000688715','Beas','19890604','Nepal');
INSERT INTO pessoa (id_pessoa, tipo_documento,documento,nome,data_nascimento,nome_pais_origem) VALUES ('702','PASS','000827741','Geml','19831101','Syria');
INSERT INTO pessoa (id_pessoa, tipo_documento,documento,nome,data_nascimento,nome_pais_origem) VALUES ('703','PASS','000533736','Govindeisami','19720523','Algeria');
INSERT INTO pessoa (id_pessoa, tipo_documento,documento,nome,data_nascimento,nome_pais_origem) VALUES ('704','PASS','000189366','Addiego','19811011','Vietnam');
INSERT INTO pessoa (id_pessoa, tipo_documento,documento,nome,data_nascimento,nome_pais_origem) VALUES ('705','PASS','000281210','Cutillo','19810207','Syria');
INSERT INTO pessoa (id_pessoa, tipo_documento,documento,nome,data_nascimento,nome_pais_origem) VALUES ('706','PASS','000577016','Alden','19800401','Serbia');
INSERT INTO pessoa (id_pessoa, tipo_documento,documento,nome,data_nascimento,nome_pais_origem) VALUES ('707','PASS','000231617','Cockrum','19831227','Mozambique');
INSERT INTO pessoa (id_pessoa, tipo_documento,documento,nome,data_nascimento,nome_pais_origem) VALUES ('708','PASS','000686740','Delage','19790116','Denmark');
INSERT INTO pessoa (id_pessoa, tipo_documento,documento,nome,data_nascimento,nome_pais_origem) VALUES ('709','PASS','000123280','Grauel','19871116','Chad');
INSERT INTO pessoa (id_pessoa, tipo_documento,documento,nome,data_nascimento,nome_pais_origem) VALUES ('710','PASS','000338670','Aveado','19730304','Egypt');
INSERT INTO pessoa (id_pessoa, tipo_documento,documento,nome,data_nascimento,nome_pais_origem) VALUES ('711','PASS','000981625','Copeman','19730908','Rica');
INSERT INTO pessoa (id_pessoa, tipo_documento,documento,nome,data_nascimento,nome_pais_origem) VALUES ('712','PASS','000441620','Gucwa','19740909','Denmark');
INSERT INTO pessoa (id_pessoa, tipo_documento,documento,nome,data_nascimento,nome_pais_origem) VALUES ('713','PASS','000421830','Greening','19890502','Iran');
INSERT INTO pessoa (id_pessoa, tipo_documento,documento,nome,data_nascimento,nome_pais_origem) VALUES ('714','PASS','000570995','Cashwell','19700704','Barbados');
INSERT INTO pessoa (id_pessoa, tipo_documento,documento,nome,data_nascimento,nome_pais_origem) VALUES ('715','PASS','000736207','Denenberg','19760827','Spain');
INSERT INTO pessoa (id_pessoa, tipo_documento,documento,nome,data_nascimento,nome_pais_origem) VALUES ('716','PASS','000377675','Donya','19880922','Mozambique');
INSERT INTO pessoa (id_pessoa, tipo_documento,documento,nome,data_nascimento,nome_pais_origem) VALUES ('717','PASS','000900264','Brutus','19860224','Belgium');
INSERT INTO pessoa (id_pessoa, tipo_documento,documento,nome,data_nascimento,nome_pais_origem) VALUES ('718','PASS','000279064','Cuadro','19800301','Switzerland');
INSERT INTO pessoa (id_pessoa, tipo_documento,documento,nome,data_nascimento,nome_pais_origem) VALUES ('719','PASS','000262801','Delaportilla','19880108','Mozambique');
INSERT INTO pessoa (id_pessoa, tipo_documento,documento,nome,data_nascimento,nome_pais_origem) VALUES ('720','PASS','000170538','Briddick','19700816','Luxembourg');
INSERT INTO pessoa (id_pessoa, tipo_documento,documento,nome,data_nascimento,nome_pais_origem) VALUES ('721','PASS','000103875','Auxier','19790914','Cuba');
INSERT INTO pessoa (id_pessoa, tipo_documento,documento,nome,data_nascimento,nome_pais_origem) VALUES ('722','PASS','000492203','Goodnoe','19820609','Denmark');
INSERT INTO pessoa (id_pessoa, tipo_documento,documento,nome,data_nascimento,nome_pais_origem) VALUES ('723','PASS','000398051','Borsos','19730111','Singapore');
INSERT INTO tecnico (id_pessoa,codigo_pais_treina,nome_conhecido) VALUES ('692','RUS','Fleisher');
INSERT INTO tecnico (id_pessoa,codigo_pais_treina,nome_conhecido) VALUES ('693','SAU','Fuse');
INSERT INTO tecnico (id_pessoa,codigo_pais_treina,nome_conhecido) VALUES ('694','EGY','Elinore');
INSERT INTO tecnico (id_pessoa,codigo_pais_treina,nome_conhecido) VALUES ('695','URY','Bandyk');
INSERT INTO tecnico (id_pessoa,codigo_pais_treina,nome_conhecido) VALUES ('696','POR','Coons');
INSERT INTO tecnico (id_pessoa,codigo_pais_treina,nome_conhecido) VALUES ('697','ESP','Devino');
INSERT INTO tecnico (id_pessoa,codigo_pais_treina,nome_conhecido) VALUES ('698','MAR','Bonadurer');
INSERT INTO tecnico (id_pessoa,codigo_pais_treina,nome_conhecido) VALUES ('699','IRN','Diak');
INSERT INTO tecnico (id_pessoa,codigo_pais_treina,nome_conhecido) VALUES ('700','FRA','Bockrath');
INSERT INTO tecnico (id_pessoa,codigo_pais_treina,nome_conhecido) VALUES ('701','AUS','Bartram');
INSERT INTO tecnico (id_pessoa,codigo_pais_treina,nome_conhecido) VALUES ('702','PER','Galardi');
INSERT INTO tecnico (id_pessoa,codigo_pais_treina,nome_conhecido) VALUES ('703','DEN','Gerloff');
INSERT INTO tecnico (id_pessoa,codigo_pais_treina,nome_conhecido) VALUES ('704','ARG','Agerter');
INSERT INTO tecnico (id_pessoa,codigo_pais_treina,nome_conhecido) VALUES ('705','ISL','Gavalis');
INSERT INTO tecnico (id_pessoa,codigo_pais_treina,nome_conhecido) VALUES ('706','CRO','Dicke');
INSERT INTO tecnico (id_pessoa,codigo_pais_treina,nome_conhecido) VALUES ('707','NIG','Gengler');
INSERT INTO tecnico (id_pessoa,codigo_pais_treina,nome_conhecido) VALUES ('708','BRA','Botti');
INSERT INTO tecnico (id_pessoa,codigo_pais_treina,nome_conhecido) VALUES ('709','SWI','Bobet');
INSERT INTO tecnico (id_pessoa,codigo_pais_treina,nome_conhecido) VALUES ('710','CRI','Faulkenberry');
INSERT INTO tecnico (id_pessoa,codigo_pais_treina,nome_conhecido) VALUES ('711','SRB','Carlton');
INSERT INTO tecnico (id_pessoa,codigo_pais_treina,nome_conhecido) VALUES ('712','GER','Delzer');
INSERT INTO tecnico (id_pessoa,codigo_pais_treina,nome_conhecido) VALUES ('713','MEX','Bankson');
INSERT INTO tecnico (id_pessoa,codigo_pais_treina,nome_conhecido) VALUES ('714','SWE','Etkin');
INSERT INTO tecnico (id_pessoa,codigo_pais_treina,nome_conhecido) VALUES ('715','KOR','Doane');
INSERT INTO tecnico (id_pessoa,codigo_pais_treina,nome_conhecido) VALUES ('716','BEL','Fukushima');
INSERT INTO tecnico (id_pessoa,codigo_pais_treina,nome_conhecido) VALUES ('717','PAN','Calvetti');
INSERT INTO tecnico (id_pessoa,codigo_pais_treina,nome_conhecido) VALUES ('718','TUN','Dagesse');
INSERT INTO tecnico (id_pessoa,codigo_pais_treina,nome_conhecido) VALUES ('719','ENG','Ahrenstorff');
INSERT INTO tecnico (id_pessoa,codigo_pais_treina,nome_conhecido) VALUES ('720','POL','Drobot');
INSERT INTO tecnico (id_pessoa,codigo_pais_treina,nome_conhecido) VALUES ('721','SEN','Dunmead');
INSERT INTO tecnico (id_pessoa,codigo_pais_treina,nome_conhecido) VALUES ('722','COL','Deja');
INSERT INTO tecnico (id_pessoa,codigo_pais_treina,nome_conhecido) VALUES ('723','JPN','Fils');

INSERT INTO pessoa (id_pessoa, tipo_documento,documento,nome,data_nascimento,nome_pais_origem) VALUES ('1684','PASS','000249852','Finucan','19830714','Armenia');
INSERT INTO pessoa (id_pessoa, tipo_documento,documento,nome,data_nascimento,nome_pais_origem) VALUES ('1685','PASS','000100719','Glausier','19800206','Barbados');
INSERT INTO pessoa (id_pessoa, tipo_documento,documento,nome,data_nascimento,nome_pais_origem) VALUES ('1686','PASS','000179727','Bonita','19810703','Germany');
INSERT INTO pessoa (id_pessoa, tipo_documento,documento,nome,data_nascimento,nome_pais_origem) VALUES ('1687','PASS','000933499','Conejo','19851123','Armenia');
INSERT INTO pessoa (id_pessoa, tipo_documento,documento,nome,data_nascimento,nome_pais_origem) VALUES ('1688','PASS','000820362','Chafin','19720302','Saudi');
INSERT INTO pessoa (id_pessoa, tipo_documento,documento,nome,data_nascimento,nome_pais_origem) VALUES ('1689','PASS','000153470','Dewaratanawan','19770321','Egypt');
INSERT INTO pessoa (id_pessoa, tipo_documento,documento,nome,data_nascimento,nome_pais_origem) VALUES ('1690','PASS','000611085','Buss','19880818','Switzerland');
INSERT INTO pessoa (id_pessoa, tipo_documento,documento,nome,data_nascimento,nome_pais_origem) VALUES ('1691','PASS','000185036','Aley','19730709','Mongolia');
INSERT INTO pessoa (id_pessoa, tipo_documento,documento,nome,data_nascimento,nome_pais_origem) VALUES ('1692','PASS','000741173','Dimassimo','19740808','Uruguay');
INSERT INTO pessoa (id_pessoa, tipo_documento,documento,nome,data_nascimento,nome_pais_origem) VALUES ('1693','PASS','000292270','Bulisco','19821124','Slovakia');
INSERT INTO pessoa (id_pessoa, tipo_documento,documento,nome,data_nascimento,nome_pais_origem) VALUES ('1694','PASS','000662973','Bidstrup','19870208','Poland');
INSERT INTO pessoa (id_pessoa, tipo_documento,documento,nome,data_nascimento,nome_pais_origem) VALUES ('1695','PASS','000992052','Cherrie','19760120','Uruguay');
INSERT INTO pessoa (id_pessoa, tipo_documento,documento,nome,data_nascimento,nome_pais_origem) VALUES ('1696','PASS','000586693','Galbavy','19860820','Arabia');
INSERT INTO pessoa (id_pessoa, tipo_documento,documento,nome,data_nascimento,nome_pais_origem) VALUES ('1697','PASS','000650793','Ernzen','19770320','Senegal');
INSERT INTO pessoa (id_pessoa, tipo_documento,documento,nome,data_nascimento,nome_pais_origem) VALUES ('1698','PASS','000903249','Bellow','19710821','Japan');
INSERT INTO pessoa (id_pessoa, tipo_documento,documento,nome,data_nascimento,nome_pais_origem) VALUES ('1699','PASS','000256640','Berdy','19851001','Afghanistan');
INSERT INTO pessoa (id_pessoa, tipo_documento,documento,nome,data_nascimento,nome_pais_origem) VALUES ('1700','PASS','000351397','Agin','19891204','Croatia');
INSERT INTO pessoa (id_pessoa, tipo_documento,documento,nome,data_nascimento,nome_pais_origem) VALUES ('1701','PASS','000463154','Bellino','19851221','Germany');
INSERT INTO pessoa (id_pessoa, tipo_documento,documento,nome,data_nascimento,nome_pais_origem) VALUES ('1702','PASS','000610725','Cami','19850808','Poland');
INSERT INTO pessoa (id_pessoa, tipo_documento,documento,nome,data_nascimento,nome_pais_origem) VALUES ('1703','PASS','000294712','Austino','19720806','France');
INSERT INTO pessoa (id_pessoa, tipo_documento,documento,nome,data_nascimento,nome_pais_origem) VALUES ('1704','PASS','000371814','Gelinas','19880916','France');
INSERT INTO pessoa (id_pessoa, tipo_documento,documento,nome,data_nascimento,nome_pais_origem) VALUES ('1705','PASS','000349924','Fanny','19800813','Nicaragua');
INSERT INTO pessoa (id_pessoa, tipo_documento,documento,nome,data_nascimento,nome_pais_origem) VALUES ('1706','PASS','000384004','Carma','19760307','Australia');
INSERT INTO pessoa (id_pessoa, tipo_documento,documento,nome,data_nascimento,nome_pais_origem) VALUES ('1707','PASS','000730694','Crosson','19790311','Australia');
INSERT INTO pessoa (id_pessoa, tipo_documento,documento,nome,data_nascimento,nome_pais_origem) VALUES ('1708','PASS','000661044','Bowl','19881203','Slovakia');
INSERT INTO pessoa (id_pessoa, tipo_documento,documento,nome,data_nascimento,nome_pais_origem) VALUES ('1709','PASS','000266561','Frederica','19890214','Colombia');
INSERT INTO pessoa (id_pessoa, tipo_documento,documento,nome,data_nascimento,nome_pais_origem) VALUES ('1710','PASS','000752459','Fraiser','19850227','Indonesia');
INSERT INTO pessoa (id_pessoa, tipo_documento,documento,nome,data_nascimento,nome_pais_origem) VALUES ('1711','PASS','000944868','Garacci','19780311','Egypt');
INSERT INTO pessoa (id_pessoa, tipo_documento,documento,nome,data_nascimento,nome_pais_origem) VALUES ('1712','PASS','000506705','Adolphus','19790808','Singapore');
INSERT INTO pessoa (id_pessoa, tipo_documento,documento,nome,data_nascimento,nome_pais_origem) VALUES ('1713','PASS','000496019','Bousum','19760611','Singapore');
INSERT INTO pessoa (id_pessoa, tipo_documento,documento,nome,data_nascimento,nome_pais_origem) VALUES ('1714','PASS','000102626','Eleveld','19711227','Greece');
INSERT INTO pessoa (id_pessoa, tipo_documento,documento,nome,data_nascimento,nome_pais_origem) VALUES ('1715','PASS','000353392','Fielding','19890416','Belgium');
INSERT INTO pessoa (id_pessoa, tipo_documento,documento,nome,data_nascimento,nome_pais_origem) VALUES ('1716','PASS','000299886','Gilman','19870811','Norway');
INSERT INTO pessoa (id_pessoa, tipo_documento,documento,nome,data_nascimento,nome_pais_origem) VALUES ('1717','PASS','000529226','Formisano','19720921','Costa');
INSERT INTO pessoa (id_pessoa, tipo_documento,documento,nome,data_nascimento,nome_pais_origem) VALUES ('1718','PASS','000818461','Bogda','19881103','Croatia');
INSERT INTO pessoa (id_pessoa, tipo_documento,documento,nome,data_nascimento,nome_pais_origem) VALUES ('1719','PASS','000661115','Grinie','19740216','Greece');
INSERT INTO pessoa (id_pessoa, tipo_documento,documento,nome,data_nascimento,nome_pais_origem) VALUES ('1720','PASS','000735261','Giumarro','19850825','Syria');
INSERT INTO pessoa (id_pessoa, tipo_documento,documento,nome,data_nascimento,nome_pais_origem) VALUES ('1721','PASS','000381644','Claybourne','19700127','Austria');
INSERT INTO pessoa (id_pessoa, tipo_documento,documento,nome,data_nascimento,nome_pais_origem) VALUES ('1722','PASS','000517409','Groh','19750217','Egypt');
INSERT INTO pessoa (id_pessoa, tipo_documento,documento,nome,data_nascimento,nome_pais_origem) VALUES ('1723','PASS','000555851','Gravenstein','19761223','Bulgaria');
INSERT INTO pessoa (id_pessoa, tipo_documento,documento,nome,data_nascimento,nome_pais_origem) VALUES ('1724','PASS','000967839','Finegan','19860110','Iraq');
INSERT INTO pessoa (id_pessoa, tipo_documento,documento,nome,data_nascimento,nome_pais_origem) VALUES ('1725','PASS','000799887','Billiet','19830304','Mozambique');
INSERT INTO pessoa (id_pessoa, tipo_documento,documento,nome,data_nascimento,nome_pais_origem) VALUES ('1726','PASS','000796439','Avina','19710703','Spain');
INSERT INTO pessoa (id_pessoa, tipo_documento,documento,nome,data_nascimento,nome_pais_origem) VALUES ('1727','PASS','000856903','Gentles','19710416','Japan');
INSERT INTO pessoa (id_pessoa, tipo_documento,documento,nome,data_nascimento,nome_pais_origem) VALUES ('1728','PASS','000335211','Carkhuff','19740901','Switzerland');
INSERT INTO pessoa (id_pessoa, tipo_documento,documento,nome,data_nascimento,nome_pais_origem) VALUES ('1729','PASS','000589777','Guarisco','19810924','France');
INSERT INTO pessoa (id_pessoa, tipo_documento,documento,nome,data_nascimento,nome_pais_origem) VALUES ('1730','PASS','000945138','Cianci','19860503','Italy');
INSERT INTO pessoa (id_pessoa, tipo_documento,documento,nome,data_nascimento,nome_pais_origem) VALUES ('1731','PASS','000979107','Damien','19800403','Netherlands');
INSERT INTO pessoa (id_pessoa, tipo_documento,documento,nome,data_nascimento,nome_pais_origem) VALUES ('1732','PASS','000819395','Chasteen','19890803','New');
INSERT INTO pessoa (id_pessoa, tipo_documento,documento,nome,data_nascimento,nome_pais_origem) VALUES ('1733','PASS','000999894','Fajen','19810915','Ukraine');
INSERT INTO pessoa (id_pessoa, tipo_documento,documento,nome,data_nascimento,nome_pais_origem) VALUES ('1734','PASS','000414282','Bowdon','19820508','France');
INSERT INTO pessoa (id_pessoa, tipo_documento,documento,nome,data_nascimento,nome_pais_origem) VALUES ('1735','PASS','000383659','Deonna','19780705','Bahrain');
INSERT INTO pessoa (id_pessoa, tipo_documento,documento,nome,data_nascimento,nome_pais_origem) VALUES ('1736','PASS','000330412','Graig','19700316','Colombia');
INSERT INTO pessoa (id_pessoa, tipo_documento,documento,nome,data_nascimento,nome_pais_origem) VALUES ('1737','PASS','000590155','Carvell','19881005','Australia');
INSERT INTO pessoa (id_pessoa, tipo_documento,documento,nome,data_nascimento,nome_pais_origem) VALUES ('1738','PASS','000272217','Cavalier','19850503','Japan');
INSERT INTO pessoa (id_pessoa, tipo_documento,documento,nome,data_nascimento,nome_pais_origem) VALUES ('1739','PASS','000262727','Defouw','19810106','Syria');
INSERT INTO pessoa (id_pessoa, tipo_documento,documento,nome,data_nascimento,nome_pais_origem) VALUES ('1740','PASS','000401830','Casivant','19731226','New');
INSERT INTO pessoa (id_pessoa, tipo_documento,documento,nome,data_nascimento,nome_pais_origem) VALUES ('1741','PASS','000101430','Eisensmith','19870221','Finland');
INSERT INTO pessoa (id_pessoa, tipo_documento,documento,nome,data_nascimento,nome_pais_origem) VALUES ('1742','PASS','000166806','Dehombre','19750911','Greece');
INSERT INTO pessoa (id_pessoa, tipo_documento,documento,nome,data_nascimento,nome_pais_origem) VALUES ('1743','PASS','000324597','Bowlby','19780317','Nepal');
INSERT INTO pessoa (id_pessoa, tipo_documento,documento,nome,data_nascimento,nome_pais_origem) VALUES ('1744','PASS','000211699','Barbot','19721223','Algeria');
INSERT INTO pessoa (id_pessoa, tipo_documento,documento,nome,data_nascimento,nome_pais_origem) VALUES ('1745','PASS','000123606','Bake','19800416','Chad');
INSERT INTO pessoa (id_pessoa, tipo_documento,documento,nome,data_nascimento,nome_pais_origem) VALUES ('1746','PASS','000789828','Forney','19730125','Morocco');
INSERT INTO pessoa (id_pessoa, tipo_documento,documento,nome,data_nascimento,nome_pais_origem) VALUES ('1747','PASS','000271485','Bellini','19800721','Sweden');
INSERT INTO pessoa (id_pessoa, tipo_documento,documento,nome,data_nascimento,nome_pais_origem) VALUES ('1748','PASS','000934906','Abrahamian','19891203','Uzbekistan');
INSERT INTO pessoa (id_pessoa, tipo_documento,documento,nome,data_nascimento,nome_pais_origem) VALUES ('1749','PASS','000569027','Augustave','19821111','Azerbaijan');
INSERT INTO pessoa (id_pessoa, tipo_documento,documento,nome,data_nascimento,nome_pais_origem) VALUES ('1750','PASS','000595476','Crother','19760322','Switzerland');
INSERT INTO pessoa (id_pessoa, tipo_documento,documento,nome,data_nascimento,nome_pais_origem) VALUES ('1751','PASS','000160559','Earman','19831222','Brazil');
INSERT INTO pessoa (id_pessoa, tipo_documento,documento,nome,data_nascimento,nome_pais_origem) VALUES ('1752','PASS','000934768','Burgio','19860604','Nicaragua');
INSERT INTO pessoa (id_pessoa, tipo_documento,documento,nome,data_nascimento,nome_pais_origem) VALUES ('1753','PASS','000413094','Bermudes','19840309','Philippines');
INSERT INTO pessoa (id_pessoa, tipo_documento,documento,nome,data_nascimento,nome_pais_origem) VALUES ('1754','PASS','000705385','Barranger','19710222','Ukraine');
INSERT INTO pessoa (id_pessoa, tipo_documento,documento,nome,data_nascimento,nome_pais_origem) VALUES ('1755','PASS','000326157','Esfahani','19710123','Uruguay');
INSERT INTO pessoa (id_pessoa, tipo_documento,documento,nome,data_nascimento,nome_pais_origem) VALUES ('1756','PASS','000808217','Gallmon','19850723','Ukraine');
INSERT INTO pessoa (id_pessoa, tipo_documento,documento,nome,data_nascimento,nome_pais_origem) VALUES ('1757','PASS','000747492','Ebonie','19850408','Senegal');
INSERT INTO pessoa (id_pessoa, tipo_documento,documento,nome,data_nascimento,nome_pais_origem) VALUES ('1758','PASS','000408701','Ballina','19890212','Slovakia');
INSERT INTO pessoa (id_pessoa, tipo_documento,documento,nome,data_nascimento,nome_pais_origem) VALUES ('1759','PASS','000207363','Bulosan','19861115','Nepal');
INSERT INTO pessoa (id_pessoa, tipo_documento,documento,nome,data_nascimento,nome_pais_origem) VALUES ('1760','PASS','000489180','Broglio','19710822','Mozambique');
INSERT INTO pessoa (id_pessoa, tipo_documento,documento,nome,data_nascimento,nome_pais_origem) VALUES ('1761','PASS','000210112','Daniele','19790825','Morocco');
INSERT INTO pessoa (id_pessoa, tipo_documento,documento,nome,data_nascimento,nome_pais_origem) VALUES ('1762','PASS','000589996','Balford','19810922','Syria');
INSERT INTO pessoa (id_pessoa, tipo_documento,documento,nome,data_nascimento,nome_pais_origem) VALUES ('1763','PASS','000986432','Gabrial','19731111','Morocco');
INSERT INTO pessoa (id_pessoa, tipo_documento,documento,nome,data_nascimento,nome_pais_origem) VALUES ('1764','PASS','000834585','Franssen','19790708','Thailand');
INSERT INTO pessoa (id_pessoa, tipo_documento,documento,nome,data_nascimento,nome_pais_origem) VALUES ('1765','PASS','000791359','Fedder','19840521','Austria');
INSERT INTO pessoa (id_pessoa, tipo_documento,documento,nome,data_nascimento,nome_pais_origem) VALUES ('1766','PASS','000202471','Gallogly','19870915','Uzbekistan');
INSERT INTO pessoa (id_pessoa, tipo_documento,documento,nome,data_nascimento,nome_pais_origem) VALUES ('1767','PASS','000419910','Gardella','19750807','Costa');
INSERT INTO pessoa (id_pessoa, tipo_documento,documento,nome,data_nascimento,nome_pais_origem) VALUES ('1768','PASS','000671492','Carmelina','19830615','Albania');
INSERT INTO pessoa (id_pessoa, tipo_documento,documento,nome,data_nascimento,nome_pais_origem) VALUES ('1769','PASS','000448253','Gregson','19770712','Afghanistan');
INSERT INTO pessoa (id_pessoa, tipo_documento,documento,nome,data_nascimento,nome_pais_origem) VALUES ('1770','PASS','000444869','Grdina','19870816','Georgia');
INSERT INTO pessoa (id_pessoa, tipo_documento,documento,nome,data_nascimento,nome_pais_origem) VALUES ('1771','PASS','000180576','Donley','19870216','Albania');
INSERT INTO pessoa (id_pessoa, tipo_documento,documento,nome,data_nascimento,nome_pais_origem) VALUES ('1772','PASS','000701008','France','19730610','Paraguay');
INSERT INTO pessoa (id_pessoa, tipo_documento,documento,nome,data_nascimento,nome_pais_origem) VALUES ('1773','PASS','000955047','Bernstrom','19820217','Nepal');
INSERT INTO pessoa (id_pessoa, tipo_documento,documento,nome,data_nascimento,nome_pais_origem) VALUES ('1774','PASS','000600138','Gaynelle','19880606','Argentina');
INSERT INTO pessoa (id_pessoa, tipo_documento,documento,nome,data_nascimento,nome_pais_origem) VALUES ('1775','PASS','000438135','Detwiler','19720721','Portugal');
INSERT INTO pessoa (id_pessoa, tipo_documento,documento,nome,data_nascimento,nome_pais_origem) VALUES ('1776','PASS','000941873','Annon','19870111','Singapore');
INSERT INTO pessoa (id_pessoa, tipo_documento,documento,nome,data_nascimento,nome_pais_origem) VALUES ('1777','PASS','000621434','December','19781225','Indonesia');
INSERT INTO pessoa (id_pessoa, tipo_documento,documento,nome,data_nascimento,nome_pais_origem) VALUES ('1778','PASS','000923271','Citrone','19790919','Finland');
INSERT INTO pessoa (id_pessoa, tipo_documento,documento,nome,data_nascimento,nome_pais_origem) VALUES ('1779','PASS','000987087','Gogan','19741109','Mongolia');
INSERT INTO tradutor (id_pessoa,codigo_pais_traduz) VALUES ('1684','RUS');
INSERT INTO tradutor (id_pessoa,codigo_pais_traduz) VALUES ('1685','SAU');
INSERT INTO tradutor (id_pessoa,codigo_pais_traduz) VALUES ('1686','EGY');
INSERT INTO tradutor (id_pessoa,codigo_pais_traduz) VALUES ('1687','URY');
INSERT INTO tradutor (id_pessoa,codigo_pais_traduz) VALUES ('1688','POR');
INSERT INTO tradutor (id_pessoa,codigo_pais_traduz) VALUES ('1689','ESP');
INSERT INTO tradutor (id_pessoa,codigo_pais_traduz) VALUES ('1690','MAR');
INSERT INTO tradutor (id_pessoa,codigo_pais_traduz) VALUES ('1691','IRN');
INSERT INTO tradutor (id_pessoa,codigo_pais_traduz) VALUES ('1692','FRA');
INSERT INTO tradutor (id_pessoa,codigo_pais_traduz) VALUES ('1693','AUS');
INSERT INTO tradutor (id_pessoa,codigo_pais_traduz) VALUES ('1694','PER');
INSERT INTO tradutor (id_pessoa,codigo_pais_traduz) VALUES ('1695','DEN');
INSERT INTO tradutor (id_pessoa,codigo_pais_traduz) VALUES ('1696','ARG');
INSERT INTO tradutor (id_pessoa,codigo_pais_traduz) VALUES ('1697','ISL');
INSERT INTO tradutor (id_pessoa,codigo_pais_traduz) VALUES ('1698','CRO');
INSERT INTO tradutor (id_pessoa,codigo_pais_traduz) VALUES ('1699','NIG');
INSERT INTO tradutor (id_pessoa,codigo_pais_traduz) VALUES ('1700','BRA');
INSERT INTO tradutor (id_pessoa,codigo_pais_traduz) VALUES ('1701','SWI');
INSERT INTO tradutor (id_pessoa,codigo_pais_traduz) VALUES ('1702','CRI');
INSERT INTO tradutor (id_pessoa,codigo_pais_traduz) VALUES ('1703','SRB');
INSERT INTO tradutor (id_pessoa,codigo_pais_traduz) VALUES ('1704','GER');
INSERT INTO tradutor (id_pessoa,codigo_pais_traduz) VALUES ('1705','MEX');
INSERT INTO tradutor (id_pessoa,codigo_pais_traduz) VALUES ('1706','SWE');
INSERT INTO tradutor (id_pessoa,codigo_pais_traduz) VALUES ('1707','KOR');
INSERT INTO tradutor (id_pessoa,codigo_pais_traduz) VALUES ('1708','BEL');
INSERT INTO tradutor (id_pessoa,codigo_pais_traduz) VALUES ('1709','PAN');
INSERT INTO tradutor (id_pessoa,codigo_pais_traduz) VALUES ('1710','TUN');
INSERT INTO tradutor (id_pessoa,codigo_pais_traduz) VALUES ('1711','ENG');
INSERT INTO tradutor (id_pessoa,codigo_pais_traduz) VALUES ('1712','POL');
INSERT INTO tradutor (id_pessoa,codigo_pais_traduz) VALUES ('1713','SEN');
INSERT INTO tradutor (id_pessoa,codigo_pais_traduz) VALUES ('1714','COL');
INSERT INTO tradutor (id_pessoa,codigo_pais_traduz) VALUES ('1715','JPN');
INSERT INTO tradutor (id_pessoa,codigo_pais_traduz) VALUES ('1716','RUS');
INSERT INTO tradutor (id_pessoa,codigo_pais_traduz) VALUES ('1717','SAU');
INSERT INTO tradutor (id_pessoa,codigo_pais_traduz) VALUES ('1718','EGY');
INSERT INTO tradutor (id_pessoa,codigo_pais_traduz) VALUES ('1719','URY');
INSERT INTO tradutor (id_pessoa,codigo_pais_traduz) VALUES ('1720','POR');
INSERT INTO tradutor (id_pessoa,codigo_pais_traduz) VALUES ('1721','ESP');
INSERT INTO tradutor (id_pessoa,codigo_pais_traduz) VALUES ('1722','MAR');
INSERT INTO tradutor (id_pessoa,codigo_pais_traduz) VALUES ('1723','IRN');
INSERT INTO tradutor (id_pessoa,codigo_pais_traduz) VALUES ('1724','FRA');
INSERT INTO tradutor (id_pessoa,codigo_pais_traduz) VALUES ('1725','AUS');
INSERT INTO tradutor (id_pessoa,codigo_pais_traduz) VALUES ('1726','PER');
INSERT INTO tradutor (id_pessoa,codigo_pais_traduz) VALUES ('1727','DEN');
INSERT INTO tradutor (id_pessoa,codigo_pais_traduz) VALUES ('1728','ARG');
INSERT INTO tradutor (id_pessoa,codigo_pais_traduz) VALUES ('1729','ISL');
INSERT INTO tradutor (id_pessoa,codigo_pais_traduz) VALUES ('1730','CRO');
INSERT INTO tradutor (id_pessoa,codigo_pais_traduz) VALUES ('1731','NIG');
INSERT INTO tradutor (id_pessoa,codigo_pais_traduz) VALUES ('1732','BRA');
INSERT INTO tradutor (id_pessoa,codigo_pais_traduz) VALUES ('1733','SWI');
INSERT INTO tradutor (id_pessoa,codigo_pais_traduz) VALUES ('1734','CRI');
INSERT INTO tradutor (id_pessoa,codigo_pais_traduz) VALUES ('1735','SRB');
INSERT INTO tradutor (id_pessoa,codigo_pais_traduz) VALUES ('1736','GER');
INSERT INTO tradutor (id_pessoa,codigo_pais_traduz) VALUES ('1737','MEX');
INSERT INTO tradutor (id_pessoa,codigo_pais_traduz) VALUES ('1738','SWE');
INSERT INTO tradutor (id_pessoa,codigo_pais_traduz) VALUES ('1739','KOR');
INSERT INTO tradutor (id_pessoa,codigo_pais_traduz) VALUES ('1740','BEL');
INSERT INTO tradutor (id_pessoa,codigo_pais_traduz) VALUES ('1741','PAN');
INSERT INTO tradutor (id_pessoa,codigo_pais_traduz) VALUES ('1742','TUN');
INSERT INTO tradutor (id_pessoa,codigo_pais_traduz) VALUES ('1743','ENG');
INSERT INTO tradutor (id_pessoa,codigo_pais_traduz) VALUES ('1744','POL');
INSERT INTO tradutor (id_pessoa,codigo_pais_traduz) VALUES ('1745','SEN');
INSERT INTO tradutor (id_pessoa,codigo_pais_traduz) VALUES ('1746','COL');
INSERT INTO tradutor (id_pessoa,codigo_pais_traduz) VALUES ('1747','JPN');
INSERT INTO tradutor (id_pessoa,codigo_pais_traduz) VALUES ('1748','RUS');
INSERT INTO tradutor (id_pessoa,codigo_pais_traduz) VALUES ('1749','SAU');
INSERT INTO tradutor (id_pessoa,codigo_pais_traduz) VALUES ('1750','EGY');
INSERT INTO tradutor (id_pessoa,codigo_pais_traduz) VALUES ('1751','URY');
INSERT INTO tradutor (id_pessoa,codigo_pais_traduz) VALUES ('1752','POR');
INSERT INTO tradutor (id_pessoa,codigo_pais_traduz) VALUES ('1753','ESP');
INSERT INTO tradutor (id_pessoa,codigo_pais_traduz) VALUES ('1754','MAR');
INSERT INTO tradutor (id_pessoa,codigo_pais_traduz) VALUES ('1755','IRN');
INSERT INTO tradutor (id_pessoa,codigo_pais_traduz) VALUES ('1756','FRA');
INSERT INTO tradutor (id_pessoa,codigo_pais_traduz) VALUES ('1757','AUS');
INSERT INTO tradutor (id_pessoa,codigo_pais_traduz) VALUES ('1758','PER');
INSERT INTO tradutor (id_pessoa,codigo_pais_traduz) VALUES ('1759','DEN');
INSERT INTO tradutor (id_pessoa,codigo_pais_traduz) VALUES ('1760','ARG');
INSERT INTO tradutor (id_pessoa,codigo_pais_traduz) VALUES ('1761','ISL');
INSERT INTO tradutor (id_pessoa,codigo_pais_traduz) VALUES ('1762','CRO');
INSERT INTO tradutor (id_pessoa,codigo_pais_traduz) VALUES ('1763','NIG');
INSERT INTO tradutor (id_pessoa,codigo_pais_traduz) VALUES ('1764','BRA');
INSERT INTO tradutor (id_pessoa,codigo_pais_traduz) VALUES ('1765','SWI');
INSERT INTO tradutor (id_pessoa,codigo_pais_traduz) VALUES ('1766','CRI');
INSERT INTO tradutor (id_pessoa,codigo_pais_traduz) VALUES ('1767','SRB');
INSERT INTO tradutor (id_pessoa,codigo_pais_traduz) VALUES ('1768','GER');
INSERT INTO tradutor (id_pessoa,codigo_pais_traduz) VALUES ('1769','MEX');
INSERT INTO tradutor (id_pessoa,codigo_pais_traduz) VALUES ('1770','SWE');
INSERT INTO tradutor (id_pessoa,codigo_pais_traduz) VALUES ('1771','KOR');
INSERT INTO tradutor (id_pessoa,codigo_pais_traduz) VALUES ('1772','BEL');
INSERT INTO tradutor (id_pessoa,codigo_pais_traduz) VALUES ('1773','PAN');
INSERT INTO tradutor (id_pessoa,codigo_pais_traduz) VALUES ('1774','TUN');
INSERT INTO tradutor (id_pessoa,codigo_pais_traduz) VALUES ('1775','ENG');
INSERT INTO tradutor (id_pessoa,codigo_pais_traduz) VALUES ('1776','POL');
INSERT INTO tradutor (id_pessoa,codigo_pais_traduz) VALUES ('1777','SEN');
INSERT INTO tradutor (id_pessoa,codigo_pais_traduz) VALUES ('1778','COL');
INSERT INTO tradutor (id_pessoa,codigo_pais_traduz) VALUES ('1779','JPN');
INSERT INTO idioma (codigo_idioma,nome) VALUES ('RUS','Russo');
INSERT INTO idioma (codigo_idioma,nome) VALUES ('POR','Português');
INSERT INTO idioma (codigo_idioma,nome) VALUES ('ZHO','Chinês');
INSERT INTO idioma (codigo_idioma,nome) VALUES ('HRV','Croata');
INSERT INTO idioma (codigo_idioma,nome) VALUES ('BUL','Bulgaro');
INSERT INTO idioma (codigo_idioma,nome) VALUES ('ARA','Árabe');
INSERT INTO idioma (codigo_idioma,nome) VALUES ('ARM','Armênio');
INSERT INTO idioma (codigo_idioma,nome) VALUES ('ALB','Albanês');
INSERT INTO idioma (codigo_idioma,nome) VALUES ('BOS','Bósnio');
INSERT INTO idioma (codigo_idioma,nome) VALUES ('NYA','Chichewa');
INSERT INTO idioma (codigo_idioma,nome) VALUES ('CHV','Chuvash');
INSERT INTO idioma (codigo_idioma,nome) VALUES ('CES','Tcheco');
INSERT INTO idioma (codigo_idioma,nome) VALUES ('DAN','Dinamarquês');
INSERT INTO idioma (codigo_idioma,nome) VALUES ('ENG','Inglês');
INSERT INTO idioma (codigo_idioma,nome) VALUES ('FRA','Francês');
INSERT INTO idioma (codigo_idioma,nome) VALUES ('DEU','Alemão');
INSERT INTO idioma (codigo_idioma,nome) VALUES ('HEB','Hebraico');
INSERT INTO idioma (codigo_idioma,nome) VALUES ('HUN','Húngaro');
INSERT INTO idioma (codigo_idioma,nome) VALUES ('HIN','Hindi');
INSERT INTO idioma (codigo_idioma,nome) VALUES ('JPN','Japonês');
INSERT INTO idioma (codigo_idioma,nome) VALUES ('KAZ','Kazaque');
INSERT INTO idioma (codigo_idioma,nome) VALUES ('KOR','Koreano');
INSERT INTO idioma (codigo_idioma,nome) VALUES ('LIT','Lituânio');
INSERT INTO idioma (codigo_idioma,nome) VALUES ('MON','Mongol');
INSERT INTO idioma (codigo_idioma,nome) VALUES ('ESP','Espanhol');
INSERT INTO idioma (codigo_idioma,nome) VALUES ('NOR','Norueguês');
INSERT INTO idioma (codigo_idioma,nome) VALUES ('POL','Polonês');
INSERT INTO idioma (codigo_idioma,nome) VALUES ('RON','Romênio');
INSERT INTO idioma (codigo_idioma,nome) VALUES ('SLV','Eslováqui');
INSERT INTO idioma (codigo_idioma,nome) VALUES ('BOD','Tibetano');
INSERT INTO idioma (codigo_idioma,nome) VALUES ('TAH','Tahitiano');
INSERT INTO idioma (codigo_idioma,nome) VALUES ('ZUL','Zulu');
INSERT INTO conhece (id_pessoa,codigo_idioma) VALUES ('1684','HRV');
INSERT INTO conhece (id_pessoa,codigo_idioma) VALUES ('1684','FRA');
INSERT INTO conhece (id_pessoa,codigo_idioma) VALUES ('1684','ESP');
INSERT INTO conhece (id_pessoa,codigo_idioma) VALUES ('1684','ZUL');
INSERT INTO conhece (id_pessoa,codigo_idioma) VALUES ('1686','NYA');
INSERT INTO conhece (id_pessoa,codigo_idioma) VALUES ('1686','ZUL');
INSERT INTO conhece (id_pessoa,codigo_idioma) VALUES ('1687','HRV');
INSERT INTO conhece (id_pessoa,codigo_idioma) VALUES ('1687','DEU');
INSERT INTO conhece (id_pessoa,codigo_idioma) VALUES ('1688','ZHO');
INSERT INTO conhece (id_pessoa,codigo_idioma) VALUES ('1688','DEU');
INSERT INTO conhece (id_pessoa,codigo_idioma) VALUES ('1688','HUN');
INSERT INTO conhece (id_pessoa,codigo_idioma) VALUES ('1688','NOR');
INSERT INTO conhece (id_pessoa,codigo_idioma) VALUES ('1690','ENG');
INSERT INTO conhece (id_pessoa,codigo_idioma) VALUES ('1690','ESP');
INSERT INTO conhece (id_pessoa,codigo_idioma) VALUES ('1691','BUL');
INSERT INTO conhece (id_pessoa,codigo_idioma) VALUES ('1691','KAZ');
INSERT INTO conhece (id_pessoa,codigo_idioma) VALUES ('1691','ESP');
INSERT INTO conhece (id_pessoa,codigo_idioma) VALUES ('1691','POL');
INSERT INTO conhece (id_pessoa,codigo_idioma) VALUES ('1692','ALB');
INSERT INTO conhece (id_pessoa,codigo_idioma) VALUES ('1692','NYA');
INSERT INTO conhece (id_pessoa,codigo_idioma) VALUES ('1692','DEU');
INSERT INTO conhece (id_pessoa,codigo_idioma) VALUES ('1692','ZUL');
INSERT INTO conhece (id_pessoa,codigo_idioma) VALUES ('1693','NYA');
INSERT INTO conhece (id_pessoa,codigo_idioma) VALUES ('1693','BOD');
INSERT INTO conhece (id_pessoa,codigo_idioma) VALUES ('1693','ZUL');
INSERT INTO conhece (id_pessoa,codigo_idioma) VALUES ('1694','ZHO');
INSERT INTO conhece (id_pessoa,codigo_idioma) VALUES ('1695','ZHO');
INSERT INTO conhece (id_pessoa,codigo_idioma) VALUES ('1695','MON');
INSERT INTO conhece (id_pessoa,codigo_idioma) VALUES ('1695','SLV');
INSERT INTO conhece (id_pessoa,codigo_idioma) VALUES ('1696','POR');
INSERT INTO conhece (id_pessoa,codigo_idioma) VALUES ('1696','ALB');
INSERT INTO conhece (id_pessoa,codigo_idioma) VALUES ('1697','POR');
INSERT INTO conhece (id_pessoa,codigo_idioma) VALUES ('1697','NYA');
INSERT INTO conhece (id_pessoa,codigo_idioma) VALUES ('1697','HEB');
INSERT INTO conhece (id_pessoa,codigo_idioma) VALUES ('1697','TAH');
INSERT INTO conhece (id_pessoa,codigo_idioma) VALUES ('1698','SLV');
INSERT INTO conhece (id_pessoa,codigo_idioma) VALUES ('1699','HEB');
INSERT INTO conhece (id_pessoa,codigo_idioma) VALUES ('1699','HUN');
INSERT INTO conhece (id_pessoa,codigo_idioma) VALUES ('1700','CES');
INSERT INTO conhece (id_pessoa,codigo_idioma) VALUES ('1702','ZHO');
INSERT INTO conhece (id_pessoa,codigo_idioma) VALUES ('1702','ALB');
INSERT INTO conhece (id_pessoa,codigo_idioma) VALUES ('1702','ENG');
INSERT INTO conhece (id_pessoa,codigo_idioma) VALUES ('1703','KOR');
INSERT INTO conhece (id_pessoa,codigo_idioma) VALUES ('1704','DAN');
INSERT INTO conhece (id_pessoa,codigo_idioma) VALUES ('1704','RON');
INSERT INTO conhece (id_pessoa,codigo_idioma) VALUES ('1706','DAN');
INSERT INTO conhece (id_pessoa,codigo_idioma) VALUES ('1706','ENG');
INSERT INTO conhece (id_pessoa,codigo_idioma) VALUES ('1706','FRA');
INSERT INTO conhece (id_pessoa,codigo_idioma) VALUES ('1706','MON');
INSERT INTO conhece (id_pessoa,codigo_idioma) VALUES ('1707','FRA');
INSERT INTO conhece (id_pessoa,codigo_idioma) VALUES ('1707','HUN');
INSERT INTO conhece (id_pessoa,codigo_idioma) VALUES ('1707','HIN');
INSERT INTO conhece (id_pessoa,codigo_idioma) VALUES ('1707','KOR');
INSERT INTO conhece (id_pessoa,codigo_idioma) VALUES ('1708','LIT');
INSERT INTO conhece (id_pessoa,codigo_idioma) VALUES ('1709','ZHO');
INSERT INTO conhece (id_pessoa,codigo_idioma) VALUES ('1709','BOS');
INSERT INTO conhece (id_pessoa,codigo_idioma) VALUES ('1709','KOR');
INSERT INTO conhece (id_pessoa,codigo_idioma) VALUES ('1710','ARA');
INSERT INTO conhece (id_pessoa,codigo_idioma) VALUES ('1711','DEU');
INSERT INTO conhece (id_pessoa,codigo_idioma) VALUES ('1711','HEB');
INSERT INTO conhece (id_pessoa,codigo_idioma) VALUES ('1711','KAZ');
INSERT INTO conhece (id_pessoa,codigo_idioma) VALUES ('1711','ESP');
INSERT INTO conhece (id_pessoa,codigo_idioma) VALUES ('1712','ALB');
INSERT INTO conhece (id_pessoa,codigo_idioma) VALUES ('1712','ENG');
INSERT INTO conhece (id_pessoa,codigo_idioma) VALUES ('1713','NYA');
INSERT INTO conhece (id_pessoa,codigo_idioma) VALUES ('1713','MON');
INSERT INTO conhece (id_pessoa,codigo_idioma) VALUES ('1714','ARM');
INSERT INTO conhece (id_pessoa,codigo_idioma) VALUES ('1716','POR');
INSERT INTO conhece (id_pessoa,codigo_idioma) VALUES ('1716','ARA');
INSERT INTO conhece (id_pessoa,codigo_idioma) VALUES ('1716','CHV');
INSERT INTO conhece (id_pessoa,codigo_idioma) VALUES ('1717','BUL');
INSERT INTO conhece (id_pessoa,codigo_idioma) VALUES ('1717','BOS');
INSERT INTO conhece (id_pessoa,codigo_idioma) VALUES ('1717','BOD');
INSERT INTO conhece (id_pessoa,codigo_idioma) VALUES ('1720','ZUL');
INSERT INTO conhece (id_pessoa,codigo_idioma) VALUES ('1722','CES');
INSERT INTO conhece (id_pessoa,codigo_idioma) VALUES ('1722','DAN');
INSERT INTO conhece (id_pessoa,codigo_idioma) VALUES ('1722','KAZ');
INSERT INTO conhece (id_pessoa,codigo_idioma) VALUES ('1722','ESP');
INSERT INTO conhece (id_pessoa,codigo_idioma) VALUES ('1723','BUL');
INSERT INTO conhece (id_pessoa,codigo_idioma) VALUES ('1723','POL');
INSERT INTO conhece (id_pessoa,codigo_idioma) VALUES ('1726','POR');
INSERT INTO conhece (id_pessoa,codigo_idioma) VALUES ('1726','HEB');
INSERT INTO conhece (id_pessoa,codigo_idioma) VALUES ('1726','NOR');
INSERT INTO conhece (id_pessoa,codigo_idioma) VALUES ('1727','RUS');
INSERT INTO conhece (id_pessoa,codigo_idioma) VALUES ('1727','ZHO');
INSERT INTO conhece (id_pessoa,codigo_idioma) VALUES ('1727','BUL');
INSERT INTO conhece (id_pessoa,codigo_idioma) VALUES ('1727','RON');
INSERT INTO conhece (id_pessoa,codigo_idioma) VALUES ('1728','ENG');
INSERT INTO conhece (id_pessoa,codigo_idioma) VALUES ('1729','HEB');
INSERT INTO conhece (id_pessoa,codigo_idioma) VALUES ('1729','LIT');
INSERT INTO conhece (id_pessoa,codigo_idioma) VALUES ('1730','ENG');
INSERT INTO conhece (id_pessoa,codigo_idioma) VALUES ('1730','HEB');
INSERT INTO conhece (id_pessoa,codigo_idioma) VALUES ('1730','JPN');
INSERT INTO conhece (id_pessoa,codigo_idioma) VALUES ('1730','NOR');
INSERT INTO conhece (id_pessoa,codigo_idioma) VALUES ('1731','DAN');
INSERT INTO conhece (id_pessoa,codigo_idioma) VALUES ('1732','FRA');
INSERT INTO conhece (id_pessoa,codigo_idioma) VALUES ('1732','KAZ');
INSERT INTO conhece (id_pessoa,codigo_idioma) VALUES ('1732','MON');
INSERT INTO conhece (id_pessoa,codigo_idioma) VALUES ('1734','HIN');
INSERT INTO conhece (id_pessoa,codigo_idioma) VALUES ('1734','TAH');
INSERT INTO conhece (id_pessoa,codigo_idioma) VALUES ('1735','HRV');
INSERT INTO conhece (id_pessoa,codigo_idioma) VALUES ('1735','HIN');
INSERT INTO conhece (id_pessoa,codigo_idioma) VALUES ('1735','JPN');
INSERT INTO conhece (id_pessoa,codigo_idioma) VALUES ('1735','KAZ');
INSERT INTO conhece (id_pessoa,codigo_idioma) VALUES ('1737','CHV');
INSERT INTO conhece (id_pessoa,codigo_idioma) VALUES ('1737','DAN');
INSERT INTO conhece (id_pessoa,codigo_idioma) VALUES ('1738','HUN');
INSERT INTO conhece (id_pessoa,codigo_idioma) VALUES ('1738','TAH');
INSERT INTO conhece (id_pessoa,codigo_idioma) VALUES ('1740','HRV');
INSERT INTO conhece (id_pessoa,codigo_idioma) VALUES ('1740','LIT');
INSERT INTO conhece (id_pessoa,codigo_idioma) VALUES ('1740','NOR');
INSERT INTO conhece (id_pessoa,codigo_idioma) VALUES ('1741','ARM');
INSERT INTO conhece (id_pessoa,codigo_idioma) VALUES ('1742','CES');
INSERT INTO conhece (id_pessoa,codigo_idioma) VALUES ('1742','HEB');
INSERT INTO conhece (id_pessoa,codigo_idioma) VALUES ('1743','BUL');
INSERT INTO conhece (id_pessoa,codigo_idioma) VALUES ('1743','NYA');
INSERT INTO conhece (id_pessoa,codigo_idioma) VALUES ('1743','ESP');
INSERT INTO conhece (id_pessoa,codigo_idioma) VALUES ('1743','POL');
INSERT INTO conhece (id_pessoa,codigo_idioma) VALUES ('1744','RUS');
INSERT INTO conhece (id_pessoa,codigo_idioma) VALUES ('1744','CHV');
INSERT INTO conhece (id_pessoa,codigo_idioma) VALUES ('1744','KOR');
INSERT INTO conhece (id_pessoa,codigo_idioma) VALUES ('1745','HIN');
INSERT INTO conhece (id_pessoa,codigo_idioma) VALUES ('1745','JPN');
INSERT INTO conhece (id_pessoa,codigo_idioma) VALUES ('1747','RUS');
INSERT INTO conhece (id_pessoa,codigo_idioma) VALUES ('1747','HRV');
INSERT INTO conhece (id_pessoa,codigo_idioma) VALUES ('1747','NOR');
INSERT INTO conhece (id_pessoa,codigo_idioma) VALUES ('1748','HIN');
INSERT INTO conhece (id_pessoa,codigo_idioma) VALUES ('1748','RON');
INSERT INTO conhece (id_pessoa,codigo_idioma) VALUES ('1749','DAN');
INSERT INTO conhece (id_pessoa,codigo_idioma) VALUES ('1749','HUN');
INSERT INTO conhece (id_pessoa,codigo_idioma) VALUES ('1749','RON');
INSERT INTO conhece (id_pessoa,codigo_idioma) VALUES ('1749','BOD');
INSERT INTO conhece (id_pessoa,codigo_idioma) VALUES ('1750','ZUL');
INSERT INTO conhece (id_pessoa,codigo_idioma) VALUES ('1752','BUL');
INSERT INTO conhece (id_pessoa,codigo_idioma) VALUES ('1752','CES');
INSERT INTO conhece (id_pessoa,codigo_idioma) VALUES ('1752','JPN');
INSERT INTO conhece (id_pessoa,codigo_idioma) VALUES ('1752','TAH');
INSERT INTO conhece (id_pessoa,codigo_idioma) VALUES ('1753','ARA');
INSERT INTO conhece (id_pessoa,codigo_idioma) VALUES ('1753','ENG');
INSERT INTO conhece (id_pessoa,codigo_idioma) VALUES ('1753','JPN');
INSERT INTO conhece (id_pessoa,codigo_idioma) VALUES ('1755','CHV');
INSERT INTO conhece (id_pessoa,codigo_idioma) VALUES ('1755','DEU');
INSERT INTO conhece (id_pessoa,codigo_idioma) VALUES ('1755','MON');
INSERT INTO conhece (id_pessoa,codigo_idioma) VALUES ('1756','TAH');
INSERT INTO conhece (id_pessoa,codigo_idioma) VALUES ('1757','CHV');
INSERT INTO conhece (id_pessoa,codigo_idioma) VALUES ('1757','DEU');
INSERT INTO conhece (id_pessoa,codigo_idioma) VALUES ('1757','SLV');
INSERT INTO conhece (id_pessoa,codigo_idioma) VALUES ('1758','HRV');
INSERT INTO conhece (id_pessoa,codigo_idioma) VALUES ('1758','ARA');
INSERT INTO conhece (id_pessoa,codigo_idioma) VALUES ('1758','DAN');
INSERT INTO conhece (id_pessoa,codigo_idioma) VALUES ('1758','FRA');
INSERT INTO conhece (id_pessoa,codigo_idioma) VALUES ('1759','HRV');
INSERT INTO conhece (id_pessoa,codigo_idioma) VALUES ('1759','BUL');
INSERT INTO conhece (id_pessoa,codigo_idioma) VALUES ('1759','HUN');
INSERT INTO conhece (id_pessoa,codigo_idioma) VALUES ('1759','SLV');
INSERT INTO conhece (id_pessoa,codigo_idioma) VALUES ('1760','BUL');
INSERT INTO conhece (id_pessoa,codigo_idioma) VALUES ('1760','CES');
INSERT INTO conhece (id_pessoa,codigo_idioma) VALUES ('1760','SLV');
INSERT INTO conhece (id_pessoa,codigo_idioma) VALUES ('1761','KAZ');
INSERT INTO conhece (id_pessoa,codigo_idioma) VALUES ('1764','ARA');
INSERT INTO conhece (id_pessoa,codigo_idioma) VALUES ('1764','ALB');
INSERT INTO conhece (id_pessoa,codigo_idioma) VALUES ('1764','ENG');
INSERT INTO conhece (id_pessoa,codigo_idioma) VALUES ('1764','MON');
INSERT INTO conhece (id_pessoa,codigo_idioma) VALUES ('1765','DAN');
INSERT INTO conhece (id_pessoa,codigo_idioma) VALUES ('1765','RON');
INSERT INTO conhece (id_pessoa,codigo_idioma) VALUES ('1765','BOD');
INSERT INTO conhece (id_pessoa,codigo_idioma) VALUES ('1766','ARA');
INSERT INTO conhece (id_pessoa,codigo_idioma) VALUES ('1766','NYA');
INSERT INTO conhece (id_pessoa,codigo_idioma) VALUES ('1766','HUN');
INSERT INTO conhece (id_pessoa,codigo_idioma) VALUES ('1766','ZUL');
INSERT INTO conhece (id_pessoa,codigo_idioma) VALUES ('1768','ARA');
INSERT INTO conhece (id_pessoa,codigo_idioma) VALUES ('1768','CHV');
INSERT INTO conhece (id_pessoa,codigo_idioma) VALUES ('1768','TAH');
INSERT INTO conhece (id_pessoa,codigo_idioma) VALUES ('1769','POR');
INSERT INTO conhece (id_pessoa,codigo_idioma) VALUES ('1769','NOR');
INSERT INTO conhece (id_pessoa,codigo_idioma) VALUES ('1770','ARA');
INSERT INTO conhece (id_pessoa,codigo_idioma) VALUES ('1770','SLV');
INSERT INTO conhece (id_pessoa,codigo_idioma) VALUES ('1772','POR');
INSERT INTO conhece (id_pessoa,codigo_idioma) VALUES ('1772','ZUL');
INSERT INTO conhece (id_pessoa,codigo_idioma) VALUES ('1773','ZHO');
INSERT INTO conhece (id_pessoa,codigo_idioma) VALUES ('1773','KAZ');
INSERT INTO conhece (id_pessoa,codigo_idioma) VALUES ('1775','MON');
INSERT INTO conhece (id_pessoa,codigo_idioma) VALUES ('1775','NOR');
INSERT INTO conhece (id_pessoa,codigo_idioma) VALUES ('1776','ZHO');
INSERT INTO conhece (id_pessoa,codigo_idioma) VALUES ('1776','HIN');
INSERT INTO conhece (id_pessoa,codigo_idioma) VALUES ('1778','HIN');
INSERT INTO conhece (id_pessoa,codigo_idioma) VALUES ('1778','BOD');
INSERT INTO conhece (id_pessoa,codigo_idioma) VALUES ('1779','ARM');
INSERT INTO conhece (id_pessoa,codigo_idioma) VALUES ('1779','ALB');
INSERT INTO conhece (id_pessoa,codigo_idioma) VALUES ('1779','ENG');

INSERT INTO pessoa (id_pessoa, tipo_documento,documento,nome,data_nascimento,nome_pais_origem) VALUES ('1780','PASS','000705048','Bonge','19770421','Bahamas');
INSERT INTO pessoa (id_pessoa, tipo_documento,documento,nome,data_nascimento,nome_pais_origem) VALUES ('1781','PASS','000960232','Ebey','19891005','Australia');
INSERT INTO pessoa (id_pessoa, tipo_documento,documento,nome,data_nascimento,nome_pais_origem) VALUES ('1782','PASS','000575371','Channey','19830810','Armenia');
INSERT INTO pessoa (id_pessoa, tipo_documento,documento,nome,data_nascimento,nome_pais_origem) VALUES ('1783','PASS','000482518','Byrom','19750214','Lithuania');
INSERT INTO pessoa (id_pessoa, tipo_documento,documento,nome,data_nascimento,nome_pais_origem) VALUES ('1784','PASS','000375499','Cargill','19821023','Nicaragua');
INSERT INTO pessoa (id_pessoa, tipo_documento,documento,nome,data_nascimento,nome_pais_origem) VALUES ('1785','PASS','000737715','Gorey','19730901','Afghanistan');
INSERT INTO pessoa (id_pessoa, tipo_documento,documento,nome,data_nascimento,nome_pais_origem) VALUES ('1786','PASS','000846182','Grims','19801019','Algeria');
INSERT INTO pessoa (id_pessoa, tipo_documento,documento,nome,data_nascimento,nome_pais_origem) VALUES ('1787','PASS','000235939','Badilla','19780226','Costa');
INSERT INTO pessoa (id_pessoa, tipo_documento,documento,nome,data_nascimento,nome_pais_origem) VALUES ('1788','PASS','000473277','Cornette','19710113','Chad');
INSERT INTO pessoa (id_pessoa, tipo_documento,documento,nome,data_nascimento,nome_pais_origem) VALUES ('1789','PASS','000896110','Creedon','19810301','Denmark');
INSERT INTO pessoa (id_pessoa, tipo_documento,documento,nome,data_nascimento,nome_pais_origem) VALUES ('1790','PASS','000584820','Darwich','19710201','Peru');
INSERT INTO pessoa (id_pessoa, tipo_documento,documento,nome,data_nascimento,nome_pais_origem) VALUES ('1791','PASS','000575501','Argust','19870412','Iraq');
INSERT INTO pessoa (id_pessoa, tipo_documento,documento,nome,data_nascimento,nome_pais_origem) VALUES ('1792','PASS','000815425','Forni','19851003','Belarus');
INSERT INTO pessoa (id_pessoa, tipo_documento,documento,nome,data_nascimento,nome_pais_origem) VALUES ('1793','PASS','000546269','Cofone','19770504','Argentina');
INSERT INTO pessoa (id_pessoa, tipo_documento,documento,nome,data_nascimento,nome_pais_origem) VALUES ('1794','PASS','000654456','Dighton','19870408','Azerbaijan');
INSERT INTO pessoa (id_pessoa, tipo_documento,documento,nome,data_nascimento,nome_pais_origem) VALUES ('1795','PASS','000424256','Gillert','19760427','China');
INSERT INTO pessoa (id_pessoa, tipo_documento,documento,nome,data_nascimento,nome_pais_origem) VALUES ('1796','PASS','000674874','Gerczak','19770211','Netherlands');
INSERT INTO pessoa (id_pessoa, tipo_documento,documento,nome,data_nascimento,nome_pais_origem) VALUES ('1797','PASS','000335408','Grade','19730103','Iraq');
INSERT INTO pessoa (id_pessoa, tipo_documento,documento,nome,data_nascimento,nome_pais_origem) VALUES ('1798','PASS','000739357','Charania','19840727','Monaco');
INSERT INTO pessoa (id_pessoa, tipo_documento,documento,nome,data_nascimento,nome_pais_origem) VALUES ('1799','PASS','000870503','Dasen','19750707','Australia');
INSERT INTO pessoa (id_pessoa, tipo_documento,documento,nome,data_nascimento,nome_pais_origem) VALUES ('1800','PASS','000377733','Gandeza','19880914','Monaco');
INSERT INTO pessoa (id_pessoa, tipo_documento,documento,nome,data_nascimento,nome_pais_origem) VALUES ('1801','PASS','000276687','Francey','19790527','Algeria');
INSERT INTO pessoa (id_pessoa, tipo_documento,documento,nome,data_nascimento,nome_pais_origem) VALUES ('1802','PASS','000866674','Coyne','19800904','Argentina');
INSERT INTO pessoa (id_pessoa, tipo_documento,documento,nome,data_nascimento,nome_pais_origem) VALUES ('1803','PASS','000573053','Eischen','19770223','Finland');
INSERT INTO pessoa (id_pessoa, tipo_documento,documento,nome,data_nascimento,nome_pais_origem) VALUES ('1804','PASS','000510425','Bustillos','19710901','Iran');
INSERT INTO pessoa (id_pessoa, tipo_documento,documento,nome,data_nascimento,nome_pais_origem) VALUES ('1805','PASS','000755744','Brang','19740509','Saudi');
INSERT INTO pessoa (id_pessoa, tipo_documento,documento,nome,data_nascimento,nome_pais_origem) VALUES ('1806','PASS','000177097','Blasenhauer','19780911','Belarus');
INSERT INTO pessoa (id_pessoa, tipo_documento,documento,nome,data_nascimento,nome_pais_origem) VALUES ('1807','PASS','000799859','Fineman','19781023','Monaco');
INSERT INTO pessoa (id_pessoa, tipo_documento,documento,nome,data_nascimento,nome_pais_origem) VALUES ('1808','PASS','000747648','Coombe','19760312','Uzbekistan');
INSERT INTO pessoa (id_pessoa, tipo_documento,documento,nome,data_nascimento,nome_pais_origem) VALUES ('1809','PASS','000453992','Doughty','19790114','France');
INSERT INTO pessoa (id_pessoa, tipo_documento,documento,nome,data_nascimento,nome_pais_origem) VALUES ('1810','PASS','000201424','Gerwitz','19710608','France');
INSERT INTO pessoa (id_pessoa, tipo_documento,documento,nome,data_nascimento,nome_pais_origem) VALUES ('1811','PASS','000746013','Cottew','19890203','Australia');
INSERT INTO pessoa (id_pessoa, tipo_documento,documento,nome,data_nascimento,nome_pais_origem) VALUES ('1812','PASS','000868835','Elisa','19850213','Luxembourg');
INSERT INTO pessoa (id_pessoa, tipo_documento,documento,nome,data_nascimento,nome_pais_origem) VALUES ('1813','PASS','000406506','Betteridge','19740901','Bangladesh');
INSERT INTO pessoa (id_pessoa, tipo_documento,documento,nome,data_nascimento,nome_pais_origem) VALUES ('1814','PASS','000165237','Dellapaolera','19740901','Belgium');
INSERT INTO pessoa (id_pessoa, tipo_documento,documento,nome,data_nascimento,nome_pais_origem) VALUES ('1815','PASS','000697999','Goldyn','19860907','Georgia');
INSERT INTO pessoa (id_pessoa, tipo_documento,documento,nome,data_nascimento,nome_pais_origem) VALUES ('1816','PASS','000870155','Erbes','19790514','Zealand');
INSERT INTO pessoa (id_pessoa, tipo_documento,documento,nome,data_nascimento,nome_pais_origem) VALUES ('1817','PASS','000451250','Dellarocco','19840722','Iran');
INSERT INTO pessoa (id_pessoa, tipo_documento,documento,nome,data_nascimento,nome_pais_origem) VALUES ('1818','PASS','000440854','Anzora','19740606','Egypt');
INSERT INTO pessoa (id_pessoa, tipo_documento,documento,nome,data_nascimento,nome_pais_origem) VALUES ('1819','PASS','000387342','Garner','19820426','Peru');
INSERT INTO pessoa (id_pessoa, tipo_documento,documento,nome,data_nascimento,nome_pais_origem) VALUES ('1820','PASS','000340762','Beckerdite','19750721','Romania');
INSERT INTO pessoa (id_pessoa, tipo_documento,documento,nome,data_nascimento,nome_pais_origem) VALUES ('1821','PASS','000679287','Caroll','19750302','Mexico');
INSERT INTO pessoa (id_pessoa, tipo_documento,documento,nome,data_nascimento,nome_pais_origem) VALUES ('1822','PASS','000276083','Gerwe','19870417','Mongolia');
INSERT INTO pessoa (id_pessoa, tipo_documento,documento,nome,data_nascimento,nome_pais_origem) VALUES ('1823','PASS','000323381','Flad','19710327','Thailand');
INSERT INTO pessoa (id_pessoa, tipo_documento,documento,nome,data_nascimento,nome_pais_origem) VALUES ('1824','PASS','000230914','Debelak','19891219','Lithuania');
INSERT INTO pessoa (id_pessoa, tipo_documento,documento,nome,data_nascimento,nome_pais_origem) VALUES ('1825','PASS','000396732','Applebee','19740227','Paraguay');
INSERT INTO pessoa (id_pessoa, tipo_documento,documento,nome,data_nascimento,nome_pais_origem) VALUES ('1826','PASS','000955238','Danielsen','19821108','Monaco');
INSERT INTO pessoa (id_pessoa, tipo_documento,documento,nome,data_nascimento,nome_pais_origem) VALUES ('1827','PASS','000535121','Cargill','19720907','Romania');
INSERT INTO pessoa (id_pessoa, tipo_documento,documento,nome,data_nascimento,nome_pais_origem) VALUES ('1828','PASS','000542574','Brookover','19770301','Spain');
INSERT INTO pessoa (id_pessoa, tipo_documento,documento,nome,data_nascimento,nome_pais_origem) VALUES ('1829','PASS','000759858','Dest','19861009','Hungary');
INSERT INTO pessoa (id_pessoa, tipo_documento,documento,nome,data_nascimento,nome_pais_origem) VALUES ('1830','PASS','000872800','Fennimore','19721012','Armenia');
INSERT INTO pessoa (id_pessoa, tipo_documento,documento,nome,data_nascimento,nome_pais_origem) VALUES ('1831','PASS','000447044','Apperson','19860605','Angola');
INSERT INTO pessoa (id_pessoa, tipo_documento,documento,nome,data_nascimento,nome_pais_origem) VALUES ('1832','PASS','000969513','Donati','19780907','France');
INSERT INTO pessoa (id_pessoa, tipo_documento,documento,nome,data_nascimento,nome_pais_origem) VALUES ('1833','PASS','000908134','Farnes','19811001','Zealand');
INSERT INTO pessoa (id_pessoa, tipo_documento,documento,nome,data_nascimento,nome_pais_origem) VALUES ('1834','PASS','000710867','Gaitor','19720424','Turkey');
INSERT INTO pessoa (id_pessoa, tipo_documento,documento,nome,data_nascimento,nome_pais_origem) VALUES ('1835','PASS','000223795','Champa','19841201','Morocco');
INSERT INTO pessoa (id_pessoa, tipo_documento,documento,nome,data_nascimento,nome_pais_origem) VALUES ('1836','PASS','000690701','Flener','19830710','Mexico');
INSERT INTO pessoa (id_pessoa, tipo_documento,documento,nome,data_nascimento,nome_pais_origem) VALUES ('1837','PASS','000568293','Clelland','19860711','Romania');
INSERT INTO pessoa (id_pessoa, tipo_documento,documento,nome,data_nascimento,nome_pais_origem) VALUES ('1838','PASS','000556421','Drop','19870909','Ukraine');
INSERT INTO pessoa (id_pessoa, tipo_documento,documento,nome,data_nascimento,nome_pais_origem) VALUES ('1839','PASS','000787247','Gosdin','19831018','Portugal');
INSERT INTO pessoa (id_pessoa, tipo_documento,documento,nome,data_nascimento,nome_pais_origem) VALUES ('1840','PASS','000856982','Chanthasene','19770722','Uzbekistan');
INSERT INTO pessoa (id_pessoa, tipo_documento,documento,nome,data_nascimento,nome_pais_origem) VALUES ('1841','PASS','000221160','Edmonston','19841119','Armenia');
INSERT INTO pessoa (id_pessoa, tipo_documento,documento,nome,data_nascimento,nome_pais_origem) VALUES ('1842','PASS','000297582','Albrashi','19720511','Iran');
INSERT INTO pessoa (id_pessoa, tipo_documento,documento,nome,data_nascimento,nome_pais_origem) VALUES ('1843','PASS','000832854','Ganoung','19701220','Bangladesh');
INSERT INTO pessoa (id_pessoa, tipo_documento,documento,nome,data_nascimento,nome_pais_origem) VALUES ('1844','PASS','000845511','Fung','19701215','Afghanistan');
INSERT INTO pessoa (id_pessoa, tipo_documento,documento,nome,data_nascimento,nome_pais_origem) VALUES ('1845','PASS','000391762','Dreama','19860604','Hungary');
INSERT INTO pessoa (id_pessoa, tipo_documento,documento,nome,data_nascimento,nome_pais_origem) VALUES ('1846','PASS','000991305','Dannette','19740625','Uruguay');
INSERT INTO pessoa (id_pessoa, tipo_documento,documento,nome,data_nascimento,nome_pais_origem) VALUES ('1847','PASS','000498114','English','19880605','France');
INSERT INTO pessoa (id_pessoa, tipo_documento,documento,nome,data_nascimento,nome_pais_origem) VALUES ('1848','PASS','000933767','Belleau','19800126','Serbia');
INSERT INTO pessoa (id_pessoa, tipo_documento,documento,nome,data_nascimento,nome_pais_origem) VALUES ('1849','PASS','000207404','Fowlar','19870124','Saudi');
INSERT INTO pessoa (id_pessoa, tipo_documento,documento,nome,data_nascimento,nome_pais_origem) VALUES ('1850','PASS','000363750','Cantrell','19700325','Uruguay');
INSERT INTO pessoa (id_pessoa, tipo_documento,documento,nome,data_nascimento,nome_pais_origem) VALUES ('1851','PASS','000374496','Brucki','19790425','Azerbaijan');
INSERT INTO pessoa (id_pessoa, tipo_documento,documento,nome,data_nascimento,nome_pais_origem) VALUES ('1852','PASS','000959551','Funderburg','19781103','Bulgaria');
INSERT INTO pessoa (id_pessoa, tipo_documento,documento,nome,data_nascimento,nome_pais_origem) VALUES ('1853','PASS','000324057','Bengelsdorf','19700718','Arabia');
INSERT INTO pessoa (id_pessoa, tipo_documento,documento,nome,data_nascimento,nome_pais_origem) VALUES ('1854','PASS','000606616','Fluck','19881225','Rica');
INSERT INTO pessoa (id_pessoa, tipo_documento,documento,nome,data_nascimento,nome_pais_origem) VALUES ('1855','PASS','000723501','Dreier','19840513','Georgia');
INSERT INTO pessoa (id_pessoa, tipo_documento,documento,nome,data_nascimento,nome_pais_origem) VALUES ('1856','PASS','000224551','Bukowski','19730907','Algeria');
INSERT INTO pessoa (id_pessoa, tipo_documento,documento,nome,data_nascimento,nome_pais_origem) VALUES ('1857','PASS','000548924','Canez','19890507','Japan');
INSERT INTO pessoa (id_pessoa, tipo_documento,documento,nome,data_nascimento,nome_pais_origem) VALUES ('1858','PASS','000765706','Crotty','19720414','Barbados');
INSERT INTO pessoa (id_pessoa, tipo_documento,documento,nome,data_nascimento,nome_pais_origem) VALUES ('1859','PASS','000613106','Ferm','19871110','Brazil');
INSERT INTO pessoa (id_pessoa, tipo_documento,documento,nome,data_nascimento,nome_pais_origem) VALUES ('1860','PASS','000126493','Brawner','19820321','Angola');
INSERT INTO pessoa (id_pessoa, tipo_documento,documento,nome,data_nascimento,nome_pais_origem) VALUES ('1861','PASS','000215686','Dudgeon','19870608','Cuba');
INSERT INTO pessoa (id_pessoa, tipo_documento,documento,nome,data_nascimento,nome_pais_origem) VALUES ('1862','PASS','000781746','Blaydon','19721216','Bangladesh');
INSERT INTO pessoa (id_pessoa, tipo_documento,documento,nome,data_nascimento,nome_pais_origem) VALUES ('1863','PASS','000728372','Druck','19811027','Denmark');
INSERT INTO pessoa (id_pessoa, tipo_documento,documento,nome,data_nascimento,nome_pais_origem) VALUES ('1864','PASS','000909321','Franson','19870118','Azerbaijan');
INSERT INTO pessoa (id_pessoa, tipo_documento,documento,nome,data_nascimento,nome_pais_origem) VALUES ('1865','PASS','000742331','Esquerre','19790218','Bulgaria');
INSERT INTO pessoa (id_pessoa, tipo_documento,documento,nome,data_nascimento,nome_pais_origem) VALUES ('1866','PASS','000545692','Cafarella','19860922','Colombia');
INSERT INTO pessoa (id_pessoa, tipo_documento,documento,nome,data_nascimento,nome_pais_origem) VALUES ('1867','PASS','000428519','Burmaster','19720823','Belgium');
INSERT INTO pessoa (id_pessoa, tipo_documento,documento,nome,data_nascimento,nome_pais_origem) VALUES ('1868','PASS','000705145','Derosso','19750725','Finland');
INSERT INTO pessoa (id_pessoa, tipo_documento,documento,nome,data_nascimento,nome_pais_origem) VALUES ('1869','PASS','000244266','Geroge','19820726','Croatia');
INSERT INTO pessoa (id_pessoa, tipo_documento,documento,nome,data_nascimento,nome_pais_origem) VALUES ('1870','PASS','000326861','Abson','19870704','Algeria');
INSERT INTO pessoa (id_pessoa, tipo_documento,documento,nome,data_nascimento,nome_pais_origem) VALUES ('1871','PASS','000494747','Delton','19700106','Belgium');
INSERT INTO pessoa (id_pessoa, tipo_documento,documento,nome,data_nascimento,nome_pais_origem) VALUES ('1872','PASS','000503653','Doak','19750617','Poland');
INSERT INTO pessoa (id_pessoa, tipo_documento,documento,nome,data_nascimento,nome_pais_origem) VALUES ('1873','PASS','000512892','Batra','19870608','Angola');
INSERT INTO pessoa (id_pessoa, tipo_documento,documento,nome,data_nascimento,nome_pais_origem) VALUES ('1874','PASS','000501233','Benwell','19700321','Afghanistan');
INSERT INTO pessoa (id_pessoa, tipo_documento,documento,nome,data_nascimento,nome_pais_origem) VALUES ('1875','PASS','000995531','Allgire','19850308','Switzerland');
INSERT INTO guia (id_pessoa,codigo_pais_guiado) VALUES ('1780','RUS');
INSERT INTO guia (id_pessoa,codigo_pais_guiado) VALUES ('1781','SAU');
INSERT INTO guia (id_pessoa,codigo_pais_guiado) VALUES ('1782','EGY');
INSERT INTO guia (id_pessoa,codigo_pais_guiado) VALUES ('1783','URY');
INSERT INTO guia (id_pessoa,codigo_pais_guiado) VALUES ('1784','POR');
INSERT INTO guia (id_pessoa,codigo_pais_guiado) VALUES ('1785','ESP');
INSERT INTO guia (id_pessoa,codigo_pais_guiado) VALUES ('1786','MAR');
INSERT INTO guia (id_pessoa,codigo_pais_guiado) VALUES ('1787','IRN');
INSERT INTO guia (id_pessoa,codigo_pais_guiado) VALUES ('1788','FRA');
INSERT INTO guia (id_pessoa,codigo_pais_guiado) VALUES ('1789','AUS');
INSERT INTO guia (id_pessoa,codigo_pais_guiado) VALUES ('1790','PER');
INSERT INTO guia (id_pessoa,codigo_pais_guiado) VALUES ('1791','DEN');
INSERT INTO guia (id_pessoa,codigo_pais_guiado) VALUES ('1792','ARG');
INSERT INTO guia (id_pessoa,codigo_pais_guiado) VALUES ('1793','ISL');
INSERT INTO guia (id_pessoa,codigo_pais_guiado) VALUES ('1794','CRO');
INSERT INTO guia (id_pessoa,codigo_pais_guiado) VALUES ('1795','NIG');
INSERT INTO guia (id_pessoa,codigo_pais_guiado) VALUES ('1796','BRA');
INSERT INTO guia (id_pessoa,codigo_pais_guiado) VALUES ('1797','SWI');
INSERT INTO guia (id_pessoa,codigo_pais_guiado) VALUES ('1798','CRI');
INSERT INTO guia (id_pessoa,codigo_pais_guiado) VALUES ('1799','SRB');
INSERT INTO guia (id_pessoa,codigo_pais_guiado) VALUES ('1800','GER');
INSERT INTO guia (id_pessoa,codigo_pais_guiado) VALUES ('1801','MEX');
INSERT INTO guia (id_pessoa,codigo_pais_guiado) VALUES ('1802','SWE');
INSERT INTO guia (id_pessoa,codigo_pais_guiado) VALUES ('1803','KOR');
INSERT INTO guia (id_pessoa,codigo_pais_guiado) VALUES ('1804','BEL');
INSERT INTO guia (id_pessoa,codigo_pais_guiado) VALUES ('1805','PAN');
INSERT INTO guia (id_pessoa,codigo_pais_guiado) VALUES ('1806','TUN');
INSERT INTO guia (id_pessoa,codigo_pais_guiado) VALUES ('1807','ENG');
INSERT INTO guia (id_pessoa,codigo_pais_guiado) VALUES ('1808','POL');
INSERT INTO guia (id_pessoa,codigo_pais_guiado) VALUES ('1809','SEN');
INSERT INTO guia (id_pessoa,codigo_pais_guiado) VALUES ('1810','COL');
INSERT INTO guia (id_pessoa,codigo_pais_guiado) VALUES ('1811','JPN');
INSERT INTO guia (id_pessoa,codigo_pais_guiado) VALUES ('1812','RUS');
INSERT INTO guia (id_pessoa,codigo_pais_guiado) VALUES ('1813','SAU');
INSERT INTO guia (id_pessoa,codigo_pais_guiado) VALUES ('1814','EGY');
INSERT INTO guia (id_pessoa,codigo_pais_guiado) VALUES ('1815','URY');
INSERT INTO guia (id_pessoa,codigo_pais_guiado) VALUES ('1816','POR');
INSERT INTO guia (id_pessoa,codigo_pais_guiado) VALUES ('1817','ESP');
INSERT INTO guia (id_pessoa,codigo_pais_guiado) VALUES ('1818','MAR');
INSERT INTO guia (id_pessoa,codigo_pais_guiado) VALUES ('1819','IRN');
INSERT INTO guia (id_pessoa,codigo_pais_guiado) VALUES ('1820','FRA');
INSERT INTO guia (id_pessoa,codigo_pais_guiado) VALUES ('1821','AUS');
INSERT INTO guia (id_pessoa,codigo_pais_guiado) VALUES ('1822','PER');
INSERT INTO guia (id_pessoa,codigo_pais_guiado) VALUES ('1823','DEN');
INSERT INTO guia (id_pessoa,codigo_pais_guiado) VALUES ('1824','ARG');
INSERT INTO guia (id_pessoa,codigo_pais_guiado) VALUES ('1825','ISL');
INSERT INTO guia (id_pessoa,codigo_pais_guiado) VALUES ('1826','CRO');
INSERT INTO guia (id_pessoa,codigo_pais_guiado) VALUES ('1827','NIG');
INSERT INTO guia (id_pessoa,codigo_pais_guiado) VALUES ('1828','BRA');
INSERT INTO guia (id_pessoa,codigo_pais_guiado) VALUES ('1829','SWI');
INSERT INTO guia (id_pessoa,codigo_pais_guiado) VALUES ('1830','CRI');
INSERT INTO guia (id_pessoa,codigo_pais_guiado) VALUES ('1831','SRB');
INSERT INTO guia (id_pessoa,codigo_pais_guiado) VALUES ('1832','GER');
INSERT INTO guia (id_pessoa,codigo_pais_guiado) VALUES ('1833','MEX');
INSERT INTO guia (id_pessoa,codigo_pais_guiado) VALUES ('1834','SWE');
INSERT INTO guia (id_pessoa,codigo_pais_guiado) VALUES ('1835','KOR');
INSERT INTO guia (id_pessoa,codigo_pais_guiado) VALUES ('1836','BEL');
INSERT INTO guia (id_pessoa,codigo_pais_guiado) VALUES ('1837','PAN');
INSERT INTO guia (id_pessoa,codigo_pais_guiado) VALUES ('1838','TUN');
INSERT INTO guia (id_pessoa,codigo_pais_guiado) VALUES ('1839','ENG');
INSERT INTO guia (id_pessoa,codigo_pais_guiado) VALUES ('1840','POL');
INSERT INTO guia (id_pessoa,codigo_pais_guiado) VALUES ('1841','SEN');
INSERT INTO guia (id_pessoa,codigo_pais_guiado) VALUES ('1842','COL');
INSERT INTO guia (id_pessoa,codigo_pais_guiado) VALUES ('1843','JPN');
INSERT INTO guia (id_pessoa,codigo_pais_guiado) VALUES ('1844','RUS');
INSERT INTO guia (id_pessoa,codigo_pais_guiado) VALUES ('1845','SAU');
INSERT INTO guia (id_pessoa,codigo_pais_guiado) VALUES ('1846','EGY');
INSERT INTO guia (id_pessoa,codigo_pais_guiado) VALUES ('1847','URY');
INSERT INTO guia (id_pessoa,codigo_pais_guiado) VALUES ('1848','POR');
INSERT INTO guia (id_pessoa,codigo_pais_guiado) VALUES ('1849','ESP');
INSERT INTO guia (id_pessoa,codigo_pais_guiado) VALUES ('1850','MAR');
INSERT INTO guia (id_pessoa,codigo_pais_guiado) VALUES ('1851','IRN');
INSERT INTO guia (id_pessoa,codigo_pais_guiado) VALUES ('1852','FRA');
INSERT INTO guia (id_pessoa,codigo_pais_guiado) VALUES ('1853','AUS');
INSERT INTO guia (id_pessoa,codigo_pais_guiado) VALUES ('1854','PER');
INSERT INTO guia (id_pessoa,codigo_pais_guiado) VALUES ('1855','DEN');
INSERT INTO guia (id_pessoa,codigo_pais_guiado) VALUES ('1856','ARG');
INSERT INTO guia (id_pessoa,codigo_pais_guiado) VALUES ('1857','ISL');
INSERT INTO guia (id_pessoa,codigo_pais_guiado) VALUES ('1858','CRO');
INSERT INTO guia (id_pessoa,codigo_pais_guiado) VALUES ('1859','NIG');
INSERT INTO guia (id_pessoa,codigo_pais_guiado) VALUES ('1860','BRA');
INSERT INTO guia (id_pessoa,codigo_pais_guiado) VALUES ('1861','SWI');
INSERT INTO guia (id_pessoa,codigo_pais_guiado) VALUES ('1862','CRI');
INSERT INTO guia (id_pessoa,codigo_pais_guiado) VALUES ('1863','SRB');
INSERT INTO guia (id_pessoa,codigo_pais_guiado) VALUES ('1864','GER');
INSERT INTO guia (id_pessoa,codigo_pais_guiado) VALUES ('1865','MEX');
INSERT INTO guia (id_pessoa,codigo_pais_guiado) VALUES ('1866','SWE');
INSERT INTO guia (id_pessoa,codigo_pais_guiado) VALUES ('1867','KOR');
INSERT INTO guia (id_pessoa,codigo_pais_guiado) VALUES ('1868','BEL');
INSERT INTO guia (id_pessoa,codigo_pais_guiado) VALUES ('1869','PAN');
INSERT INTO guia (id_pessoa,codigo_pais_guiado) VALUES ('1870','TUN');
INSERT INTO guia (id_pessoa,codigo_pais_guiado) VALUES ('1871','ENG');
INSERT INTO guia (id_pessoa,codigo_pais_guiado) VALUES ('1872','POL');
INSERT INTO guia (id_pessoa,codigo_pais_guiado) VALUES ('1873','SEN');
INSERT INTO guia (id_pessoa,codigo_pais_guiado) VALUES ('1874','COL');
INSERT INTO guia (id_pessoa,codigo_pais_guiado) VALUES ('1875','JPN');

INSERT INTO equipe_de_midia (id_midia,nome_empresa) VALUES ('1','AWYUUQE');
INSERT INTO pessoa (id_pessoa, tipo_documento,documento,nome,data_nascimento,nome_pais_origem) VALUES ('1876','PASS','000146545','Gibson','19890422','Nicaragua');
INSERT INTO emprega_midia (id_midia, id_pessoa) VALUES ('1','1876');
INSERT INTO pessoa (id_pessoa, tipo_documento,documento,nome,data_nascimento,nome_pais_origem) VALUES ('1877','PASS','000186738','Averill','19830720','Slovakia');
INSERT INTO emprega_midia (id_midia, id_pessoa) VALUES ('1','1877');
INSERT INTO pessoa (id_pessoa, tipo_documento,documento,nome,data_nascimento,nome_pais_origem) VALUES ('1878','PASS','000533413','Curry','19741027','Georgia');
INSERT INTO emprega_midia (id_midia, id_pessoa) VALUES ('1','1878');
INSERT INTO pessoa (id_pessoa, tipo_documento,documento,nome,data_nascimento,nome_pais_origem) VALUES ('1879','PASS','000325748','Frasca','19840916','Vietnam');
INSERT INTO emprega_midia (id_midia, id_pessoa) VALUES ('1','1879');
INSERT INTO pessoa (id_pessoa, tipo_documento,documento,nome,data_nascimento,nome_pais_origem) VALUES ('1880','PASS','000845110','Boulay','19860108','Mozambique');
INSERT INTO emprega_midia (id_midia, id_pessoa) VALUES ('1','1880');
INSERT INTO pessoa (id_pessoa, tipo_documento,documento,nome,data_nascimento,nome_pais_origem) VALUES ('1881','PASS','000781182','Exline','19800607','Australia');
INSERT INTO emprega_midia (id_midia, id_pessoa) VALUES ('1','1881');
INSERT INTO pessoa (id_pessoa, tipo_documento,documento,nome,data_nascimento,nome_pais_origem) VALUES ('1882','PASS','000136799','Billo','19801104','Cuba');
INSERT INTO emprega_midia (id_midia, id_pessoa) VALUES ('1','1882');
INSERT INTO pessoa (id_pessoa, tipo_documento,documento,nome,data_nascimento,nome_pais_origem) VALUES ('1883','PASS','000949370','Caris','19740718','Iraq');
INSERT INTO emprega_midia (id_midia, id_pessoa) VALUES ('1','1883');
INSERT INTO pessoa (id_pessoa, tipo_documento,documento,nome,data_nascimento,nome_pais_origem) VALUES ('1884','PASS','000706525','Foushee','19710814','Romania');
INSERT INTO emprega_midia (id_midia, id_pessoa) VALUES ('1','1884');
INSERT INTO pessoa (id_pessoa, tipo_documento,documento,nome,data_nascimento,nome_pais_origem) VALUES ('1885','PASS','000480134','Ballan','19770415','Singapore');
INSERT INTO emprega_midia (id_midia, id_pessoa) VALUES ('1','1885');
INSERT INTO pessoa (id_pessoa, tipo_documento,documento,nome,data_nascimento,nome_pais_origem) VALUES ('1886','PASS','000551953','Edem','19880427','Bahamas');
INSERT INTO emprega_midia (id_midia, id_pessoa) VALUES ('1','1886');
INSERT INTO pessoa (id_pessoa, tipo_documento,documento,nome,data_nascimento,nome_pais_origem) VALUES ('1887','PASS','000534222','Chesterman','19761112','Portugal');
INSERT INTO emprega_midia (id_midia, id_pessoa) VALUES ('1','1887');
INSERT INTO pessoa (id_pessoa, tipo_documento,documento,nome,data_nascimento,nome_pais_origem) VALUES ('1888','PASS','000734045','Christopherso','19740321','Mozambique');
INSERT INTO emprega_midia (id_midia, id_pessoa) VALUES ('1','1888');
INSERT INTO pessoa (id_pessoa, tipo_documento,documento,nome,data_nascimento,nome_pais_origem) VALUES ('1889','PASS','000291314','Bernacchi','19791025','France');
INSERT INTO emprega_midia (id_midia, id_pessoa) VALUES ('1','1889');
INSERT INTO pessoa (id_pessoa, tipo_documento,documento,nome,data_nascimento,nome_pais_origem) VALUES ('1890','PASS','000487735','Bensing','19740413','Romania');
INSERT INTO emprega_midia (id_midia, id_pessoa) VALUES ('1','1890');
INSERT INTO pessoa (id_pessoa, tipo_documento,documento,nome,data_nascimento,nome_pais_origem) VALUES ('1891','PASS','000547569','Brad','19720809','France');
INSERT INTO emprega_midia (id_midia, id_pessoa) VALUES ('1','1891');
INSERT INTO pessoa (id_pessoa, tipo_documento,documento,nome,data_nascimento,nome_pais_origem) VALUES ('1892','PASS','000756284','Bohler','19800825','Norway');
INSERT INTO emprega_midia (id_midia, id_pessoa) VALUES ('1','1892');
INSERT INTO pessoa (id_pessoa, tipo_documento,documento,nome,data_nascimento,nome_pais_origem) VALUES ('1893','PASS','000573146','Datamphay','19730706','Iran');
INSERT INTO emprega_midia (id_midia, id_pessoa) VALUES ('1','1893');
INSERT INTO pessoa (id_pessoa, tipo_documento,documento,nome,data_nascimento,nome_pais_origem) VALUES ('1894','PASS','000936594','Getting','19741202','Argentina');
INSERT INTO emprega_midia (id_midia, id_pessoa) VALUES ('1','1894');
INSERT INTO pessoa (id_pessoa, tipo_documento,documento,nome,data_nascimento,nome_pais_origem) VALUES ('1895','PASS','000610141','Cerf','19700625','Estonia');
INSERT INTO emprega_midia (id_midia, id_pessoa) VALUES ('1','1895');
INSERT INTO pessoa (id_pessoa, tipo_documento,documento,nome,data_nascimento,nome_pais_origem) VALUES ('1896','PASS','000561584','Goeden','19711111','Slovakia');
INSERT INTO emprega_midia (id_midia, id_pessoa) VALUES ('1','1896');
INSERT INTO pessoa (id_pessoa, tipo_documento,documento,nome,data_nascimento,nome_pais_origem) VALUES ('1897','PASS','000642435','Gareau','19810923','India');
INSERT INTO emprega_midia (id_midia, id_pessoa) VALUES ('1','1897');
INSERT INTO pessoa (id_pessoa, tipo_documento,documento,nome,data_nascimento,nome_pais_origem) VALUES ('1898','PASS','000368743','Duenke','19870901','Hungary');
INSERT INTO emprega_midia (id_midia, id_pessoa) VALUES ('1','1898');
INSERT INTO pessoa (id_pessoa, tipo_documento,documento,nome,data_nascimento,nome_pais_origem) VALUES ('1899','PASS','000471542','Annabelle','19740906','Thailand');
INSERT INTO emprega_midia (id_midia, id_pessoa) VALUES ('1','1899');
INSERT INTO pessoa (id_pessoa, tipo_documento,documento,nome,data_nascimento,nome_pais_origem) VALUES ('1900','PASS','000777780','Burness','19850820','Italy');
INSERT INTO emprega_midia (id_midia, id_pessoa) VALUES ('1','1900');
INSERT INTO pessoa (id_pessoa, tipo_documento,documento,nome,data_nascimento,nome_pais_origem) VALUES ('1901','PASS','000329322','Brabble','19730305','Nicaragua');
INSERT INTO emprega_midia (id_midia, id_pessoa) VALUES ('1','1901');
INSERT INTO pessoa (id_pessoa, tipo_documento,documento,nome,data_nascimento,nome_pais_origem) VALUES ('1902','PASS','000990514','Cable','19720324','Egypt');
INSERT INTO emprega_midia (id_midia, id_pessoa) VALUES ('1','1902');
INSERT INTO equipe_de_midia (id_midia,nome_empresa) VALUES ('2','ICMXJLI');
INSERT INTO pessoa (id_pessoa, tipo_documento,documento,nome,data_nascimento,nome_pais_origem) VALUES ('1903','PASS','000287488','Chon','19840505','Singapore');
INSERT INTO emprega_midia (id_midia, id_pessoa) VALUES ('2','1903');
INSERT INTO pessoa (id_pessoa, tipo_documento,documento,nome,data_nascimento,nome_pais_origem) VALUES ('1904','PASS','000488866','Bente','19761219','Iran');
INSERT INTO emprega_midia (id_midia, id_pessoa) VALUES ('2','1904');
INSERT INTO pessoa (id_pessoa, tipo_documento,documento,nome,data_nascimento,nome_pais_origem) VALUES ('1905','PASS','000514976','Ariano','19750913','Spain');
INSERT INTO emprega_midia (id_midia, id_pessoa) VALUES ('2','1905');
INSERT INTO pessoa (id_pessoa, tipo_documento,documento,nome,data_nascimento,nome_pais_origem) VALUES ('1906','PASS','000182834','Armato','19840323','Slovakia');
INSERT INTO emprega_midia (id_midia, id_pessoa) VALUES ('2','1906');
INSERT INTO pessoa (id_pessoa, tipo_documento,documento,nome,data_nascimento,nome_pais_origem) VALUES ('1907','PASS','000780417','Esty','19760410','Switzerland');
INSERT INTO emprega_midia (id_midia, id_pessoa) VALUES ('2','1907');
INSERT INTO pessoa (id_pessoa, tipo_documento,documento,nome,data_nascimento,nome_pais_origem) VALUES ('1908','PASS','000288975','Datil','19820307','Mongolia');
INSERT INTO emprega_midia (id_midia, id_pessoa) VALUES ('2','1908');
INSERT INTO pessoa (id_pessoa, tipo_documento,documento,nome,data_nascimento,nome_pais_origem) VALUES ('1909','PASS','000325812','Annabel','19861120','Mongolia');
INSERT INTO emprega_midia (id_midia, id_pessoa) VALUES ('2','1909');
INSERT INTO pessoa (id_pessoa, tipo_documento,documento,nome,data_nascimento,nome_pais_origem) VALUES ('1910','PASS','000976368','Bonett','19800622','Afghanistan');
INSERT INTO emprega_midia (id_midia, id_pessoa) VALUES ('2','1910');
INSERT INTO pessoa (id_pessoa, tipo_documento,documento,nome,data_nascimento,nome_pais_origem) VALUES ('1911','PASS','000586550','Gaede','19800702','Bahamas');
INSERT INTO emprega_midia (id_midia, id_pessoa) VALUES ('2','1911');
INSERT INTO pessoa (id_pessoa, tipo_documento,documento,nome,data_nascimento,nome_pais_origem) VALUES ('1912','PASS','000419596','Capaldi','19731204','Bulgaria');
INSERT INTO emprega_midia (id_midia, id_pessoa) VALUES ('2','1912');
INSERT INTO pessoa (id_pessoa, tipo_documento,documento,nome,data_nascimento,nome_pais_origem) VALUES ('1913','PASS','000531179','Arena','19870626','Georgia');
INSERT INTO emprega_midia (id_midia, id_pessoa) VALUES ('2','1913');
INSERT INTO pessoa (id_pessoa, tipo_documento,documento,nome,data_nascimento,nome_pais_origem) VALUES ('1914','PASS','000502755','Chantay','19800805','Hungary');
INSERT INTO emprega_midia (id_midia, id_pessoa) VALUES ('2','1914');
INSERT INTO pessoa (id_pessoa, tipo_documento,documento,nome,data_nascimento,nome_pais_origem) VALUES ('1915','PASS','000452698','Elfering','19800321','Mozambique');
INSERT INTO emprega_midia (id_midia, id_pessoa) VALUES ('2','1915');
INSERT INTO pessoa (id_pessoa, tipo_documento,documento,nome,data_nascimento,nome_pais_origem) VALUES ('1916','PASS','000662388','Drexler','19840121','China');
INSERT INTO emprega_midia (id_midia, id_pessoa) VALUES ('2','1916');
INSERT INTO pessoa (id_pessoa, tipo_documento,documento,nome,data_nascimento,nome_pais_origem) VALUES ('1917','PASS','000463472','Demuzio','19720823','Norway');
INSERT INTO emprega_midia (id_midia, id_pessoa) VALUES ('2','1917');
INSERT INTO pessoa (id_pessoa, tipo_documento,documento,nome,data_nascimento,nome_pais_origem) VALUES ('1918','PASS','000383291','Cito','19800917','Poland');
INSERT INTO emprega_midia (id_midia, id_pessoa) VALUES ('2','1918');
INSERT INTO pessoa (id_pessoa, tipo_documento,documento,nome,data_nascimento,nome_pais_origem) VALUES ('1919','PASS','000779456','Daphine','19790320','Slovakia');
INSERT INTO emprega_midia (id_midia, id_pessoa) VALUES ('2','1919');
INSERT INTO pessoa (id_pessoa, tipo_documento,documento,nome,data_nascimento,nome_pais_origem) VALUES ('1920','PASS','000464175','Dulemba','19880925','Austria');
INSERT INTO emprega_midia (id_midia, id_pessoa) VALUES ('2','1920');
INSERT INTO pessoa (id_pessoa, tipo_documento,documento,nome,data_nascimento,nome_pais_origem) VALUES ('1921','PASS','000348705','Bogguess','19741125','Austria');
INSERT INTO emprega_midia (id_midia, id_pessoa) VALUES ('2','1921');
INSERT INTO pessoa (id_pessoa, tipo_documento,documento,nome,data_nascimento,nome_pais_origem) VALUES ('1922','PASS','000523053','Burross','19700120','Thailand');
INSERT INTO emprega_midia (id_midia, id_pessoa) VALUES ('2','1922');
INSERT INTO pessoa (id_pessoa, tipo_documento,documento,nome,data_nascimento,nome_pais_origem) VALUES ('1923','PASS','000236558','Flummer','19810603','Spain');
INSERT INTO emprega_midia (id_midia, id_pessoa) VALUES ('2','1923');
INSERT INTO pessoa (id_pessoa, tipo_documento,documento,nome,data_nascimento,nome_pais_origem) VALUES ('1924','PASS','000420043','Arcuri','19821111','Lithuania');
INSERT INTO emprega_midia (id_midia, id_pessoa) VALUES ('2','1924');
INSERT INTO pessoa (id_pessoa, tipo_documento,documento,nome,data_nascimento,nome_pais_origem) VALUES ('1925','PASS','000391340','Bohinc','19780921','China');
INSERT INTO emprega_midia (id_midia, id_pessoa) VALUES ('2','1925');
INSERT INTO pessoa (id_pessoa, tipo_documento,documento,nome,data_nascimento,nome_pais_origem) VALUES ('1926','PASS','000268101','Cecilio','19870116','Bahamas');
INSERT INTO emprega_midia (id_midia, id_pessoa) VALUES ('2','1926');
INSERT INTO equipe_de_midia (id_midia,nome_empresa) VALUES ('3','UHGRMFM');
INSERT INTO pessoa (id_pessoa, tipo_documento,documento,nome,data_nascimento,nome_pais_origem) VALUES ('1927','PASS','000499010','Beaber','19880322','Turkey');
INSERT INTO emprega_midia (id_midia, id_pessoa) VALUES ('3','1927');
INSERT INTO pessoa (id_pessoa, tipo_documento,documento,nome,data_nascimento,nome_pais_origem) VALUES ('1928','PASS','000546241','Fogler','19850621','Lithuania');
INSERT INTO emprega_midia (id_midia, id_pessoa) VALUES ('3','1928');
INSERT INTO pessoa (id_pessoa, tipo_documento,documento,nome,data_nascimento,nome_pais_origem) VALUES ('1929','PASS','000379862','Dimpfl','19850922','Thailand');
INSERT INTO emprega_midia (id_midia, id_pessoa) VALUES ('3','1929');
INSERT INTO pessoa (id_pessoa, tipo_documento,documento,nome,data_nascimento,nome_pais_origem) VALUES ('1930','PASS','000831429','Frigo','19850303','Portugal');
INSERT INTO emprega_midia (id_midia, id_pessoa) VALUES ('3','1930');
INSERT INTO pessoa (id_pessoa, tipo_documento,documento,nome,data_nascimento,nome_pais_origem) VALUES ('1931','PASS','000550304','Dorosh','19820401','Denmark');
INSERT INTO emprega_midia (id_midia, id_pessoa) VALUES ('3','1931');
INSERT INTO pessoa (id_pessoa, tipo_documento,documento,nome,data_nascimento,nome_pais_origem) VALUES ('1932','PASS','000193218','Dajer','19800901','Italy');
INSERT INTO emprega_midia (id_midia, id_pessoa) VALUES ('3','1932');
INSERT INTO pessoa (id_pessoa, tipo_documento,documento,nome,data_nascimento,nome_pais_origem) VALUES ('1933','PASS','000988271','Batzli','19740709','Chile');
INSERT INTO emprega_midia (id_midia, id_pessoa) VALUES ('3','1933');
INSERT INTO pessoa (id_pessoa, tipo_documento,documento,nome,data_nascimento,nome_pais_origem) VALUES ('1934','PASS','000284703','Avino','19750113','Japan');
INSERT INTO emprega_midia (id_midia, id_pessoa) VALUES ('3','1934');
INSERT INTO pessoa (id_pessoa, tipo_documento,documento,nome,data_nascimento,nome_pais_origem) VALUES ('1935','PASS','000633668','Asmus','19840520','Spain');
INSERT INTO emprega_midia (id_midia, id_pessoa) VALUES ('3','1935');
INSERT INTO pessoa (id_pessoa, tipo_documento,documento,nome,data_nascimento,nome_pais_origem) VALUES ('1936','PASS','000944306','Donalds','19750401','Albania');
INSERT INTO emprega_midia (id_midia, id_pessoa) VALUES ('3','1936');
INSERT INTO pessoa (id_pessoa, tipo_documento,documento,nome,data_nascimento,nome_pais_origem) VALUES ('1937','PASS','000970946','Boal','19760417','Chile');
INSERT INTO emprega_midia (id_midia, id_pessoa) VALUES ('3','1937');
INSERT INTO pessoa (id_pessoa, tipo_documento,documento,nome,data_nascimento,nome_pais_origem) VALUES ('1938','PASS','000679758','Bapties','19730411','Austria');
INSERT INTO emprega_midia (id_midia, id_pessoa) VALUES ('3','1938');
INSERT INTO pessoa (id_pessoa, tipo_documento,documento,nome,data_nascimento,nome_pais_origem) VALUES ('1939','PASS','000655238','Averett','19700714','Spain');
INSERT INTO emprega_midia (id_midia, id_pessoa) VALUES ('3','1939');
INSERT INTO pessoa (id_pessoa, tipo_documento,documento,nome,data_nascimento,nome_pais_origem) VALUES ('1940','PASS','000582899','Allshouse','19740214','Bulgaria');
INSERT INTO emprega_midia (id_midia, id_pessoa) VALUES ('3','1940');
INSERT INTO pessoa (id_pessoa, tipo_documento,documento,nome,data_nascimento,nome_pais_origem) VALUES ('1941','PASS','000655658','Costenive','19771215','Saudi');
INSERT INTO emprega_midia (id_midia, id_pessoa) VALUES ('3','1941');
INSERT INTO pessoa (id_pessoa, tipo_documento,documento,nome,data_nascimento,nome_pais_origem) VALUES ('1942','PASS','000262030','Congdon','19710608','Bahrain');
INSERT INTO emprega_midia (id_midia, id_pessoa) VALUES ('3','1942');
INSERT INTO pessoa (id_pessoa, tipo_documento,documento,nome,data_nascimento,nome_pais_origem) VALUES ('1943','PASS','000416165','Crespin','19780704','New');
INSERT INTO emprega_midia (id_midia, id_pessoa) VALUES ('3','1943');
INSERT INTO pessoa (id_pessoa, tipo_documento,documento,nome,data_nascimento,nome_pais_origem) VALUES ('1944','PASS','000183695','Gabriella','19760413','Mongolia');
INSERT INTO emprega_midia (id_midia, id_pessoa) VALUES ('3','1944');
INSERT INTO pessoa (id_pessoa, tipo_documento,documento,nome,data_nascimento,nome_pais_origem) VALUES ('1945','PASS','000235835','Cadenhead','19841210','Cuba');
INSERT INTO emprega_midia (id_midia, id_pessoa) VALUES ('3','1945');
INSERT INTO pessoa (id_pessoa, tipo_documento,documento,nome,data_nascimento,nome_pais_origem) VALUES ('1946','PASS','000985486','Erbach','19841119','Saudi');
INSERT INTO emprega_midia (id_midia, id_pessoa) VALUES ('3','1946');
INSERT INTO pessoa (id_pessoa, tipo_documento,documento,nome,data_nascimento,nome_pais_origem) VALUES ('1947','PASS','000671216','Ferracioli','19750904','Nicaragua');
INSERT INTO emprega_midia (id_midia, id_pessoa) VALUES ('3','1947');
INSERT INTO pessoa (id_pessoa, tipo_documento,documento,nome,data_nascimento,nome_pais_origem) VALUES ('1948','PASS','000585046','Clover','19760608','Sweden');
INSERT INTO emprega_midia (id_midia, id_pessoa) VALUES ('3','1948');
INSERT INTO pessoa (id_pessoa, tipo_documento,documento,nome,data_nascimento,nome_pais_origem) VALUES ('1949','PASS','000517051','Bawa','19890801','Arabia');
INSERT INTO emprega_midia (id_midia, id_pessoa) VALUES ('3','1949');
INSERT INTO pessoa (id_pessoa, tipo_documento,documento,nome,data_nascimento,nome_pais_origem) VALUES ('1950','PASS','000746120','Bjorklund','19870312','Afghanistan');
INSERT INTO emprega_midia (id_midia, id_pessoa) VALUES ('3','1950');
INSERT INTO pessoa (id_pessoa, tipo_documento,documento,nome,data_nascimento,nome_pais_origem) VALUES ('1951','PASS','000859970','Dominica','19860520','Argentina');
INSERT INTO emprega_midia (id_midia, id_pessoa) VALUES ('3','1951');
INSERT INTO pessoa (id_pessoa, tipo_documento,documento,nome,data_nascimento,nome_pais_origem) VALUES ('1952','PASS','000744001','Bemo','19720917','Belarus');
INSERT INTO emprega_midia (id_midia, id_pessoa) VALUES ('3','1952');
INSERT INTO pessoa (id_pessoa, tipo_documento,documento,nome,data_nascimento,nome_pais_origem) VALUES ('1953','PASS','000281396','Elkins','19780306','Monaco');
INSERT INTO emprega_midia (id_midia, id_pessoa) VALUES ('3','1953');
INSERT INTO pessoa (id_pessoa, tipo_documento,documento,nome,data_nascimento,nome_pais_origem) VALUES ('1954','PASS','000996482','Desko','19890515','Peru');
INSERT INTO emprega_midia (id_midia, id_pessoa) VALUES ('3','1954');
INSERT INTO pessoa (id_pessoa, tipo_documento,documento,nome,data_nascimento,nome_pais_origem) VALUES ('1955','PASS','000724830','Gavel','19811122','Albania');
INSERT INTO emprega_midia (id_midia, id_pessoa) VALUES ('3','1955');
INSERT INTO pessoa (id_pessoa, tipo_documento,documento,nome,data_nascimento,nome_pais_origem) VALUES ('1956','PASS','000329844','Bachorski','19890616','Philippines');
INSERT INTO emprega_midia (id_midia, id_pessoa) VALUES ('3','1956');
INSERT INTO equipe_de_midia (id_midia,nome_empresa) VALUES ('4','DHRILYL');
INSERT INTO pessoa (id_pessoa, tipo_documento,documento,nome,data_nascimento,nome_pais_origem) VALUES ('1957','PASS','000447155','Bicek','19810819','Morocco');
INSERT INTO emprega_midia (id_midia, id_pessoa) VALUES ('4','1957');
INSERT INTO pessoa (id_pessoa, tipo_documento,documento,nome,data_nascimento,nome_pais_origem) VALUES ('1958','PASS','000339524','Casteneda','19780913','India');
INSERT INTO emprega_midia (id_midia, id_pessoa) VALUES ('4','1958');
INSERT INTO pessoa (id_pessoa, tipo_documento,documento,nome,data_nascimento,nome_pais_origem) VALUES ('1959','PASS','000519241','Gambale','19880124','Luxembourg');
INSERT INTO emprega_midia (id_midia, id_pessoa) VALUES ('4','1959');
INSERT INTO pessoa (id_pessoa, tipo_documento,documento,nome,data_nascimento,nome_pais_origem) VALUES ('1960','PASS','000738998','Eske','19871024','Saudi');
INSERT INTO emprega_midia (id_midia, id_pessoa) VALUES ('4','1960');
INSERT INTO pessoa (id_pessoa, tipo_documento,documento,nome,data_nascimento,nome_pais_origem) VALUES ('1961','PASS','000367537','Douglas','19761014','Cuba');
INSERT INTO emprega_midia (id_midia, id_pessoa) VALUES ('4','1961');
INSERT INTO pessoa (id_pessoa, tipo_documento,documento,nome,data_nascimento,nome_pais_origem) VALUES ('1962','PASS','000540359','Gambles','19800409','Finland');
INSERT INTO emprega_midia (id_midia, id_pessoa) VALUES ('4','1962');
INSERT INTO pessoa (id_pessoa, tipo_documento,documento,nome,data_nascimento,nome_pais_origem) VALUES ('1963','PASS','000498275','Carmella','19770105','Afghanistan');
INSERT INTO emprega_midia (id_midia, id_pessoa) VALUES ('4','1963');
INSERT INTO pessoa (id_pessoa, tipo_documento,documento,nome,data_nascimento,nome_pais_origem) VALUES ('1964','PASS','000235803','Bourgault','19811016','Italy');
INSERT INTO emprega_midia (id_midia, id_pessoa) VALUES ('4','1964');
INSERT INTO pessoa (id_pessoa, tipo_documento,documento,nome,data_nascimento,nome_pais_origem) VALUES ('1965','PASS','000627658','Dreese','19820903','Germany');
INSERT INTO emprega_midia (id_midia, id_pessoa) VALUES ('4','1965');
INSERT INTO pessoa (id_pessoa, tipo_documento,documento,nome,data_nascimento,nome_pais_origem) VALUES ('1966','PASS','000646728','Brochard','19751201','Mozambique');
INSERT INTO emprega_midia (id_midia, id_pessoa) VALUES ('4','1966');
INSERT INTO pessoa (id_pessoa, tipo_documento,documento,nome,data_nascimento,nome_pais_origem) VALUES ('1967','PASS','000823619','Cobia','19750118','Belgium');
INSERT INTO emprega_midia (id_midia, id_pessoa) VALUES ('4','1967');
INSERT INTO pessoa (id_pessoa, tipo_documento,documento,nome,data_nascimento,nome_pais_origem) VALUES ('1968','PASS','000302795','Garson','19830405','Vietnam');
INSERT INTO emprega_midia (id_midia, id_pessoa) VALUES ('4','1968');
INSERT INTO pessoa (id_pessoa, tipo_documento,documento,nome,data_nascimento,nome_pais_origem) VALUES ('1969','PASS','000711003','Chronis','19870107','Hungary');
INSERT INTO emprega_midia (id_midia, id_pessoa) VALUES ('4','1969');
INSERT INTO pessoa (id_pessoa, tipo_documento,documento,nome,data_nascimento,nome_pais_origem) VALUES ('1970','PASS','000785600','Crossmon','19881224','Nepal');
INSERT INTO emprega_midia (id_midia, id_pessoa) VALUES ('4','1970');
INSERT INTO pessoa (id_pessoa, tipo_documento,documento,nome,data_nascimento,nome_pais_origem) VALUES ('1971','PASS','000189727','Anewalt','19810422','Italy');
INSERT INTO emprega_midia (id_midia, id_pessoa) VALUES ('4','1971');
INSERT INTO pessoa (id_pessoa, tipo_documento,documento,nome,data_nascimento,nome_pais_origem) VALUES ('1972','PASS','000431319','Destina','19711011','Paraguay');
INSERT INTO emprega_midia (id_midia, id_pessoa) VALUES ('4','1972');
INSERT INTO pessoa (id_pessoa, tipo_documento,documento,nome,data_nascimento,nome_pais_origem) VALUES ('1973','PASS','000798357','Gramm','19760426','Afghanistan');
INSERT INTO emprega_midia (id_midia, id_pessoa) VALUES ('4','1973');
INSERT INTO pessoa (id_pessoa, tipo_documento,documento,nome,data_nascimento,nome_pais_origem) VALUES ('1974','PASS','000866693','Czerkies','19780522','India');
INSERT INTO emprega_midia (id_midia, id_pessoa) VALUES ('4','1974');
INSERT INTO equipe_de_midia (id_midia,nome_empresa) VALUES ('5','FTIKSWA');
INSERT INTO pessoa (id_pessoa, tipo_documento,documento,nome,data_nascimento,nome_pais_origem) VALUES ('1975','PASS','000492199','Bahun','19770715','Singapore');
INSERT INTO emprega_midia (id_midia, id_pessoa) VALUES ('5','1975');
INSERT INTO pessoa (id_pessoa, tipo_documento,documento,nome,data_nascimento,nome_pais_origem) VALUES ('1976','PASS','000689973','Emilia','19780318','Albania');
INSERT INTO emprega_midia (id_midia, id_pessoa) VALUES ('5','1976');
INSERT INTO pessoa (id_pessoa, tipo_documento,documento,nome,data_nascimento,nome_pais_origem) VALUES ('1977','PASS','000394605','Doak','19721207','Mongolia');
INSERT INTO emprega_midia (id_midia, id_pessoa) VALUES ('5','1977');
INSERT INTO pessoa (id_pessoa, tipo_documento,documento,nome,data_nascimento,nome_pais_origem) VALUES ('1978','PASS','000335078','Goodie','19880325','Belarus');
INSERT INTO emprega_midia (id_midia, id_pessoa) VALUES ('5','1978');
INSERT INTO pessoa (id_pessoa, tipo_documento,documento,nome,data_nascimento,nome_pais_origem) VALUES ('1979','PASS','000526311','Eskelson','19711122','Bangladesh');
INSERT INTO emprega_midia (id_midia, id_pessoa) VALUES ('5','1979');
INSERT INTO pessoa (id_pessoa, tipo_documento,documento,nome,data_nascimento,nome_pais_origem) VALUES ('1980','PASS','000619365','Baumbach','19780623','Sweden');
INSERT INTO emprega_midia (id_midia, id_pessoa) VALUES ('5','1980');
INSERT INTO pessoa (id_pessoa, tipo_documento,documento,nome,data_nascimento,nome_pais_origem) VALUES ('1981','PASS','000641868','Babic','19820810','Georgia');
INSERT INTO emprega_midia (id_midia, id_pessoa) VALUES ('5','1981');
INSERT INTO pessoa (id_pessoa, tipo_documento,documento,nome,data_nascimento,nome_pais_origem) VALUES ('1982','PASS','000490868','Girand','19850520','Bahrain');
INSERT INTO emprega_midia (id_midia, id_pessoa) VALUES ('5','1982');
INSERT INTO pessoa (id_pessoa, tipo_documento,documento,nome,data_nascimento,nome_pais_origem) VALUES ('1983','PASS','000675691','Goulden','19891223','Switzerland');
INSERT INTO emprega_midia (id_midia, id_pessoa) VALUES ('5','1983');
INSERT INTO pessoa (id_pessoa, tipo_documento,documento,nome,data_nascimento,nome_pais_origem) VALUES ('1984','PASS','000254996','Amin','19780310','Armenia');
INSERT INTO emprega_midia (id_midia, id_pessoa) VALUES ('5','1984');
INSERT INTO pessoa (id_pessoa, tipo_documento,documento,nome,data_nascimento,nome_pais_origem) VALUES ('1985','PASS','000199450','Fiser','19790505','Zealand');
INSERT INTO emprega_midia (id_midia, id_pessoa) VALUES ('5','1985');
INSERT INTO pessoa (id_pessoa, tipo_documento,documento,nome,data_nascimento,nome_pais_origem) VALUES ('1986','PASS','000134878','Desilva','19890808','Germany');
INSERT INTO emprega_midia (id_midia, id_pessoa) VALUES ('5','1986');
INSERT INTO pessoa (id_pessoa, tipo_documento,documento,nome,data_nascimento,nome_pais_origem) VALUES ('1987','PASS','000444527','Bouffard','19730415','Norway');
INSERT INTO emprega_midia (id_midia, id_pessoa) VALUES ('5','1987');
INSERT INTO pessoa (id_pessoa, tipo_documento,documento,nome,data_nascimento,nome_pais_origem) VALUES ('1988','PASS','000752381','Benvenuto','19860921','Iraq');
INSERT INTO emprega_midia (id_midia, id_pessoa) VALUES ('5','1988');
INSERT INTO pessoa (id_pessoa, tipo_documento,documento,nome,data_nascimento,nome_pais_origem) VALUES ('1989','PASS','000403086','Gittens','19780323','Nicaragua');
INSERT INTO emprega_midia (id_midia, id_pessoa) VALUES ('5','1989');
INSERT INTO pessoa (id_pessoa, tipo_documento,documento,nome,data_nascimento,nome_pais_origem) VALUES ('1990','PASS','000695042','Coplin','19750516','Spain');
INSERT INTO emprega_midia (id_midia, id_pessoa) VALUES ('5','1990');
INSERT INTO pessoa (id_pessoa, tipo_documento,documento,nome,data_nascimento,nome_pais_origem) VALUES ('1991','PASS','000342502','Beja','19791220','Costa');
INSERT INTO emprega_midia (id_midia, id_pessoa) VALUES ('5','1991');
INSERT INTO pessoa (id_pessoa, tipo_documento,documento,nome,data_nascimento,nome_pais_origem) VALUES ('1992','PASS','000260584','Deeann','19831104','Paraguay');
INSERT INTO emprega_midia (id_midia, id_pessoa) VALUES ('5','1992');
INSERT INTO pessoa (id_pessoa, tipo_documento,documento,nome,data_nascimento,nome_pais_origem) VALUES ('1993','PASS','000278859','Cubeta','19860724','Vietnam');
INSERT INTO emprega_midia (id_midia, id_pessoa) VALUES ('5','1993');
INSERT INTO pessoa (id_pessoa, tipo_documento,documento,nome,data_nascimento,nome_pais_origem) VALUES ('1994','PASS','000454377','Bussy','19881214','Georgia');
INSERT INTO emprega_midia (id_midia, id_pessoa) VALUES ('5','1994');
INSERT INTO pessoa (id_pessoa, tipo_documento,documento,nome,data_nascimento,nome_pais_origem) VALUES ('1995','PASS','000632738','Bisceglia','19740408','Algeria');
INSERT INTO emprega_midia (id_midia, id_pessoa) VALUES ('5','1995');
INSERT INTO equipe_de_midia (id_midia,nome_empresa) VALUES ('6','BBUSPNU');
INSERT INTO pessoa (id_pessoa, tipo_documento,documento,nome,data_nascimento,nome_pais_origem) VALUES ('1996','PASS','000290900','Alrais','19720821','Albania');
INSERT INTO emprega_midia (id_midia, id_pessoa) VALUES ('6','1996');
INSERT INTO pessoa (id_pessoa, tipo_documento,documento,nome,data_nascimento,nome_pais_origem) VALUES ('1997','PASS','000880040','Cokeley','19781215','Syria');
INSERT INTO emprega_midia (id_midia, id_pessoa) VALUES ('6','1997');
INSERT INTO pessoa (id_pessoa, tipo_documento,documento,nome,data_nascimento,nome_pais_origem) VALUES ('1998','PASS','000175287','Degidio','19871114','Monaco');
INSERT INTO emprega_midia (id_midia, id_pessoa) VALUES ('6','1998');
INSERT INTO pessoa (id_pessoa, tipo_documento,documento,nome,data_nascimento,nome_pais_origem) VALUES ('1999','PASS','000668017','Abare','19850623','Nicaragua');
INSERT INTO emprega_midia (id_midia, id_pessoa) VALUES ('6','1999');
INSERT INTO pessoa (id_pessoa, tipo_documento,documento,nome,data_nascimento,nome_pais_origem) VALUES ('2000','PASS','000162898','Fonceca','19721224','Uzbekistan');
INSERT INTO emprega_midia (id_midia, id_pessoa) VALUES ('6','2000');
INSERT INTO pessoa (id_pessoa, tipo_documento,documento,nome,data_nascimento,nome_pais_origem) VALUES ('2001','PASS','000165062','Barchus','19720606','Poland');
INSERT INTO emprega_midia (id_midia, id_pessoa) VALUES ('6','2001');
INSERT INTO pessoa (id_pessoa, tipo_documento,documento,nome,data_nascimento,nome_pais_origem) VALUES ('2002','PASS','000179880','Bartenfield','19780201','Costa');
INSERT INTO emprega_midia (id_midia, id_pessoa) VALUES ('6','2002');
INSERT INTO pessoa (id_pessoa, tipo_documento,documento,nome,data_nascimento,nome_pais_origem) VALUES ('2003','PASS','000660592','Beute','19830915','Belarus');
INSERT INTO emprega_midia (id_midia, id_pessoa) VALUES ('6','2003');
INSERT INTO pessoa (id_pessoa, tipo_documento,documento,nome,data_nascimento,nome_pais_origem) VALUES ('2004','PASS','000538251','Culberson','19800503','Thailand');
INSERT INTO emprega_midia (id_midia, id_pessoa) VALUES ('6','2004');
INSERT INTO pessoa (id_pessoa, tipo_documento,documento,nome,data_nascimento,nome_pais_origem) VALUES ('2005','PASS','000144558','Charif','19840901','Saudi');
INSERT INTO emprega_midia (id_midia, id_pessoa) VALUES ('6','2005');
INSERT INTO pessoa (id_pessoa, tipo_documento,documento,nome,data_nascimento,nome_pais_origem) VALUES ('2006','PASS','000898356','Bunyea','19840119','Finland');
INSERT INTO emprega_midia (id_midia, id_pessoa) VALUES ('6','2006');
INSERT INTO pessoa (id_pessoa, tipo_documento,documento,nome,data_nascimento,nome_pais_origem) VALUES ('2007','PASS','000847535','Groh','19721011','Lithuania');
INSERT INTO emprega_midia (id_midia, id_pessoa) VALUES ('6','2007');
INSERT INTO pessoa (id_pessoa, tipo_documento,documento,nome,data_nascimento,nome_pais_origem) VALUES ('2008','PASS','000404033','Garcia','19751010','Italy');
INSERT INTO emprega_midia (id_midia, id_pessoa) VALUES ('6','2008');
INSERT INTO pessoa (id_pessoa, tipo_documento,documento,nome,data_nascimento,nome_pais_origem) VALUES ('2009','PASS','000662306','Bruso','19861220','Zealand');
INSERT INTO emprega_midia (id_midia, id_pessoa) VALUES ('6','2009');
INSERT INTO pessoa (id_pessoa, tipo_documento,documento,nome,data_nascimento,nome_pais_origem) VALUES ('2010','PASS','000253564','Charbonnet','19840719','Lithuania');
INSERT INTO emprega_midia (id_midia, id_pessoa) VALUES ('6','2010');
INSERT INTO pessoa (id_pessoa, tipo_documento,documento,nome,data_nascimento,nome_pais_origem) VALUES ('2011','PASS','000643328','Beddia','19730812','Nicaragua');
INSERT INTO emprega_midia (id_midia, id_pessoa) VALUES ('6','2011');
INSERT INTO pessoa (id_pessoa, tipo_documento,documento,nome,data_nascimento,nome_pais_origem) VALUES ('2012','PASS','000524299','Fuents','19800222','Poland');
INSERT INTO emprega_midia (id_midia, id_pessoa) VALUES ('6','2012');
INSERT INTO equipe_de_midia (id_midia,nome_empresa) VALUES ('7','VBHFQNE');
INSERT INTO pessoa (id_pessoa, tipo_documento,documento,nome,data_nascimento,nome_pais_origem) VALUES ('2013','PASS','000185411','Asbell','19820620','France');
INSERT INTO emprega_midia (id_midia, id_pessoa) VALUES ('7','2013');
INSERT INTO pessoa (id_pessoa, tipo_documento,documento,nome,data_nascimento,nome_pais_origem) VALUES ('2014','PASS','000245574','Florea','19780612','Philippines');
INSERT INTO emprega_midia (id_midia, id_pessoa) VALUES ('7','2014');
INSERT INTO pessoa (id_pessoa, tipo_documento,documento,nome,data_nascimento,nome_pais_origem) VALUES ('2015','PASS','000180364','Giunta','19710810','Hungary');
INSERT INTO emprega_midia (id_midia, id_pessoa) VALUES ('7','2015');
INSERT INTO pessoa (id_pessoa, tipo_documento,documento,nome,data_nascimento,nome_pais_origem) VALUES ('2016','PASS','000355433','Dufner','19781226','Bahrain');
INSERT INTO emprega_midia (id_midia, id_pessoa) VALUES ('7','2016');
INSERT INTO pessoa (id_pessoa, tipo_documento,documento,nome,data_nascimento,nome_pais_origem) VALUES ('2017','PASS','000362883','Ellner','19731017','Nicaragua');
INSERT INTO emprega_midia (id_midia, id_pessoa) VALUES ('7','2017');
INSERT INTO pessoa (id_pessoa, tipo_documento,documento,nome,data_nascimento,nome_pais_origem) VALUES ('2018','PASS','000369141','Dagner','19880502','Portugal');
INSERT INTO emprega_midia (id_midia, id_pessoa) VALUES ('7','2018');
INSERT INTO pessoa (id_pessoa, tipo_documento,documento,nome,data_nascimento,nome_pais_origem) VALUES ('2019','PASS','000642244','Brundidge','19760325','Turkey');
INSERT INTO emprega_midia (id_midia, id_pessoa) VALUES ('7','2019');
INSERT INTO pessoa (id_pessoa, tipo_documento,documento,nome,data_nascimento,nome_pais_origem) VALUES ('2020','PASS','000870910','Bellotti','19820305','Italy');
INSERT INTO emprega_midia (id_midia, id_pessoa) VALUES ('7','2020');
INSERT INTO pessoa (id_pessoa, tipo_documento,documento,nome,data_nascimento,nome_pais_origem) VALUES ('2021','PASS','000599691','Chatham','19780519','Australia');
INSERT INTO emprega_midia (id_midia, id_pessoa) VALUES ('7','2021');
INSERT INTO pessoa (id_pessoa, tipo_documento,documento,nome,data_nascimento,nome_pais_origem) VALUES ('2022','PASS','000960600','Boothman','19860504','Indonesia');
INSERT INTO emprega_midia (id_midia, id_pessoa) VALUES ('7','2022');
INSERT INTO pessoa (id_pessoa, tipo_documento,documento,nome,data_nascimento,nome_pais_origem) VALUES ('2023','PASS','000525894','Furnish','19771106','Turkey');
INSERT INTO emprega_midia (id_midia, id_pessoa) VALUES ('7','2023');
INSERT INTO pessoa (id_pessoa, tipo_documento,documento,nome,data_nascimento,nome_pais_origem) VALUES ('2024','PASS','000560869','Christlieb','19831201','China');
INSERT INTO emprega_midia (id_midia, id_pessoa) VALUES ('7','2024');
INSERT INTO pessoa (id_pessoa, tipo_documento,documento,nome,data_nascimento,nome_pais_origem) VALUES ('2025','PASS','000476932','Crye','19841208','Ukraine');
INSERT INTO emprega_midia (id_midia, id_pessoa) VALUES ('7','2025');
INSERT INTO pessoa (id_pessoa, tipo_documento,documento,nome,data_nascimento,nome_pais_origem) VALUES ('2026','PASS','000210630','Dulek','19760906','Cuba');
INSERT INTO emprega_midia (id_midia, id_pessoa) VALUES ('7','2026');
INSERT INTO pessoa (id_pessoa, tipo_documento,documento,nome,data_nascimento,nome_pais_origem) VALUES ('2027','PASS','000188156','Antilla','19840417','Monaco');
INSERT INTO emprega_midia (id_midia, id_pessoa) VALUES ('7','2027');
INSERT INTO pessoa (id_pessoa, tipo_documento,documento,nome,data_nascimento,nome_pais_origem) VALUES ('2028','PASS','000770897','Gauna','19830224','China');
INSERT INTO emprega_midia (id_midia, id_pessoa) VALUES ('7','2028');
INSERT INTO pessoa (id_pessoa, tipo_documento,documento,nome,data_nascimento,nome_pais_origem) VALUES ('2029','PASS','000519874','Burtt','19710102','Peru');
INSERT INTO emprega_midia (id_midia, id_pessoa) VALUES ('7','2029');
INSERT INTO pessoa (id_pessoa, tipo_documento,documento,nome,data_nascimento,nome_pais_origem) VALUES ('2030','PASS','000387459','Bhayani','19700417','New');
INSERT INTO emprega_midia (id_midia, id_pessoa) VALUES ('7','2030');
INSERT INTO pessoa (id_pessoa, tipo_documento,documento,nome,data_nascimento,nome_pais_origem) VALUES ('2031','PASS','000964930','Drayer','19811006','Egypt');
INSERT INTO emprega_midia (id_midia, id_pessoa) VALUES ('7','2031');
INSERT INTO pessoa (id_pessoa, tipo_documento,documento,nome,data_nascimento,nome_pais_origem) VALUES ('2032','PASS','000971489','Bost','19800411','Sweden');
INSERT INTO emprega_midia (id_midia, id_pessoa) VALUES ('7','2032');
INSERT INTO pessoa (id_pessoa, tipo_documento,documento,nome,data_nascimento,nome_pais_origem) VALUES ('2033','PASS','000953917','Buchert','19861225','Ukraine');
INSERT INTO emprega_midia (id_midia, id_pessoa) VALUES ('7','2033');
INSERT INTO equipe_de_midia (id_midia,nome_empresa) VALUES ('8','GAROODT');
INSERT INTO pessoa (id_pessoa, tipo_documento,documento,nome,data_nascimento,nome_pais_origem) VALUES ('2034','PASS','000891265','Freels','19880917','Cuba');
INSERT INTO emprega_midia (id_midia, id_pessoa) VALUES ('8','2034');
INSERT INTO pessoa (id_pessoa, tipo_documento,documento,nome,data_nascimento,nome_pais_origem) VALUES ('2035','PASS','000169225','Furrh','19801213','Vietnam');
INSERT INTO emprega_midia (id_midia, id_pessoa) VALUES ('8','2035');
INSERT INTO pessoa (id_pessoa, tipo_documento,documento,nome,data_nascimento,nome_pais_origem) VALUES ('2036','PASS','000619530','Arrant','19860410','Mexico');
INSERT INTO emprega_midia (id_midia, id_pessoa) VALUES ('8','2036');
INSERT INTO pessoa (id_pessoa, tipo_documento,documento,nome,data_nascimento,nome_pais_origem) VALUES ('2037','PASS','000416325','Cheely','19720425','France');
INSERT INTO emprega_midia (id_midia, id_pessoa) VALUES ('8','2037');
INSERT INTO pessoa (id_pessoa, tipo_documento,documento,nome,data_nascimento,nome_pais_origem) VALUES ('2038','PASS','000997079','Cravatta','19840616','Costa');
INSERT INTO emprega_midia (id_midia, id_pessoa) VALUES ('8','2038');
INSERT INTO pessoa (id_pessoa, tipo_documento,documento,nome,data_nascimento,nome_pais_origem) VALUES ('2039','PASS','000136688','Fahie','19750518','Denmark');
INSERT INTO emprega_midia (id_midia, id_pessoa) VALUES ('8','2039');
INSERT INTO pessoa (id_pessoa, tipo_documento,documento,nome,data_nascimento,nome_pais_origem) VALUES ('2040','PASS','000328662','Byerley','19750708','India');
INSERT INTO emprega_midia (id_midia, id_pessoa) VALUES ('8','2040');
INSERT INTO pessoa (id_pessoa, tipo_documento,documento,nome,data_nascimento,nome_pais_origem) VALUES ('2041','PASS','000214912','Ballesterous','19870909','Saudi');
INSERT INTO emprega_midia (id_midia, id_pessoa) VALUES ('8','2041');
INSERT INTO pessoa (id_pessoa, tipo_documento,documento,nome,data_nascimento,nome_pais_origem) VALUES ('2042','PASS','000267510','Bullen','19861220','Algeria');
INSERT INTO emprega_midia (id_midia, id_pessoa) VALUES ('8','2042');
INSERT INTO pessoa (id_pessoa, tipo_documento,documento,nome,data_nascimento,nome_pais_origem) VALUES ('2043','PASS','000834229','Bontrager','19730316','Iran');
INSERT INTO emprega_midia (id_midia, id_pessoa) VALUES ('8','2043');
INSERT INTO pessoa (id_pessoa, tipo_documento,documento,nome,data_nascimento,nome_pais_origem) VALUES ('2044','PASS','000959671','Ebrahim','19811220','Bulgaria');
INSERT INTO emprega_midia (id_midia, id_pessoa) VALUES ('8','2044');
INSERT INTO pessoa (id_pessoa, tipo_documento,documento,nome,data_nascimento,nome_pais_origem) VALUES ('2045','PASS','000611683','Caughorn','19790621','Turkey');
INSERT INTO emprega_midia (id_midia, id_pessoa) VALUES ('8','2045');
INSERT INTO equipe_de_midia (id_midia,nome_empresa) VALUES ('9','RGUNVGE');
INSERT INTO pessoa (id_pessoa, tipo_documento,documento,nome,data_nascimento,nome_pais_origem) VALUES ('2046','PASS','000379982','Dutch','19890616','Saudi');
INSERT INTO emprega_midia (id_midia, id_pessoa) VALUES ('9','2046');
INSERT INTO pessoa (id_pessoa, tipo_documento,documento,nome,data_nascimento,nome_pais_origem) VALUES ('2047','PASS','000158163','Alborn','19740325','Iraq');
INSERT INTO emprega_midia (id_midia, id_pessoa) VALUES ('9','2047');
INSERT INTO pessoa (id_pessoa, tipo_documento,documento,nome,data_nascimento,nome_pais_origem) VALUES ('2048','PASS','000314372','Gemmill','19821101','Rica');
INSERT INTO emprega_midia (id_midia, id_pessoa) VALUES ('9','2048');
INSERT INTO pessoa (id_pessoa, tipo_documento,documento,nome,data_nascimento,nome_pais_origem) VALUES ('2049','PASS','000488080','Crofts','19880719','France');
INSERT INTO emprega_midia (id_midia, id_pessoa) VALUES ('9','2049');
INSERT INTO pessoa (id_pessoa, tipo_documento,documento,nome,data_nascimento,nome_pais_origem) VALUES ('2050','PASS','000317394','Deubler','19790623','Peru');
INSERT INTO emprega_midia (id_midia, id_pessoa) VALUES ('9','2050');
INSERT INTO pessoa (id_pessoa, tipo_documento,documento,nome,data_nascimento,nome_pais_origem) VALUES ('2051','PASS','000863193','Anast','19820615','Greece');
INSERT INTO emprega_midia (id_midia, id_pessoa) VALUES ('9','2051');
INSERT INTO pessoa (id_pessoa, tipo_documento,documento,nome,data_nascimento,nome_pais_origem) VALUES ('2052','PASS','000994172','Cuny','19720310','Finland');
INSERT INTO emprega_midia (id_midia, id_pessoa) VALUES ('9','2052');
INSERT INTO pessoa (id_pessoa, tipo_documento,documento,nome,data_nascimento,nome_pais_origem) VALUES ('2053','PASS','000497885','Cimini','19761018','Finland');
INSERT INTO emprega_midia (id_midia, id_pessoa) VALUES ('9','2053');
INSERT INTO pessoa (id_pessoa, tipo_documento,documento,nome,data_nascimento,nome_pais_origem) VALUES ('2054','PASS','000367718','Bromwell','19840309','Slovakia');
INSERT INTO emprega_midia (id_midia, id_pessoa) VALUES ('9','2054');
INSERT INTO pessoa (id_pessoa, tipo_documento,documento,nome,data_nascimento,nome_pais_origem) VALUES ('2055','PASS','000616661','Glaab','19730906','Cuba');
INSERT INTO emprega_midia (id_midia, id_pessoa) VALUES ('9','2055');
INSERT INTO pessoa (id_pessoa, tipo_documento,documento,nome,data_nascimento,nome_pais_origem) VALUES ('2056','PASS','000991404','Daisy','19810305','Netherlands');
INSERT INTO emprega_midia (id_midia, id_pessoa) VALUES ('9','2056');
INSERT INTO pessoa (id_pessoa, tipo_documento,documento,nome,data_nascimento,nome_pais_origem) VALUES ('2057','PASS','000677687','Agins','19720406','Saudi');
INSERT INTO emprega_midia (id_midia, id_pessoa) VALUES ('9','2057');
INSERT INTO pessoa (id_pessoa, tipo_documento,documento,nome,data_nascimento,nome_pais_origem) VALUES ('2058','PASS','000196650','Battani','19831117','Belgium');
INSERT INTO emprega_midia (id_midia, id_pessoa) VALUES ('9','2058');
INSERT INTO pessoa (id_pessoa, tipo_documento,documento,nome,data_nascimento,nome_pais_origem) VALUES ('2059','PASS','000949285','Bursley','19871022','Italy');
INSERT INTO emprega_midia (id_midia, id_pessoa) VALUES ('9','2059');
INSERT INTO pessoa (id_pessoa, tipo_documento,documento,nome,data_nascimento,nome_pais_origem) VALUES ('2060','PASS','000331020','Codeluppi','19851003','Romania');
INSERT INTO emprega_midia (id_midia, id_pessoa) VALUES ('9','2060');
INSERT INTO pessoa (id_pessoa, tipo_documento,documento,nome,data_nascimento,nome_pais_origem) VALUES ('2061','PASS','000544479','Dionne','19871120','China');
INSERT INTO emprega_midia (id_midia, id_pessoa) VALUES ('9','2061');
INSERT INTO pessoa (id_pessoa, tipo_documento,documento,nome,data_nascimento,nome_pais_origem) VALUES ('2062','PASS','000292483','Coarsey','19760401','Costa');
INSERT INTO emprega_midia (id_midia, id_pessoa) VALUES ('9','2062');
INSERT INTO pessoa (id_pessoa, tipo_documento,documento,nome,data_nascimento,nome_pais_origem) VALUES ('2063','PASS','000936132','Balistreri','19750808','Saudi');
INSERT INTO emprega_midia (id_midia, id_pessoa) VALUES ('9','2063');
INSERT INTO pessoa (id_pessoa, tipo_documento,documento,nome,data_nascimento,nome_pais_origem) VALUES ('2064','PASS','000826208','Czekanski','19730827','Liechtenstein');
INSERT INTO emprega_midia (id_midia, id_pessoa) VALUES ('9','2064');
INSERT INTO equipe_de_midia (id_midia,nome_empresa) VALUES ('10','GXUCTSG');
INSERT INTO pessoa (id_pessoa, tipo_documento,documento,nome,data_nascimento,nome_pais_origem) VALUES ('2065','PASS','000466204','Freibert','19711024','Argentina');
INSERT INTO emprega_midia (id_midia, id_pessoa) VALUES ('10','2065');
INSERT INTO equipe_de_midia (id_midia,nome_empresa) VALUES ('11','KDOWOWC');
INSERT INTO pessoa (id_pessoa, tipo_documento,documento,nome,data_nascimento,nome_pais_origem) VALUES ('2066','PASS','000545480','Eyermann','19860903','Zealand');
INSERT INTO emprega_midia (id_midia, id_pessoa) VALUES ('11','2066');
INSERT INTO pessoa (id_pessoa, tipo_documento,documento,nome,data_nascimento,nome_pais_origem) VALUES ('2067','PASS','000713042','Ange','19740309','Uruguay');
INSERT INTO emprega_midia (id_midia, id_pessoa) VALUES ('11','2067');
INSERT INTO pessoa (id_pessoa, tipo_documento,documento,nome,data_nascimento,nome_pais_origem) VALUES ('2068','PASS','000761731','Browder','19830113','Romania');
INSERT INTO emprega_midia (id_midia, id_pessoa) VALUES ('11','2068');
INSERT INTO pessoa (id_pessoa, tipo_documento,documento,nome,data_nascimento,nome_pais_origem) VALUES ('2069','PASS','000915010','Coppinger','19890803','Egypt');
INSERT INTO emprega_midia (id_midia, id_pessoa) VALUES ('11','2069');
INSERT INTO pessoa (id_pessoa, tipo_documento,documento,nome,data_nascimento,nome_pais_origem) VALUES ('2070','PASS','000375923','Grala','19870509','Iran');
INSERT INTO emprega_midia (id_midia, id_pessoa) VALUES ('11','2070');
INSERT INTO pessoa (id_pessoa, tipo_documento,documento,nome,data_nascimento,nome_pais_origem) VALUES ('2071','PASS','000452141','Aguinaga','19740923','Vietnam');
INSERT INTO emprega_midia (id_midia, id_pessoa) VALUES ('11','2071');
INSERT INTO pessoa (id_pessoa, tipo_documento,documento,nome,data_nascimento,nome_pais_origem) VALUES ('2072','PASS','000413973','Dowse','19780522','Vietnam');
INSERT INTO emprega_midia (id_midia, id_pessoa) VALUES ('11','2072');
INSERT INTO equipe_de_midia (id_midia,nome_empresa) VALUES ('12','BKKPLBJ');
INSERT INTO pessoa (id_pessoa, tipo_documento,documento,nome,data_nascimento,nome_pais_origem) VALUES ('2073','PASS','000359908','Carilli','19780127','Poland');
INSERT INTO emprega_midia (id_midia, id_pessoa) VALUES ('12','2073');
INSERT INTO pessoa (id_pessoa, tipo_documento,documento,nome,data_nascimento,nome_pais_origem) VALUES ('2074','PASS','000466497','Corte','19731224','Iraq');
INSERT INTO emprega_midia (id_midia, id_pessoa) VALUES ('12','2074');
INSERT INTO pessoa (id_pessoa, tipo_documento,documento,nome,data_nascimento,nome_pais_origem) VALUES ('2075','PASS','000869444','Emuka','19740901','Chad');
INSERT INTO emprega_midia (id_midia, id_pessoa) VALUES ('12','2075');
INSERT INTO pessoa (id_pessoa, tipo_documento,documento,nome,data_nascimento,nome_pais_origem) VALUES ('2076','PASS','000430184','Clish','19740226','Algeria');
INSERT INTO emprega_midia (id_midia, id_pessoa) VALUES ('12','2076');
INSERT INTO pessoa (id_pessoa, tipo_documento,documento,nome,data_nascimento,nome_pais_origem) VALUES ('2077','PASS','000935737','Fellin','19840801','Greece');
INSERT INTO emprega_midia (id_midia, id_pessoa) VALUES ('12','2077');
INSERT INTO pessoa (id_pessoa, tipo_documento,documento,nome,data_nascimento,nome_pais_origem) VALUES ('2078','PASS','000773202','Broadstreet','19820910','Germany');
INSERT INTO emprega_midia (id_midia, id_pessoa) VALUES ('12','2078');
INSERT INTO pessoa (id_pessoa, tipo_documento,documento,nome,data_nascimento,nome_pais_origem) VALUES ('2079','PASS','000585474','Entin','19840927','Vietnam');
INSERT INTO emprega_midia (id_midia, id_pessoa) VALUES ('12','2079');
INSERT INTO pessoa (id_pessoa, tipo_documento,documento,nome,data_nascimento,nome_pais_origem) VALUES ('2080','PASS','000665893','Carcano','19830321','Liechtenstein');
INSERT INTO emprega_midia (id_midia, id_pessoa) VALUES ('12','2080');
INSERT INTO pessoa (id_pessoa, tipo_documento,documento,nome,data_nascimento,nome_pais_origem) VALUES ('2081','PASS','000414245','Belkin','19840309','Costa');
INSERT INTO emprega_midia (id_midia, id_pessoa) VALUES ('12','2081');
INSERT INTO pessoa (id_pessoa, tipo_documento,documento,nome,data_nascimento,nome_pais_origem) VALUES ('2082','PASS','000203943','Futterman','19871013','Chad');
INSERT INTO emprega_midia (id_midia, id_pessoa) VALUES ('12','2082');
INSERT INTO pessoa (id_pessoa, tipo_documento,documento,nome,data_nascimento,nome_pais_origem) VALUES ('2083','PASS','000906502','Cofrancesco','19730526','Philippines');
INSERT INTO emprega_midia (id_midia, id_pessoa) VALUES ('12','2083');
INSERT INTO pessoa (id_pessoa, tipo_documento,documento,nome,data_nascimento,nome_pais_origem) VALUES ('2084','PASS','000824288','Colyott','19890322','Italy');
INSERT INTO emprega_midia (id_midia, id_pessoa) VALUES ('12','2084');
INSERT INTO pessoa (id_pessoa, tipo_documento,documento,nome,data_nascimento,nome_pais_origem) VALUES ('2085','PASS','000652530','Gajeski','19810617','Nepal');
INSERT INTO emprega_midia (id_midia, id_pessoa) VALUES ('12','2085');
INSERT INTO pessoa (id_pessoa, tipo_documento,documento,nome,data_nascimento,nome_pais_origem) VALUES ('2086','PASS','000355317','Dalenberg','19770705','Cuba');
INSERT INTO emprega_midia (id_midia, id_pessoa) VALUES ('12','2086');
INSERT INTO pessoa (id_pessoa, tipo_documento,documento,nome,data_nascimento,nome_pais_origem) VALUES ('2087','PASS','000501829','Beemer','19890722','Azerbaijan');
INSERT INTO emprega_midia (id_midia, id_pessoa) VALUES ('12','2087');
INSERT INTO equipe_de_midia (id_midia,nome_empresa) VALUES ('13','DZKKHRU');
INSERT INTO pessoa (id_pessoa, tipo_documento,documento,nome,data_nascimento,nome_pais_origem) VALUES ('2088','PASS','000331162','Dibacco','19791005','Algeria');
INSERT INTO emprega_midia (id_midia, id_pessoa) VALUES ('13','2088');
INSERT INTO pessoa (id_pessoa, tipo_documento,documento,nome,data_nascimento,nome_pais_origem) VALUES ('2089','PASS','000398102','Eppolito','19881208','Mongolia');
INSERT INTO emprega_midia (id_midia, id_pessoa) VALUES ('13','2089');
INSERT INTO pessoa (id_pessoa, tipo_documento,documento,nome,data_nascimento,nome_pais_origem) VALUES ('2090','PASS','000233033','Burnet','19740717','China');
INSERT INTO emprega_midia (id_midia, id_pessoa) VALUES ('13','2090');
INSERT INTO pessoa (id_pessoa, tipo_documento,documento,nome,data_nascimento,nome_pais_origem) VALUES ('2091','PASS','000253435','Cara','19820605','India');
INSERT INTO emprega_midia (id_midia, id_pessoa) VALUES ('13','2091');
INSERT INTO pessoa (id_pessoa, tipo_documento,documento,nome,data_nascimento,nome_pais_origem) VALUES ('2092','PASS','000316451','Blatter','19721116','Spain');
INSERT INTO emprega_midia (id_midia, id_pessoa) VALUES ('13','2092');
INSERT INTO pessoa (id_pessoa, tipo_documento,documento,nome,data_nascimento,nome_pais_origem) VALUES ('2093','PASS','000397352','Duderstadt','19721020','Bulgaria');
INSERT INTO emprega_midia (id_midia, id_pessoa) VALUES ('13','2093');
INSERT INTO pessoa (id_pessoa, tipo_documento,documento,nome,data_nascimento,nome_pais_origem) VALUES ('2094','PASS','000201576','Brittain','19791123','Philippines');
INSERT INTO emprega_midia (id_midia, id_pessoa) VALUES ('13','2094');
INSERT INTO pessoa (id_pessoa, tipo_documento,documento,nome,data_nascimento,nome_pais_origem) VALUES ('2095','PASS','000278053','Delpit','19870621','Paraguay');
INSERT INTO emprega_midia (id_midia, id_pessoa) VALUES ('13','2095');
INSERT INTO pessoa (id_pessoa, tipo_documento,documento,nome,data_nascimento,nome_pais_origem) VALUES ('2096','PASS','000604954','Gelle','19750908','Uzbekistan');
INSERT INTO emprega_midia (id_midia, id_pessoa) VALUES ('13','2096');
INSERT INTO pessoa (id_pessoa, tipo_documento,documento,nome,data_nascimento,nome_pais_origem) VALUES ('2097','PASS','000370100','Bergara','19731204','Italy');
INSERT INTO emprega_midia (id_midia, id_pessoa) VALUES ('13','2097');
INSERT INTO pessoa (id_pessoa, tipo_documento,documento,nome,data_nascimento,nome_pais_origem) VALUES ('2098','PASS','000100248','Benedek','19850902','Belgium');
INSERT INTO emprega_midia (id_midia, id_pessoa) VALUES ('13','2098');
INSERT INTO pessoa (id_pessoa, tipo_documento,documento,nome,data_nascimento,nome_pais_origem) VALUES ('2099','PASS','000617098','Balanoff','19770627','Liechtenstein');
INSERT INTO emprega_midia (id_midia, id_pessoa) VALUES ('13','2099');
INSERT INTO pessoa (id_pessoa, tipo_documento,documento,nome,data_nascimento,nome_pais_origem) VALUES ('2100','PASS','000154807','Fowlie','19731024','Norway');
INSERT INTO emprega_midia (id_midia, id_pessoa) VALUES ('13','2100');
INSERT INTO equipe_de_midia (id_midia,nome_empresa) VALUES ('14','HZYRNYK');
INSERT INTO pessoa (id_pessoa, tipo_documento,documento,nome,data_nascimento,nome_pais_origem) VALUES ('2101','PASS','000255976','Ertl','19891120','Morocco');
INSERT INTO emprega_midia (id_midia, id_pessoa) VALUES ('14','2101');
INSERT INTO pessoa (id_pessoa, tipo_documento,documento,nome,data_nascimento,nome_pais_origem) VALUES ('2102','PASS','000753440','Geralyn','19791006','Arabia');
INSERT INTO emprega_midia (id_midia, id_pessoa) VALUES ('14','2102');
INSERT INTO pessoa (id_pessoa, tipo_documento,documento,nome,data_nascimento,nome_pais_origem) VALUES ('2103','PASS','000771483','Argrow','19701121','Lithuania');
INSERT INTO emprega_midia (id_midia, id_pessoa) VALUES ('14','2103');
INSERT INTO pessoa (id_pessoa, tipo_documento,documento,nome,data_nascimento,nome_pais_origem) VALUES ('2104','PASS','000446630','Grzesiak','19890422','Netherlands');
INSERT INTO emprega_midia (id_midia, id_pessoa) VALUES ('14','2104');
INSERT INTO pessoa (id_pessoa, tipo_documento,documento,nome,data_nascimento,nome_pais_origem) VALUES ('2105','PASS','000272619','Eloise','19780413','Estonia');
INSERT INTO emprega_midia (id_midia, id_pessoa) VALUES ('14','2105');
INSERT INTO pessoa (id_pessoa, tipo_documento,documento,nome,data_nascimento,nome_pais_origem) VALUES ('2106','PASS','000227615','Fielder','19730118','Rica');
INSERT INTO emprega_midia (id_midia, id_pessoa) VALUES ('14','2106');
INSERT INTO pessoa (id_pessoa, tipo_documento,documento,nome,data_nascimento,nome_pais_origem) VALUES ('2107','PASS','000344201','Blackmer','19860405','Mexico');
INSERT INTO emprega_midia (id_midia, id_pessoa) VALUES ('14','2107');
INSERT INTO pessoa (id_pessoa, tipo_documento,documento,nome,data_nascimento,nome_pais_origem) VALUES ('2108','PASS','000350507','Baranick','19810506','Algeria');
INSERT INTO emprega_midia (id_midia, id_pessoa) VALUES ('14','2108');
INSERT INTO pessoa (id_pessoa, tipo_documento,documento,nome,data_nascimento,nome_pais_origem) VALUES ('2109','PASS','000115862','Delira','19700626','Egypt');
INSERT INTO emprega_midia (id_midia, id_pessoa) VALUES ('14','2109');
INSERT INTO pessoa (id_pessoa, tipo_documento,documento,nome,data_nascimento,nome_pais_origem) VALUES ('2110','PASS','000578291','Beyrer','19710402','Hungary');
INSERT INTO emprega_midia (id_midia, id_pessoa) VALUES ('14','2110');
INSERT INTO pessoa (id_pessoa, tipo_documento,documento,nome,data_nascimento,nome_pais_origem) VALUES ('2111','PASS','000689084','Buonomo','19731211','Indonesia');
INSERT INTO emprega_midia (id_midia, id_pessoa) VALUES ('14','2111');
INSERT INTO pessoa (id_pessoa, tipo_documento,documento,nome,data_nascimento,nome_pais_origem) VALUES ('2112','PASS','000109999','Cotterman','19880316','Luxembourg');
INSERT INTO emprega_midia (id_midia, id_pessoa) VALUES ('14','2112');
INSERT INTO pessoa (id_pessoa, tipo_documento,documento,nome,data_nascimento,nome_pais_origem) VALUES ('2113','PASS','000143871','Dainels','19890914','Paraguay');
INSERT INTO emprega_midia (id_midia, id_pessoa) VALUES ('14','2113');
INSERT INTO pessoa (id_pessoa, tipo_documento,documento,nome,data_nascimento,nome_pais_origem) VALUES ('2114','PASS','000525624','Caul','19730407','Cuba');
INSERT INTO emprega_midia (id_midia, id_pessoa) VALUES ('14','2114');
INSERT INTO pessoa (id_pessoa, tipo_documento,documento,nome,data_nascimento,nome_pais_origem) VALUES ('2115','PASS','000405265','Claverie','19770916','France');
INSERT INTO emprega_midia (id_midia, id_pessoa) VALUES ('14','2115');
INSERT INTO pessoa (id_pessoa, tipo_documento,documento,nome,data_nascimento,nome_pais_origem) VALUES ('2116','PASS','000432440','Debiase','19790316','France');
INSERT INTO emprega_midia (id_midia, id_pessoa) VALUES ('14','2116');
INSERT INTO pessoa (id_pessoa, tipo_documento,documento,nome,data_nascimento,nome_pais_origem) VALUES ('2117','PASS','000612511','Cabot','19880518','Spain');
INSERT INTO emprega_midia (id_midia, id_pessoa) VALUES ('14','2117');
INSERT INTO pessoa (id_pessoa, tipo_documento,documento,nome,data_nascimento,nome_pais_origem) VALUES ('2118','PASS','000868689','Fogerty','19821225','Mozambique');
INSERT INTO emprega_midia (id_midia, id_pessoa) VALUES ('14','2118');
INSERT INTO pessoa (id_pessoa, tipo_documento,documento,nome,data_nascimento,nome_pais_origem) VALUES ('2119','PASS','000939302','Feleppa','19840406','Luxembourg');
INSERT INTO emprega_midia (id_midia, id_pessoa) VALUES ('14','2119');
INSERT INTO pessoa (id_pessoa, tipo_documento,documento,nome,data_nascimento,nome_pais_origem) VALUES ('2120','PASS','000731129','Deckelbaum','19760709','Japan');
INSERT INTO emprega_midia (id_midia, id_pessoa) VALUES ('14','2120');
INSERT INTO pessoa (id_pessoa, tipo_documento,documento,nome,data_nascimento,nome_pais_origem) VALUES ('2121','PASS','000881575','Curiel','19840526','Thailand');
INSERT INTO emprega_midia (id_midia, id_pessoa) VALUES ('14','2121');
INSERT INTO pessoa (id_pessoa, tipo_documento,documento,nome,data_nascimento,nome_pais_origem) VALUES ('2122','PASS','000681797','Garski','19760220','Georgia');
INSERT INTO emprega_midia (id_midia, id_pessoa) VALUES ('14','2122');
INSERT INTO pessoa (id_pessoa, tipo_documento,documento,nome,data_nascimento,nome_pais_origem) VALUES ('2123','PASS','000895088','Emel','19750607','Afghanistan');
INSERT INTO emprega_midia (id_midia, id_pessoa) VALUES ('14','2123');
INSERT INTO equipe_de_midia (id_midia,nome_empresa) VALUES ('15','KICJUQU');
INSERT INTO pessoa (id_pessoa, tipo_documento,documento,nome,data_nascimento,nome_pais_origem) VALUES ('2124','PASS','000452802','Baymon','19760406','Angola');
INSERT INTO emprega_midia (id_midia, id_pessoa) VALUES ('15','2124');
INSERT INTO pessoa (id_pessoa, tipo_documento,documento,nome,data_nascimento,nome_pais_origem) VALUES ('2125','PASS','000545575','Bodenhamer','19710317','Rica');
INSERT INTO emprega_midia (id_midia, id_pessoa) VALUES ('15','2125');
INSERT INTO pessoa (id_pessoa, tipo_documento,documento,nome,data_nascimento,nome_pais_origem) VALUES ('2126','PASS','000321773','Avinger','19740713','Angola');
INSERT INTO emprega_midia (id_midia, id_pessoa) VALUES ('15','2126');
INSERT INTO pessoa (id_pessoa, tipo_documento,documento,nome,data_nascimento,nome_pais_origem) VALUES ('2127','PASS','000741663','Aiu','19871217','Costa');
INSERT INTO emprega_midia (id_midia, id_pessoa) VALUES ('15','2127');
INSERT INTO pessoa (id_pessoa, tipo_documento,documento,nome,data_nascimento,nome_pais_origem) VALUES ('2128','PASS','000338807','Cappetta','19781019','Philippines');
INSERT INTO emprega_midia (id_midia, id_pessoa) VALUES ('15','2128');
INSERT INTO pessoa (id_pessoa, tipo_documento,documento,nome,data_nascimento,nome_pais_origem) VALUES ('2129','PASS','000822643','Backhuus','19800813','Colombia');
INSERT INTO emprega_midia (id_midia, id_pessoa) VALUES ('15','2129');
INSERT INTO pessoa (id_pessoa, tipo_documento,documento,nome,data_nascimento,nome_pais_origem) VALUES ('2130','PASS','000409738','Aulbach','19801020','Bulgaria');
INSERT INTO emprega_midia (id_midia, id_pessoa) VALUES ('15','2130');
INSERT INTO pessoa (id_pessoa, tipo_documento,documento,nome,data_nascimento,nome_pais_origem) VALUES ('2131','PASS','000721944','Eutsler','19821109','Liechtenstein');
INSERT INTO emprega_midia (id_midia, id_pessoa) VALUES ('15','2131');
INSERT INTO pessoa (id_pessoa, tipo_documento,documento,nome,data_nascimento,nome_pais_origem) VALUES ('2132','PASS','000242581','Bomberger','19801214','Barbados');
INSERT INTO emprega_midia (id_midia, id_pessoa) VALUES ('15','2132');
INSERT INTO pessoa (id_pessoa, tipo_documento,documento,nome,data_nascimento,nome_pais_origem) VALUES ('2133','PASS','000699870','Burgett','19770813','Afghanistan');
INSERT INTO emprega_midia (id_midia, id_pessoa) VALUES ('15','2133');
INSERT INTO pessoa (id_pessoa, tipo_documento,documento,nome,data_nascimento,nome_pais_origem) VALUES ('2134','PASS','000142098','Bolls','19790312','Bulgaria');
INSERT INTO emprega_midia (id_midia, id_pessoa) VALUES ('15','2134');
INSERT INTO pessoa (id_pessoa, tipo_documento,documento,nome,data_nascimento,nome_pais_origem) VALUES ('2135','PASS','000473188','Conlee','19791117','Germany');
INSERT INTO emprega_midia (id_midia, id_pessoa) VALUES ('15','2135');
INSERT INTO pessoa (id_pessoa, tipo_documento,documento,nome,data_nascimento,nome_pais_origem) VALUES ('2136','PASS','000442349','Anagnos','19811222','Australia');
INSERT INTO emprega_midia (id_midia, id_pessoa) VALUES ('15','2136');
INSERT INTO pessoa (id_pessoa, tipo_documento,documento,nome,data_nascimento,nome_pais_origem) VALUES ('2137','PASS','000730376','Gearing','19780520','Iraq');
INSERT INTO emprega_midia (id_midia, id_pessoa) VALUES ('15','2137');
INSERT INTO equipe_de_midia (id_midia,nome_empresa) VALUES ('16','JACOMWL');
INSERT INTO pessoa (id_pessoa, tipo_documento,documento,nome,data_nascimento,nome_pais_origem) VALUES ('2138','PASS','000346742','Greta','19840102','Bahrain');
INSERT INTO emprega_midia (id_midia, id_pessoa) VALUES ('16','2138');
INSERT INTO pessoa (id_pessoa, tipo_documento,documento,nome,data_nascimento,nome_pais_origem) VALUES ('2139','PASS','000988702','Gallargo','19800619','Romania');
INSERT INTO emprega_midia (id_midia, id_pessoa) VALUES ('16','2139');
INSERT INTO pessoa (id_pessoa, tipo_documento,documento,nome,data_nascimento,nome_pais_origem) VALUES ('2140','PASS','000367798','Beermudez','19830313','Paraguay');
INSERT INTO emprega_midia (id_midia, id_pessoa) VALUES ('16','2140');
INSERT INTO pessoa (id_pessoa, tipo_documento,documento,nome,data_nascimento,nome_pais_origem) VALUES ('2141','PASS','000230094','Bisch','19891006','Australia');
INSERT INTO emprega_midia (id_midia, id_pessoa) VALUES ('16','2141');
INSERT INTO pessoa (id_pessoa, tipo_documento,documento,nome,data_nascimento,nome_pais_origem) VALUES ('2142','PASS','000187579','Chovanec','19810917','Uruguay');
INSERT INTO emprega_midia (id_midia, id_pessoa) VALUES ('16','2142');
INSERT INTO pessoa (id_pessoa, tipo_documento,documento,nome,data_nascimento,nome_pais_origem) VALUES ('2143','PASS','000110742','Carvin','19730827','Bahamas');
INSERT INTO emprega_midia (id_midia, id_pessoa) VALUES ('16','2143');
INSERT INTO pessoa (id_pessoa, tipo_documento,documento,nome,data_nascimento,nome_pais_origem) VALUES ('2144','PASS','000799612','Alishia','19730114','Iraq');
INSERT INTO emprega_midia (id_midia, id_pessoa) VALUES ('16','2144');
INSERT INTO pessoa (id_pessoa, tipo_documento,documento,nome,data_nascimento,nome_pais_origem) VALUES ('2145','PASS','000547518','Gostomski','19720705','Spain');
INSERT INTO emprega_midia (id_midia, id_pessoa) VALUES ('16','2145');
INSERT INTO pessoa (id_pessoa, tipo_documento,documento,nome,data_nascimento,nome_pais_origem) VALUES ('2146','PASS','000293479','Brouillard','19810210','New');
INSERT INTO emprega_midia (id_midia, id_pessoa) VALUES ('16','2146');
INSERT INTO pessoa (id_pessoa, tipo_documento,documento,nome,data_nascimento,nome_pais_origem) VALUES ('2147','PASS','000614916','Gora','19820403','Argentina');
INSERT INTO emprega_midia (id_midia, id_pessoa) VALUES ('16','2147');
INSERT INTO pessoa (id_pessoa, tipo_documento,documento,nome,data_nascimento,nome_pais_origem) VALUES ('2148','PASS','000320666','Duber','19711202','Iraq');
INSERT INTO emprega_midia (id_midia, id_pessoa) VALUES ('16','2148');
INSERT INTO pessoa (id_pessoa, tipo_documento,documento,nome,data_nascimento,nome_pais_origem) VALUES ('2149','PASS','000228371','Behrle','19820126','Serbia');
INSERT INTO emprega_midia (id_midia, id_pessoa) VALUES ('16','2149');
INSERT INTO pessoa (id_pessoa, tipo_documento,documento,nome,data_nascimento,nome_pais_origem) VALUES ('2150','PASS','000937880','Gansen','19730823','Switzerland');
INSERT INTO emprega_midia (id_midia, id_pessoa) VALUES ('16','2150');
INSERT INTO pessoa (id_pessoa, tipo_documento,documento,nome,data_nascimento,nome_pais_origem) VALUES ('2151','PASS','000541000','Eichenberg','19720602','Australia');
INSERT INTO emprega_midia (id_midia, id_pessoa) VALUES ('16','2151');
INSERT INTO pessoa (id_pessoa, tipo_documento,documento,nome,data_nascimento,nome_pais_origem) VALUES ('2152','PASS','000875522','Emmrich','19791009','Albania');
INSERT INTO emprega_midia (id_midia, id_pessoa) VALUES ('16','2152');
INSERT INTO pessoa (id_pessoa, tipo_documento,documento,nome,data_nascimento,nome_pais_origem) VALUES ('2153','PASS','000162431','Franke','19770802','Japan');
INSERT INTO emprega_midia (id_midia, id_pessoa) VALUES ('16','2153');
INSERT INTO pessoa (id_pessoa, tipo_documento,documento,nome,data_nascimento,nome_pais_origem) VALUES ('2154','PASS','000464504','Auringer','19861102','Georgia');
INSERT INTO emprega_midia (id_midia, id_pessoa) VALUES ('16','2154');
INSERT INTO pessoa (id_pessoa, tipo_documento,documento,nome,data_nascimento,nome_pais_origem) VALUES ('2155','PASS','000326779','Appell','19761009','Mozambique');
INSERT INTO emprega_midia (id_midia, id_pessoa) VALUES ('16','2155');
INSERT INTO equipe_de_midia (id_midia,nome_empresa) VALUES ('17','OSCEYGU');
INSERT INTO pessoa (id_pessoa, tipo_documento,documento,nome,data_nascimento,nome_pais_origem) VALUES ('2156','PASS','000211476','Delamora','19731213','Thailand');
INSERT INTO emprega_midia (id_midia, id_pessoa) VALUES ('17','2156');
INSERT INTO pessoa (id_pessoa, tipo_documento,documento,nome,data_nascimento,nome_pais_origem) VALUES ('2157','PASS','000229214','Bolch','19820526','Hungary');
INSERT INTO emprega_midia (id_midia, id_pessoa) VALUES ('17','2157');
INSERT INTO pessoa (id_pessoa, tipo_documento,documento,nome,data_nascimento,nome_pais_origem) VALUES ('2158','PASS','000847749','Allday','19820817','Mongolia');
INSERT INTO emprega_midia (id_midia, id_pessoa) VALUES ('17','2158');
INSERT INTO pessoa (id_pessoa, tipo_documento,documento,nome,data_nascimento,nome_pais_origem) VALUES ('2159','PASS','000770060','Chang','19850227','Finland');
INSERT INTO emprega_midia (id_midia, id_pessoa) VALUES ('17','2159');
INSERT INTO pessoa (id_pessoa, tipo_documento,documento,nome,data_nascimento,nome_pais_origem) VALUES ('2160','PASS','000274278','Anstine','19820904','Lithuania');
INSERT INTO emprega_midia (id_midia, id_pessoa) VALUES ('17','2160');
INSERT INTO pessoa (id_pessoa, tipo_documento,documento,nome,data_nascimento,nome_pais_origem) VALUES ('2161','PASS','000924786','Brengettey','19770225','Belarus');
INSERT INTO emprega_midia (id_midia, id_pessoa) VALUES ('17','2161');
INSERT INTO pessoa (id_pessoa, tipo_documento,documento,nome,data_nascimento,nome_pais_origem) VALUES ('2162','PASS','000398200','Desroches','19730902','Hungary');
INSERT INTO emprega_midia (id_midia, id_pessoa) VALUES ('17','2162');
INSERT INTO pessoa (id_pessoa, tipo_documento,documento,nome,data_nascimento,nome_pais_origem) VALUES ('2163','PASS','000942890','Delfelder','19710316','Brazil');
INSERT INTO emprega_midia (id_midia, id_pessoa) VALUES ('17','2163');
INSERT INTO pessoa (id_pessoa, tipo_documento,documento,nome,data_nascimento,nome_pais_origem) VALUES ('2164','PASS','000844145','Brackett','19721124','Luxembourg');
INSERT INTO emprega_midia (id_midia, id_pessoa) VALUES ('17','2164');
INSERT INTO pessoa (id_pessoa, tipo_documento,documento,nome,data_nascimento,nome_pais_origem) VALUES ('2165','PASS','000493951','Archuleta','19791016','Spain');
INSERT INTO emprega_midia (id_midia, id_pessoa) VALUES ('17','2165');
INSERT INTO pessoa (id_pessoa, tipo_documento,documento,nome,data_nascimento,nome_pais_origem) VALUES ('2166','PASS','000134194','Demayo','19741110','Zealand');
INSERT INTO emprega_midia (id_midia, id_pessoa) VALUES ('17','2166');
INSERT INTO pessoa (id_pessoa, tipo_documento,documento,nome,data_nascimento,nome_pais_origem) VALUES ('2167','PASS','000135684','Getts','19821027','Arabia');
INSERT INTO emprega_midia (id_midia, id_pessoa) VALUES ('17','2167');
INSERT INTO pessoa (id_pessoa, tipo_documento,documento,nome,data_nascimento,nome_pais_origem) VALUES ('2168','PASS','000600500','Corle','19710326','Portugal');
INSERT INTO emprega_midia (id_midia, id_pessoa) VALUES ('17','2168');
INSERT INTO equipe_de_midia (id_midia,nome_empresa) VALUES ('18','YMNOZVB');
INSERT INTO pessoa (id_pessoa, tipo_documento,documento,nome,data_nascimento,nome_pais_origem) VALUES ('2169','PASS','000208483','Boveja','19870426','Netherlands');
INSERT INTO emprega_midia (id_midia, id_pessoa) VALUES ('18','2169');
INSERT INTO pessoa (id_pessoa, tipo_documento,documento,nome,data_nascimento,nome_pais_origem) VALUES ('2170','PASS','000685864','Goranson','19760101','Bahamas');
INSERT INTO emprega_midia (id_midia, id_pessoa) VALUES ('18','2170');
INSERT INTO pessoa (id_pessoa, tipo_documento,documento,nome,data_nascimento,nome_pais_origem) VALUES ('2171','PASS','000942104','Clemon','19820509','Romania');
INSERT INTO emprega_midia (id_midia, id_pessoa) VALUES ('18','2171');
INSERT INTO pessoa (id_pessoa, tipo_documento,documento,nome,data_nascimento,nome_pais_origem) VALUES ('2172','PASS','000865681','Decelle','19840513','Portugal');
INSERT INTO emprega_midia (id_midia, id_pessoa) VALUES ('18','2172');
INSERT INTO pessoa (id_pessoa, tipo_documento,documento,nome,data_nascimento,nome_pais_origem) VALUES ('2173','PASS','000869355','Beaufort','19870622','Albania');
INSERT INTO emprega_midia (id_midia, id_pessoa) VALUES ('18','2173');
INSERT INTO pessoa (id_pessoa, tipo_documento,documento,nome,data_nascimento,nome_pais_origem) VALUES ('2174','PASS','000474016','Chiaro','19810910','Peru');
INSERT INTO emprega_midia (id_midia, id_pessoa) VALUES ('18','2174');
INSERT INTO pessoa (id_pessoa, tipo_documento,documento,nome,data_nascimento,nome_pais_origem) VALUES ('2175','PASS','000829654','Bergeaux','19820508','Bahamas');
INSERT INTO emprega_midia (id_midia, id_pessoa) VALUES ('18','2175');
INSERT INTO pessoa (id_pessoa, tipo_documento,documento,nome,data_nascimento,nome_pais_origem) VALUES ('2176','PASS','000781049','Craton','19730908','Arabia');
INSERT INTO emprega_midia (id_midia, id_pessoa) VALUES ('18','2176');
INSERT INTO pessoa (id_pessoa, tipo_documento,documento,nome,data_nascimento,nome_pais_origem) VALUES ('2177','PASS','000642143','Delbalso','19870905','Afghanistan');
INSERT INTO emprega_midia (id_midia, id_pessoa) VALUES ('18','2177');
INSERT INTO pessoa (id_pessoa, tipo_documento,documento,nome,data_nascimento,nome_pais_origem) VALUES ('2178','PASS','000893188','Gappa','19780523','Armenia');
INSERT INTO emprega_midia (id_midia, id_pessoa) VALUES ('18','2178');
INSERT INTO pessoa (id_pessoa, tipo_documento,documento,nome,data_nascimento,nome_pais_origem) VALUES ('2179','PASS','000306399','Difilippo','19871223','Norway');
INSERT INTO emprega_midia (id_midia, id_pessoa) VALUES ('18','2179');
INSERT INTO pessoa (id_pessoa, tipo_documento,documento,nome,data_nascimento,nome_pais_origem) VALUES ('2180','PASS','000663693','Baus','19730502','New');
INSERT INTO emprega_midia (id_midia, id_pessoa) VALUES ('18','2180');
INSERT INTO pessoa (id_pessoa, tipo_documento,documento,nome,data_nascimento,nome_pais_origem) VALUES ('2181','PASS','000941900','Craddieth','19880122','Bahrain');
INSERT INTO emprega_midia (id_midia, id_pessoa) VALUES ('18','2181');
INSERT INTO pessoa (id_pessoa, tipo_documento,documento,nome,data_nascimento,nome_pais_origem) VALUES ('2182','PASS','000901926','Boileau','19811221','Belarus');
INSERT INTO emprega_midia (id_midia, id_pessoa) VALUES ('18','2182');
INSERT INTO pessoa (id_pessoa, tipo_documento,documento,nome,data_nascimento,nome_pais_origem) VALUES ('2183','PASS','000632467','Brzezowski','19850123','Uruguay');
INSERT INTO emprega_midia (id_midia, id_pessoa) VALUES ('18','2183');
INSERT INTO pessoa (id_pessoa, tipo_documento,documento,nome,data_nascimento,nome_pais_origem) VALUES ('2184','PASS','000247915','Corie','19820922','Mozambique');
INSERT INTO emprega_midia (id_midia, id_pessoa) VALUES ('18','2184');
INSERT INTO pessoa (id_pessoa, tipo_documento,documento,nome,data_nascimento,nome_pais_origem) VALUES ('2185','PASS','000582869','Diederichs','19790405','Slovakia');
INSERT INTO emprega_midia (id_midia, id_pessoa) VALUES ('18','2185');
INSERT INTO pessoa (id_pessoa, tipo_documento,documento,nome,data_nascimento,nome_pais_origem) VALUES ('2186','PASS','000444571','Bevens','19740407','Serbia');
INSERT INTO emprega_midia (id_midia, id_pessoa) VALUES ('18','2186');
INSERT INTO equipe_de_midia (id_midia,nome_empresa) VALUES ('19','BTVPAEO');
INSERT INTO pessoa (id_pessoa, tipo_documento,documento,nome,data_nascimento,nome_pais_origem) VALUES ('2187','PASS','000852436','Faidley','19720120','Belgium');
INSERT INTO emprega_midia (id_midia, id_pessoa) VALUES ('19','2187');
INSERT INTO pessoa (id_pessoa, tipo_documento,documento,nome,data_nascimento,nome_pais_origem) VALUES ('2188','PASS','000339424','Fabian','19880609','Argentina');
INSERT INTO emprega_midia (id_midia, id_pessoa) VALUES ('19','2188');
INSERT INTO pessoa (id_pessoa, tipo_documento,documento,nome,data_nascimento,nome_pais_origem) VALUES ('2189','PASS','000116148','Bruer','19881124','Chile');
INSERT INTO emprega_midia (id_midia, id_pessoa) VALUES ('19','2189');
INSERT INTO pessoa (id_pessoa, tipo_documento,documento,nome,data_nascimento,nome_pais_origem) VALUES ('2190','PASS','000607156','Divelbiss','19750318','Senegal');
INSERT INTO emprega_midia (id_midia, id_pessoa) VALUES ('19','2190');
INSERT INTO pessoa (id_pessoa, tipo_documento,documento,nome,data_nascimento,nome_pais_origem) VALUES ('2191','PASS','000364546','Golombecki','19890605','Brazil');
INSERT INTO emprega_midia (id_midia, id_pessoa) VALUES ('19','2191');
INSERT INTO pessoa (id_pessoa, tipo_documento,documento,nome,data_nascimento,nome_pais_origem) VALUES ('2192','PASS','000718330','Alterio','19830519','Zealand');
INSERT INTO emprega_midia (id_midia, id_pessoa) VALUES ('19','2192');
INSERT INTO pessoa (id_pessoa, tipo_documento,documento,nome,data_nascimento,nome_pais_origem) VALUES ('2193','PASS','000318738','Colacone','19820418','Greece');
INSERT INTO emprega_midia (id_midia, id_pessoa) VALUES ('19','2193');
INSERT INTO pessoa (id_pessoa, tipo_documento,documento,nome,data_nascimento,nome_pais_origem) VALUES ('2194','PASS','000200157','Ashely','19870523','Armenia');
INSERT INTO emprega_midia (id_midia, id_pessoa) VALUES ('19','2194');
INSERT INTO pessoa (id_pessoa, tipo_documento,documento,nome,data_nascimento,nome_pais_origem) VALUES ('2195','PASS','000908911','Dickinson','19790123','Monaco');
INSERT INTO emprega_midia (id_midia, id_pessoa) VALUES ('19','2195');
INSERT INTO pessoa (id_pessoa, tipo_documento,documento,nome,data_nascimento,nome_pais_origem) VALUES ('2196','PASS','000877912','Astley','19820212','Angola');
INSERT INTO emprega_midia (id_midia, id_pessoa) VALUES ('19','2196');
INSERT INTO pessoa (id_pessoa, tipo_documento,documento,nome,data_nascimento,nome_pais_origem) VALUES ('2197','PASS','000141762','Ganns','19701018','Azerbaijan');
INSERT INTO emprega_midia (id_midia, id_pessoa) VALUES ('19','2197');
INSERT INTO equipe_de_midia (id_midia,nome_empresa) VALUES ('20','DZKRDOU');
INSERT INTO pessoa (id_pessoa, tipo_documento,documento,nome,data_nascimento,nome_pais_origem) VALUES ('2198','PASS','000121437','Fern','19740327','China');
INSERT INTO emprega_midia (id_midia, id_pessoa) VALUES ('20','2198');
INSERT INTO pessoa (id_pessoa, tipo_documento,documento,nome,data_nascimento,nome_pais_origem) VALUES ('2199','PASS','000380289','Elskamp','19720306','Bangladesh');
INSERT INTO emprega_midia (id_midia, id_pessoa) VALUES ('20','2199');
INSERT INTO pessoa (id_pessoa, tipo_documento,documento,nome,data_nascimento,nome_pais_origem) VALUES ('2200','PASS','000154918','Anawaty','19790117','Nicaragua');
INSERT INTO emprega_midia (id_midia, id_pessoa) VALUES ('20','2200');
INSERT INTO pessoa (id_pessoa, tipo_documento,documento,nome,data_nascimento,nome_pais_origem) VALUES ('2201','PASS','000226930','Evins','19770108','Egypt');
INSERT INTO emprega_midia (id_midia, id_pessoa) VALUES ('20','2201');
INSERT INTO pessoa (id_pessoa, tipo_documento,documento,nome,data_nascimento,nome_pais_origem) VALUES ('2202','PASS','000727338','Farquhar','19801113','Mongolia');
INSERT INTO emprega_midia (id_midia, id_pessoa) VALUES ('20','2202');
INSERT INTO pessoa (id_pessoa, tipo_documento,documento,nome,data_nascimento,nome_pais_origem) VALUES ('2203','PASS','000529020','Alliance','19830416','Serbia');
INSERT INTO emprega_midia (id_midia, id_pessoa) VALUES ('20','2203');
INSERT INTO pessoa (id_pessoa, tipo_documento,documento,nome,data_nascimento,nome_pais_origem) VALUES ('2204','PASS','000438827','Cashmer','19790211','Switzerland');
INSERT INTO emprega_midia (id_midia, id_pessoa) VALUES ('20','2204');
INSERT INTO pessoa (id_pessoa, tipo_documento,documento,nome,data_nascimento,nome_pais_origem) VALUES ('2205','PASS','000337420','Agle','19710902','Denmark');
INSERT INTO emprega_midia (id_midia, id_pessoa) VALUES ('20','2205');
INSERT INTO pessoa (id_pessoa, tipo_documento,documento,nome,data_nascimento,nome_pais_origem) VALUES ('2206','PASS','000328945','Chander','19821121','Thailand');
INSERT INTO emprega_midia (id_midia, id_pessoa) VALUES ('20','2206');
INSERT INTO pessoa (id_pessoa, tipo_documento,documento,nome,data_nascimento,nome_pais_origem) VALUES ('2207','PASS','000148626','Bouch','19770126','Belgium');
INSERT INTO emprega_midia (id_midia, id_pessoa) VALUES ('20','2207');
INSERT INTO pessoa (id_pessoa, tipo_documento,documento,nome,data_nascimento,nome_pais_origem) VALUES ('2208','PASS','000933087','Glazner','19731019','Portugal');
INSERT INTO emprega_midia (id_midia, id_pessoa) VALUES ('20','2208');
INSERT INTO pessoa (id_pessoa, tipo_documento,documento,nome,data_nascimento,nome_pais_origem) VALUES ('2209','PASS','000460022','Bronk','19711023','Mexico');
INSERT INTO emprega_midia (id_midia, id_pessoa) VALUES ('20','2209');
INSERT INTO pessoa (id_pessoa, tipo_documento,documento,nome,data_nascimento,nome_pais_origem) VALUES ('2210','PASS','000159464','Bonett','19870318','Azerbaijan');
INSERT INTO emprega_midia (id_midia, id_pessoa) VALUES ('20','2210');
INSERT INTO pessoa (id_pessoa, tipo_documento,documento,nome,data_nascimento,nome_pais_origem) VALUES ('2211','PASS','000326872','Brammer','19721017','Thailand');
INSERT INTO emprega_midia (id_midia, id_pessoa) VALUES ('20','2211');
INSERT INTO pessoa (id_pessoa, tipo_documento,documento,nome,data_nascimento,nome_pais_origem) VALUES ('2212','PASS','000270920','Ghant','19850513','Mozambique');
INSERT INTO emprega_midia (id_midia, id_pessoa) VALUES ('20','2212');
INSERT INTO pessoa (id_pessoa, tipo_documento,documento,nome,data_nascimento,nome_pais_origem) VALUES ('2213','PASS','000526625','Guerrini','19830507','Armenia');
INSERT INTO emprega_midia (id_midia, id_pessoa) VALUES ('20','2213');
INSERT INTO pessoa (id_pessoa, tipo_documento,documento,nome,data_nascimento,nome_pais_origem) VALUES ('2214','PASS','000446263','Dejohn','19830721','Brazil');
INSERT INTO emprega_midia (id_midia, id_pessoa) VALUES ('20','2214');
INSERT INTO pessoa (id_pessoa, tipo_documento,documento,nome,data_nascimento,nome_pais_origem) VALUES ('2215','PASS','000857443','Axthelm','19700701','Estonia');
INSERT INTO emprega_midia (id_midia, id_pessoa) VALUES ('20','2215');
INSERT INTO pessoa (id_pessoa, tipo_documento,documento,nome,data_nascimento,nome_pais_origem) VALUES ('2216','PASS','000641567','Bel','19800213','New');
INSERT INTO emprega_midia (id_midia, id_pessoa) VALUES ('20','2216');
INSERT INTO pessoa (id_pessoa, tipo_documento,documento,nome,data_nascimento,nome_pais_origem) VALUES ('2217','PASS','000433066','Brumer','19710126','Syria');
INSERT INTO emprega_midia (id_midia, id_pessoa) VALUES ('20','2217');
INSERT INTO pessoa (id_pessoa, tipo_documento,documento,nome,data_nascimento,nome_pais_origem) VALUES ('2218','PASS','000280627','Delehanty','19870718','Vietnam');
INSERT INTO emprega_midia (id_midia, id_pessoa) VALUES ('20','2218');
INSERT INTO pessoa (id_pessoa, tipo_documento,documento,nome,data_nascimento,nome_pais_origem) VALUES ('2219','PASS','000473975','Estorga','19711220','Japan');
INSERT INTO emprega_midia (id_midia, id_pessoa) VALUES ('20','2219');
INSERT INTO equipe_de_midia (id_midia,nome_empresa) VALUES ('21','SSECGHK');
INSERT INTO pessoa (id_pessoa, tipo_documento,documento,nome,data_nascimento,nome_pais_origem) VALUES ('2220','PASS','000770512','Dallam','19830324','Lithuania');
INSERT INTO emprega_midia (id_midia, id_pessoa) VALUES ('21','2220');
INSERT INTO pessoa (id_pessoa, tipo_documento,documento,nome,data_nascimento,nome_pais_origem) VALUES ('2221','PASS','000252945','Albach','19831124','Argentina');
INSERT INTO emprega_midia (id_midia, id_pessoa) VALUES ('21','2221');
INSERT INTO pessoa (id_pessoa, tipo_documento,documento,nome,data_nascimento,nome_pais_origem) VALUES ('2222','PASS','000686547','Bethurum','19710723','Japan');
INSERT INTO emprega_midia (id_midia, id_pessoa) VALUES ('21','2222');
INSERT INTO pessoa (id_pessoa, tipo_documento,documento,nome,data_nascimento,nome_pais_origem) VALUES ('2223','PASS','000964156','Culloton','19890605','Indonesia');
INSERT INTO emprega_midia (id_midia, id_pessoa) VALUES ('21','2223');
INSERT INTO pessoa (id_pessoa, tipo_documento,documento,nome,data_nascimento,nome_pais_origem) VALUES ('2224','PASS','000193809','Dambrosi','19880303','Albania');
INSERT INTO emprega_midia (id_midia, id_pessoa) VALUES ('21','2224');
INSERT INTO pessoa (id_pessoa, tipo_documento,documento,nome,data_nascimento,nome_pais_origem) VALUES ('2225','PASS','000174627','Goddard','19890309','Uruguay');
INSERT INTO emprega_midia (id_midia, id_pessoa) VALUES ('21','2225');
INSERT INTO pessoa (id_pessoa, tipo_documento,documento,nome,data_nascimento,nome_pais_origem) VALUES ('2226','PASS','000994625','Bungay','19890507','Serbia');
INSERT INTO emprega_midia (id_midia, id_pessoa) VALUES ('21','2226');
INSERT INTO pessoa (id_pessoa, tipo_documento,documento,nome,data_nascimento,nome_pais_origem) VALUES ('2227','PASS','000825087','Bommer','19751121','Afghanistan');
INSERT INTO emprega_midia (id_midia, id_pessoa) VALUES ('21','2227');
INSERT INTO pessoa (id_pessoa, tipo_documento,documento,nome,data_nascimento,nome_pais_origem) VALUES ('2228','PASS','000895423','Brean','19890719','Iraq');
INSERT INTO emprega_midia (id_midia, id_pessoa) VALUES ('21','2228');
INSERT INTO pessoa (id_pessoa, tipo_documento,documento,nome,data_nascimento,nome_pais_origem) VALUES ('2229','PASS','000203278','Beirne','19830307','China');
INSERT INTO emprega_midia (id_midia, id_pessoa) VALUES ('21','2229');
INSERT INTO pessoa (id_pessoa, tipo_documento,documento,nome,data_nascimento,nome_pais_origem) VALUES ('2230','PASS','000348302','Bolde','19870223','Colombia');
INSERT INTO emprega_midia (id_midia, id_pessoa) VALUES ('21','2230');
INSERT INTO pessoa (id_pessoa, tipo_documento,documento,nome,data_nascimento,nome_pais_origem) VALUES ('2231','PASS','000598636','Edgeman','19780926','Vietnam');
INSERT INTO emprega_midia (id_midia, id_pessoa) VALUES ('21','2231');
INSERT INTO pessoa (id_pessoa, tipo_documento,documento,nome,data_nascimento,nome_pais_origem) VALUES ('2232','PASS','000466445','Castagnier','19711121','Chad');
INSERT INTO emprega_midia (id_midia, id_pessoa) VALUES ('21','2232');
INSERT INTO pessoa (id_pessoa, tipo_documento,documento,nome,data_nascimento,nome_pais_origem) VALUES ('2233','PASS','000319221','Czach','19780409','Vietnam');
INSERT INTO emprega_midia (id_midia, id_pessoa) VALUES ('21','2233');
INSERT INTO pessoa (id_pessoa, tipo_documento,documento,nome,data_nascimento,nome_pais_origem) VALUES ('2234','PASS','000941234','Bleecker','19890226','Barbados');
INSERT INTO emprega_midia (id_midia, id_pessoa) VALUES ('21','2234');
INSERT INTO pessoa (id_pessoa, tipo_documento,documento,nome,data_nascimento,nome_pais_origem) VALUES ('2235','PASS','000287725','Gensel','19700105','Germany');
INSERT INTO emprega_midia (id_midia, id_pessoa) VALUES ('21','2235');
INSERT INTO pessoa (id_pessoa, tipo_documento,documento,nome,data_nascimento,nome_pais_origem) VALUES ('2236','PASS','000298326','Brinius','19730326','Slovakia');
INSERT INTO emprega_midia (id_midia, id_pessoa) VALUES ('21','2236');
INSERT INTO pessoa (id_pessoa, tipo_documento,documento,nome,data_nascimento,nome_pais_origem) VALUES ('2237','PASS','000260437','Behn','19721020','Indonesia');
INSERT INTO emprega_midia (id_midia, id_pessoa) VALUES ('21','2237');
INSERT INTO pessoa (id_pessoa, tipo_documento,documento,nome,data_nascimento,nome_pais_origem) VALUES ('2238','PASS','000751537','Basara','19790209','New');
INSERT INTO emprega_midia (id_midia, id_pessoa) VALUES ('21','2238');
INSERT INTO pessoa (id_pessoa, tipo_documento,documento,nome,data_nascimento,nome_pais_origem) VALUES ('2239','PASS','000461414','Delker','19890304','Hungary');
INSERT INTO emprega_midia (id_midia, id_pessoa) VALUES ('21','2239');
INSERT INTO pessoa (id_pessoa, tipo_documento,documento,nome,data_nascimento,nome_pais_origem) VALUES ('2240','PASS','000268969','Bankhead','19780225','Saudi');
INSERT INTO emprega_midia (id_midia, id_pessoa) VALUES ('21','2240');
INSERT INTO pessoa (id_pessoa, tipo_documento,documento,nome,data_nascimento,nome_pais_origem) VALUES ('2241','PASS','000999748','Bowen','19870101','Mexico');
INSERT INTO emprega_midia (id_midia, id_pessoa) VALUES ('21','2241');
INSERT INTO pessoa (id_pessoa, tipo_documento,documento,nome,data_nascimento,nome_pais_origem) VALUES ('2242','PASS','000631372','Ditti','19840122','Afghanistan');
INSERT INTO emprega_midia (id_midia, id_pessoa) VALUES ('21','2242');
INSERT INTO pessoa (id_pessoa, tipo_documento,documento,nome,data_nascimento,nome_pais_origem) VALUES ('2243','PASS','000525919','Cockayne','19780606','India');
INSERT INTO emprega_midia (id_midia, id_pessoa) VALUES ('21','2243');
INSERT INTO pessoa (id_pessoa, tipo_documento,documento,nome,data_nascimento,nome_pais_origem) VALUES ('2244','PASS','000172206','Bautiste','19740410','Turkey');
INSERT INTO emprega_midia (id_midia, id_pessoa) VALUES ('21','2244');
INSERT INTO pessoa (id_pessoa, tipo_documento,documento,nome,data_nascimento,nome_pais_origem) VALUES ('2245','PASS','000716380','Gordineer','19800602','Chad');
INSERT INTO emprega_midia (id_midia, id_pessoa) VALUES ('21','2245');
INSERT INTO equipe_de_midia (id_midia,nome_empresa) VALUES ('22','WIICUWU');
INSERT INTO pessoa (id_pessoa, tipo_documento,documento,nome,data_nascimento,nome_pais_origem) VALUES ('2246','PASS','000140696','Balent','19860424','Georgia');
INSERT INTO emprega_midia (id_midia, id_pessoa) VALUES ('22','2246');
INSERT INTO pessoa (id_pessoa, tipo_documento,documento,nome,data_nascimento,nome_pais_origem) VALUES ('2247','PASS','000487755','Dzuro','19820203','Arabia');
INSERT INTO emprega_midia (id_midia, id_pessoa) VALUES ('22','2247');
INSERT INTO pessoa (id_pessoa, tipo_documento,documento,nome,data_nascimento,nome_pais_origem) VALUES ('2248','PASS','000266763','Aldi','19760617','Morocco');
INSERT INTO emprega_midia (id_midia, id_pessoa) VALUES ('22','2248');
INSERT INTO pessoa (id_pessoa, tipo_documento,documento,nome,data_nascimento,nome_pais_origem) VALUES ('2249','PASS','000129923','Foderaro','19821213','Georgia');
INSERT INTO emprega_midia (id_midia, id_pessoa) VALUES ('22','2249');
INSERT INTO pessoa (id_pessoa, tipo_documento,documento,nome,data_nascimento,nome_pais_origem) VALUES ('2250','PASS','000285313','Ellout','19771025','Slovakia');
INSERT INTO emprega_midia (id_midia, id_pessoa) VALUES ('22','2250');
INSERT INTO pessoa (id_pessoa, tipo_documento,documento,nome,data_nascimento,nome_pais_origem) VALUES ('2251','PASS','000393499','Debrock','19780703','Portugal');
INSERT INTO emprega_midia (id_midia, id_pessoa) VALUES ('22','2251');
INSERT INTO pessoa (id_pessoa, tipo_documento,documento,nome,data_nascimento,nome_pais_origem) VALUES ('2252','PASS','000443623','Flemister','19820304','Senegal');
INSERT INTO emprega_midia (id_midia, id_pessoa) VALUES ('22','2252');
INSERT INTO pessoa (id_pessoa, tipo_documento,documento,nome,data_nascimento,nome_pais_origem) VALUES ('2253','PASS','000549093','Bachta','19740510','Australia');
INSERT INTO emprega_midia (id_midia, id_pessoa) VALUES ('22','2253');
INSERT INTO pessoa (id_pessoa, tipo_documento,documento,nome,data_nascimento,nome_pais_origem) VALUES ('2254','PASS','000675321','Disspain','19861203','Algeria');
INSERT INTO emprega_midia (id_midia, id_pessoa) VALUES ('22','2254');
INSERT INTO pessoa (id_pessoa, tipo_documento,documento,nome,data_nascimento,nome_pais_origem) VALUES ('2255','PASS','000174761','Fala','19770102','Senegal');
INSERT INTO emprega_midia (id_midia, id_pessoa) VALUES ('22','2255');
INSERT INTO pessoa (id_pessoa, tipo_documento,documento,nome,data_nascimento,nome_pais_origem) VALUES ('2256','PASS','000667572','Emogene','19730327','Nepal');
INSERT INTO emprega_midia (id_midia, id_pessoa) VALUES ('22','2256');
INSERT INTO pessoa (id_pessoa, tipo_documento,documento,nome,data_nascimento,nome_pais_origem) VALUES ('2257','PASS','000613622','Brazeal','19790425','Croatia');
INSERT INTO emprega_midia (id_midia, id_pessoa) VALUES ('22','2257');
INSERT INTO pessoa (id_pessoa, tipo_documento,documento,nome,data_nascimento,nome_pais_origem) VALUES ('2258','PASS','000177142','Greig','19780527','Luxembourg');
INSERT INTO emprega_midia (id_midia, id_pessoa) VALUES ('22','2258');
INSERT INTO pessoa (id_pessoa, tipo_documento,documento,nome,data_nascimento,nome_pais_origem) VALUES ('2259','PASS','000208316','Brillant','19891121','Cuba');
INSERT INTO emprega_midia (id_midia, id_pessoa) VALUES ('22','2259');
INSERT INTO pessoa (id_pessoa, tipo_documento,documento,nome,data_nascimento,nome_pais_origem) VALUES ('2260','PASS','000302978','Diem','19790723','Albania');
INSERT INTO emprega_midia (id_midia, id_pessoa) VALUES ('22','2260');
INSERT INTO pessoa (id_pessoa, tipo_documento,documento,nome,data_nascimento,nome_pais_origem) VALUES ('2261','PASS','000433981','Grohoske','19800315','Belarus');
INSERT INTO emprega_midia (id_midia, id_pessoa) VALUES ('22','2261');
INSERT INTO pessoa (id_pessoa, tipo_documento,documento,nome,data_nascimento,nome_pais_origem) VALUES ('2262','PASS','000860161','Arredla','19770911','Mongolia');
INSERT INTO emprega_midia (id_midia, id_pessoa) VALUES ('22','2262');
INSERT INTO pessoa (id_pessoa, tipo_documento,documento,nome,data_nascimento,nome_pais_origem) VALUES ('2263','PASS','000400334','Ferrao','19760314','Indonesia');
INSERT INTO emprega_midia (id_midia, id_pessoa) VALUES ('22','2263');
INSERT INTO pessoa (id_pessoa, tipo_documento,documento,nome,data_nascimento,nome_pais_origem) VALUES ('2264','PASS','000854006','Bullock','19870306','Nepal');
INSERT INTO emprega_midia (id_midia, id_pessoa) VALUES ('22','2264');
INSERT INTO pessoa (id_pessoa, tipo_documento,documento,nome,data_nascimento,nome_pais_origem) VALUES ('2265','PASS','000543402','Giampietro','19880927','Brazil');
INSERT INTO emprega_midia (id_midia, id_pessoa) VALUES ('22','2265');
INSERT INTO pessoa (id_pessoa, tipo_documento,documento,nome,data_nascimento,nome_pais_origem) VALUES ('2266','PASS','000632263','Colmer','19840806','Netherlands');
INSERT INTO emprega_midia (id_midia, id_pessoa) VALUES ('22','2266');
INSERT INTO pessoa (id_pessoa, tipo_documento,documento,nome,data_nascimento,nome_pais_origem) VALUES ('2267','PASS','000425579','Brandstrom','19871113','Portugal');
INSERT INTO emprega_midia (id_midia, id_pessoa) VALUES ('22','2267');
INSERT INTO equipe_de_midia (id_midia,nome_empresa) VALUES ('23','MXGLPCM');
INSERT INTO pessoa (id_pessoa, tipo_documento,documento,nome,data_nascimento,nome_pais_origem) VALUES ('2268','PASS','000456446','Chatlos','19790825','Liechtenstein');
INSERT INTO emprega_midia (id_midia, id_pessoa) VALUES ('23','2268');
INSERT INTO pessoa (id_pessoa, tipo_documento,documento,nome,data_nascimento,nome_pais_origem) VALUES ('2269','PASS','000836664','Emrick','19740603','Azerbaijan');
INSERT INTO emprega_midia (id_midia, id_pessoa) VALUES ('23','2269');
INSERT INTO pessoa (id_pessoa, tipo_documento,documento,nome,data_nascimento,nome_pais_origem) VALUES ('2270','PASS','000239013','Daubendiek','19880327','Japan');
INSERT INTO emprega_midia (id_midia, id_pessoa) VALUES ('23','2270');
INSERT INTO pessoa (id_pessoa, tipo_documento,documento,nome,data_nascimento,nome_pais_origem) VALUES ('2271','PASS','000987244','Gallemore','19890104','Rica');
INSERT INTO emprega_midia (id_midia, id_pessoa) VALUES ('23','2271');
INSERT INTO pessoa (id_pessoa, tipo_documento,documento,nome,data_nascimento,nome_pais_origem) VALUES ('2272','PASS','000839626','Cassem','19890305','Saudi');
INSERT INTO emprega_midia (id_midia, id_pessoa) VALUES ('23','2272');
INSERT INTO pessoa (id_pessoa, tipo_documento,documento,nome,data_nascimento,nome_pais_origem) VALUES ('2273','PASS','000173386','Calabretta','19890505','Mexico');
INSERT INTO emprega_midia (id_midia, id_pessoa) VALUES ('23','2273');
INSERT INTO pessoa (id_pessoa, tipo_documento,documento,nome,data_nascimento,nome_pais_origem) VALUES ('2274','PASS','000558754','Cabbell','19890317','Denmark');
INSERT INTO emprega_midia (id_midia, id_pessoa) VALUES ('23','2274');
INSERT INTO pessoa (id_pessoa, tipo_documento,documento,nome,data_nascimento,nome_pais_origem) VALUES ('2275','PASS','000295099','Chevres','19700106','Chile');
INSERT INTO emprega_midia (id_midia, id_pessoa) VALUES ('23','2275');
INSERT INTO pessoa (id_pessoa, tipo_documento,documento,nome,data_nascimento,nome_pais_origem) VALUES ('2276','PASS','000891044','Cuzco','19891023','Armenia');
INSERT INTO emprega_midia (id_midia, id_pessoa) VALUES ('23','2276');
INSERT INTO pessoa (id_pessoa, tipo_documento,documento,nome,data_nascimento,nome_pais_origem) VALUES ('2277','PASS','000795354','Donny','19830315','Costa');
INSERT INTO emprega_midia (id_midia, id_pessoa) VALUES ('23','2277');
INSERT INTO pessoa (id_pessoa, tipo_documento,documento,nome,data_nascimento,nome_pais_origem) VALUES ('2278','PASS','000465029','Blass','19740802','Bangladesh');
INSERT INTO emprega_midia (id_midia, id_pessoa) VALUES ('23','2278');
INSERT INTO pessoa (id_pessoa, tipo_documento,documento,nome,data_nascimento,nome_pais_origem) VALUES ('2279','PASS','000559824','Apland','19790611','Costa');
INSERT INTO emprega_midia (id_midia, id_pessoa) VALUES ('23','2279');
INSERT INTO pessoa (id_pessoa, tipo_documento,documento,nome,data_nascimento,nome_pais_origem) VALUES ('2280','PASS','000771684','Escandon','19810919','Iraq');
INSERT INTO emprega_midia (id_midia, id_pessoa) VALUES ('23','2280');
INSERT INTO pessoa (id_pessoa, tipo_documento,documento,nome,data_nascimento,nome_pais_origem) VALUES ('2281','PASS','000254340','Fontenot','19850502','Norway');
INSERT INTO emprega_midia (id_midia, id_pessoa) VALUES ('23','2281');
INSERT INTO pessoa (id_pessoa, tipo_documento,documento,nome,data_nascimento,nome_pais_origem) VALUES ('2282','PASS','000725578','Bowlet','19720315','Bahrain');
INSERT INTO emprega_midia (id_midia, id_pessoa) VALUES ('23','2282');
INSERT INTO pessoa (id_pessoa, tipo_documento,documento,nome,data_nascimento,nome_pais_origem) VALUES ('2283','PASS','000457764','Andrade','19790123','Italy');
INSERT INTO emprega_midia (id_midia, id_pessoa) VALUES ('23','2283');
INSERT INTO equipe_de_midia (id_midia,nome_empresa) VALUES ('24','AMWDWOE');
INSERT INTO pessoa (id_pessoa, tipo_documento,documento,nome,data_nascimento,nome_pais_origem) VALUES ('2284','PASS','000906105','Glavin','19860713','Switzerland');
INSERT INTO emprega_midia (id_midia, id_pessoa) VALUES ('24','2284');
INSERT INTO pessoa (id_pessoa, tipo_documento,documento,nome,data_nascimento,nome_pais_origem) VALUES ('2285','PASS','000370291','Durgin','19750921','Nepal');
INSERT INTO emprega_midia (id_midia, id_pessoa) VALUES ('24','2285');
INSERT INTO pessoa (id_pessoa, tipo_documento,documento,nome,data_nascimento,nome_pais_origem) VALUES ('2286','PASS','000424294','Benek','19770410','Armenia');
INSERT INTO emprega_midia (id_midia, id_pessoa) VALUES ('24','2286');
INSERT INTO pessoa (id_pessoa, tipo_documento,documento,nome,data_nascimento,nome_pais_origem) VALUES ('2287','PASS','000751954','Agustine','19881123','New');
INSERT INTO emprega_midia (id_midia, id_pessoa) VALUES ('24','2287');
INSERT INTO pessoa (id_pessoa, tipo_documento,documento,nome,data_nascimento,nome_pais_origem) VALUES ('2288','PASS','000371309','Catharine','19801225','Switzerland');
INSERT INTO emprega_midia (id_midia, id_pessoa) VALUES ('24','2288');
INSERT INTO pessoa (id_pessoa, tipo_documento,documento,nome,data_nascimento,nome_pais_origem) VALUES ('2289','PASS','000627563','Bibee','19750117','Colombia');
INSERT INTO emprega_midia (id_midia, id_pessoa) VALUES ('24','2289');
INSERT INTO pessoa (id_pessoa, tipo_documento,documento,nome,data_nascimento,nome_pais_origem) VALUES ('2290','PASS','000681326','Burgeson','19870911','Lithuania');
INSERT INTO emprega_midia (id_midia, id_pessoa) VALUES ('24','2290');
INSERT INTO pessoa (id_pessoa, tipo_documento,documento,nome,data_nascimento,nome_pais_origem) VALUES ('2291','PASS','000272982','Finner','19860117','Azerbaijan');
INSERT INTO emprega_midia (id_midia, id_pessoa) VALUES ('24','2291');
INSERT INTO pessoa (id_pessoa, tipo_documento,documento,nome,data_nascimento,nome_pais_origem) VALUES ('2292','PASS','000848680','Chapdelaine','19750216','Azerbaijan');
INSERT INTO emprega_midia (id_midia, id_pessoa) VALUES ('24','2292');
INSERT INTO pessoa (id_pessoa, tipo_documento,documento,nome,data_nascimento,nome_pais_origem) VALUES ('2293','PASS','000931882','Grocott','19770522','Uruguay');
INSERT INTO emprega_midia (id_midia, id_pessoa) VALUES ('24','2293');
INSERT INTO pessoa (id_pessoa, tipo_documento,documento,nome,data_nascimento,nome_pais_origem) VALUES ('2294','PASS','000898938','Antaya','19820107','Albania');
INSERT INTO emprega_midia (id_midia, id_pessoa) VALUES ('24','2294');
INSERT INTO pessoa (id_pessoa, tipo_documento,documento,nome,data_nascimento,nome_pais_origem) VALUES ('2295','PASS','000979941','Fegueroa','19820114','India');
INSERT INTO emprega_midia (id_midia, id_pessoa) VALUES ('24','2295');
INSERT INTO pessoa (id_pessoa, tipo_documento,documento,nome,data_nascimento,nome_pais_origem) VALUES ('2296','PASS','000673755','Caton','19760116','Denmark');
INSERT INTO emprega_midia (id_midia, id_pessoa) VALUES ('24','2296');
INSERT INTO pessoa (id_pessoa, tipo_documento,documento,nome,data_nascimento,nome_pais_origem) VALUES ('2297','PASS','000500694','Friese','19810208','Iran');
INSERT INTO emprega_midia (id_midia, id_pessoa) VALUES ('24','2297');
INSERT INTO pessoa (id_pessoa, tipo_documento,documento,nome,data_nascimento,nome_pais_origem) VALUES ('2298','PASS','000112517','Eilene','19880904','Morocco');
INSERT INTO emprega_midia (id_midia, id_pessoa) VALUES ('24','2298');
INSERT INTO pessoa (id_pessoa, tipo_documento,documento,nome,data_nascimento,nome_pais_origem) VALUES ('2299','PASS','000228040','Chio','19860204','Nicaragua');
INSERT INTO emprega_midia (id_midia, id_pessoa) VALUES ('24','2299');
INSERT INTO pessoa (id_pessoa, tipo_documento,documento,nome,data_nascimento,nome_pais_origem) VALUES ('2300','PASS','000640940','Czajkowski','19701019','Morocco');
INSERT INTO emprega_midia (id_midia, id_pessoa) VALUES ('24','2300');
INSERT INTO pessoa (id_pessoa, tipo_documento,documento,nome,data_nascimento,nome_pais_origem) VALUES ('2301','PASS','000442941','Cortina','19741026','Nepal');
INSERT INTO emprega_midia (id_midia, id_pessoa) VALUES ('24','2301');
INSERT INTO pessoa (id_pessoa, tipo_documento,documento,nome,data_nascimento,nome_pais_origem) VALUES ('2302','PASS','000816057','Fiest','19840119','Turkey');
INSERT INTO emprega_midia (id_midia, id_pessoa) VALUES ('24','2302');
INSERT INTO pessoa (id_pessoa, tipo_documento,documento,nome,data_nascimento,nome_pais_origem) VALUES ('2303','PASS','000263050','Deare','19811114','Afghanistan');
INSERT INTO emprega_midia (id_midia, id_pessoa) VALUES ('24','2303');
INSERT INTO pessoa (id_pessoa, tipo_documento,documento,nome,data_nascimento,nome_pais_origem) VALUES ('2304','PASS','000532761','Brines','19751121','Angola');
INSERT INTO emprega_midia (id_midia, id_pessoa) VALUES ('24','2304');
INSERT INTO pessoa (id_pessoa, tipo_documento,documento,nome,data_nascimento,nome_pais_origem) VALUES ('2305','PASS','000125095','Amsler','19750409','Uruguay');
INSERT INTO emprega_midia (id_midia, id_pessoa) VALUES ('24','2305');
INSERT INTO pessoa (id_pessoa, tipo_documento,documento,nome,data_nascimento,nome_pais_origem) VALUES ('2306','PASS','000702715','Byland','19770214','Angola');
INSERT INTO emprega_midia (id_midia, id_pessoa) VALUES ('24','2306');
INSERT INTO pessoa (id_pessoa, tipo_documento,documento,nome,data_nascimento,nome_pais_origem) VALUES ('2307','PASS','000517698','Galinis','19720218','Uzbekistan');
INSERT INTO emprega_midia (id_midia, id_pessoa) VALUES ('24','2307');
INSERT INTO pessoa (id_pessoa, tipo_documento,documento,nome,data_nascimento,nome_pais_origem) VALUES ('2308','PASS','000947071','Brent','19800618','Georgia');
INSERT INTO emprega_midia (id_midia, id_pessoa) VALUES ('24','2308');
INSERT INTO pessoa (id_pessoa, tipo_documento,documento,nome,data_nascimento,nome_pais_origem) VALUES ('2309','PASS','000584872','Fors','19701019','India');
INSERT INTO emprega_midia (id_midia, id_pessoa) VALUES ('24','2309');
INSERT INTO pessoa (id_pessoa, tipo_documento,documento,nome,data_nascimento,nome_pais_origem) VALUES ('2310','PASS','000550595','First','19710622','Monaco');
INSERT INTO emprega_midia (id_midia, id_pessoa) VALUES ('24','2310');
INSERT INTO pessoa (id_pessoa, tipo_documento,documento,nome,data_nascimento,nome_pais_origem) VALUES ('2311','PASS','000308201','Abramovich','19711225','Germany');
INSERT INTO emprega_midia (id_midia, id_pessoa) VALUES ('24','2311');
INSERT INTO pessoa (id_pessoa, tipo_documento,documento,nome,data_nascimento,nome_pais_origem) VALUES ('2312','PASS','000945452','Bergdorf','19791107','Ukraine');
INSERT INTO emprega_midia (id_midia, id_pessoa) VALUES ('24','2312');
INSERT INTO pessoa (id_pessoa, tipo_documento,documento,nome,data_nascimento,nome_pais_origem) VALUES ('2313','PASS','000907895','Ashfield','19760808','Liechtenstein');
INSERT INTO emprega_midia (id_midia, id_pessoa) VALUES ('24','2313');
INSERT INTO pessoa (id_pessoa, tipo_documento,documento,nome,data_nascimento,nome_pais_origem) VALUES ('2314','PASS','000202277','Barlette','19730825','Poland');
INSERT INTO emprega_midia (id_midia, id_pessoa) VALUES ('24','2314');
INSERT INTO equipe_de_midia (id_midia,nome_empresa) VALUES ('25','BMFCMFR');
INSERT INTO pessoa (id_pessoa, tipo_documento,documento,nome,data_nascimento,nome_pais_origem) VALUES ('2315','PASS','000811581','Gargis','19840422','Azerbaijan');
INSERT INTO emprega_midia (id_midia, id_pessoa) VALUES ('25','2315');
INSERT INTO pessoa (id_pessoa, tipo_documento,documento,nome,data_nascimento,nome_pais_origem) VALUES ('2316','PASS','000312442','Genera','19890606','Indonesia');
INSERT INTO emprega_midia (id_midia, id_pessoa) VALUES ('25','2316');
INSERT INTO pessoa (id_pessoa, tipo_documento,documento,nome,data_nascimento,nome_pais_origem) VALUES ('2317','PASS','000126908','Genovesi','19800611','Italy');
INSERT INTO emprega_midia (id_midia, id_pessoa) VALUES ('25','2317');
INSERT INTO pessoa (id_pessoa, tipo_documento,documento,nome,data_nascimento,nome_pais_origem) VALUES ('2318','PASS','000991885','Delavergne','19740317','Mongolia');
INSERT INTO emprega_midia (id_midia, id_pessoa) VALUES ('25','2318');
INSERT INTO pessoa (id_pessoa, tipo_documento,documento,nome,data_nascimento,nome_pais_origem) VALUES ('2319','PASS','000555652','Colaiacovo','19880824','Vietnam');
INSERT INTO emprega_midia (id_midia, id_pessoa) VALUES ('25','2319');
INSERT INTO pessoa (id_pessoa, tipo_documento,documento,nome,data_nascimento,nome_pais_origem) VALUES ('2320','PASS','000584836','Drenon','19791019','Albania');
INSERT INTO emprega_midia (id_midia, id_pessoa) VALUES ('25','2320');
INSERT INTO pessoa (id_pessoa, tipo_documento,documento,nome,data_nascimento,nome_pais_origem) VALUES ('2321','PASS','000742125','Glaude','19870526','Vietnam');
INSERT INTO emprega_midia (id_midia, id_pessoa) VALUES ('25','2321');
INSERT INTO pessoa (id_pessoa, tipo_documento,documento,nome,data_nascimento,nome_pais_origem) VALUES ('2322','PASS','000983247','Daking','19740616','Costa');
INSERT INTO emprega_midia (id_midia, id_pessoa) VALUES ('25','2322');
INSERT INTO pessoa (id_pessoa, tipo_documento,documento,nome,data_nascimento,nome_pais_origem) VALUES ('2323','PASS','000747534','Adzhabakyan','19891106','Morocco');
INSERT INTO emprega_midia (id_midia, id_pessoa) VALUES ('25','2323');
INSERT INTO pessoa (id_pessoa, tipo_documento,documento,nome,data_nascimento,nome_pais_origem) VALUES ('2324','PASS','000261973','Biedrzycki','19771015','Barbados');
INSERT INTO emprega_midia (id_midia, id_pessoa) VALUES ('25','2324');
INSERT INTO pessoa (id_pessoa, tipo_documento,documento,nome,data_nascimento,nome_pais_origem) VALUES ('2325','PASS','000153680','Feindt','19881223','Rica');
INSERT INTO emprega_midia (id_midia, id_pessoa) VALUES ('25','2325');
INSERT INTO pessoa (id_pessoa, tipo_documento,documento,nome,data_nascimento,nome_pais_origem) VALUES ('2326','PASS','000348310','Blonsky','19821012','Bangladesh');
INSERT INTO emprega_midia (id_midia, id_pessoa) VALUES ('25','2326');
INSERT INTO pessoa (id_pessoa, tipo_documento,documento,nome,data_nascimento,nome_pais_origem) VALUES ('2327','PASS','000927379','Filippello','19720623','New');
INSERT INTO emprega_midia (id_midia, id_pessoa) VALUES ('25','2327');
INSERT INTO pessoa (id_pessoa, tipo_documento,documento,nome,data_nascimento,nome_pais_origem) VALUES ('2328','PASS','000538960','Anzai','19740609','Slovakia');
INSERT INTO emprega_midia (id_midia, id_pessoa) VALUES ('25','2328');
INSERT INTO pessoa (id_pessoa, tipo_documento,documento,nome,data_nascimento,nome_pais_origem) VALUES ('2329','PASS','000122201','Delilla','19830420','Vietnam');
INSERT INTO emprega_midia (id_midia, id_pessoa) VALUES ('25','2329');
INSERT INTO pessoa (id_pessoa, tipo_documento,documento,nome,data_nascimento,nome_pais_origem) VALUES ('2330','PASS','000695695','Allbones','19851214','Croatia');
INSERT INTO emprega_midia (id_midia, id_pessoa) VALUES ('25','2330');
INSERT INTO pessoa (id_pessoa, tipo_documento,documento,nome,data_nascimento,nome_pais_origem) VALUES ('2331','PASS','000667832','Ankenman','19840103','Austria');
INSERT INTO emprega_midia (id_midia, id_pessoa) VALUES ('25','2331');
INSERT INTO equipe_de_midia (id_midia,nome_empresa) VALUES ('26','DNGPIIT');
INSERT INTO pessoa (id_pessoa, tipo_documento,documento,nome,data_nascimento,nome_pais_origem) VALUES ('2332','PASS','000305978','Curington','19790622','Bangladesh');
INSERT INTO emprega_midia (id_midia, id_pessoa) VALUES ('26','2332');
INSERT INTO pessoa (id_pessoa, tipo_documento,documento,nome,data_nascimento,nome_pais_origem) VALUES ('2333','PASS','000336890','Centrich','19780307','Barbados');
INSERT INTO emprega_midia (id_midia, id_pessoa) VALUES ('26','2333');
INSERT INTO pessoa (id_pessoa, tipo_documento,documento,nome,data_nascimento,nome_pais_origem) VALUES ('2334','PASS','000890882','Doporto','19761006','Serbia');
INSERT INTO emprega_midia (id_midia, id_pessoa) VALUES ('26','2334');
INSERT INTO pessoa (id_pessoa, tipo_documento,documento,nome,data_nascimento,nome_pais_origem) VALUES ('2335','PASS','000729718','Gavitt','19791022','Argentina');
INSERT INTO emprega_midia (id_midia, id_pessoa) VALUES ('26','2335');
INSERT INTO pessoa (id_pessoa, tipo_documento,documento,nome,data_nascimento,nome_pais_origem) VALUES ('2336','PASS','000186788','Arnoldi','19730914','Barbados');
INSERT INTO emprega_midia (id_midia, id_pessoa) VALUES ('26','2336');
INSERT INTO pessoa (id_pessoa, tipo_documento,documento,nome,data_nascimento,nome_pais_origem) VALUES ('2337','PASS','000420109','Fabrizi','19790615','Bahrain');
INSERT INTO emprega_midia (id_midia, id_pessoa) VALUES ('26','2337');
INSERT INTO pessoa (id_pessoa, tipo_documento,documento,nome,data_nascimento,nome_pais_origem) VALUES ('2338','PASS','000419115','Borremans','19820726','Chad');
INSERT INTO emprega_midia (id_midia, id_pessoa) VALUES ('26','2338');
INSERT INTO pessoa (id_pessoa, tipo_documento,documento,nome,data_nascimento,nome_pais_origem) VALUES ('2339','PASS','000839229','Botos','19711210','Luxembourg');
INSERT INTO emprega_midia (id_midia, id_pessoa) VALUES ('26','2339');
INSERT INTO pessoa (id_pessoa, tipo_documento,documento,nome,data_nascimento,nome_pais_origem) VALUES ('2340','PASS','000982683','Cichosz','19790924','Peru');
INSERT INTO emprega_midia (id_midia, id_pessoa) VALUES ('26','2340');
INSERT INTO pessoa (id_pessoa, tipo_documento,documento,nome,data_nascimento,nome_pais_origem) VALUES ('2341','PASS','000773367','Desper','19730711','Lithuania');
INSERT INTO emprega_midia (id_midia, id_pessoa) VALUES ('26','2341');
INSERT INTO pessoa (id_pessoa, tipo_documento,documento,nome,data_nascimento,nome_pais_origem) VALUES ('2342','PASS','000976601','Coombe','19850210','Mexico');
INSERT INTO emprega_midia (id_midia, id_pessoa) VALUES ('26','2342');
INSERT INTO pessoa (id_pessoa, tipo_documento,documento,nome,data_nascimento,nome_pais_origem) VALUES ('2343','PASS','000546769','Ferlenda','19710314','Belgium');
INSERT INTO emprega_midia (id_midia, id_pessoa) VALUES ('26','2343');
INSERT INTO pessoa (id_pessoa, tipo_documento,documento,nome,data_nascimento,nome_pais_origem) VALUES ('2344','PASS','000241568','Bockman','19700511','Georgia');
INSERT INTO emprega_midia (id_midia, id_pessoa) VALUES ('26','2344');
INSERT INTO pessoa (id_pessoa, tipo_documento,documento,nome,data_nascimento,nome_pais_origem) VALUES ('2345','PASS','000131147','Dute','19820523','Saudi');
INSERT INTO emprega_midia (id_midia, id_pessoa) VALUES ('26','2345');
INSERT INTO pessoa (id_pessoa, tipo_documento,documento,nome,data_nascimento,nome_pais_origem) VALUES ('2346','PASS','000766951','Farguharson','19860905','Brazil');
INSERT INTO emprega_midia (id_midia, id_pessoa) VALUES ('26','2346');
INSERT INTO pessoa (id_pessoa, tipo_documento,documento,nome,data_nascimento,nome_pais_origem) VALUES ('2347','PASS','000903700','Diperna','19750620','Senegal');
INSERT INTO emprega_midia (id_midia, id_pessoa) VALUES ('26','2347');
INSERT INTO pessoa (id_pessoa, tipo_documento,documento,nome,data_nascimento,nome_pais_origem) VALUES ('2348','PASS','000641640','Boccella','19701215','Afghanistan');
INSERT INTO emprega_midia (id_midia, id_pessoa) VALUES ('26','2348');
INSERT INTO pessoa (id_pessoa, tipo_documento,documento,nome,data_nascimento,nome_pais_origem) VALUES ('2349','PASS','000404430','Foshee','19790314','Belarus');
INSERT INTO emprega_midia (id_midia, id_pessoa) VALUES ('26','2349');
INSERT INTO pessoa (id_pessoa, tipo_documento,documento,nome,data_nascimento,nome_pais_origem) VALUES ('2350','PASS','000641416','Garstka','19861104','Morocco');
INSERT INTO emprega_midia (id_midia, id_pessoa) VALUES ('26','2350');
INSERT INTO pessoa (id_pessoa, tipo_documento,documento,nome,data_nascimento,nome_pais_origem) VALUES ('2351','PASS','000100366','Brittle','19751217','Azerbaijan');
INSERT INTO emprega_midia (id_midia, id_pessoa) VALUES ('26','2351');
INSERT INTO pessoa (id_pessoa, tipo_documento,documento,nome,data_nascimento,nome_pais_origem) VALUES ('2352','PASS','000776028','Ginther','19720121','Finland');
INSERT INTO emprega_midia (id_midia, id_pessoa) VALUES ('26','2352');
INSERT INTO equipe_de_midia (id_midia,nome_empresa) VALUES ('27','SZTVATO');
INSERT INTO pessoa (id_pessoa, tipo_documento,documento,nome,data_nascimento,nome_pais_origem) VALUES ('2353','PASS','000975356','Blach','19760823','Bahamas');
INSERT INTO emprega_midia (id_midia, id_pessoa) VALUES ('27','2353');
INSERT INTO pessoa (id_pessoa, tipo_documento,documento,nome,data_nascimento,nome_pais_origem) VALUES ('2354','PASS','000635374','Balish','19701009','Singapore');
INSERT INTO emprega_midia (id_midia, id_pessoa) VALUES ('27','2354');
INSERT INTO pessoa (id_pessoa, tipo_documento,documento,nome,data_nascimento,nome_pais_origem) VALUES ('2355','PASS','000322811','Furlone','19830713','Singapore');
INSERT INTO emprega_midia (id_midia, id_pessoa) VALUES ('27','2355');
INSERT INTO pessoa (id_pessoa, tipo_documento,documento,nome,data_nascimento,nome_pais_origem) VALUES ('2356','PASS','000531996','Dannelly','19880323','Hungary');
INSERT INTO emprega_midia (id_midia, id_pessoa) VALUES ('27','2356');
INSERT INTO pessoa (id_pessoa, tipo_documento,documento,nome,data_nascimento,nome_pais_origem) VALUES ('2357','PASS','000603687','Grabski','19810314','Japan');
INSERT INTO emprega_midia (id_midia, id_pessoa) VALUES ('27','2357');
INSERT INTO pessoa (id_pessoa, tipo_documento,documento,nome,data_nascimento,nome_pais_origem) VALUES ('2358','PASS','000432412','Alsobrooks','19770311','Belgium');
INSERT INTO emprega_midia (id_midia, id_pessoa) VALUES ('27','2358');
INSERT INTO pessoa (id_pessoa, tipo_documento,documento,nome,data_nascimento,nome_pais_origem) VALUES ('2359','PASS','000929844','Aguilera','19850914','Uruguay');
INSERT INTO emprega_midia (id_midia, id_pessoa) VALUES ('27','2359');
INSERT INTO pessoa (id_pessoa, tipo_documento,documento,nome,data_nascimento,nome_pais_origem) VALUES ('2360','PASS','000229669','Gioia','19810611','Mongolia');
INSERT INTO emprega_midia (id_midia, id_pessoa) VALUES ('27','2360');
INSERT INTO pessoa (id_pessoa, tipo_documento,documento,nome,data_nascimento,nome_pais_origem) VALUES ('2361','PASS','000933147','Antonello','19740615','Thailand');
INSERT INTO emprega_midia (id_midia, id_pessoa) VALUES ('27','2361');
INSERT INTO pessoa (id_pessoa, tipo_documento,documento,nome,data_nascimento,nome_pais_origem) VALUES ('2362','PASS','000703122','Graubard','19721202','Poland');
INSERT INTO emprega_midia (id_midia, id_pessoa) VALUES ('27','2362');
INSERT INTO pessoa (id_pessoa, tipo_documento,documento,nome,data_nascimento,nome_pais_origem) VALUES ('2363','PASS','000227592','Delung','19820407','France');
INSERT INTO emprega_midia (id_midia, id_pessoa) VALUES ('27','2363');
INSERT INTO pessoa (id_pessoa, tipo_documento,documento,nome,data_nascimento,nome_pais_origem) VALUES ('2364','PASS','000100504','Cespedes','19721103','China');
INSERT INTO emprega_midia (id_midia, id_pessoa) VALUES ('27','2364');
INSERT INTO pessoa (id_pessoa, tipo_documento,documento,nome,data_nascimento,nome_pais_origem) VALUES ('2365','PASS','000277983','Cobbin','19880607','Philippines');
INSERT INTO emprega_midia (id_midia, id_pessoa) VALUES ('27','2365');
INSERT INTO pessoa (id_pessoa, tipo_documento,documento,nome,data_nascimento,nome_pais_origem) VALUES ('2366','PASS','000816542','Archut','19771026','Greece');
INSERT INTO emprega_midia (id_midia, id_pessoa) VALUES ('27','2366');
INSERT INTO pessoa (id_pessoa, tipo_documento,documento,nome,data_nascimento,nome_pais_origem) VALUES ('2367','PASS','000301222','Anes','19891002','Egypt');
INSERT INTO emprega_midia (id_midia, id_pessoa) VALUES ('27','2367');
INSERT INTO pessoa (id_pessoa, tipo_documento,documento,nome,data_nascimento,nome_pais_origem) VALUES ('2368','PASS','000358147','Grunder','19760809','Denmark');
INSERT INTO emprega_midia (id_midia, id_pessoa) VALUES ('27','2368');
INSERT INTO pessoa (id_pessoa, tipo_documento,documento,nome,data_nascimento,nome_pais_origem) VALUES ('2369','PASS','000504552','Decaro','19700914','Greece');
INSERT INTO emprega_midia (id_midia, id_pessoa) VALUES ('27','2369');
INSERT INTO pessoa (id_pessoa, tipo_documento,documento,nome,data_nascimento,nome_pais_origem) VALUES ('2370','PASS','000128437','Bitters','19850116','Bangladesh');
INSERT INTO emprega_midia (id_midia, id_pessoa) VALUES ('27','2370');
INSERT INTO pessoa (id_pessoa, tipo_documento,documento,nome,data_nascimento,nome_pais_origem) VALUES ('2371','PASS','000526602','Alamos','19840804','Turkey');
INSERT INTO emprega_midia (id_midia, id_pessoa) VALUES ('27','2371');
INSERT INTO pessoa (id_pessoa, tipo_documento,documento,nome,data_nascimento,nome_pais_origem) VALUES ('2372','PASS','000737626','Csaszar','19760411','Romania');
INSERT INTO emprega_midia (id_midia, id_pessoa) VALUES ('27','2372');
INSERT INTO pessoa (id_pessoa, tipo_documento,documento,nome,data_nascimento,nome_pais_origem) VALUES ('2373','PASS','000670979','Chiffriller','19891020','Croatia');
INSERT INTO emprega_midia (id_midia, id_pessoa) VALUES ('27','2373');
INSERT INTO equipe_de_midia (id_midia,nome_empresa) VALUES ('28','HEQHNTS');
INSERT INTO pessoa (id_pessoa, tipo_documento,documento,nome,data_nascimento,nome_pais_origem) VALUES ('2374','PASS','000645709','Alethea','19801219','Spain');
INSERT INTO emprega_midia (id_midia, id_pessoa) VALUES ('28','2374');
INSERT INTO pessoa (id_pessoa, tipo_documento,documento,nome,data_nascimento,nome_pais_origem) VALUES ('2375','PASS','000322110','Delsordo','19851217','Mexico');
INSERT INTO emprega_midia (id_midia, id_pessoa) VALUES ('28','2375');
INSERT INTO pessoa (id_pessoa, tipo_documento,documento,nome,data_nascimento,nome_pais_origem) VALUES ('2376','PASS','000260258','Alouf','19781221','India');
INSERT INTO emprega_midia (id_midia, id_pessoa) VALUES ('28','2376');
INSERT INTO pessoa (id_pessoa, tipo_documento,documento,nome,data_nascimento,nome_pais_origem) VALUES ('2377','PASS','000681043','Aldava','19820918','Poland');
INSERT INTO emprega_midia (id_midia, id_pessoa) VALUES ('28','2377');
INSERT INTO pessoa (id_pessoa, tipo_documento,documento,nome,data_nascimento,nome_pais_origem) VALUES ('2378','PASS','000292995','Godel','19881103','Spain');
INSERT INTO emprega_midia (id_midia, id_pessoa) VALUES ('28','2378');
INSERT INTO pessoa (id_pessoa, tipo_documento,documento,nome,data_nascimento,nome_pais_origem) VALUES ('2379','PASS','000538970','Beder','19821120','Norway');
INSERT INTO emprega_midia (id_midia, id_pessoa) VALUES ('28','2379');
INSERT INTO pessoa (id_pessoa, tipo_documento,documento,nome,data_nascimento,nome_pais_origem) VALUES ('2380','PASS','000515020','Goergen','19780918','India');
INSERT INTO emprega_midia (id_midia, id_pessoa) VALUES ('28','2380');
INSERT INTO pessoa (id_pessoa, tipo_documento,documento,nome,data_nascimento,nome_pais_origem) VALUES ('2381','PASS','000649820','Drinen','19840710','Afghanistan');
INSERT INTO emprega_midia (id_midia, id_pessoa) VALUES ('28','2381');
INSERT INTO pessoa (id_pessoa, tipo_documento,documento,nome,data_nascimento,nome_pais_origem) VALUES ('2382','PASS','000347938','Ghera','19840709','Mongolia');
INSERT INTO emprega_midia (id_midia, id_pessoa) VALUES ('28','2382');
INSERT INTO pessoa (id_pessoa, tipo_documento,documento,nome,data_nascimento,nome_pais_origem) VALUES ('2383','PASS','000301147','Debruin','19880503','Australia');
INSERT INTO emprega_midia (id_midia, id_pessoa) VALUES ('28','2383');
INSERT INTO pessoa (id_pessoa, tipo_documento,documento,nome,data_nascimento,nome_pais_origem) VALUES ('2384','PASS','000749654','Danny','19731121','Croatia');
INSERT INTO emprega_midia (id_midia, id_pessoa) VALUES ('28','2384');
INSERT INTO pessoa (id_pessoa, tipo_documento,documento,nome,data_nascimento,nome_pais_origem) VALUES ('2385','PASS','000862438','Bang','19791011','Croatia');
INSERT INTO emprega_midia (id_midia, id_pessoa) VALUES ('28','2385');
INSERT INTO pessoa (id_pessoa, tipo_documento,documento,nome,data_nascimento,nome_pais_origem) VALUES ('2386','PASS','000903087','Adebisi','19750525','Greece');
INSERT INTO emprega_midia (id_midia, id_pessoa) VALUES ('28','2386');
INSERT INTO pessoa (id_pessoa, tipo_documento,documento,nome,data_nascimento,nome_pais_origem) VALUES ('2387','PASS','000699746','Desiyatnikov','19840805','China');
INSERT INTO emprega_midia (id_midia, id_pessoa) VALUES ('28','2387');
INSERT INTO pessoa (id_pessoa, tipo_documento,documento,nome,data_nascimento,nome_pais_origem) VALUES ('2388','PASS','000306463','Gladis','19711125','Australia');
INSERT INTO emprega_midia (id_midia, id_pessoa) VALUES ('28','2388');
INSERT INTO pessoa (id_pessoa, tipo_documento,documento,nome,data_nascimento,nome_pais_origem) VALUES ('2389','PASS','000734391','Bazzell','19810308','Poland');
INSERT INTO emprega_midia (id_midia, id_pessoa) VALUES ('28','2389');
INSERT INTO pessoa (id_pessoa, tipo_documento,documento,nome,data_nascimento,nome_pais_origem) VALUES ('2390','PASS','000951639','Devino','19760124','Nicaragua');
INSERT INTO emprega_midia (id_midia, id_pessoa) VALUES ('28','2390');
INSERT INTO pessoa (id_pessoa, tipo_documento,documento,nome,data_nascimento,nome_pais_origem) VALUES ('2391','PASS','000684568','Balck','19830420','Mongolia');
INSERT INTO emprega_midia (id_midia, id_pessoa) VALUES ('28','2391');
INSERT INTO pessoa (id_pessoa, tipo_documento,documento,nome,data_nascimento,nome_pais_origem) VALUES ('2392','PASS','000250158','Crumly','19710625','Algeria');
INSERT INTO emprega_midia (id_midia, id_pessoa) VALUES ('28','2392');
INSERT INTO pessoa (id_pessoa, tipo_documento,documento,nome,data_nascimento,nome_pais_origem) VALUES ('2393','PASS','000890607','Faix','19800102','Australia');
INSERT INTO emprega_midia (id_midia, id_pessoa) VALUES ('28','2393');
INSERT INTO pessoa (id_pessoa, tipo_documento,documento,nome,data_nascimento,nome_pais_origem) VALUES ('2394','PASS','000537003','Albritton','19760916','Croatia');
INSERT INTO emprega_midia (id_midia, id_pessoa) VALUES ('28','2394');
INSERT INTO pessoa (id_pessoa, tipo_documento,documento,nome,data_nascimento,nome_pais_origem) VALUES ('2395','PASS','000447259','Flocco','19830125','Saudi');
INSERT INTO emprega_midia (id_midia, id_pessoa) VALUES ('28','2395');
INSERT INTO pessoa (id_pessoa, tipo_documento,documento,nome,data_nascimento,nome_pais_origem) VALUES ('2396','PASS','000645883','Buzby','19890803','Nicaragua');
INSERT INTO emprega_midia (id_midia, id_pessoa) VALUES ('28','2396');
INSERT INTO pessoa (id_pessoa, tipo_documento,documento,nome,data_nascimento,nome_pais_origem) VALUES ('2397','PASS','000797742','Cuascut','19870424','Peru');
INSERT INTO emprega_midia (id_midia, id_pessoa) VALUES ('28','2397');
INSERT INTO pessoa (id_pessoa, tipo_documento,documento,nome,data_nascimento,nome_pais_origem) VALUES ('2398','PASS','000191633','Chinweze','19880419','Lithuania');
INSERT INTO emprega_midia (id_midia, id_pessoa) VALUES ('28','2398');
INSERT INTO pessoa (id_pessoa, tipo_documento,documento,nome,data_nascimento,nome_pais_origem) VALUES ('2399','PASS','000983647','Deltora','19710925','Cuba');
INSERT INTO emprega_midia (id_midia, id_pessoa) VALUES ('28','2399');
INSERT INTO pessoa (id_pessoa, tipo_documento,documento,nome,data_nascimento,nome_pais_origem) VALUES ('2400','PASS','000305258','Akuchie','19731104','Germany');
INSERT INTO emprega_midia (id_midia, id_pessoa) VALUES ('28','2400');
INSERT INTO pessoa (id_pessoa, tipo_documento,documento,nome,data_nascimento,nome_pais_origem) VALUES ('2401','PASS','000318782','Byfield','19720123','Vietnam');
INSERT INTO emprega_midia (id_midia, id_pessoa) VALUES ('28','2401');
INSERT INTO pessoa (id_pessoa, tipo_documento,documento,nome,data_nascimento,nome_pais_origem) VALUES ('2402','PASS','000652388','Bettini','19750704','India');
INSERT INTO emprega_midia (id_midia, id_pessoa) VALUES ('28','2402');
INSERT INTO equipe_de_midia (id_midia,nome_empresa) VALUES ('29','INYZRCT');
INSERT INTO pessoa (id_pessoa, tipo_documento,documento,nome,data_nascimento,nome_pais_origem) VALUES ('2403','PASS','000541239','Balli','19841217','Iran');
INSERT INTO emprega_midia (id_midia, id_pessoa) VALUES ('29','2403');
INSERT INTO pessoa (id_pessoa, tipo_documento,documento,nome,data_nascimento,nome_pais_origem) VALUES ('2404','PASS','000169070','Galer','19740907','Vietnam');
INSERT INTO emprega_midia (id_midia, id_pessoa) VALUES ('29','2404');
INSERT INTO pessoa (id_pessoa, tipo_documento,documento,nome,data_nascimento,nome_pais_origem) VALUES ('2405','PASS','000145305','Eiler','19760919','Saudi');
INSERT INTO emprega_midia (id_midia, id_pessoa) VALUES ('29','2405');
INSERT INTO pessoa (id_pessoa, tipo_documento,documento,nome,data_nascimento,nome_pais_origem) VALUES ('2406','PASS','000830142','Caines','19700510','Paraguay');
INSERT INTO emprega_midia (id_midia, id_pessoa) VALUES ('29','2406');
INSERT INTO pessoa (id_pessoa, tipo_documento,documento,nome,data_nascimento,nome_pais_origem) VALUES ('2407','PASS','000755236','Doub','19800223','Sweden');
INSERT INTO emprega_midia (id_midia, id_pessoa) VALUES ('29','2407');
INSERT INTO pessoa (id_pessoa, tipo_documento,documento,nome,data_nascimento,nome_pais_origem) VALUES ('2408','PASS','000366639','Cichonski','19830622','Albania');
INSERT INTO emprega_midia (id_midia, id_pessoa) VALUES ('29','2408');
INSERT INTO pessoa (id_pessoa, tipo_documento,documento,nome,data_nascimento,nome_pais_origem) VALUES ('2409','PASS','000872444','Gover','19850407','Uzbekistan');
INSERT INTO emprega_midia (id_midia, id_pessoa) VALUES ('29','2409');
INSERT INTO pessoa (id_pessoa, tipo_documento,documento,nome,data_nascimento,nome_pais_origem) VALUES ('2410','PASS','000174763','Aquero','19810922','Norway');
INSERT INTO emprega_midia (id_midia, id_pessoa) VALUES ('29','2410');
INSERT INTO pessoa (id_pessoa, tipo_documento,documento,nome,data_nascimento,nome_pais_origem) VALUES ('2411','PASS','000177905','Ciafardoni','19870317','Uruguay');
INSERT INTO emprega_midia (id_midia, id_pessoa) VALUES ('29','2411');
INSERT INTO pessoa (id_pessoa, tipo_documento,documento,nome,data_nascimento,nome_pais_origem) VALUES ('2412','PASS','000861784','Amerine','19820311','Morocco');
INSERT INTO emprega_midia (id_midia, id_pessoa) VALUES ('29','2412');
INSERT INTO pessoa (id_pessoa, tipo_documento,documento,nome,data_nascimento,nome_pais_origem) VALUES ('2413','PASS','000748474','Cheli','19721206','Netherlands');
INSERT INTO emprega_midia (id_midia, id_pessoa) VALUES ('29','2413');
INSERT INTO pessoa (id_pessoa, tipo_documento,documento,nome,data_nascimento,nome_pais_origem) VALUES ('2414','PASS','000256405','Blicker','19780814','Slovakia');
INSERT INTO emprega_midia (id_midia, id_pessoa) VALUES ('29','2414');
INSERT INTO pessoa (id_pessoa, tipo_documento,documento,nome,data_nascimento,nome_pais_origem) VALUES ('2415','PASS','000856095','Elefritz','19710410','Barbados');
INSERT INTO emprega_midia (id_midia, id_pessoa) VALUES ('29','2415');
INSERT INTO pessoa (id_pessoa, tipo_documento,documento,nome,data_nascimento,nome_pais_origem) VALUES ('2416','PASS','000688757','Creason','19850915','Arabia');
INSERT INTO emprega_midia (id_midia, id_pessoa) VALUES ('29','2416');
INSERT INTO pessoa (id_pessoa, tipo_documento,documento,nome,data_nascimento,nome_pais_origem) VALUES ('2417','PASS','000783708','Faurot','19700716','Chile');
INSERT INTO emprega_midia (id_midia, id_pessoa) VALUES ('29','2417');
INSERT INTO equipe_de_midia (id_midia,nome_empresa) VALUES ('30','JMGTQUI');
INSERT INTO pessoa (id_pessoa, tipo_documento,documento,nome,data_nascimento,nome_pais_origem) VALUES ('2418','PASS','000200316','Andina','19870502','New');
INSERT INTO emprega_midia (id_midia, id_pessoa) VALUES ('30','2418');
INSERT INTO pessoa (id_pessoa, tipo_documento,documento,nome,data_nascimento,nome_pais_origem) VALUES ('2419','PASS','000336249','Bussman','19720105','Germany');
INSERT INTO emprega_midia (id_midia, id_pessoa) VALUES ('30','2419');
INSERT INTO pessoa (id_pessoa, tipo_documento,documento,nome,data_nascimento,nome_pais_origem) VALUES ('2420','PASS','000489325','Carino','19830318','Argentina');
INSERT INTO emprega_midia (id_midia, id_pessoa) VALUES ('30','2420');
INSERT INTO pessoa (id_pessoa, tipo_documento,documento,nome,data_nascimento,nome_pais_origem) VALUES ('2421','PASS','000411242','Arriazola','19780315','Spain');
INSERT INTO emprega_midia (id_midia, id_pessoa) VALUES ('30','2421');
INSERT INTO pessoa (id_pessoa, tipo_documento,documento,nome,data_nascimento,nome_pais_origem) VALUES ('2422','PASS','000246612','Dimarzo','19700722','Afghanistan');
INSERT INTO emprega_midia (id_midia, id_pessoa) VALUES ('30','2422');
INSERT INTO pessoa (id_pessoa, tipo_documento,documento,nome,data_nascimento,nome_pais_origem) VALUES ('2423','PASS','000269384','Dohn','19890122','Norway');
INSERT INTO emprega_midia (id_midia, id_pessoa) VALUES ('30','2423');
INSERT INTO pessoa (id_pessoa, tipo_documento,documento,nome,data_nascimento,nome_pais_origem) VALUES ('2424','PASS','000920416','Cobham','19810802','Uruguay');
INSERT INTO emprega_midia (id_midia, id_pessoa) VALUES ('30','2424');
INSERT INTO pessoa (id_pessoa, tipo_documento,documento,nome,data_nascimento,nome_pais_origem) VALUES ('2425','PASS','000514190','Casales','19840608','Japan');
INSERT INTO emprega_midia (id_midia, id_pessoa) VALUES ('30','2425');
INSERT INTO pessoa (id_pessoa, tipo_documento,documento,nome,data_nascimento,nome_pais_origem) VALUES ('2426','PASS','000929822','Castellucci','19801216','Monaco');
INSERT INTO emprega_midia (id_midia, id_pessoa) VALUES ('30','2426');
INSERT INTO pessoa (id_pessoa, tipo_documento,documento,nome,data_nascimento,nome_pais_origem) VALUES ('2427','PASS','000849037','Blatchley','19730114','Bangladesh');
INSERT INTO emprega_midia (id_midia, id_pessoa) VALUES ('30','2427');
INSERT INTO pessoa (id_pessoa, tipo_documento,documento,nome,data_nascimento,nome_pais_origem) VALUES ('2428','PASS','000829167','Cetta','19700717','Germany');
INSERT INTO emprega_midia (id_midia, id_pessoa) VALUES ('30','2428');
INSERT INTO pessoa (id_pessoa, tipo_documento,documento,nome,data_nascimento,nome_pais_origem) VALUES ('2429','PASS','000515339','Giselle','19721118','Monaco');
INSERT INTO emprega_midia (id_midia, id_pessoa) VALUES ('30','2429');
INSERT INTO pessoa (id_pessoa, tipo_documento,documento,nome,data_nascimento,nome_pais_origem) VALUES ('2430','PASS','000748817','Dilligard','19710621','Switzerland');
INSERT INTO emprega_midia (id_midia, id_pessoa) VALUES ('30','2430');
INSERT INTO pessoa (id_pessoa, tipo_documento,documento,nome,data_nascimento,nome_pais_origem) VALUES ('2431','PASS','000794471','Andes','19820215','Belarus');
INSERT INTO emprega_midia (id_midia, id_pessoa) VALUES ('30','2431');
INSERT INTO pessoa (id_pessoa, tipo_documento,documento,nome,data_nascimento,nome_pais_origem) VALUES ('2432','PASS','000529523','Fort','19820621','Germany');
INSERT INTO emprega_midia (id_midia, id_pessoa) VALUES ('30','2432');
INSERT INTO pessoa (id_pessoa, tipo_documento,documento,nome,data_nascimento,nome_pais_origem) VALUES ('2433','PASS','000795619','Burgees','19870219','Denmark');
INSERT INTO emprega_midia (id_midia, id_pessoa) VALUES ('30','2433');
INSERT INTO pessoa (id_pessoa, tipo_documento,documento,nome,data_nascimento,nome_pais_origem) VALUES ('2434','PASS','000617348','Battistone','19860106','Portugal');
INSERT INTO emprega_midia (id_midia, id_pessoa) VALUES ('30','2434');
INSERT INTO pessoa (id_pessoa, tipo_documento,documento,nome,data_nascimento,nome_pais_origem) VALUES ('2435','PASS','000483407','Alvarado','19710922','Zealand');
INSERT INTO emprega_midia (id_midia, id_pessoa) VALUES ('30','2435');
INSERT INTO equipe_de_midia (id_midia,nome_empresa) VALUES ('31','IKOIMIG');
INSERT INTO pessoa (id_pessoa, tipo_documento,documento,nome,data_nascimento,nome_pais_origem) VALUES ('2436','PASS','000668034','Bonfield','19791011','Mexico');
INSERT INTO emprega_midia (id_midia, id_pessoa) VALUES ('31','2436');
INSERT INTO pessoa (id_pessoa, tipo_documento,documento,nome,data_nascimento,nome_pais_origem) VALUES ('2437','PASS','000537844','Bonge','19800519','Germany');
INSERT INTO emprega_midia (id_midia, id_pessoa) VALUES ('31','2437');
INSERT INTO pessoa (id_pessoa, tipo_documento,documento,nome,data_nascimento,nome_pais_origem) VALUES ('2438','PASS','000445687','Azure','19870806','Croatia');
INSERT INTO emprega_midia (id_midia, id_pessoa) VALUES ('31','2438');
INSERT INTO pessoa (id_pessoa, tipo_documento,documento,nome,data_nascimento,nome_pais_origem) VALUES ('2439','PASS','000398301','Cervone','19840406','Liechtenstein');
INSERT INTO emprega_midia (id_midia, id_pessoa) VALUES ('31','2439');
INSERT INTO pessoa (id_pessoa, tipo_documento,documento,nome,data_nascimento,nome_pais_origem) VALUES ('2440','PASS','000865169','Golston','19840324','Brazil');
INSERT INTO emprega_midia (id_midia, id_pessoa) VALUES ('31','2440');
INSERT INTO pessoa (id_pessoa, tipo_documento,documento,nome,data_nascimento,nome_pais_origem) VALUES ('2441','PASS','000161253','Abrahams','19710912','Vietnam');
INSERT INTO emprega_midia (id_midia, id_pessoa) VALUES ('31','2441');
INSERT INTO pessoa (id_pessoa, tipo_documento,documento,nome,data_nascimento,nome_pais_origem) VALUES ('2442','PASS','000990517','Attard','19810820','Singapore');
INSERT INTO emprega_midia (id_midia, id_pessoa) VALUES ('31','2442');
INSERT INTO pessoa (id_pessoa, tipo_documento,documento,nome,data_nascimento,nome_pais_origem) VALUES ('2443','PASS','000267340','Bernadine','19731204','Turkey');
INSERT INTO emprega_midia (id_midia, id_pessoa) VALUES ('31','2443');
INSERT INTO pessoa (id_pessoa, tipo_documento,documento,nome,data_nascimento,nome_pais_origem) VALUES ('2444','PASS','000384932','Chheang','19701213','India');
INSERT INTO emprega_midia (id_midia, id_pessoa) VALUES ('31','2444');
INSERT INTO pessoa (id_pessoa, tipo_documento,documento,nome,data_nascimento,nome_pais_origem) VALUES ('2445','PASS','000991899','Dorschner','19840307','Iran');
INSERT INTO emprega_midia (id_midia, id_pessoa) VALUES ('31','2445');
INSERT INTO pessoa (id_pessoa, tipo_documento,documento,nome,data_nascimento,nome_pais_origem) VALUES ('2446','PASS','000377902','Carlington','19860119','Nicaragua');
INSERT INTO emprega_midia (id_midia, id_pessoa) VALUES ('31','2446');
INSERT INTO pessoa (id_pessoa, tipo_documento,documento,nome,data_nascimento,nome_pais_origem) VALUES ('2447','PASS','000946825','Cuesta','19750725','Uzbekistan');
INSERT INTO emprega_midia (id_midia, id_pessoa) VALUES ('31','2447');
INSERT INTO equipe_de_midia (id_midia,nome_empresa) VALUES ('32','VTRRWVM');
INSERT INTO pessoa (id_pessoa, tipo_documento,documento,nome,data_nascimento,nome_pais_origem) VALUES ('2448','PASS','000539761','Goold','19860622','Iraq');
INSERT INTO emprega_midia (id_midia, id_pessoa) VALUES ('32','2448');
INSERT INTO pessoa (id_pessoa, tipo_documento,documento,nome,data_nascimento,nome_pais_origem) VALUES ('2449','PASS','000603864','Dort','19890212','Hungary');
INSERT INTO emprega_midia (id_midia, id_pessoa) VALUES ('32','2449');
INSERT INTO pessoa (id_pessoa, tipo_documento,documento,nome,data_nascimento,nome_pais_origem) VALUES ('2450','PASS','000118243','Coady','19740423','Bahrain');
INSERT INTO emprega_midia (id_midia, id_pessoa) VALUES ('32','2450');
INSERT INTO pessoa (id_pessoa, tipo_documento,documento,nome,data_nascimento,nome_pais_origem) VALUES ('2451','PASS','000451447','Frees','19811106','Indonesia');
INSERT INTO emprega_midia (id_midia, id_pessoa) VALUES ('32','2451');
INSERT INTO pessoa (id_pessoa, tipo_documento,documento,nome,data_nascimento,nome_pais_origem) VALUES ('2452','PASS','000465380','Cliffton','19740713','Ukraine');
INSERT INTO emprega_midia (id_midia, id_pessoa) VALUES ('32','2452');
INSERT INTO pessoa (id_pessoa, tipo_documento,documento,nome,data_nascimento,nome_pais_origem) VALUES ('2453','PASS','000335015','Eyles','19700210','Colombia');
INSERT INTO emprega_midia (id_midia, id_pessoa) VALUES ('32','2453');
INSERT INTO pessoa (id_pessoa, tipo_documento,documento,nome,data_nascimento,nome_pais_origem) VALUES ('2454','PASS','000181578','Delgatto','19880715','Rica');
INSERT INTO emprega_midia (id_midia, id_pessoa) VALUES ('32','2454');
INSERT INTO pessoa (id_pessoa, tipo_documento,documento,nome,data_nascimento,nome_pais_origem) VALUES ('2455','PASS','000148699','Drewry','19730402','India');
INSERT INTO emprega_midia (id_midia, id_pessoa) VALUES ('32','2455');
INSERT INTO pessoa (id_pessoa, tipo_documento,documento,nome,data_nascimento,nome_pais_origem) VALUES ('2456','PASS','000688067','Eggebrecht','19820825','Costa');
INSERT INTO emprega_midia (id_midia, id_pessoa) VALUES ('32','2456');
INSERT INTO pessoa (id_pessoa, tipo_documento,documento,nome,data_nascimento,nome_pais_origem) VALUES ('2457','PASS','000803375','Grahl','19860706','Zealand');
INSERT INTO emprega_midia (id_midia, id_pessoa) VALUES ('32','2457');
INSERT INTO pessoa (id_pessoa, tipo_documento,documento,nome,data_nascimento,nome_pais_origem) VALUES ('2458','PASS','000826030','Beaven','19880106','Saudi');
INSERT INTO emprega_midia (id_midia, id_pessoa) VALUES ('32','2458');
INSERT INTO pessoa (id_pessoa, tipo_documento,documento,nome,data_nascimento,nome_pais_origem) VALUES ('2459','PASS','000227012','Brech','19890207','New');
INSERT INTO emprega_midia (id_midia, id_pessoa) VALUES ('32','2459');
INSERT INTO pessoa (id_pessoa, tipo_documento,documento,nome,data_nascimento,nome_pais_origem) VALUES ('2460','PASS','000483049','Cosimini','19710203','Liechtenstein');
INSERT INTO emprega_midia (id_midia, id_pessoa) VALUES ('32','2460');
INSERT INTO pessoa (id_pessoa, tipo_documento,documento,nome,data_nascimento,nome_pais_origem) VALUES ('2461','PASS','000106614','Ausby','19811115','Chad');
INSERT INTO emprega_midia (id_midia, id_pessoa) VALUES ('32','2461');
INSERT INTO pessoa (id_pessoa, tipo_documento,documento,nome,data_nascimento,nome_pais_origem) VALUES ('2462','PASS','000219591','Cogdill','19840527','New');
INSERT INTO emprega_midia (id_midia, id_pessoa) VALUES ('32','2462');
INSERT INTO pessoa (id_pessoa, tipo_documento,documento,nome,data_nascimento,nome_pais_origem) VALUES ('2463','PASS','000967622','Eichenberger','19741017','Indonesia');
INSERT INTO emprega_midia (id_midia, id_pessoa) VALUES ('32','2463');
INSERT INTO pessoa (id_pessoa, tipo_documento,documento,nome,data_nascimento,nome_pais_origem) VALUES ('2464','PASS','000135997','Garofolo','19720110','Finland');
INSERT INTO emprega_midia (id_midia, id_pessoa) VALUES ('32','2464');
INSERT INTO pessoa (id_pessoa, tipo_documento,documento,nome,data_nascimento,nome_pais_origem) VALUES ('2465','PASS','000385415','Derosier','19841110','Mexico');
INSERT INTO emprega_midia (id_midia, id_pessoa) VALUES ('32','2465');
INSERT INTO pessoa (id_pessoa, tipo_documento,documento,nome,data_nascimento,nome_pais_origem) VALUES ('2466','PASS','000215966','Acosto','19761126','Brazil');
INSERT INTO emprega_midia (id_midia, id_pessoa) VALUES ('32','2466');
INSERT INTO pessoa (id_pessoa, tipo_documento,documento,nome,data_nascimento,nome_pais_origem) VALUES ('2467','PASS','000675465','Ernestine','19860804','Uzbekistan');
INSERT INTO emprega_midia (id_midia, id_pessoa) VALUES ('32','2467');
INSERT INTO pessoa (id_pessoa, tipo_documento,documento,nome,data_nascimento,nome_pais_origem) VALUES ('2468','PASS','000438424','Dickun','19811003','Uruguay');
INSERT INTO emprega_midia (id_midia, id_pessoa) VALUES ('32','2468');
INSERT INTO pessoa (id_pessoa, tipo_documento,documento,nome,data_nascimento,nome_pais_origem) VALUES ('2469','PASS','000448682','Abes','19700923','Hungary');
INSERT INTO emprega_midia (id_midia, id_pessoa) VALUES ('32','2469');
INSERT INTO pessoa (id_pessoa, tipo_documento,documento,nome,data_nascimento,nome_pais_origem) VALUES ('2470','PASS','000493904','Deltoro','19800917','Mozambique');
INSERT INTO emprega_midia (id_midia, id_pessoa) VALUES ('32','2470');
INSERT INTO pessoa (id_pessoa, tipo_documento,documento,nome,data_nascimento,nome_pais_origem) VALUES ('2471','PASS','000314014','Empasis','19820412','Netherlands');
INSERT INTO emprega_midia (id_midia, id_pessoa) VALUES ('32','2471');
INSERT INTO pessoa (id_pessoa, tipo_documento,documento,nome,data_nascimento,nome_pais_origem) VALUES ('2472','PASS','000901993','Craney','19770601','Brazil');
INSERT INTO emprega_midia (id_midia, id_pessoa) VALUES ('32','2472');
INSERT INTO equipe_de_midia (id_midia,nome_empresa) VALUES ('33','XKRTXUJ');
INSERT INTO pessoa (id_pessoa, tipo_documento,documento,nome,data_nascimento,nome_pais_origem) VALUES ('2473','PASS','000699910','Antonellis','19730310','Serbia');
INSERT INTO emprega_midia (id_midia, id_pessoa) VALUES ('33','2473');
INSERT INTO pessoa (id_pessoa, tipo_documento,documento,nome,data_nascimento,nome_pais_origem) VALUES ('2474','PASS','000604133','Chadez','19870126','Iraq');
INSERT INTO emprega_midia (id_midia, id_pessoa) VALUES ('33','2474');
INSERT INTO pessoa (id_pessoa, tipo_documento,documento,nome,data_nascimento,nome_pais_origem) VALUES ('2475','PASS','000183413','Bergseng','19710512','Chad');
INSERT INTO emprega_midia (id_midia, id_pessoa) VALUES ('33','2475');
INSERT INTO pessoa (id_pessoa, tipo_documento,documento,nome,data_nascimento,nome_pais_origem) VALUES ('2476','PASS','000347728','Fayne','19761227','Azerbaijan');
INSERT INTO emprega_midia (id_midia, id_pessoa) VALUES ('33','2476');
INSERT INTO pessoa (id_pessoa, tipo_documento,documento,nome,data_nascimento,nome_pais_origem) VALUES ('2477','PASS','000944704','Chiles','19701121','Monaco');
INSERT INTO emprega_midia (id_midia, id_pessoa) VALUES ('33','2477');
INSERT INTO pessoa (id_pessoa, tipo_documento,documento,nome,data_nascimento,nome_pais_origem) VALUES ('2478','PASS','000285084','Christians','19830402','Belarus');
INSERT INTO emprega_midia (id_midia, id_pessoa) VALUES ('33','2478');
INSERT INTO pessoa (id_pessoa, tipo_documento,documento,nome,data_nascimento,nome_pais_origem) VALUES ('2479','PASS','000632570','Friedlander','19730225','Greece');
INSERT INTO emprega_midia (id_midia, id_pessoa) VALUES ('33','2479');
INSERT INTO pessoa (id_pessoa, tipo_documento,documento,nome,data_nascimento,nome_pais_origem) VALUES ('2480','PASS','000234528','Frohock','19700205','Uzbekistan');
INSERT INTO emprega_midia (id_midia, id_pessoa) VALUES ('33','2480');
INSERT INTO pessoa (id_pessoa, tipo_documento,documento,nome,data_nascimento,nome_pais_origem) VALUES ('2481','PASS','000222244','Dashem','19790421','Chile');
INSERT INTO emprega_midia (id_midia, id_pessoa) VALUES ('33','2481');
INSERT INTO pessoa (id_pessoa, tipo_documento,documento,nome,data_nascimento,nome_pais_origem) VALUES ('2482','PASS','000738516','Agudo','19890414','Netherlands');
INSERT INTO emprega_midia (id_midia, id_pessoa) VALUES ('33','2482');
INSERT INTO pessoa (id_pessoa, tipo_documento,documento,nome,data_nascimento,nome_pais_origem) VALUES ('2483','PASS','000838569','Castera','19840826','Saudi');
INSERT INTO emprega_midia (id_midia, id_pessoa) VALUES ('33','2483');
INSERT INTO pessoa (id_pessoa, tipo_documento,documento,nome,data_nascimento,nome_pais_origem) VALUES ('2484','PASS','000331855','Campione','19870523','Finland');
INSERT INTO emprega_midia (id_midia, id_pessoa) VALUES ('33','2484');
INSERT INTO pessoa (id_pessoa, tipo_documento,documento,nome,data_nascimento,nome_pais_origem) VALUES ('2485','PASS','000466408','Duckhorn','19740913','Algeria');
INSERT INTO emprega_midia (id_midia, id_pessoa) VALUES ('33','2485');
INSERT INTO pessoa (id_pessoa, tipo_documento,documento,nome,data_nascimento,nome_pais_origem) VALUES ('2486','PASS','000944415','Gordo','19731013','India');
INSERT INTO emprega_midia (id_midia, id_pessoa) VALUES ('33','2486');
INSERT INTO pessoa (id_pessoa, tipo_documento,documento,nome,data_nascimento,nome_pais_origem) VALUES ('2487','PASS','000140713','Cabada','19750825','Spain');
INSERT INTO emprega_midia (id_midia, id_pessoa) VALUES ('33','2487');
INSERT INTO pessoa (id_pessoa, tipo_documento,documento,nome,data_nascimento,nome_pais_origem) VALUES ('2488','PASS','000559940','Akilah','19741001','Rica');
INSERT INTO emprega_midia (id_midia, id_pessoa) VALUES ('33','2488');
INSERT INTO pessoa (id_pessoa, tipo_documento,documento,nome,data_nascimento,nome_pais_origem) VALUES ('2489','PASS','000785045','Delprincipe','19740104','Luxembourg');
INSERT INTO emprega_midia (id_midia, id_pessoa) VALUES ('33','2489');
INSERT INTO pessoa (id_pessoa, tipo_documento,documento,nome,data_nascimento,nome_pais_origem) VALUES ('2490','PASS','000576899','Cartee','19820920','Norway');
INSERT INTO emprega_midia (id_midia, id_pessoa) VALUES ('33','2490');
INSERT INTO pessoa (id_pessoa, tipo_documento,documento,nome,data_nascimento,nome_pais_origem) VALUES ('2491','PASS','000919849','Geisen','19860606','Australia');
INSERT INTO emprega_midia (id_midia, id_pessoa) VALUES ('33','2491');
INSERT INTO pessoa (id_pessoa, tipo_documento,documento,nome,data_nascimento,nome_pais_origem) VALUES ('2492','PASS','000221766','Chaney','19890201','Finland');
INSERT INTO emprega_midia (id_midia, id_pessoa) VALUES ('33','2492');
INSERT INTO pessoa (id_pessoa, tipo_documento,documento,nome,data_nascimento,nome_pais_origem) VALUES ('2493','PASS','000682815','Basco','19860115','Liechtenstein');
INSERT INTO emprega_midia (id_midia, id_pessoa) VALUES ('33','2493');
INSERT INTO pessoa (id_pessoa, tipo_documento,documento,nome,data_nascimento,nome_pais_origem) VALUES ('2494','PASS','000419506','Difelice','19850927','Brazil');
INSERT INTO emprega_midia (id_midia, id_pessoa) VALUES ('33','2494');
INSERT INTO pessoa (id_pessoa, tipo_documento,documento,nome,data_nascimento,nome_pais_origem) VALUES ('2495','PASS','000661679','Ewart','19810102','Argentina');
INSERT INTO emprega_midia (id_midia, id_pessoa) VALUES ('33','2495');
INSERT INTO pessoa (id_pessoa, tipo_documento,documento,nome,data_nascimento,nome_pais_origem) VALUES ('2496','PASS','000567745','Claud','19861015','Zealand');
INSERT INTO emprega_midia (id_midia, id_pessoa) VALUES ('33','2496');
INSERT INTO pessoa (id_pessoa, tipo_documento,documento,nome,data_nascimento,nome_pais_origem) VALUES ('2497','PASS','000978439','Chaparro','19870107','Norway');
INSERT INTO emprega_midia (id_midia, id_pessoa) VALUES ('33','2497');
INSERT INTO pessoa (id_pessoa, tipo_documento,documento,nome,data_nascimento,nome_pais_origem) VALUES ('2498','PASS','000525665','Cayce','19870717','Poland');
INSERT INTO emprega_midia (id_midia, id_pessoa) VALUES ('33','2498');
INSERT INTO equipe_de_midia (id_midia,nome_empresa) VALUES ('34','OYZKDBE');
INSERT INTO pessoa (id_pessoa, tipo_documento,documento,nome,data_nascimento,nome_pais_origem) VALUES ('2499','PASS','000440569','Forro','19840805','Italy');
INSERT INTO emprega_midia (id_midia, id_pessoa) VALUES ('34','2499');
INSERT INTO pessoa (id_pessoa, tipo_documento,documento,nome,data_nascimento,nome_pais_origem) VALUES ('2500','PASS','000342739','Cambell','19770802','Turkey');
INSERT INTO emprega_midia (id_midia, id_pessoa) VALUES ('34','2500');
INSERT INTO pessoa (id_pessoa, tipo_documento,documento,nome,data_nascimento,nome_pais_origem) VALUES ('2501','PASS','000977560','Dewindt','19710219','Uzbekistan');
INSERT INTO emprega_midia (id_midia, id_pessoa) VALUES ('34','2501');
INSERT INTO pessoa (id_pessoa, tipo_documento,documento,nome,data_nascimento,nome_pais_origem) VALUES ('2502','PASS','000583801','Clibon','19840217','Japan');
INSERT INTO emprega_midia (id_midia, id_pessoa) VALUES ('34','2502');
INSERT INTO pessoa (id_pessoa, tipo_documento,documento,nome,data_nascimento,nome_pais_origem) VALUES ('2503','PASS','000759374','Genung','19720318','Bangladesh');
INSERT INTO emprega_midia (id_midia, id_pessoa) VALUES ('34','2503');
INSERT INTO pessoa (id_pessoa, tipo_documento,documento,nome,data_nascimento,nome_pais_origem) VALUES ('2504','PASS','000564112','Decarlo','19720516','Turkey');
INSERT INTO emprega_midia (id_midia, id_pessoa) VALUES ('34','2504');
INSERT INTO pessoa (id_pessoa, tipo_documento,documento,nome,data_nascimento,nome_pais_origem) VALUES ('2505','PASS','000914102','Degre','19720912','Greece');
INSERT INTO emprega_midia (id_midia, id_pessoa) VALUES ('34','2505');
INSERT INTO pessoa (id_pessoa, tipo_documento,documento,nome,data_nascimento,nome_pais_origem) VALUES ('2506','PASS','000229451','Bergstrom','19710212','Argentina');
INSERT INTO emprega_midia (id_midia, id_pessoa) VALUES ('34','2506');
INSERT INTO pessoa (id_pessoa, tipo_documento,documento,nome,data_nascimento,nome_pais_origem) VALUES ('2507','PASS','000903291','Gillon','19810820','Italy');
INSERT INTO emprega_midia (id_midia, id_pessoa) VALUES ('34','2507');
INSERT INTO equipe_de_midia (id_midia,nome_empresa) VALUES ('35','NHAEQWN');
INSERT INTO pessoa (id_pessoa, tipo_documento,documento,nome,data_nascimento,nome_pais_origem) VALUES ('2508','PASS','000465898','Gravitz','19810421','Azerbaijan');
INSERT INTO emprega_midia (id_midia, id_pessoa) VALUES ('35','2508');
INSERT INTO pessoa (id_pessoa, tipo_documento,documento,nome,data_nascimento,nome_pais_origem) VALUES ('2509','PASS','000580650','Gedeon','19810617','Georgia');
INSERT INTO emprega_midia (id_midia, id_pessoa) VALUES ('35','2509');
INSERT INTO pessoa (id_pessoa, tipo_documento,documento,nome,data_nascimento,nome_pais_origem) VALUES ('2510','PASS','000172282','Buitrago','19860306','Bahrain');
INSERT INTO emprega_midia (id_midia, id_pessoa) VALUES ('35','2510');
INSERT INTO equipe_de_midia (id_midia,nome_empresa) VALUES ('36','XMRXULR');
INSERT INTO pessoa (id_pessoa, tipo_documento,documento,nome,data_nascimento,nome_pais_origem) VALUES ('2511','PASS','000358666','Chupka','19840703','Finland');
INSERT INTO emprega_midia (id_midia, id_pessoa) VALUES ('36','2511');
INSERT INTO pessoa (id_pessoa, tipo_documento,documento,nome,data_nascimento,nome_pais_origem) VALUES ('2512','PASS','000745755','Anastas','19750610','Algeria');
INSERT INTO emprega_midia (id_midia, id_pessoa) VALUES ('36','2512');
INSERT INTO pessoa (id_pessoa, tipo_documento,documento,nome,data_nascimento,nome_pais_origem) VALUES ('2513','PASS','000743750','Dunken','19750903','Croatia');
INSERT INTO emprega_midia (id_midia, id_pessoa) VALUES ('36','2513');
INSERT INTO pessoa (id_pessoa, tipo_documento,documento,nome,data_nascimento,nome_pais_origem) VALUES ('2514','PASS','000388720','Bethune','19881010','Paraguay');
INSERT INTO emprega_midia (id_midia, id_pessoa) VALUES ('36','2514');
INSERT INTO pessoa (id_pessoa, tipo_documento,documento,nome,data_nascimento,nome_pais_origem) VALUES ('2515','PASS','000635692','Foggs','19730705','Argentina');
INSERT INTO emprega_midia (id_midia, id_pessoa) VALUES ('36','2515');
INSERT INTO pessoa (id_pessoa, tipo_documento,documento,nome,data_nascimento,nome_pais_origem) VALUES ('2516','PASS','000117943','Escobeo','19750519','Vietnam');
INSERT INTO emprega_midia (id_midia, id_pessoa) VALUES ('36','2516');
INSERT INTO pessoa (id_pessoa, tipo_documento,documento,nome,data_nascimento,nome_pais_origem) VALUES ('2517','PASS','000637360','Dority','19800619','Austria');
INSERT INTO emprega_midia (id_midia, id_pessoa) VALUES ('36','2517');
INSERT INTO pessoa (id_pessoa, tipo_documento,documento,nome,data_nascimento,nome_pais_origem) VALUES ('2518','PASS','000154146','Gilsdorf','19840113','Bahamas');
INSERT INTO emprega_midia (id_midia, id_pessoa) VALUES ('36','2518');
INSERT INTO pessoa (id_pessoa, tipo_documento,documento,nome,data_nascimento,nome_pais_origem) VALUES ('2519','PASS','000691312','Geesaman','19790519','Iran');
INSERT INTO emprega_midia (id_midia, id_pessoa) VALUES ('36','2519');
INSERT INTO pessoa (id_pessoa, tipo_documento,documento,nome,data_nascimento,nome_pais_origem) VALUES ('2520','PASS','000919175','Ghazal','19810325','Bahrain');
INSERT INTO emprega_midia (id_midia, id_pessoa) VALUES ('36','2520');
INSERT INTO pessoa (id_pessoa, tipo_documento,documento,nome,data_nascimento,nome_pais_origem) VALUES ('2521','PASS','000435980','Blada','19870611','Syria');
INSERT INTO emprega_midia (id_midia, id_pessoa) VALUES ('36','2521');
INSERT INTO pessoa (id_pessoa, tipo_documento,documento,nome,data_nascimento,nome_pais_origem) VALUES ('2522','PASS','000726806','Callies','19881008','Egypt');
INSERT INTO emprega_midia (id_midia, id_pessoa) VALUES ('36','2522');
INSERT INTO pessoa (id_pessoa, tipo_documento,documento,nome,data_nascimento,nome_pais_origem) VALUES ('2523','PASS','000884842','Cordwell','19820217','Barbados');
INSERT INTO emprega_midia (id_midia, id_pessoa) VALUES ('36','2523');
INSERT INTO pessoa (id_pessoa, tipo_documento,documento,nome,data_nascimento,nome_pais_origem) VALUES ('2524','PASS','000763273','Aulds','19891002','Poland');
INSERT INTO emprega_midia (id_midia, id_pessoa) VALUES ('36','2524');
INSERT INTO pessoa (id_pessoa, tipo_documento,documento,nome,data_nascimento,nome_pais_origem) VALUES ('2525','PASS','000122605','Dickmann','19890621','Chile');
INSERT INTO emprega_midia (id_midia, id_pessoa) VALUES ('36','2525');
INSERT INTO pessoa (id_pessoa, tipo_documento,documento,nome,data_nascimento,nome_pais_origem) VALUES ('2526','PASS','000666049','Dekuyper','19850927','Liechtenstein');
INSERT INTO emprega_midia (id_midia, id_pessoa) VALUES ('36','2526');
INSERT INTO pessoa (id_pessoa, tipo_documento,documento,nome,data_nascimento,nome_pais_origem) VALUES ('2527','PASS','000707367','Brechner','19820418','Syria');
INSERT INTO emprega_midia (id_midia, id_pessoa) VALUES ('36','2527');
INSERT INTO pessoa (id_pessoa, tipo_documento,documento,nome,data_nascimento,nome_pais_origem) VALUES ('2528','PASS','000977962','Boldenow','19831109','Georgia');
INSERT INTO emprega_midia (id_midia, id_pessoa) VALUES ('36','2528');
INSERT INTO pessoa (id_pessoa, tipo_documento,documento,nome,data_nascimento,nome_pais_origem) VALUES ('2529','PASS','000362757','Bev','19790715','Azerbaijan');
INSERT INTO emprega_midia (id_midia, id_pessoa) VALUES ('36','2529');
INSERT INTO pessoa (id_pessoa, tipo_documento,documento,nome,data_nascimento,nome_pais_origem) VALUES ('2530','PASS','000510993','Angell','19891112','Estonia');
INSERT INTO emprega_midia (id_midia, id_pessoa) VALUES ('36','2530');
INSERT INTO pessoa (id_pessoa, tipo_documento,documento,nome,data_nascimento,nome_pais_origem) VALUES ('2531','PASS','000416226','Grass','19721019','Slovakia');
INSERT INTO emprega_midia (id_midia, id_pessoa) VALUES ('36','2531');
INSERT INTO pessoa (id_pessoa, tipo_documento,documento,nome,data_nascimento,nome_pais_origem) VALUES ('2532','PASS','000836251','Feraco','19720909','Chile');
INSERT INTO emprega_midia (id_midia, id_pessoa) VALUES ('36','2532');
INSERT INTO equipe_de_midia (id_midia,nome_empresa) VALUES ('37','ASYNNDC');
INSERT INTO pessoa (id_pessoa, tipo_documento,documento,nome,data_nascimento,nome_pais_origem) VALUES ('2533','PASS','000360887','Cane','19810316','Romania');
INSERT INTO emprega_midia (id_midia, id_pessoa) VALUES ('37','2533');
INSERT INTO pessoa (id_pessoa, tipo_documento,documento,nome,data_nascimento,nome_pais_origem) VALUES ('2534','PASS','000462181','Cawood','19731218','Estonia');
INSERT INTO emprega_midia (id_midia, id_pessoa) VALUES ('37','2534');
INSERT INTO pessoa (id_pessoa, tipo_documento,documento,nome,data_nascimento,nome_pais_origem) VALUES ('2535','PASS','000162051','Fallis','19810908','Greece');
INSERT INTO emprega_midia (id_midia, id_pessoa) VALUES ('37','2535');
INSERT INTO pessoa (id_pessoa, tipo_documento,documento,nome,data_nascimento,nome_pais_origem) VALUES ('2536','PASS','000657858','Gehron','19810513','Netherlands');
INSERT INTO emprega_midia (id_midia, id_pessoa) VALUES ('37','2536');
INSERT INTO pessoa (id_pessoa, tipo_documento,documento,nome,data_nascimento,nome_pais_origem) VALUES ('2537','PASS','000702349','Eske','19710423','Australia');
INSERT INTO emprega_midia (id_midia, id_pessoa) VALUES ('37','2537');
INSERT INTO pessoa (id_pessoa, tipo_documento,documento,nome,data_nascimento,nome_pais_origem) VALUES ('2538','PASS','000121191','Chaples','19870606','Paraguay');
INSERT INTO emprega_midia (id_midia, id_pessoa) VALUES ('37','2538');
INSERT INTO pessoa (id_pessoa, tipo_documento,documento,nome,data_nascimento,nome_pais_origem) VALUES ('2539','PASS','000837654','Caez','19831215','Bangladesh');
INSERT INTO emprega_midia (id_midia, id_pessoa) VALUES ('37','2539');
INSERT INTO pessoa (id_pessoa, tipo_documento,documento,nome,data_nascimento,nome_pais_origem) VALUES ('2540','PASS','000215694','Boekelman','19780527','Rica');
INSERT INTO emprega_midia (id_midia, id_pessoa) VALUES ('37','2540');
INSERT INTO pessoa (id_pessoa, tipo_documento,documento,nome,data_nascimento,nome_pais_origem) VALUES ('2541','PASS','000946242','Formella','19831015','Vietnam');
INSERT INTO emprega_midia (id_midia, id_pessoa) VALUES ('37','2541');
INSERT INTO pessoa (id_pessoa, tipo_documento,documento,nome,data_nascimento,nome_pais_origem) VALUES ('2542','PASS','000235937','Chowhan','19870813','Singapore');
INSERT INTO emprega_midia (id_midia, id_pessoa) VALUES ('37','2542');
INSERT INTO pessoa (id_pessoa, tipo_documento,documento,nome,data_nascimento,nome_pais_origem) VALUES ('2543','PASS','000199249','Bhatnagar','19830102','Morocco');
INSERT INTO emprega_midia (id_midia, id_pessoa) VALUES ('37','2543');
INSERT INTO pessoa (id_pessoa, tipo_documento,documento,nome,data_nascimento,nome_pais_origem) VALUES ('2544','PASS','000751395','Bealer','19800709','Iraq');
INSERT INTO emprega_midia (id_midia, id_pessoa) VALUES ('37','2544');
INSERT INTO pessoa (id_pessoa, tipo_documento,documento,nome,data_nascimento,nome_pais_origem) VALUES ('2545','PASS','000737452','Flanner','19860523','Iran');
INSERT INTO emprega_midia (id_midia, id_pessoa) VALUES ('37','2545');
INSERT INTO pessoa (id_pessoa, tipo_documento,documento,nome,data_nascimento,nome_pais_origem) VALUES ('2546','PASS','000113769','Gennett','19870925','Greece');
INSERT INTO emprega_midia (id_midia, id_pessoa) VALUES ('37','2546');
INSERT INTO pessoa (id_pessoa, tipo_documento,documento,nome,data_nascimento,nome_pais_origem) VALUES ('2547','PASS','000397583','Carne','19711021','Rica');
INSERT INTO emprega_midia (id_midia, id_pessoa) VALUES ('37','2547');
INSERT INTO pessoa (id_pessoa, tipo_documento,documento,nome,data_nascimento,nome_pais_origem) VALUES ('2548','PASS','000807569','Breidenstein','19790917','Uruguay');
INSERT INTO emprega_midia (id_midia, id_pessoa) VALUES ('37','2548');
INSERT INTO pessoa (id_pessoa, tipo_documento,documento,nome,data_nascimento,nome_pais_origem) VALUES ('2549','PASS','000347179','Filippelli','19720602','Argentina');
INSERT INTO emprega_midia (id_midia, id_pessoa) VALUES ('37','2549');
INSERT INTO pessoa (id_pessoa, tipo_documento,documento,nome,data_nascimento,nome_pais_origem) VALUES ('2550','PASS','000998919','Amat','19750919','Vietnam');
INSERT INTO emprega_midia (id_midia, id_pessoa) VALUES ('37','2550');
INSERT INTO pessoa (id_pessoa, tipo_documento,documento,nome,data_nascimento,nome_pais_origem) VALUES ('2551','PASS','000668065','Gowin','19880618','Bulgaria');
INSERT INTO emprega_midia (id_midia, id_pessoa) VALUES ('37','2551');
INSERT INTO pessoa (id_pessoa, tipo_documento,documento,nome,data_nascimento,nome_pais_origem) VALUES ('2552','PASS','000861878','Garia','19850401','Luxembourg');
INSERT INTO emprega_midia (id_midia, id_pessoa) VALUES ('37','2552');
INSERT INTO equipe_de_midia (id_midia,nome_empresa) VALUES ('38','TPPYYGW');
INSERT INTO pessoa (id_pessoa, tipo_documento,documento,nome,data_nascimento,nome_pais_origem) VALUES ('2553','PASS','000228845','Argall','19810713','Belgium');
INSERT INTO emprega_midia (id_midia, id_pessoa) VALUES ('38','2553');
INSERT INTO pessoa (id_pessoa, tipo_documento,documento,nome,data_nascimento,nome_pais_origem) VALUES ('2554','PASS','000856838','Angelino','19850419','Turkey');
INSERT INTO emprega_midia (id_midia, id_pessoa) VALUES ('38','2554');
INSERT INTO pessoa (id_pessoa, tipo_documento,documento,nome,data_nascimento,nome_pais_origem) VALUES ('2555','PASS','000850478','Clayter','19850205','Belgium');
INSERT INTO emprega_midia (id_midia, id_pessoa) VALUES ('38','2555');
INSERT INTO pessoa (id_pessoa, tipo_documento,documento,nome,data_nascimento,nome_pais_origem) VALUES ('2556','PASS','000736682','Bawa','19770324','Spain');
INSERT INTO emprega_midia (id_midia, id_pessoa) VALUES ('38','2556');
INSERT INTO pessoa (id_pessoa, tipo_documento,documento,nome,data_nascimento,nome_pais_origem) VALUES ('2557','PASS','000606837','Baatz','19810926','Azerbaijan');
INSERT INTO emprega_midia (id_midia, id_pessoa) VALUES ('38','2557');
INSERT INTO pessoa (id_pessoa, tipo_documento,documento,nome,data_nascimento,nome_pais_origem) VALUES ('2558','PASS','000647281','Aluise','19811113','Turkey');
INSERT INTO emprega_midia (id_midia, id_pessoa) VALUES ('38','2558');
INSERT INTO pessoa (id_pessoa, tipo_documento,documento,nome,data_nascimento,nome_pais_origem) VALUES ('2559','PASS','000146792','Emperor','19710811','Argentina');
INSERT INTO emprega_midia (id_midia, id_pessoa) VALUES ('38','2559');
INSERT INTO pessoa (id_pessoa, tipo_documento,documento,nome,data_nascimento,nome_pais_origem) VALUES ('2560','PASS','000139958','Bocker','19770417','Egypt');
INSERT INTO emprega_midia (id_midia, id_pessoa) VALUES ('38','2560');
INSERT INTO pessoa (id_pessoa, tipo_documento,documento,nome,data_nascimento,nome_pais_origem) VALUES ('2561','PASS','000924146','Conterras','19790822','India');
INSERT INTO emprega_midia (id_midia, id_pessoa) VALUES ('38','2561');
INSERT INTO pessoa (id_pessoa, tipo_documento,documento,nome,data_nascimento,nome_pais_origem) VALUES ('2562','PASS','000904607','Benari','19771214','Switzerland');
INSERT INTO emprega_midia (id_midia, id_pessoa) VALUES ('38','2562');
INSERT INTO pessoa (id_pessoa, tipo_documento,documento,nome,data_nascimento,nome_pais_origem) VALUES ('2563','PASS','000464634','Dute','19881224','Australia');
INSERT INTO emprega_midia (id_midia, id_pessoa) VALUES ('38','2563');
INSERT INTO pessoa (id_pessoa, tipo_documento,documento,nome,data_nascimento,nome_pais_origem) VALUES ('2564','PASS','000547478','Eversman','19741112','Indonesia');
INSERT INTO emprega_midia (id_midia, id_pessoa) VALUES ('38','2564');
INSERT INTO pessoa (id_pessoa, tipo_documento,documento,nome,data_nascimento,nome_pais_origem) VALUES ('2565','PASS','000222011','Erschen','19890408','New');
INSERT INTO emprega_midia (id_midia, id_pessoa) VALUES ('38','2565');
INSERT INTO pessoa (id_pessoa, tipo_documento,documento,nome,data_nascimento,nome_pais_origem) VALUES ('2566','PASS','000995483','Frederique','19871016','New');
INSERT INTO emprega_midia (id_midia, id_pessoa) VALUES ('38','2566');
INSERT INTO pessoa (id_pessoa, tipo_documento,documento,nome,data_nascimento,nome_pais_origem) VALUES ('2567','PASS','000848392','Classie','19780523','Luxembourg');
INSERT INTO emprega_midia (id_midia, id_pessoa) VALUES ('38','2567');
INSERT INTO pessoa (id_pessoa, tipo_documento,documento,nome,data_nascimento,nome_pais_origem) VALUES ('2568','PASS','000881243','Bentsen','19710103','Argentina');
INSERT INTO emprega_midia (id_midia, id_pessoa) VALUES ('38','2568');
INSERT INTO pessoa (id_pessoa, tipo_documento,documento,nome,data_nascimento,nome_pais_origem) VALUES ('2569','PASS','000116274','Balak','19790509','Syria');
INSERT INTO emprega_midia (id_midia, id_pessoa) VALUES ('38','2569');
INSERT INTO pessoa (id_pessoa, tipo_documento,documento,nome,data_nascimento,nome_pais_origem) VALUES ('2570','PASS','000267645','Coronel','19890926','Romania');
INSERT INTO emprega_midia (id_midia, id_pessoa) VALUES ('38','2570');
INSERT INTO equipe_de_midia (id_midia,nome_empresa) VALUES ('39','IOSHSLO');
INSERT INTO pessoa (id_pessoa, tipo_documento,documento,nome,data_nascimento,nome_pais_origem) VALUES ('2571','PASS','000397552','Evey','19740803','Mongolia');
INSERT INTO emprega_midia (id_midia, id_pessoa) VALUES ('39','2571');
INSERT INTO pessoa (id_pessoa, tipo_documento,documento,nome,data_nascimento,nome_pais_origem) VALUES ('2572','PASS','000158943','Ellert','19700427','Netherlands');
INSERT INTO emprega_midia (id_midia, id_pessoa) VALUES ('39','2572');
INSERT INTO pessoa (id_pessoa, tipo_documento,documento,nome,data_nascimento,nome_pais_origem) VALUES ('2573','PASS','000679211','Galauiz','19790423','Serbia');
INSERT INTO emprega_midia (id_midia, id_pessoa) VALUES ('39','2573');
INSERT INTO pessoa (id_pessoa, tipo_documento,documento,nome,data_nascimento,nome_pais_origem) VALUES ('2574','PASS','000855826','Gebert','19850714','Cuba');
INSERT INTO emprega_midia (id_midia, id_pessoa) VALUES ('39','2574');
INSERT INTO pessoa (id_pessoa, tipo_documento,documento,nome,data_nascimento,nome_pais_origem) VALUES ('2575','PASS','000915723','Aw','19810319','Brazil');
INSERT INTO emprega_midia (id_midia, id_pessoa) VALUES ('39','2575');
INSERT INTO pessoa (id_pessoa, tipo_documento,documento,nome,data_nascimento,nome_pais_origem) VALUES ('2576','PASS','000676738','Ayhens','19770114','Iran');
INSERT INTO emprega_midia (id_midia, id_pessoa) VALUES ('39','2576');
INSERT INTO pessoa (id_pessoa, tipo_documento,documento,nome,data_nascimento,nome_pais_origem) VALUES ('2577','PASS','000474712','Charlene','19891012','Rica');
INSERT INTO emprega_midia (id_midia, id_pessoa) VALUES ('39','2577');
INSERT INTO pessoa (id_pessoa, tipo_documento,documento,nome,data_nascimento,nome_pais_origem) VALUES ('2578','PASS','000736496','Fretz','19880310','Nicaragua');
INSERT INTO emprega_midia (id_midia, id_pessoa) VALUES ('39','2578');
INSERT INTO pessoa (id_pessoa, tipo_documento,documento,nome,data_nascimento,nome_pais_origem) VALUES ('2579','PASS','000692195','Blaser','19830404','Armenia');
INSERT INTO emprega_midia (id_midia, id_pessoa) VALUES ('39','2579');
INSERT INTO pessoa (id_pessoa, tipo_documento,documento,nome,data_nascimento,nome_pais_origem) VALUES ('2580','PASS','000605115','Compagno','19831120','Belarus');
INSERT INTO emprega_midia (id_midia, id_pessoa) VALUES ('39','2580');
INSERT INTO pessoa (id_pessoa, tipo_documento,documento,nome,data_nascimento,nome_pais_origem) VALUES ('2581','PASS','000936392','Campisi','19751116','Poland');
INSERT INTO emprega_midia (id_midia, id_pessoa) VALUES ('39','2581');
INSERT INTO pessoa (id_pessoa, tipo_documento,documento,nome,data_nascimento,nome_pais_origem) VALUES ('2582','PASS','000193106','Gilkey','19741115','Slovakia');
INSERT INTO emprega_midia (id_midia, id_pessoa) VALUES ('39','2582');
INSERT INTO pessoa (id_pessoa, tipo_documento,documento,nome,data_nascimento,nome_pais_origem) VALUES ('2583','PASS','000891007','Giard','19790801','Mexico');
INSERT INTO emprega_midia (id_midia, id_pessoa) VALUES ('39','2583');
INSERT INTO pessoa (id_pessoa, tipo_documento,documento,nome,data_nascimento,nome_pais_origem) VALUES ('2584','PASS','000751684','Fernades','19710825','Sweden');
INSERT INTO emprega_midia (id_midia, id_pessoa) VALUES ('39','2584');
INSERT INTO pessoa (id_pessoa, tipo_documento,documento,nome,data_nascimento,nome_pais_origem) VALUES ('2585','PASS','000298489','Curiel','19760317','Peru');
INSERT INTO emprega_midia (id_midia, id_pessoa) VALUES ('39','2585');
INSERT INTO pessoa (id_pessoa, tipo_documento,documento,nome,data_nascimento,nome_pais_origem) VALUES ('2586','PASS','000903590','Fornicola','19820604','Costa');
INSERT INTO emprega_midia (id_midia, id_pessoa) VALUES ('39','2586');
INSERT INTO pessoa (id_pessoa, tipo_documento,documento,nome,data_nascimento,nome_pais_origem) VALUES ('2587','PASS','000599715','Elie','19770314','Sweden');
INSERT INTO emprega_midia (id_midia, id_pessoa) VALUES ('39','2587');
INSERT INTO pessoa (id_pessoa, tipo_documento,documento,nome,data_nascimento,nome_pais_origem) VALUES ('2588','PASS','000131314','Ego','19710807','Serbia');
INSERT INTO emprega_midia (id_midia, id_pessoa) VALUES ('39','2588');
INSERT INTO pessoa (id_pessoa, tipo_documento,documento,nome,data_nascimento,nome_pais_origem) VALUES ('2589','PASS','000275882','Delorse','19730202','Barbados');
INSERT INTO emprega_midia (id_midia, id_pessoa) VALUES ('39','2589');
INSERT INTO pessoa (id_pessoa, tipo_documento,documento,nome,data_nascimento,nome_pais_origem) VALUES ('2590','PASS','000354825','Desforges','19770903','Estonia');
INSERT INTO emprega_midia (id_midia, id_pessoa) VALUES ('39','2590');
INSERT INTO pessoa (id_pessoa, tipo_documento,documento,nome,data_nascimento,nome_pais_origem) VALUES ('2591','PASS','000942838','Cowley','19811014','Nepal');
INSERT INTO emprega_midia (id_midia, id_pessoa) VALUES ('39','2591');
INSERT INTO pessoa (id_pessoa, tipo_documento,documento,nome,data_nascimento,nome_pais_origem) VALUES ('2592','PASS','000519191','Boyland','19880805','Azerbaijan');
INSERT INTO emprega_midia (id_midia, id_pessoa) VALUES ('39','2592');
INSERT INTO pessoa (id_pessoa, tipo_documento,documento,nome,data_nascimento,nome_pais_origem) VALUES ('2593','PASS','000377768','Badilla','19710526','Cuba');
INSERT INTO emprega_midia (id_midia, id_pessoa) VALUES ('39','2593');
INSERT INTO pessoa (id_pessoa, tipo_documento,documento,nome,data_nascimento,nome_pais_origem) VALUES ('2594','PASS','000991301','Baldock','19721122','Syria');
INSERT INTO emprega_midia (id_midia, id_pessoa) VALUES ('39','2594');
INSERT INTO pessoa (id_pessoa, tipo_documento,documento,nome,data_nascimento,nome_pais_origem) VALUES ('2595','PASS','000952758','Denzler','19801124','Barbados');
INSERT INTO emprega_midia (id_midia, id_pessoa) VALUES ('39','2595');
INSERT INTO equipe_de_midia (id_midia,nome_empresa) VALUES ('40','SWXXNTK');
INSERT INTO pessoa (id_pessoa, tipo_documento,documento,nome,data_nascimento,nome_pais_origem) VALUES ('2596','PASS','000967919','Carpentieri','19791105','Zealand');
INSERT INTO emprega_midia (id_midia, id_pessoa) VALUES ('40','2596');
INSERT INTO pessoa (id_pessoa, tipo_documento,documento,nome,data_nascimento,nome_pais_origem) VALUES ('2597','PASS','000947792','Abdelal','19810209','Iraq');
INSERT INTO emprega_midia (id_midia, id_pessoa) VALUES ('40','2597');
INSERT INTO pessoa (id_pessoa, tipo_documento,documento,nome,data_nascimento,nome_pais_origem) VALUES ('2598','PASS','000157326','Aspley','19710912','Arabia');
INSERT INTO emprega_midia (id_midia, id_pessoa) VALUES ('40','2598');
INSERT INTO pessoa (id_pessoa, tipo_documento,documento,nome,data_nascimento,nome_pais_origem) VALUES ('2599','PASS','000511845','Filipelli','19851106','China');
INSERT INTO emprega_midia (id_midia, id_pessoa) VALUES ('40','2599');
INSERT INTO pessoa (id_pessoa, tipo_documento,documento,nome,data_nascimento,nome_pais_origem) VALUES ('2600','PASS','000593390','Ameigh','19840607','Poland');
INSERT INTO emprega_midia (id_midia, id_pessoa) VALUES ('40','2600');
INSERT INTO pessoa (id_pessoa, tipo_documento,documento,nome,data_nascimento,nome_pais_origem) VALUES ('2601','PASS','000760581','Bracey','19821017','Indonesia');
INSERT INTO emprega_midia (id_midia, id_pessoa) VALUES ('40','2601');
INSERT INTO pessoa (id_pessoa, tipo_documento,documento,nome,data_nascimento,nome_pais_origem) VALUES ('2602','PASS','000557738','Glassing','19810704','Italy');
INSERT INTO emprega_midia (id_midia, id_pessoa) VALUES ('40','2602');
INSERT INTO pessoa (id_pessoa, tipo_documento,documento,nome,data_nascimento,nome_pais_origem) VALUES ('2603','PASS','000392406','Amerio','19800909','China');
INSERT INTO emprega_midia (id_midia, id_pessoa) VALUES ('40','2603');
INSERT INTO pessoa (id_pessoa, tipo_documento,documento,nome,data_nascimento,nome_pais_origem) VALUES ('2604','PASS','000509859','Fishman','19891212','Mongolia');
INSERT INTO emprega_midia (id_midia, id_pessoa) VALUES ('40','2604');
INSERT INTO pessoa (id_pessoa, tipo_documento,documento,nome,data_nascimento,nome_pais_origem) VALUES ('2605','PASS','000653178','Fobes','19820612','Mongolia');
INSERT INTO emprega_midia (id_midia, id_pessoa) VALUES ('40','2605');
INSERT INTO pessoa (id_pessoa, tipo_documento,documento,nome,data_nascimento,nome_pais_origem) VALUES ('2606','PASS','000778308','Dewayne','19710815','Armenia');
INSERT INTO emprega_midia (id_midia, id_pessoa) VALUES ('40','2606');
INSERT INTO pessoa (id_pessoa, tipo_documento,documento,nome,data_nascimento,nome_pais_origem) VALUES ('2607','PASS','000860551','Gentili','19890602','Ukraine');
INSERT INTO emprega_midia (id_midia, id_pessoa) VALUES ('40','2607');
INSERT INTO pessoa (id_pessoa, tipo_documento,documento,nome,data_nascimento,nome_pais_origem) VALUES ('2608','PASS','000174804','Busker','19820625','Vietnam');
INSERT INTO emprega_midia (id_midia, id_pessoa) VALUES ('40','2608');
INSERT INTO pessoa (id_pessoa, tipo_documento,documento,nome,data_nascimento,nome_pais_origem) VALUES ('2609','PASS','000765310','Clossin','19840620','Belgium');
INSERT INTO emprega_midia (id_midia, id_pessoa) VALUES ('40','2609');
INSERT INTO pessoa (id_pessoa, tipo_documento,documento,nome,data_nascimento,nome_pais_origem) VALUES ('2610','PASS','000684193','Gaster','19830410','Monaco');
INSERT INTO emprega_midia (id_midia, id_pessoa) VALUES ('40','2610');
INSERT INTO pessoa (id_pessoa, tipo_documento,documento,nome,data_nascimento,nome_pais_origem) VALUES ('2611','PASS','000168349','Beser','19891013','Denmark');
INSERT INTO emprega_midia (id_midia, id_pessoa) VALUES ('40','2611');
INSERT INTO pessoa (id_pessoa, tipo_documento,documento,nome,data_nascimento,nome_pais_origem) VALUES ('2612','PASS','000429721','Barcello','19781004','Bahamas');
INSERT INTO emprega_midia (id_midia, id_pessoa) VALUES ('40','2612');
INSERT INTO pessoa (id_pessoa, tipo_documento,documento,nome,data_nascimento,nome_pais_origem) VALUES ('2613','PASS','000935871','Adloff','19850421','Greece');
INSERT INTO emprega_midia (id_midia, id_pessoa) VALUES ('40','2613');
INSERT INTO pessoa (id_pessoa, tipo_documento,documento,nome,data_nascimento,nome_pais_origem) VALUES ('2614','PASS','000308557','Casano','19700818','Angola');
INSERT INTO emprega_midia (id_midia, id_pessoa) VALUES ('40','2614');
INSERT INTO pessoa (id_pessoa, tipo_documento,documento,nome,data_nascimento,nome_pais_origem) VALUES ('2615','PASS','000157406','Flagler','19730717','Rica');
INSERT INTO emprega_midia (id_midia, id_pessoa) VALUES ('40','2615');
INSERT INTO equipe_de_midia (id_midia,nome_empresa) VALUES ('41','DEAJMQF');
INSERT INTO pessoa (id_pessoa, tipo_documento,documento,nome,data_nascimento,nome_pais_origem) VALUES ('2616','PASS','000780772','Gasque','19791227','Serbia');
INSERT INTO emprega_midia (id_midia, id_pessoa) VALUES ('41','2616');
INSERT INTO equipe_de_midia (id_midia,nome_empresa) VALUES ('42','WYETAFP');
INSERT INTO pessoa (id_pessoa, tipo_documento,documento,nome,data_nascimento,nome_pais_origem) VALUES ('2617','PASS','000413849','Butz','19751006','Azerbaijan');
INSERT INTO emprega_midia (id_midia, id_pessoa) VALUES ('42','2617');
INSERT INTO pessoa (id_pessoa, tipo_documento,documento,nome,data_nascimento,nome_pais_origem) VALUES ('2618','PASS','000745904','Brownsworth','19831027','Syria');
INSERT INTO emprega_midia (id_midia, id_pessoa) VALUES ('42','2618');
INSERT INTO pessoa (id_pessoa, tipo_documento,documento,nome,data_nascimento,nome_pais_origem) VALUES ('2619','PASS','000601300','Awyie','19840505','Poland');
INSERT INTO emprega_midia (id_midia, id_pessoa) VALUES ('42','2619');
INSERT INTO pessoa (id_pessoa, tipo_documento,documento,nome,data_nascimento,nome_pais_origem) VALUES ('2620','PASS','000375641','Frye','19801016','Saudi');
INSERT INTO emprega_midia (id_midia, id_pessoa) VALUES ('42','2620');
INSERT INTO pessoa (id_pessoa, tipo_documento,documento,nome,data_nascimento,nome_pais_origem) VALUES ('2621','PASS','000579561','Ashkettle','19820616','Turkey');
INSERT INTO emprega_midia (id_midia, id_pessoa) VALUES ('42','2621');
INSERT INTO equipe_de_midia (id_midia,nome_empresa) VALUES ('43','HBWYHHT');
INSERT INTO pessoa (id_pessoa, tipo_documento,documento,nome,data_nascimento,nome_pais_origem) VALUES ('2622','PASS','000577607','Everline','19851117','Vietnam');
INSERT INTO emprega_midia (id_midia, id_pessoa) VALUES ('43','2622');
INSERT INTO pessoa (id_pessoa, tipo_documento,documento,nome,data_nascimento,nome_pais_origem) VALUES ('2623','PASS','000996043','Avera','19731006','Rica');
INSERT INTO emprega_midia (id_midia, id_pessoa) VALUES ('43','2623');
INSERT INTO pessoa (id_pessoa, tipo_documento,documento,nome,data_nascimento,nome_pais_origem) VALUES ('2624','PASS','000718274','Airola','19720518','Thailand');
INSERT INTO emprega_midia (id_midia, id_pessoa) VALUES ('43','2624');
INSERT INTO equipe_de_midia (id_midia,nome_empresa) VALUES ('44','AAROMSN');
INSERT INTO pessoa (id_pessoa, tipo_documento,documento,nome,data_nascimento,nome_pais_origem) VALUES ('2625','PASS','000355289','Frese','19870302','Armenia');
INSERT INTO emprega_midia (id_midia, id_pessoa) VALUES ('44','2625');
INSERT INTO pessoa (id_pessoa, tipo_documento,documento,nome,data_nascimento,nome_pais_origem) VALUES ('2626','PASS','000968341','Donnie','19830823','New');
INSERT INTO emprega_midia (id_midia, id_pessoa) VALUES ('44','2626');
INSERT INTO pessoa (id_pessoa, tipo_documento,documento,nome,data_nascimento,nome_pais_origem) VALUES ('2627','PASS','000126874','Falce','19821020','Serbia');
INSERT INTO emprega_midia (id_midia, id_pessoa) VALUES ('44','2627');
INSERT INTO pessoa (id_pessoa, tipo_documento,documento,nome,data_nascimento,nome_pais_origem) VALUES ('2628','PASS','000807551','Alimo','19790617','Hungary');
INSERT INTO emprega_midia (id_midia, id_pessoa) VALUES ('44','2628');
INSERT INTO pessoa (id_pessoa, tipo_documento,documento,nome,data_nascimento,nome_pais_origem) VALUES ('2629','PASS','000647499','Boze','19710320','Slovakia');
INSERT INTO emprega_midia (id_midia, id_pessoa) VALUES ('44','2629');
INSERT INTO pessoa (id_pessoa, tipo_documento,documento,nome,data_nascimento,nome_pais_origem) VALUES ('2630','PASS','000292264','Brevitz','19820611','Uruguay');
INSERT INTO emprega_midia (id_midia, id_pessoa) VALUES ('44','2630');
INSERT INTO equipe_de_midia (id_midia,nome_empresa) VALUES ('45','QWBLOSB');
INSERT INTO pessoa (id_pessoa, tipo_documento,documento,nome,data_nascimento,nome_pais_origem) VALUES ('2631','PASS','000227023','Arnholtz','19750615','Romania');
INSERT INTO emprega_midia (id_midia, id_pessoa) VALUES ('45','2631');
INSERT INTO pessoa (id_pessoa, tipo_documento,documento,nome,data_nascimento,nome_pais_origem) VALUES ('2632','PASS','000264947','Chantal','19850119','Costa');
INSERT INTO emprega_midia (id_midia, id_pessoa) VALUES ('45','2632');
INSERT INTO pessoa (id_pessoa, tipo_documento,documento,nome,data_nascimento,nome_pais_origem) VALUES ('2633','PASS','000927733','Grosenick','19850627','Estonia');
INSERT INTO emprega_midia (id_midia, id_pessoa) VALUES ('45','2633');
INSERT INTO pessoa (id_pessoa, tipo_documento,documento,nome,data_nascimento,nome_pais_origem) VALUES ('2634','PASS','000628950','Alverta','19711105','Azerbaijan');
INSERT INTO emprega_midia (id_midia, id_pessoa) VALUES ('45','2634');
INSERT INTO pessoa (id_pessoa, tipo_documento,documento,nome,data_nascimento,nome_pais_origem) VALUES ('2635','PASS','000420386','Barillas','19750619','Monaco');
INSERT INTO emprega_midia (id_midia, id_pessoa) VALUES ('45','2635');
INSERT INTO equipe_de_midia (id_midia,nome_empresa) VALUES ('46','KXCXOQR');
INSERT INTO pessoa (id_pessoa, tipo_documento,documento,nome,data_nascimento,nome_pais_origem) VALUES ('2636','PASS','000155841','Caskey','19880421','Iran');
INSERT INTO emprega_midia (id_midia, id_pessoa) VALUES ('46','2636');
INSERT INTO pessoa (id_pessoa, tipo_documento,documento,nome,data_nascimento,nome_pais_origem) VALUES ('2637','PASS','000967253','Gemmen','19700314','Japan');
INSERT INTO emprega_midia (id_midia, id_pessoa) VALUES ('46','2637');
INSERT INTO pessoa (id_pessoa, tipo_documento,documento,nome,data_nascimento,nome_pais_origem) VALUES ('2638','PASS','000900124','Benchoff','19760714','Argentina');
INSERT INTO emprega_midia (id_midia, id_pessoa) VALUES ('46','2638');
INSERT INTO pessoa (id_pessoa, tipo_documento,documento,nome,data_nascimento,nome_pais_origem) VALUES ('2639','PASS','000263965','Favre','19700310','Luxembourg');
INSERT INTO emprega_midia (id_midia, id_pessoa) VALUES ('46','2639');
INSERT INTO pessoa (id_pessoa, tipo_documento,documento,nome,data_nascimento,nome_pais_origem) VALUES ('2640','PASS','000934938','Barager','19841110','Romania');
INSERT INTO emprega_midia (id_midia, id_pessoa) VALUES ('46','2640');
INSERT INTO pessoa (id_pessoa, tipo_documento,documento,nome,data_nascimento,nome_pais_origem) VALUES ('2641','PASS','000867290','Czupryna','19720521','Afghanistan');
INSERT INTO emprega_midia (id_midia, id_pessoa) VALUES ('46','2641');
INSERT INTO pessoa (id_pessoa, tipo_documento,documento,nome,data_nascimento,nome_pais_origem) VALUES ('2642','PASS','000959629','Garton','19710524','Liechtenstein');
INSERT INTO emprega_midia (id_midia, id_pessoa) VALUES ('46','2642');
INSERT INTO pessoa (id_pessoa, tipo_documento,documento,nome,data_nascimento,nome_pais_origem) VALUES ('2643','PASS','000255639','Felmet','19751007','Australia');
INSERT INTO emprega_midia (id_midia, id_pessoa) VALUES ('46','2643');
INSERT INTO pessoa (id_pessoa, tipo_documento,documento,nome,data_nascimento,nome_pais_origem) VALUES ('2644','PASS','000789688','Furukawa','19760403','Japan');
INSERT INTO emprega_midia (id_midia, id_pessoa) VALUES ('46','2644');
INSERT INTO pessoa (id_pessoa, tipo_documento,documento,nome,data_nascimento,nome_pais_origem) VALUES ('2645','PASS','000101395','Brondyke','19880416','Romania');
INSERT INTO emprega_midia (id_midia, id_pessoa) VALUES ('46','2645');
INSERT INTO pessoa (id_pessoa, tipo_documento,documento,nome,data_nascimento,nome_pais_origem) VALUES ('2646','PASS','000373686','Gargis','19890415','Rica');
INSERT INTO emprega_midia (id_midia, id_pessoa) VALUES ('46','2646');
INSERT INTO pessoa (id_pessoa, tipo_documento,documento,nome,data_nascimento,nome_pais_origem) VALUES ('2647','PASS','000756517','Bradshaw','19700824','Iraq');
INSERT INTO emprega_midia (id_midia, id_pessoa) VALUES ('46','2647');
INSERT INTO pessoa (id_pessoa, tipo_documento,documento,nome,data_nascimento,nome_pais_origem) VALUES ('2648','PASS','000804412','Ellies','19760416','Lithuania');
INSERT INTO emprega_midia (id_midia, id_pessoa) VALUES ('46','2648');
INSERT INTO pessoa (id_pessoa, tipo_documento,documento,nome,data_nascimento,nome_pais_origem) VALUES ('2649','PASS','000541253','Bumbaca','19880811','New');
INSERT INTO emprega_midia (id_midia, id_pessoa) VALUES ('46','2649');
INSERT INTO pessoa (id_pessoa, tipo_documento,documento,nome,data_nascimento,nome_pais_origem) VALUES ('2650','PASS','000824705','Christman','19761011','Chad');
INSERT INTO emprega_midia (id_midia, id_pessoa) VALUES ('46','2650');
INSERT INTO pessoa (id_pessoa, tipo_documento,documento,nome,data_nascimento,nome_pais_origem) VALUES ('2651','PASS','000862917','Gerst','19740321','Georgia');
INSERT INTO emprega_midia (id_midia, id_pessoa) VALUES ('46','2651');
INSERT INTO pessoa (id_pessoa, tipo_documento,documento,nome,data_nascimento,nome_pais_origem) VALUES ('2652','PASS','000728831','Beene','19860309','Angola');
INSERT INTO emprega_midia (id_midia, id_pessoa) VALUES ('46','2652');
INSERT INTO pessoa (id_pessoa, tipo_documento,documento,nome,data_nascimento,nome_pais_origem) VALUES ('2653','PASS','000962998','Curbo','19711217','Zealand');
INSERT INTO emprega_midia (id_midia, id_pessoa) VALUES ('46','2653');
INSERT INTO pessoa (id_pessoa, tipo_documento,documento,nome,data_nascimento,nome_pais_origem) VALUES ('2654','PASS','000275255','Corburn','19880501','Sweden');
INSERT INTO emprega_midia (id_midia, id_pessoa) VALUES ('46','2654');
INSERT INTO pessoa (id_pessoa, tipo_documento,documento,nome,data_nascimento,nome_pais_origem) VALUES ('2655','PASS','000492152','Copes','19860308','Mozambique');
INSERT INTO emprega_midia (id_midia, id_pessoa) VALUES ('46','2655');
INSERT INTO pessoa (id_pessoa, tipo_documento,documento,nome,data_nascimento,nome_pais_origem) VALUES ('2656','PASS','000269103','Bovey','19780506','Belarus');
INSERT INTO emprega_midia (id_midia, id_pessoa) VALUES ('46','2656');
INSERT INTO pessoa (id_pessoa, tipo_documento,documento,nome,data_nascimento,nome_pais_origem) VALUES ('2657','PASS','000907127','Campagne','19801101','Chile');
INSERT INTO emprega_midia (id_midia, id_pessoa) VALUES ('46','2657');
INSERT INTO equipe_de_midia (id_midia,nome_empresa) VALUES ('47','PLEGGLL');
INSERT INTO pessoa (id_pessoa, tipo_documento,documento,nome,data_nascimento,nome_pais_origem) VALUES ('2658','PASS','000971344','Aurora','19891227','Uruguay');
INSERT INTO emprega_midia (id_midia, id_pessoa) VALUES ('47','2658');
INSERT INTO pessoa (id_pessoa, tipo_documento,documento,nome,data_nascimento,nome_pais_origem) VALUES ('2659','PASS','000839205','Arre','19740815','Spain');
INSERT INTO emprega_midia (id_midia, id_pessoa) VALUES ('47','2659');
INSERT INTO pessoa (id_pessoa, tipo_documento,documento,nome,data_nascimento,nome_pais_origem) VALUES ('2660','PASS','000643294','Botner','19821110','Uzbekistan');
INSERT INTO emprega_midia (id_midia, id_pessoa) VALUES ('47','2660');
INSERT INTO pessoa (id_pessoa, tipo_documento,documento,nome,data_nascimento,nome_pais_origem) VALUES ('2661','PASS','000114498','Cargo','19720822','Hungary');
INSERT INTO emprega_midia (id_midia, id_pessoa) VALUES ('47','2661');
INSERT INTO pessoa (id_pessoa, tipo_documento,documento,nome,data_nascimento,nome_pais_origem) VALUES ('2662','PASS','000146639','Bernard','19841202','Afghanistan');
INSERT INTO emprega_midia (id_midia, id_pessoa) VALUES ('47','2662');
INSERT INTO pessoa (id_pessoa, tipo_documento,documento,nome,data_nascimento,nome_pais_origem) VALUES ('2663','PASS','000594549','Goatley','19801115','Poland');
INSERT INTO emprega_midia (id_midia, id_pessoa) VALUES ('47','2663');
INSERT INTO pessoa (id_pessoa, tipo_documento,documento,nome,data_nascimento,nome_pais_origem) VALUES ('2664','PASS','000227515','Bartel','19770105','Singapore');
INSERT INTO emprega_midia (id_midia, id_pessoa) VALUES ('47','2664');
INSERT INTO pessoa (id_pessoa, tipo_documento,documento,nome,data_nascimento,nome_pais_origem) VALUES ('2665','PASS','000795006','Carri','19740218','Peru');
INSERT INTO emprega_midia (id_midia, id_pessoa) VALUES ('47','2665');
INSERT INTO pessoa (id_pessoa, tipo_documento,documento,nome,data_nascimento,nome_pais_origem) VALUES ('2666','PASS','000829725','Caroway','19740603','Sweden');
INSERT INTO emprega_midia (id_midia, id_pessoa) VALUES ('47','2666');
INSERT INTO pessoa (id_pessoa, tipo_documento,documento,nome,data_nascimento,nome_pais_origem) VALUES ('2667','PASS','000294084','Bellefontaine','19830811','Azerbaijan');
INSERT INTO emprega_midia (id_midia, id_pessoa) VALUES ('47','2667');
INSERT INTO pessoa (id_pessoa, tipo_documento,documento,nome,data_nascimento,nome_pais_origem) VALUES ('2668','PASS','000959219','Deckman','19750824','Singapore');
INSERT INTO emprega_midia (id_midia, id_pessoa) VALUES ('47','2668');
INSERT INTO pessoa (id_pessoa, tipo_documento,documento,nome,data_nascimento,nome_pais_origem) VALUES ('2669','PASS','000234586','Chua','19891111','Sweden');
INSERT INTO emprega_midia (id_midia, id_pessoa) VALUES ('47','2669');
INSERT INTO pessoa (id_pessoa, tipo_documento,documento,nome,data_nascimento,nome_pais_origem) VALUES ('2670','PASS','000769061','Arre','19840327','Georgia');
INSERT INTO emprega_midia (id_midia, id_pessoa) VALUES ('47','2670');
INSERT INTO pessoa (id_pessoa, tipo_documento,documento,nome,data_nascimento,nome_pais_origem) VALUES ('2671','PASS','000804420','Dutil','19790621','Uzbekistan');
INSERT INTO emprega_midia (id_midia, id_pessoa) VALUES ('47','2671');
INSERT INTO pessoa (id_pessoa, tipo_documento,documento,nome,data_nascimento,nome_pais_origem) VALUES ('2672','PASS','000728597','Emuka','19780213','France');
INSERT INTO emprega_midia (id_midia, id_pessoa) VALUES ('47','2672');
INSERT INTO pessoa (id_pessoa, tipo_documento,documento,nome,data_nascimento,nome_pais_origem) VALUES ('2673','PASS','000126524','Dunshie','19780912','Austria');
INSERT INTO emprega_midia (id_midia, id_pessoa) VALUES ('47','2673');
INSERT INTO pessoa (id_pessoa, tipo_documento,documento,nome,data_nascimento,nome_pais_origem) VALUES ('2674','PASS','000796266','Devere','19770411','Poland');
INSERT INTO emprega_midia (id_midia, id_pessoa) VALUES ('47','2674');
INSERT INTO equipe_de_midia (id_midia,nome_empresa) VALUES ('48','JSYQJOB');
INSERT INTO pessoa (id_pessoa, tipo_documento,documento,nome,data_nascimento,nome_pais_origem) VALUES ('2675','PASS','000560926','Farhart','19770419','China');
INSERT INTO emprega_midia (id_midia, id_pessoa) VALUES ('48','2675');
INSERT INTO pessoa (id_pessoa, tipo_documento,documento,nome,data_nascimento,nome_pais_origem) VALUES ('2676','PASS','000309536','Arbaugh','19730324','Netherlands');
INSERT INTO emprega_midia (id_midia, id_pessoa) VALUES ('48','2676');
INSERT INTO pessoa (id_pessoa, tipo_documento,documento,nome,data_nascimento,nome_pais_origem) VALUES ('2677','PASS','000240815','Deluney','19711003','Japan');
INSERT INTO emprega_midia (id_midia, id_pessoa) VALUES ('48','2677');
INSERT INTO pessoa (id_pessoa, tipo_documento,documento,nome,data_nascimento,nome_pais_origem) VALUES ('2678','PASS','000934569','Curey','19840410','Indonesia');
INSERT INTO emprega_midia (id_midia, id_pessoa) VALUES ('48','2678');
INSERT INTO pessoa (id_pessoa, tipo_documento,documento,nome,data_nascimento,nome_pais_origem) VALUES ('2679','PASS','000556269','Drawec','19880712','Cuba');
INSERT INTO emprega_midia (id_midia, id_pessoa) VALUES ('48','2679');
INSERT INTO pessoa (id_pessoa, tipo_documento,documento,nome,data_nascimento,nome_pais_origem) VALUES ('2680','PASS','000140389','Form','19860422','Austria');
INSERT INTO emprega_midia (id_midia, id_pessoa) VALUES ('48','2680');
INSERT INTO pessoa (id_pessoa, tipo_documento,documento,nome,data_nascimento,nome_pais_origem) VALUES ('2681','PASS','000412232','Dashner','19720110','Georgia');
INSERT INTO emprega_midia (id_midia, id_pessoa) VALUES ('48','2681');
INSERT INTO pessoa (id_pessoa, tipo_documento,documento,nome,data_nascimento,nome_pais_origem) VALUES ('2682','PASS','000863554','Fecat','19710620','Bangladesh');
INSERT INTO emprega_midia (id_midia, id_pessoa) VALUES ('48','2682');
INSERT INTO pessoa (id_pessoa, tipo_documento,documento,nome,data_nascimento,nome_pais_origem) VALUES ('2683','PASS','000254651','Candella','19771011','Mongolia');
INSERT INTO emprega_midia (id_midia, id_pessoa) VALUES ('48','2683');
INSERT INTO pessoa (id_pessoa, tipo_documento,documento,nome,data_nascimento,nome_pais_origem) VALUES ('2684','PASS','000798138','Baumkirchner','19820303','Japan');
INSERT INTO emprega_midia (id_midia, id_pessoa) VALUES ('48','2684');
INSERT INTO pessoa (id_pessoa, tipo_documento,documento,nome,data_nascimento,nome_pais_origem) VALUES ('2685','PASS','000308301','Gaunce','19700427','Chile');
INSERT INTO emprega_midia (id_midia, id_pessoa) VALUES ('48','2685');
INSERT INTO pessoa (id_pessoa, tipo_documento,documento,nome,data_nascimento,nome_pais_origem) VALUES ('2686','PASS','000902550','Bianca','19860607','Monaco');
INSERT INTO emprega_midia (id_midia, id_pessoa) VALUES ('48','2686');
INSERT INTO pessoa (id_pessoa, tipo_documento,documento,nome,data_nascimento,nome_pais_origem) VALUES ('2687','PASS','000801424','Antinoro','19891215','Bahamas');
INSERT INTO emprega_midia (id_midia, id_pessoa) VALUES ('48','2687');
INSERT INTO pessoa (id_pessoa, tipo_documento,documento,nome,data_nascimento,nome_pais_origem) VALUES ('2688','PASS','000457227','Genung','19780810','Bulgaria');
INSERT INTO emprega_midia (id_midia, id_pessoa) VALUES ('48','2688');
INSERT INTO pessoa (id_pessoa, tipo_documento,documento,nome,data_nascimento,nome_pais_origem) VALUES ('2689','PASS','000854150','Dusel','19770412','Singapore');
INSERT INTO emprega_midia (id_midia, id_pessoa) VALUES ('48','2689');
INSERT INTO pessoa (id_pessoa, tipo_documento,documento,nome,data_nascimento,nome_pais_origem) VALUES ('2690','PASS','000931594','Brezeale','19890801','Rica');
INSERT INTO emprega_midia (id_midia, id_pessoa) VALUES ('48','2690');
INSERT INTO pessoa (id_pessoa, tipo_documento,documento,nome,data_nascimento,nome_pais_origem) VALUES ('2691','PASS','000675460','Churches','19810223','Thailand');
INSERT INTO emprega_midia (id_midia, id_pessoa) VALUES ('48','2691');
INSERT INTO pessoa (id_pessoa, tipo_documento,documento,nome,data_nascimento,nome_pais_origem) VALUES ('2692','PASS','000206888','Detullio','19851110','Brazil');
INSERT INTO emprega_midia (id_midia, id_pessoa) VALUES ('48','2692');
INSERT INTO pessoa (id_pessoa, tipo_documento,documento,nome,data_nascimento,nome_pais_origem) VALUES ('2693','PASS','000159087','Alber','19830212','Peru');
INSERT INTO emprega_midia (id_midia, id_pessoa) VALUES ('48','2693');
INSERT INTO pessoa (id_pessoa, tipo_documento,documento,nome,data_nascimento,nome_pais_origem) VALUES ('2694','PASS','000671272','Fucillo','19810214','Hungary');
INSERT INTO emprega_midia (id_midia, id_pessoa) VALUES ('48','2694');
INSERT INTO pessoa (id_pessoa, tipo_documento,documento,nome,data_nascimento,nome_pais_origem) VALUES ('2695','PASS','000502737','Clipp','19850426','Ukraine');
INSERT INTO emprega_midia (id_midia, id_pessoa) VALUES ('48','2695');
INSERT INTO pessoa (id_pessoa, tipo_documento,documento,nome,data_nascimento,nome_pais_origem) VALUES ('2696','PASS','000543473','Clippinger','19880801','Syria');
INSERT INTO emprega_midia (id_midia, id_pessoa) VALUES ('48','2696');
INSERT INTO pessoa (id_pessoa, tipo_documento,documento,nome,data_nascimento,nome_pais_origem) VALUES ('2697','PASS','000838102','Cogar','19850919','Indonesia');
INSERT INTO emprega_midia (id_midia, id_pessoa) VALUES ('48','2697');
INSERT INTO pessoa (id_pessoa, tipo_documento,documento,nome,data_nascimento,nome_pais_origem) VALUES ('2698','PASS','000953367','Dietterick','19861119','Bangladesh');
INSERT INTO emprega_midia (id_midia, id_pessoa) VALUES ('48','2698');
INSERT INTO pessoa (id_pessoa, tipo_documento,documento,nome,data_nascimento,nome_pais_origem) VALUES ('2699','PASS','000952932','Dudziak','19830322','Hungary');
INSERT INTO emprega_midia (id_midia, id_pessoa) VALUES ('48','2699');
INSERT INTO pessoa (id_pessoa, tipo_documento,documento,nome,data_nascimento,nome_pais_origem) VALUES ('2700','PASS','000510046','Arlt','19730608','Afghanistan');
INSERT INTO emprega_midia (id_midia, id_pessoa) VALUES ('48','2700');
INSERT INTO equipe_de_midia (id_midia,nome_empresa) VALUES ('49','BWVYPQJ');
INSERT INTO pessoa (id_pessoa, tipo_documento,documento,nome,data_nascimento,nome_pais_origem) VALUES ('2701','PASS','000259084','Enockson','19800123','New');
INSERT INTO emprega_midia (id_midia, id_pessoa) VALUES ('49','2701');
INSERT INTO pessoa (id_pessoa, tipo_documento,documento,nome,data_nascimento,nome_pais_origem) VALUES ('2702','PASS','000979983','Anania','19790611','Finland');
INSERT INTO emprega_midia (id_midia, id_pessoa) VALUES ('49','2702');
INSERT INTO pessoa (id_pessoa, tipo_documento,documento,nome,data_nascimento,nome_pais_origem) VALUES ('2703','PASS','000905849','Aceto','19770327','Norway');
INSERT INTO emprega_midia (id_midia, id_pessoa) VALUES ('49','2703');
INSERT INTO pessoa (id_pessoa, tipo_documento,documento,nome,data_nascimento,nome_pais_origem) VALUES ('2704','PASS','000856292','Fieselman','19750205','Belgium');
INSERT INTO emprega_midia (id_midia, id_pessoa) VALUES ('49','2704');
INSERT INTO pessoa (id_pessoa, tipo_documento,documento,nome,data_nascimento,nome_pais_origem) VALUES ('2705','PASS','000926324','Frabizzio','19840916','Switzerland');
INSERT INTO emprega_midia (id_midia, id_pessoa) VALUES ('49','2705');
INSERT INTO pessoa (id_pessoa, tipo_documento,documento,nome,data_nascimento,nome_pais_origem) VALUES ('2706','PASS','000270371','Coupland','19820422','Angola');
INSERT INTO emprega_midia (id_midia, id_pessoa) VALUES ('49','2706');
INSERT INTO pessoa (id_pessoa, tipo_documento,documento,nome,data_nascimento,nome_pais_origem) VALUES ('2707','PASS','000139951','Daggy','19860509','Barbados');
INSERT INTO emprega_midia (id_midia, id_pessoa) VALUES ('49','2707');
INSERT INTO equipe_de_midia (id_midia,nome_empresa) VALUES ('50','YKSGVOL');
INSERT INTO pessoa (id_pessoa, tipo_documento,documento,nome,data_nascimento,nome_pais_origem) VALUES ('2708','PASS','000968558','Cannan','19810914','Bulgaria');
INSERT INTO emprega_midia (id_midia, id_pessoa) VALUES ('50','2708');
INSERT INTO pessoa (id_pessoa, tipo_documento,documento,nome,data_nascimento,nome_pais_origem) VALUES ('2709','PASS','000325430','Crego','19820520','Armenia');
INSERT INTO emprega_midia (id_midia, id_pessoa) VALUES ('50','2709');
INSERT INTO pessoa (id_pessoa, tipo_documento,documento,nome,data_nascimento,nome_pais_origem) VALUES ('2710','PASS','000947537','Asplund','19710317','Iran');
INSERT INTO emprega_midia (id_midia, id_pessoa) VALUES ('50','2710');
INSERT INTO pessoa (id_pessoa, tipo_documento,documento,nome,data_nascimento,nome_pais_origem) VALUES ('2711','PASS','000124064','Cauthen','19840826','Zealand');
INSERT INTO emprega_midia (id_midia, id_pessoa) VALUES ('50','2711');
INSERT INTO pessoa (id_pessoa, tipo_documento,documento,nome,data_nascimento,nome_pais_origem) VALUES ('2712','PASS','000237382','Consolo','19880717','Mozambique');
INSERT INTO emprega_midia (id_midia, id_pessoa) VALUES ('50','2712');
INSERT INTO pessoa (id_pessoa, tipo_documento,documento,nome,data_nascimento,nome_pais_origem) VALUES ('2713','PASS','000209837','Bendtsen','19801016','Angola');
INSERT INTO emprega_midia (id_midia, id_pessoa) VALUES ('50','2713');
INSERT INTO pessoa (id_pessoa, tipo_documento,documento,nome,data_nascimento,nome_pais_origem) VALUES ('2714','PASS','000108357','Glymph','19761103','Monaco');
INSERT INTO emprega_midia (id_midia, id_pessoa) VALUES ('50','2714');
INSERT INTO pessoa (id_pessoa, tipo_documento,documento,nome,data_nascimento,nome_pais_origem) VALUES ('2715','PASS','000590943','Cummings','19740520','Chad');
INSERT INTO emprega_midia (id_midia, id_pessoa) VALUES ('50','2715');
INSERT INTO pessoa (id_pessoa, tipo_documento,documento,nome,data_nascimento,nome_pais_origem) VALUES ('2716','PASS','000308546','Ashlee','19730422','Germany');
INSERT INTO emprega_midia (id_midia, id_pessoa) VALUES ('50','2716');
INSERT INTO pessoa (id_pessoa, tipo_documento,documento,nome,data_nascimento,nome_pais_origem) VALUES ('2717','PASS','000403797','Bommer','19790514','Austria');
INSERT INTO emprega_midia (id_midia, id_pessoa) VALUES ('50','2717');
INSERT INTO pessoa (id_pessoa, tipo_documento,documento,nome,data_nascimento,nome_pais_origem) VALUES ('2718','PASS','000932287','Amazan','19890712','Hungary');
INSERT INTO emprega_midia (id_midia, id_pessoa) VALUES ('50','2718');
INSERT INTO pessoa (id_pessoa, tipo_documento,documento,nome,data_nascimento,nome_pais_origem) VALUES ('2719','PASS','000151122','Eiselein','19740215','Bulgaria');
INSERT INTO emprega_midia (id_midia, id_pessoa) VALUES ('50','2719');
INSERT INTO pessoa (id_pessoa, tipo_documento,documento,nome,data_nascimento,nome_pais_origem) VALUES ('2720','PASS','000267774','Brooms','19790509','Saudi');
INSERT INTO emprega_midia (id_midia, id_pessoa) VALUES ('50','2720');
INSERT INTO pessoa (id_pessoa, tipo_documento,documento,nome,data_nascimento,nome_pais_origem) VALUES ('2721','PASS','000342376','Bogacz','19740912','Brazil');
INSERT INTO emprega_midia (id_midia, id_pessoa) VALUES ('50','2721');
INSERT INTO pessoa (id_pessoa, tipo_documento,documento,nome,data_nascimento,nome_pais_origem) VALUES ('2722','PASS','000885573','Berzunza','19831124','Luxembourg');
INSERT INTO emprega_midia (id_midia, id_pessoa) VALUES ('50','2722');
INSERT INTO pessoa (id_pessoa, tipo_documento,documento,nome,data_nascimento,nome_pais_origem) VALUES ('2723','PASS','000553752','Centrich','19800715','Colombia');
INSERT INTO emprega_midia (id_midia, id_pessoa) VALUES ('50','2723');
INSERT INTO equipe_de_midia (id_midia,nome_empresa) VALUES ('51','YSWZZFL');
INSERT INTO pessoa (id_pessoa, tipo_documento,documento,nome,data_nascimento,nome_pais_origem) VALUES ('2724','PASS','000986226','Gambold','19800122','Spain');
INSERT INTO emprega_midia (id_midia, id_pessoa) VALUES ('51','2724');
INSERT INTO pessoa (id_pessoa, tipo_documento,documento,nome,data_nascimento,nome_pais_origem) VALUES ('2725','PASS','000998823','Erskine','19780904','Slovakia');
INSERT INTO emprega_midia (id_midia, id_pessoa) VALUES ('51','2725');
INSERT INTO pessoa (id_pessoa, tipo_documento,documento,nome,data_nascimento,nome_pais_origem) VALUES ('2726','PASS','000301377','Blish','19710216','Denmark');
INSERT INTO emprega_midia (id_midia, id_pessoa) VALUES ('51','2726');
INSERT INTO pessoa (id_pessoa, tipo_documento,documento,nome,data_nascimento,nome_pais_origem) VALUES ('2727','PASS','000692917','Almaraz','19700910','Thailand');
INSERT INTO emprega_midia (id_midia, id_pessoa) VALUES ('51','2727');
INSERT INTO pessoa (id_pessoa, tipo_documento,documento,nome,data_nascimento,nome_pais_origem) VALUES ('2728','PASS','000573330','Gayles','19850413','Monaco');
INSERT INTO emprega_midia (id_midia, id_pessoa) VALUES ('51','2728');
INSERT INTO pessoa (id_pessoa, tipo_documento,documento,nome,data_nascimento,nome_pais_origem) VALUES ('2729','PASS','000534212','Dibona','19761110','Bahamas');
INSERT INTO emprega_midia (id_midia, id_pessoa) VALUES ('51','2729');
INSERT INTO pessoa (id_pessoa, tipo_documento,documento,nome,data_nascimento,nome_pais_origem) VALUES ('2730','PASS','000388463','Flickinger','19721214','Portugal');
INSERT INTO emprega_midia (id_midia, id_pessoa) VALUES ('51','2730');
INSERT INTO pessoa (id_pessoa, tipo_documento,documento,nome,data_nascimento,nome_pais_origem) VALUES ('2731','PASS','000133784','Covitz','19701009','France');
INSERT INTO emprega_midia (id_midia, id_pessoa) VALUES ('51','2731');
INSERT INTO pessoa (id_pessoa, tipo_documento,documento,nome,data_nascimento,nome_pais_origem) VALUES ('2732','PASS','000256438','Faine','19720603','Japan');
INSERT INTO emprega_midia (id_midia, id_pessoa) VALUES ('51','2732');
INSERT INTO pessoa (id_pessoa, tipo_documento,documento,nome,data_nascimento,nome_pais_origem) VALUES ('2733','PASS','000314135','Burge','19810610','Hungary');
INSERT INTO emprega_midia (id_midia, id_pessoa) VALUES ('51','2733');
INSERT INTO pessoa (id_pessoa, tipo_documento,documento,nome,data_nascimento,nome_pais_origem) VALUES ('2734','PASS','000603018','Callanan','19830912','Denmark');
INSERT INTO emprega_midia (id_midia, id_pessoa) VALUES ('51','2734');
INSERT INTO pessoa (id_pessoa, tipo_documento,documento,nome,data_nascimento,nome_pais_origem) VALUES ('2735','PASS','000852336','Galimberti','19841118','Australia');
INSERT INTO emprega_midia (id_midia, id_pessoa) VALUES ('51','2735');
INSERT INTO pessoa (id_pessoa, tipo_documento,documento,nome,data_nascimento,nome_pais_origem) VALUES ('2736','PASS','000891880','Dennington','19850416','Colombia');
INSERT INTO emprega_midia (id_midia, id_pessoa) VALUES ('51','2736');
INSERT INTO pessoa (id_pessoa, tipo_documento,documento,nome,data_nascimento,nome_pais_origem) VALUES ('2737','PASS','000612100','Flemings','19730519','Monaco');
INSERT INTO emprega_midia (id_midia, id_pessoa) VALUES ('51','2737');
INSERT INTO pessoa (id_pessoa, tipo_documento,documento,nome,data_nascimento,nome_pais_origem) VALUES ('2738','PASS','000380828','Dusablon','19730714','Brazil');
INSERT INTO emprega_midia (id_midia, id_pessoa) VALUES ('51','2738');
INSERT INTO pessoa (id_pessoa, tipo_documento,documento,nome,data_nascimento,nome_pais_origem) VALUES ('2739','PASS','000231454','Baynham','19721014','India');
INSERT INTO emprega_midia (id_midia, id_pessoa) VALUES ('51','2739');
INSERT INTO pessoa (id_pessoa, tipo_documento,documento,nome,data_nascimento,nome_pais_origem) VALUES ('2740','PASS','000457526','Angocicco','19761219','Angola');
INSERT INTO emprega_midia (id_midia, id_pessoa) VALUES ('51','2740');
INSERT INTO pessoa (id_pessoa, tipo_documento,documento,nome,data_nascimento,nome_pais_origem) VALUES ('2741','PASS','000384590','Cardoza','19750115','Italy');
INSERT INTO emprega_midia (id_midia, id_pessoa) VALUES ('51','2741');
INSERT INTO pessoa (id_pessoa, tipo_documento,documento,nome,data_nascimento,nome_pais_origem) VALUES ('2742','PASS','000393498','Broenneke','19701220','Zealand');
INSERT INTO emprega_midia (id_midia, id_pessoa) VALUES ('51','2742');
INSERT INTO pessoa (id_pessoa, tipo_documento,documento,nome,data_nascimento,nome_pais_origem) VALUES ('2743','PASS','000210938','Bluett','19741224','Lithuania');
INSERT INTO emprega_midia (id_midia, id_pessoa) VALUES ('51','2743');
INSERT INTO pessoa (id_pessoa, tipo_documento,documento,nome,data_nascimento,nome_pais_origem) VALUES ('2744','PASS','000358884','Fringer','19860126','Arabia');
INSERT INTO emprega_midia (id_midia, id_pessoa) VALUES ('51','2744');
INSERT INTO pessoa (id_pessoa, tipo_documento,documento,nome,data_nascimento,nome_pais_origem) VALUES ('2745','PASS','000287000','Frantz','19711110','Ukraine');
INSERT INTO emprega_midia (id_midia, id_pessoa) VALUES ('51','2745');
INSERT INTO equipe_de_midia (id_midia,nome_empresa) VALUES ('52','GVJFMVY');
INSERT INTO pessoa (id_pessoa, tipo_documento,documento,nome,data_nascimento,nome_pais_origem) VALUES ('2746','PASS','000237049','Gaddie','19870918','Syria');
INSERT INTO emprega_midia (id_midia, id_pessoa) VALUES ('52','2746');
INSERT INTO pessoa (id_pessoa, tipo_documento,documento,nome,data_nascimento,nome_pais_origem) VALUES ('2747','PASS','000794539','Fusner','19871011','Peru');
INSERT INTO emprega_midia (id_midia, id_pessoa) VALUES ('52','2747');
INSERT INTO pessoa (id_pessoa, tipo_documento,documento,nome,data_nascimento,nome_pais_origem) VALUES ('2748','PASS','000706391','Calendine','19821014','Bangladesh');
INSERT INTO emprega_midia (id_midia, id_pessoa) VALUES ('52','2748');
INSERT INTO pessoa (id_pessoa, tipo_documento,documento,nome,data_nascimento,nome_pais_origem) VALUES ('2749','PASS','000753865','Brenna','19850202','Nicaragua');
INSERT INTO emprega_midia (id_midia, id_pessoa) VALUES ('52','2749');
INSERT INTO pessoa (id_pessoa, tipo_documento,documento,nome,data_nascimento,nome_pais_origem) VALUES ('2750','PASS','000807685','Arrants','19851227','Saudi');
INSERT INTO emprega_midia (id_midia, id_pessoa) VALUES ('52','2750');
INSERT INTO pessoa (id_pessoa, tipo_documento,documento,nome,data_nascimento,nome_pais_origem) VALUES ('2751','PASS','000917590','Capdeville','19721008','New');
INSERT INTO emprega_midia (id_midia, id_pessoa) VALUES ('52','2751');
INSERT INTO pessoa (id_pessoa, tipo_documento,documento,nome,data_nascimento,nome_pais_origem) VALUES ('2752','PASS','000370365','Egidio','19870713','Belgium');
INSERT INTO emprega_midia (id_midia, id_pessoa) VALUES ('52','2752');
INSERT INTO pessoa (id_pessoa, tipo_documento,documento,nome,data_nascimento,nome_pais_origem) VALUES ('2753','PASS','000909964','Beaucage','19790714','Arabia');
INSERT INTO emprega_midia (id_midia, id_pessoa) VALUES ('52','2753');
INSERT INTO pessoa (id_pessoa, tipo_documento,documento,nome,data_nascimento,nome_pais_origem) VALUES ('2754','PASS','000796959','Dangerfield','19790926','Nicaragua');
INSERT INTO emprega_midia (id_midia, id_pessoa) VALUES ('52','2754');
INSERT INTO pessoa (id_pessoa, tipo_documento,documento,nome,data_nascimento,nome_pais_origem) VALUES ('2755','PASS','000391360','Agostini','19750108','Hungary');
INSERT INTO emprega_midia (id_midia, id_pessoa) VALUES ('52','2755');
INSERT INTO pessoa (id_pessoa, tipo_documento,documento,nome,data_nascimento,nome_pais_origem) VALUES ('2756','PASS','000605110','Dahlka','19751011','Monaco');
INSERT INTO emprega_midia (id_midia, id_pessoa) VALUES ('52','2756');
INSERT INTO pessoa (id_pessoa, tipo_documento,documento,nome,data_nascimento,nome_pais_origem) VALUES ('2757','PASS','000610505','Alsberry','19830721','Zealand');
INSERT INTO emprega_midia (id_midia, id_pessoa) VALUES ('52','2757');
INSERT INTO equipe_de_midia (id_midia,nome_empresa) VALUES ('53','IAXBZHN');
INSERT INTO pessoa (id_pessoa, tipo_documento,documento,nome,data_nascimento,nome_pais_origem) VALUES ('2758','PASS','000529838','Bark','19851122','Belgium');
INSERT INTO emprega_midia (id_midia, id_pessoa) VALUES ('53','2758');
INSERT INTO pessoa (id_pessoa, tipo_documento,documento,nome,data_nascimento,nome_pais_origem) VALUES ('2759','PASS','000666301','Debutts','19700322','Costa');
INSERT INTO emprega_midia (id_midia, id_pessoa) VALUES ('53','2759');
INSERT INTO pessoa (id_pessoa, tipo_documento,documento,nome,data_nascimento,nome_pais_origem) VALUES ('2760','PASS','000379268','Chant','19740914','Cuba');
INSERT INTO emprega_midia (id_midia, id_pessoa) VALUES ('53','2760');
INSERT INTO pessoa (id_pessoa, tipo_documento,documento,nome,data_nascimento,nome_pais_origem) VALUES ('2761','PASS','000671128','Gignac','19860708','Lithuania');
INSERT INTO emprega_midia (id_midia, id_pessoa) VALUES ('53','2761');
INSERT INTO pessoa (id_pessoa, tipo_documento,documento,nome,data_nascimento,nome_pais_origem) VALUES ('2762','PASS','000883230','Cleveland','19850206','Finland');
INSERT INTO emprega_midia (id_midia, id_pessoa) VALUES ('53','2762');
INSERT INTO pessoa (id_pessoa, tipo_documento,documento,nome,data_nascimento,nome_pais_origem) VALUES ('2763','PASS','000763291','Dahl','19810304','Bangladesh');
INSERT INTO emprega_midia (id_midia, id_pessoa) VALUES ('53','2763');
INSERT INTO equipe_de_midia (id_midia,nome_empresa) VALUES ('54','HCTCCFY');
INSERT INTO pessoa (id_pessoa, tipo_documento,documento,nome,data_nascimento,nome_pais_origem) VALUES ('2764','PASS','000452590','Dejoie','19730403','Nicaragua');
INSERT INTO emprega_midia (id_midia, id_pessoa) VALUES ('54','2764');
INSERT INTO pessoa (id_pessoa, tipo_documento,documento,nome,data_nascimento,nome_pais_origem) VALUES ('2765','PASS','000540391','Ceballos','19821117','Iraq');
INSERT INTO emprega_midia (id_midia, id_pessoa) VALUES ('54','2765');
INSERT INTO pessoa (id_pessoa, tipo_documento,documento,nome,data_nascimento,nome_pais_origem) VALUES ('2766','PASS','000705038','Campillo','19841107','Chad');
INSERT INTO emprega_midia (id_midia, id_pessoa) VALUES ('54','2766');
INSERT INTO pessoa (id_pessoa, tipo_documento,documento,nome,data_nascimento,nome_pais_origem) VALUES ('2767','PASS','000938811','Gall','19760201','China');
INSERT INTO emprega_midia (id_midia, id_pessoa) VALUES ('54','2767');
INSERT INTO pessoa (id_pessoa, tipo_documento,documento,nome,data_nascimento,nome_pais_origem) VALUES ('2768','PASS','000930855','Colanero','19710718','Mozambique');
INSERT INTO emprega_midia (id_midia, id_pessoa) VALUES ('54','2768');
INSERT INTO pessoa (id_pessoa, tipo_documento,documento,nome,data_nascimento,nome_pais_origem) VALUES ('2769','PASS','000606902','Bogda','19720215','Arabia');
INSERT INTO emprega_midia (id_midia, id_pessoa) VALUES ('54','2769');
INSERT INTO pessoa (id_pessoa, tipo_documento,documento,nome,data_nascimento,nome_pais_origem) VALUES ('2770','PASS','000652065','Broady','19791122','Thailand');
INSERT INTO emprega_midia (id_midia, id_pessoa) VALUES ('54','2770');
INSERT INTO pessoa (id_pessoa, tipo_documento,documento,nome,data_nascimento,nome_pais_origem) VALUES ('2771','PASS','000407015','Bironas','19720522','China');
INSERT INTO emprega_midia (id_midia, id_pessoa) VALUES ('54','2771');
INSERT INTO pessoa (id_pessoa, tipo_documento,documento,nome,data_nascimento,nome_pais_origem) VALUES ('2772','PASS','000994292','Boetcher','19760513','Zealand');
INSERT INTO emprega_midia (id_midia, id_pessoa) VALUES ('54','2772');
INSERT INTO pessoa (id_pessoa, tipo_documento,documento,nome,data_nascimento,nome_pais_origem) VALUES ('2773','PASS','000646368','Bobadilla','19780422','Nicaragua');
INSERT INTO emprega_midia (id_midia, id_pessoa) VALUES ('54','2773');
INSERT INTO pessoa (id_pessoa, tipo_documento,documento,nome,data_nascimento,nome_pais_origem) VALUES ('2774','PASS','000703127','Cranfill','19820915','Armenia');
INSERT INTO emprega_midia (id_midia, id_pessoa) VALUES ('54','2774');
INSERT INTO equipe_de_midia (id_midia,nome_empresa) VALUES ('55','AATMIJV');
INSERT INTO pessoa (id_pessoa, tipo_documento,documento,nome,data_nascimento,nome_pais_origem) VALUES ('2775','PASS','000276461','Buquo','19811110','Croatia');
INSERT INTO emprega_midia (id_midia, id_pessoa) VALUES ('55','2775');
INSERT INTO pessoa (id_pessoa, tipo_documento,documento,nome,data_nascimento,nome_pais_origem) VALUES ('2776','PASS','000790877','Cerbone','19890821','Netherlands');
INSERT INTO emprega_midia (id_midia, id_pessoa) VALUES ('55','2776');
INSERT INTO pessoa (id_pessoa, tipo_documento,documento,nome,data_nascimento,nome_pais_origem) VALUES ('2777','PASS','000933169','Dokka','19750723','Afghanistan');
INSERT INTO emprega_midia (id_midia, id_pessoa) VALUES ('55','2777');
INSERT INTO pessoa (id_pessoa, tipo_documento,documento,nome,data_nascimento,nome_pais_origem) VALUES ('2778','PASS','000662430','Gorrell','19830320','Thailand');
INSERT INTO emprega_midia (id_midia, id_pessoa) VALUES ('55','2778');
INSERT INTO pessoa (id_pessoa, tipo_documento,documento,nome,data_nascimento,nome_pais_origem) VALUES ('2779','PASS','000398006','Darks','19830914','Morocco');
INSERT INTO emprega_midia (id_midia, id_pessoa) VALUES ('55','2779');
INSERT INTO pessoa (id_pessoa, tipo_documento,documento,nome,data_nascimento,nome_pais_origem) VALUES ('2780','PASS','000957515','Carpentier','19850423','Netherlands');
INSERT INTO emprega_midia (id_midia, id_pessoa) VALUES ('55','2780');
INSERT INTO pessoa (id_pessoa, tipo_documento,documento,nome,data_nascimento,nome_pais_origem) VALUES ('2781','PASS','000512970','Foller','19850309','Afghanistan');
INSERT INTO emprega_midia (id_midia, id_pessoa) VALUES ('55','2781');
INSERT INTO pessoa (id_pessoa, tipo_documento,documento,nome,data_nascimento,nome_pais_origem) VALUES ('2782','PASS','000888880','Grinter','19730708','Morocco');
INSERT INTO emprega_midia (id_midia, id_pessoa) VALUES ('55','2782');
INSERT INTO pessoa (id_pessoa, tipo_documento,documento,nome,data_nascimento,nome_pais_origem) VALUES ('2783','PASS','000601559','Bieschke','19780607','Lithuania');
INSERT INTO emprega_midia (id_midia, id_pessoa) VALUES ('55','2783');
INSERT INTO pessoa (id_pessoa, tipo_documento,documento,nome,data_nascimento,nome_pais_origem) VALUES ('2784','PASS','000586428','Fennern','19770610','Syria');
INSERT INTO emprega_midia (id_midia, id_pessoa) VALUES ('55','2784');
INSERT INTO pessoa (id_pessoa, tipo_documento,documento,nome,data_nascimento,nome_pais_origem) VALUES ('2785','PASS','000761556','Dalla','19750702','Finland');
INSERT INTO emprega_midia (id_midia, id_pessoa) VALUES ('55','2785');
INSERT INTO pessoa (id_pessoa, tipo_documento,documento,nome,data_nascimento,nome_pais_origem) VALUES ('2786','PASS','000343236','Cogley','19790217','Bahamas');
INSERT INTO emprega_midia (id_midia, id_pessoa) VALUES ('55','2786');
INSERT INTO pessoa (id_pessoa, tipo_documento,documento,nome,data_nascimento,nome_pais_origem) VALUES ('2787','PASS','000502097','Demulling','19891225','India');
INSERT INTO emprega_midia (id_midia, id_pessoa) VALUES ('55','2787');
INSERT INTO pessoa (id_pessoa, tipo_documento,documento,nome,data_nascimento,nome_pais_origem) VALUES ('2788','PASS','000586358','Domke','19850918','Chad');
INSERT INTO emprega_midia (id_midia, id_pessoa) VALUES ('55','2788');
INSERT INTO pessoa (id_pessoa, tipo_documento,documento,nome,data_nascimento,nome_pais_origem) VALUES ('2789','PASS','000957272','Connington','19791124','Morocco');
INSERT INTO emprega_midia (id_midia, id_pessoa) VALUES ('55','2789');
INSERT INTO pessoa (id_pessoa, tipo_documento,documento,nome,data_nascimento,nome_pais_origem) VALUES ('2790','PASS','000788363','Clearo','19870402','Ukraine');
INSERT INTO emprega_midia (id_midia, id_pessoa) VALUES ('55','2790');
INSERT INTO pessoa (id_pessoa, tipo_documento,documento,nome,data_nascimento,nome_pais_origem) VALUES ('2791','PASS','000989668','Goblirsch','19760205','Germany');
INSERT INTO emprega_midia (id_midia, id_pessoa) VALUES ('55','2791');
INSERT INTO pessoa (id_pessoa, tipo_documento,documento,nome,data_nascimento,nome_pais_origem) VALUES ('2792','PASS','000404594','Coreil','19841016','Switzerland');
INSERT INTO emprega_midia (id_midia, id_pessoa) VALUES ('55','2792');
INSERT INTO pessoa (id_pessoa, tipo_documento,documento,nome,data_nascimento,nome_pais_origem) VALUES ('2793','PASS','000230384','Bunt','19840218','Arabia');
INSERT INTO emprega_midia (id_midia, id_pessoa) VALUES ('55','2793');
INSERT INTO pessoa (id_pessoa, tipo_documento,documento,nome,data_nascimento,nome_pais_origem) VALUES ('2794','PASS','000246333','Gruenes','19850325','Australia');
INSERT INTO emprega_midia (id_midia, id_pessoa) VALUES ('55','2794');
INSERT INTO pessoa (id_pessoa, tipo_documento,documento,nome,data_nascimento,nome_pais_origem) VALUES ('2795','PASS','000827927','Eikenberry','19800126','Egypt');
INSERT INTO emprega_midia (id_midia, id_pessoa) VALUES ('55','2795');
INSERT INTO pessoa (id_pessoa, tipo_documento,documento,nome,data_nascimento,nome_pais_origem) VALUES ('2796','PASS','000457078','Boike','19810911','Luxembourg');
INSERT INTO emprega_midia (id_midia, id_pessoa) VALUES ('55','2796');
INSERT INTO pessoa (id_pessoa, tipo_documento,documento,nome,data_nascimento,nome_pais_origem) VALUES ('2797','PASS','000351766','Aristide','19710524','Cuba');
INSERT INTO emprega_midia (id_midia, id_pessoa) VALUES ('55','2797');
INSERT INTO pessoa (id_pessoa, tipo_documento,documento,nome,data_nascimento,nome_pais_origem) VALUES ('2798','PASS','000347956','Groome','19730803','China');
INSERT INTO emprega_midia (id_midia, id_pessoa) VALUES ('55','2798');
INSERT INTO pessoa (id_pessoa, tipo_documento,documento,nome,data_nascimento,nome_pais_origem) VALUES ('2799','PASS','000194938','Dresch','19860519','Bangladesh');
INSERT INTO emprega_midia (id_midia, id_pessoa) VALUES ('55','2799');
INSERT INTO pessoa (id_pessoa, tipo_documento,documento,nome,data_nascimento,nome_pais_origem) VALUES ('2800','PASS','000793242','Gnerre','19811207','Belarus');
INSERT INTO emprega_midia (id_midia, id_pessoa) VALUES ('55','2800');
INSERT INTO pessoa (id_pessoa, tipo_documento,documento,nome,data_nascimento,nome_pais_origem) VALUES ('2801','PASS','000272452','Ampy','19820520','Austria');
INSERT INTO emprega_midia (id_midia, id_pessoa) VALUES ('55','2801');
INSERT INTO pessoa (id_pessoa, tipo_documento,documento,nome,data_nascimento,nome_pais_origem) VALUES ('2802','PASS','000867094','Glasby','19770116','Chad');
INSERT INTO emprega_midia (id_midia, id_pessoa) VALUES ('55','2802');
INSERT INTO pessoa (id_pessoa, tipo_documento,documento,nome,data_nascimento,nome_pais_origem) VALUES ('2803','PASS','000820115','Deandrea','19780925','Cuba');
INSERT INTO emprega_midia (id_midia, id_pessoa) VALUES ('55','2803');
INSERT INTO equipe_de_midia (id_midia,nome_empresa) VALUES ('56','DHTWGUC');
INSERT INTO pessoa (id_pessoa, tipo_documento,documento,nome,data_nascimento,nome_pais_origem) VALUES ('2804','PASS','000609255','Encallado','19730226','Arabia');
INSERT INTO emprega_midia (id_midia, id_pessoa) VALUES ('56','2804');
INSERT INTO pessoa (id_pessoa, tipo_documento,documento,nome,data_nascimento,nome_pais_origem) VALUES ('2805','PASS','000305746','Broscious','19821103','Lithuania');
INSERT INTO emprega_midia (id_midia, id_pessoa) VALUES ('56','2805');
INSERT INTO pessoa (id_pessoa, tipo_documento,documento,nome,data_nascimento,nome_pais_origem) VALUES ('2806','PASS','000577241','Battuello','19780226','Mongolia');
INSERT INTO emprega_midia (id_midia, id_pessoa) VALUES ('56','2806');
INSERT INTO pessoa (id_pessoa, tipo_documento,documento,nome,data_nascimento,nome_pais_origem) VALUES ('2807','PASS','000885982','Doan','19731207','Belgium');
INSERT INTO emprega_midia (id_midia, id_pessoa) VALUES ('56','2807');
INSERT INTO equipe_de_midia (id_midia,nome_empresa) VALUES ('57','KZJBSVX');
INSERT INTO pessoa (id_pessoa, tipo_documento,documento,nome,data_nascimento,nome_pais_origem) VALUES ('2808','PASS','000664970','Barbaria','19780104','Croatia');
INSERT INTO emprega_midia (id_midia, id_pessoa) VALUES ('57','2808');
INSERT INTO pessoa (id_pessoa, tipo_documento,documento,nome,data_nascimento,nome_pais_origem) VALUES ('2809','PASS','000797808','Delashaw','19890714','Portugal');
INSERT INTO emprega_midia (id_midia, id_pessoa) VALUES ('57','2809');
INSERT INTO pessoa (id_pessoa, tipo_documento,documento,nome,data_nascimento,nome_pais_origem) VALUES ('2810','PASS','000837342','Branham','19891222','Mozambique');
INSERT INTO emprega_midia (id_midia, id_pessoa) VALUES ('57','2810');
INSERT INTO pessoa (id_pessoa, tipo_documento,documento,nome,data_nascimento,nome_pais_origem) VALUES ('2811','PASS','000187448','Blue','19700510','Uruguay');
INSERT INTO emprega_midia (id_midia, id_pessoa) VALUES ('57','2811');
INSERT INTO pessoa (id_pessoa, tipo_documento,documento,nome,data_nascimento,nome_pais_origem) VALUES ('2812','PASS','000632218','Biernacki','19861023','Denmark');
INSERT INTO emprega_midia (id_midia, id_pessoa) VALUES ('57','2812');
INSERT INTO pessoa (id_pessoa, tipo_documento,documento,nome,data_nascimento,nome_pais_origem) VALUES ('2813','PASS','000587031','Grumbine','19781208','China');
INSERT INTO emprega_midia (id_midia, id_pessoa) VALUES ('57','2813');
INSERT INTO pessoa (id_pessoa, tipo_documento,documento,nome,data_nascimento,nome_pais_origem) VALUES ('2814','PASS','000282788','Cronkite','19830414','Paraguay');
INSERT INTO emprega_midia (id_midia, id_pessoa) VALUES ('57','2814');
INSERT INTO pessoa (id_pessoa, tipo_documento,documento,nome,data_nascimento,nome_pais_origem) VALUES ('2815','PASS','000125265','Blanks','19770503','Syria');
INSERT INTO emprega_midia (id_midia, id_pessoa) VALUES ('57','2815');
INSERT INTO pessoa (id_pessoa, tipo_documento,documento,nome,data_nascimento,nome_pais_origem) VALUES ('2816','PASS','000984333','Engelke','19710326','India');
INSERT INTO emprega_midia (id_midia, id_pessoa) VALUES ('57','2816');
INSERT INTO pessoa (id_pessoa, tipo_documento,documento,nome,data_nascimento,nome_pais_origem) VALUES ('2817','PASS','000791933','Bierbaum','19700612','Switzerland');
INSERT INTO emprega_midia (id_midia, id_pessoa) VALUES ('57','2817');
INSERT INTO pessoa (id_pessoa, tipo_documento,documento,nome,data_nascimento,nome_pais_origem) VALUES ('2818','PASS','000218099','Ascheman','19700816','Portugal');
INSERT INTO emprega_midia (id_midia, id_pessoa) VALUES ('57','2818');
INSERT INTO pessoa (id_pessoa, tipo_documento,documento,nome,data_nascimento,nome_pais_origem) VALUES ('2819','PASS','000592653','Bronson','19731214','Bulgaria');
INSERT INTO emprega_midia (id_midia, id_pessoa) VALUES ('57','2819');
INSERT INTO pessoa (id_pessoa, tipo_documento,documento,nome,data_nascimento,nome_pais_origem) VALUES ('2820','PASS','000745643','Dieringer','19890316','Algeria');
INSERT INTO emprega_midia (id_midia, id_pessoa) VALUES ('57','2820');
INSERT INTO pessoa (id_pessoa, tipo_documento,documento,nome,data_nascimento,nome_pais_origem) VALUES ('2821','PASS','000364197','Damion','19720808','Mexico');
INSERT INTO emprega_midia (id_midia, id_pessoa) VALUES ('57','2821');
INSERT INTO pessoa (id_pessoa, tipo_documento,documento,nome,data_nascimento,nome_pais_origem) VALUES ('2822','PASS','000864895','Cai','19720716','Philippines');
INSERT INTO emprega_midia (id_midia, id_pessoa) VALUES ('57','2822');
INSERT INTO pessoa (id_pessoa, tipo_documento,documento,nome,data_nascimento,nome_pais_origem) VALUES ('2823','PASS','000458095','Dragula','19770401','Slovakia');
INSERT INTO emprega_midia (id_midia, id_pessoa) VALUES ('57','2823');
INSERT INTO pessoa (id_pessoa, tipo_documento,documento,nome,data_nascimento,nome_pais_origem) VALUES ('2824','PASS','000197469','Bergsman','19791105','Syria');
INSERT INTO emprega_midia (id_midia, id_pessoa) VALUES ('57','2824');
INSERT INTO pessoa (id_pessoa, tipo_documento,documento,nome,data_nascimento,nome_pais_origem) VALUES ('2825','PASS','000174681','Bralley','19740609','Australia');
INSERT INTO emprega_midia (id_midia, id_pessoa) VALUES ('57','2825');
INSERT INTO equipe_de_midia (id_midia,nome_empresa) VALUES ('58','KEQNXRU');
INSERT INTO pessoa (id_pessoa, tipo_documento,documento,nome,data_nascimento,nome_pais_origem) VALUES ('2826','PASS','000580722','Gouse','19830421','Switzerland');
INSERT INTO emprega_midia (id_midia, id_pessoa) VALUES ('58','2826');
INSERT INTO pessoa (id_pessoa, tipo_documento,documento,nome,data_nascimento,nome_pais_origem) VALUES ('2827','PASS','000265922','Barritt','19860901','Netherlands');
INSERT INTO emprega_midia (id_midia, id_pessoa) VALUES ('58','2827');
INSERT INTO pessoa (id_pessoa, tipo_documento,documento,nome,data_nascimento,nome_pais_origem) VALUES ('2828','PASS','000784296','Delonais','19810106','Bangladesh');
INSERT INTO emprega_midia (id_midia, id_pessoa) VALUES ('58','2828');
INSERT INTO pessoa (id_pessoa, tipo_documento,documento,nome,data_nascimento,nome_pais_origem) VALUES ('2829','PASS','000175206','Brownwood','19830507','Iran');
INSERT INTO emprega_midia (id_midia, id_pessoa) VALUES ('58','2829');
INSERT INTO pessoa (id_pessoa, tipo_documento,documento,nome,data_nascimento,nome_pais_origem) VALUES ('2830','PASS','000253747','Cernuto','19780415','Paraguay');
INSERT INTO emprega_midia (id_midia, id_pessoa) VALUES ('58','2830');
INSERT INTO pessoa (id_pessoa, tipo_documento,documento,nome,data_nascimento,nome_pais_origem) VALUES ('2831','PASS','000326735','Earp','19810511','Bangladesh');
INSERT INTO emprega_midia (id_midia, id_pessoa) VALUES ('58','2831');
INSERT INTO pessoa (id_pessoa, tipo_documento,documento,nome,data_nascimento,nome_pais_origem) VALUES ('2832','PASS','000223861','Decatur','19711016','Ukraine');
INSERT INTO emprega_midia (id_midia, id_pessoa) VALUES ('58','2832');
INSERT INTO pessoa (id_pessoa, tipo_documento,documento,nome,data_nascimento,nome_pais_origem) VALUES ('2833','PASS','000812631','Bloomingdale','19730324','Belarus');
INSERT INTO emprega_midia (id_midia, id_pessoa) VALUES ('58','2833');
INSERT INTO pessoa (id_pessoa, tipo_documento,documento,nome,data_nascimento,nome_pais_origem) VALUES ('2834','PASS','000782203','Catena','19730805','Chad');
INSERT INTO emprega_midia (id_midia, id_pessoa) VALUES ('58','2834');
INSERT INTO pessoa (id_pessoa, tipo_documento,documento,nome,data_nascimento,nome_pais_origem) VALUES ('2835','PASS','000838926','Amore','19880603','Netherlands');
INSERT INTO emprega_midia (id_midia, id_pessoa) VALUES ('58','2835');
INSERT INTO pessoa (id_pessoa, tipo_documento,documento,nome,data_nascimento,nome_pais_origem) VALUES ('2836','PASS','000822568','Formaggioni','19710426','Belgium');
INSERT INTO emprega_midia (id_midia, id_pessoa) VALUES ('58','2836');
INSERT INTO pessoa (id_pessoa, tipo_documento,documento,nome,data_nascimento,nome_pais_origem) VALUES ('2837','PASS','000855060','Elnora','19711016','Croatia');
INSERT INTO emprega_midia (id_midia, id_pessoa) VALUES ('58','2837');
INSERT INTO pessoa (id_pessoa, tipo_documento,documento,nome,data_nascimento,nome_pais_origem) VALUES ('2838','PASS','000794856','Boesenhofer','19880511','Thailand');
INSERT INTO emprega_midia (id_midia, id_pessoa) VALUES ('58','2838');
INSERT INTO pessoa (id_pessoa, tipo_documento,documento,nome,data_nascimento,nome_pais_origem) VALUES ('2839','PASS','000247142','Dihel','19751025','Netherlands');
INSERT INTO emprega_midia (id_midia, id_pessoa) VALUES ('58','2839');
INSERT INTO pessoa (id_pessoa, tipo_documento,documento,nome,data_nascimento,nome_pais_origem) VALUES ('2840','PASS','000581307','Chevis','19770323','Belarus');
INSERT INTO emprega_midia (id_midia, id_pessoa) VALUES ('58','2840');
INSERT INTO pessoa (id_pessoa, tipo_documento,documento,nome,data_nascimento,nome_pais_origem) VALUES ('2841','PASS','000190328','Elazegui','19770514','Vietnam');
INSERT INTO emprega_midia (id_midia, id_pessoa) VALUES ('58','2841');
INSERT INTO pessoa (id_pessoa, tipo_documento,documento,nome,data_nascimento,nome_pais_origem) VALUES ('2842','PASS','000719914','Crace','19730204','Brazil');
INSERT INTO emprega_midia (id_midia, id_pessoa) VALUES ('58','2842');
INSERT INTO pessoa (id_pessoa, tipo_documento,documento,nome,data_nascimento,nome_pais_origem) VALUES ('2843','PASS','000351415','Bembry','19790801','Peru');
INSERT INTO emprega_midia (id_midia, id_pessoa) VALUES ('58','2843');
INSERT INTO equipe_de_midia (id_midia,nome_empresa) VALUES ('59','ZQJAXGD');
INSERT INTO pessoa (id_pessoa, tipo_documento,documento,nome,data_nascimento,nome_pais_origem) VALUES ('2844','PASS','000247337','Deniken','19770512','Switzerland');
INSERT INTO emprega_midia (id_midia, id_pessoa) VALUES ('59','2844');
INSERT INTO pessoa (id_pessoa, tipo_documento,documento,nome,data_nascimento,nome_pais_origem) VALUES ('2845','PASS','000516378','Bunner','19800618','Bahrain');
INSERT INTO emprega_midia (id_midia, id_pessoa) VALUES ('59','2845');
INSERT INTO pessoa (id_pessoa, tipo_documento,documento,nome,data_nascimento,nome_pais_origem) VALUES ('2846','PASS','000943894','Barnas','19860411','Cuba');
INSERT INTO emprega_midia (id_midia, id_pessoa) VALUES ('59','2846');
INSERT INTO pessoa (id_pessoa, tipo_documento,documento,nome,data_nascimento,nome_pais_origem) VALUES ('2847','PASS','000686514','Franck','19810502','Syria');
INSERT INTO emprega_midia (id_midia, id_pessoa) VALUES ('59','2847');
INSERT INTO pessoa (id_pessoa, tipo_documento,documento,nome,data_nascimento,nome_pais_origem) VALUES ('2848','PASS','000444567','Fidler','19720306','Japan');
INSERT INTO emprega_midia (id_midia, id_pessoa) VALUES ('59','2848');
INSERT INTO pessoa (id_pessoa, tipo_documento,documento,nome,data_nascimento,nome_pais_origem) VALUES ('2849','PASS','000239486','Aicklen','19700223','Senegal');
INSERT INTO emprega_midia (id_midia, id_pessoa) VALUES ('59','2849');
INSERT INTO pessoa (id_pessoa, tipo_documento,documento,nome,data_nascimento,nome_pais_origem) VALUES ('2850','PASS','000663550','Beckie','19770226','Bulgaria');
INSERT INTO emprega_midia (id_midia, id_pessoa) VALUES ('59','2850');
INSERT INTO pessoa (id_pessoa, tipo_documento,documento,nome,data_nascimento,nome_pais_origem) VALUES ('2851','PASS','000832985','Burda','19761101','Croatia');
INSERT INTO emprega_midia (id_midia, id_pessoa) VALUES ('59','2851');
INSERT INTO pessoa (id_pessoa, tipo_documento,documento,nome,data_nascimento,nome_pais_origem) VALUES ('2852','PASS','000864604','Barno','19800608','Turkey');
INSERT INTO emprega_midia (id_midia, id_pessoa) VALUES ('59','2852');
INSERT INTO pessoa (id_pessoa, tipo_documento,documento,nome,data_nascimento,nome_pais_origem) VALUES ('2853','PASS','000306384','Frenner','19780723','Poland');
INSERT INTO emprega_midia (id_midia, id_pessoa) VALUES ('59','2853');
INSERT INTO pessoa (id_pessoa, tipo_documento,documento,nome,data_nascimento,nome_pais_origem) VALUES ('2854','PASS','000280682','Aliza','19830708','Afghanistan');
INSERT INTO emprega_midia (id_midia, id_pessoa) VALUES ('59','2854');
INSERT INTO pessoa (id_pessoa, tipo_documento,documento,nome,data_nascimento,nome_pais_origem) VALUES ('2855','PASS','000204664','Cutsforth','19780609','Zealand');
INSERT INTO emprega_midia (id_midia, id_pessoa) VALUES ('59','2855');
INSERT INTO pessoa (id_pessoa, tipo_documento,documento,nome,data_nascimento,nome_pais_origem) VALUES ('2856','PASS','000670671','Giacopelli','19760617','Austria');
INSERT INTO emprega_midia (id_midia, id_pessoa) VALUES ('59','2856');
INSERT INTO pessoa (id_pessoa, tipo_documento,documento,nome,data_nascimento,nome_pais_origem) VALUES ('2857','PASS','000867967','Colpitts','19890505','Bahamas');
INSERT INTO emprega_midia (id_midia, id_pessoa) VALUES ('59','2857');
INSERT INTO pessoa (id_pessoa, tipo_documento,documento,nome,data_nascimento,nome_pais_origem) VALUES ('2858','PASS','000464176','Crighton','19880527','Brazil');
INSERT INTO emprega_midia (id_midia, id_pessoa) VALUES ('59','2858');
INSERT INTO pessoa (id_pessoa, tipo_documento,documento,nome,data_nascimento,nome_pais_origem) VALUES ('2859','PASS','000696030','Bazarte','19710723','Georgia');
INSERT INTO emprega_midia (id_midia, id_pessoa) VALUES ('59','2859');
INSERT INTO pessoa (id_pessoa, tipo_documento,documento,nome,data_nascimento,nome_pais_origem) VALUES ('2860','PASS','000139535','Dini','19840621','Vietnam');
INSERT INTO emprega_midia (id_midia, id_pessoa) VALUES ('59','2860');
INSERT INTO pessoa (id_pessoa, tipo_documento,documento,nome,data_nascimento,nome_pais_origem) VALUES ('2861','PASS','000426771','Foesch','19711018','Finland');
INSERT INTO emprega_midia (id_midia, id_pessoa) VALUES ('59','2861');
INSERT INTO pessoa (id_pessoa, tipo_documento,documento,nome,data_nascimento,nome_pais_origem) VALUES ('2862','PASS','000578862','Dillworth','19730409','Senegal');
INSERT INTO emprega_midia (id_midia, id_pessoa) VALUES ('59','2862');
INSERT INTO pessoa (id_pessoa, tipo_documento,documento,nome,data_nascimento,nome_pais_origem) VALUES ('2863','PASS','000768445','Bordeau','19730210','Nicaragua');
INSERT INTO emprega_midia (id_midia, id_pessoa) VALUES ('59','2863');
INSERT INTO pessoa (id_pessoa, tipo_documento,documento,nome,data_nascimento,nome_pais_origem) VALUES ('2864','PASS','000235249','Bridger','19800706','Iraq');
INSERT INTO emprega_midia (id_midia, id_pessoa) VALUES ('59','2864');
INSERT INTO pessoa (id_pessoa, tipo_documento,documento,nome,data_nascimento,nome_pais_origem) VALUES ('2865','PASS','000226865','Duboise','19800303','Morocco');
INSERT INTO emprega_midia (id_midia, id_pessoa) VALUES ('59','2865');
INSERT INTO pessoa (id_pessoa, tipo_documento,documento,nome,data_nascimento,nome_pais_origem) VALUES ('2866','PASS','000237986','Gertude','19790218','Austria');
INSERT INTO emprega_midia (id_midia, id_pessoa) VALUES ('59','2866');
INSERT INTO pessoa (id_pessoa, tipo_documento,documento,nome,data_nascimento,nome_pais_origem) VALUES ('2867','PASS','000317254','Garibay','19701109','Mongolia');
INSERT INTO emprega_midia (id_midia, id_pessoa) VALUES ('59','2867');
INSERT INTO pessoa (id_pessoa, tipo_documento,documento,nome,data_nascimento,nome_pais_origem) VALUES ('2868','PASS','000180588','Brucato','19810917','Monaco');
INSERT INTO emprega_midia (id_midia, id_pessoa) VALUES ('59','2868');
INSERT INTO pessoa (id_pessoa, tipo_documento,documento,nome,data_nascimento,nome_pais_origem) VALUES ('2869','PASS','000425653','Chuyangher','19720720','Bangladesh');
INSERT INTO emprega_midia (id_midia, id_pessoa) VALUES ('59','2869');
INSERT INTO pessoa (id_pessoa, tipo_documento,documento,nome,data_nascimento,nome_pais_origem) VALUES ('2870','PASS','000422843','Goldman','19790704','Arabia');
INSERT INTO emprega_midia (id_midia, id_pessoa) VALUES ('59','2870');
INSERT INTO pessoa (id_pessoa, tipo_documento,documento,nome,data_nascimento,nome_pais_origem) VALUES ('2871','PASS','000858949','Barbara','19840601','Saudi');
INSERT INTO emprega_midia (id_midia, id_pessoa) VALUES ('59','2871');
INSERT INTO pessoa (id_pessoa, tipo_documento,documento,nome,data_nascimento,nome_pais_origem) VALUES ('2872','PASS','000120422','Chittick','19811010','Angola');
INSERT INTO emprega_midia (id_midia, id_pessoa) VALUES ('59','2872');
INSERT INTO pessoa (id_pessoa, tipo_documento,documento,nome,data_nascimento,nome_pais_origem) VALUES ('2873','PASS','000364017','Croom','19750218','Bahamas');
INSERT INTO emprega_midia (id_midia, id_pessoa) VALUES ('59','2873');
INSERT INTO equipe_de_midia (id_midia,nome_empresa) VALUES ('60','FEWGSQY');
INSERT INTO pessoa (id_pessoa, tipo_documento,documento,nome,data_nascimento,nome_pais_origem) VALUES ('2874','PASS','000130379','Bunten','19860308','Thailand');
INSERT INTO emprega_midia (id_midia, id_pessoa) VALUES ('60','2874');
INSERT INTO pessoa (id_pessoa, tipo_documento,documento,nome,data_nascimento,nome_pais_origem) VALUES ('2875','PASS','000893737','Anschutz','19780403','Bangladesh');
INSERT INTO emprega_midia (id_midia, id_pessoa) VALUES ('60','2875');
INSERT INTO pessoa (id_pessoa, tipo_documento,documento,nome,data_nascimento,nome_pais_origem) VALUES ('2876','PASS','000338832','Fenrich','19881123','Luxembourg');
INSERT INTO emprega_midia (id_midia, id_pessoa) VALUES ('60','2876');
INSERT INTO pessoa (id_pessoa, tipo_documento,documento,nome,data_nascimento,nome_pais_origem) VALUES ('2877','PASS','000609620','Burnard','19850302','Georgia');
INSERT INTO emprega_midia (id_midia, id_pessoa) VALUES ('60','2877');
INSERT INTO pessoa (id_pessoa, tipo_documento,documento,nome,data_nascimento,nome_pais_origem) VALUES ('2878','PASS','000379277','Bennerson','19841206','Finland');
INSERT INTO emprega_midia (id_midia, id_pessoa) VALUES ('60','2878');
INSERT INTO pessoa (id_pessoa, tipo_documento,documento,nome,data_nascimento,nome_pais_origem) VALUES ('2879','PASS','000635292','Faurot','19811022','Colombia');
INSERT INTO emprega_midia (id_midia, id_pessoa) VALUES ('60','2879');
INSERT INTO pessoa (id_pessoa, tipo_documento,documento,nome,data_nascimento,nome_pais_origem) VALUES ('2880','PASS','000613053','Davisson','19841011','Greece');
INSERT INTO emprega_midia (id_midia, id_pessoa) VALUES ('60','2880');
INSERT INTO pessoa (id_pessoa, tipo_documento,documento,nome,data_nascimento,nome_pais_origem) VALUES ('2881','PASS','000127055','Billeaudeau','19871203','Mexico');
INSERT INTO emprega_midia (id_midia, id_pessoa) VALUES ('60','2881');
INSERT INTO pessoa (id_pessoa, tipo_documento,documento,nome,data_nascimento,nome_pais_origem) VALUES ('2882','PASS','000908800','Elbe','19720625','Afghanistan');
INSERT INTO emprega_midia (id_midia, id_pessoa) VALUES ('60','2882');
INSERT INTO pessoa (id_pessoa, tipo_documento,documento,nome,data_nascimento,nome_pais_origem) VALUES ('2883','PASS','000536688','Cocco','19880827','Morocco');
INSERT INTO emprega_midia (id_midia, id_pessoa) VALUES ('60','2883');
INSERT INTO pessoa (id_pessoa, tipo_documento,documento,nome,data_nascimento,nome_pais_origem) VALUES ('2884','PASS','000218269','Arend','19710726','Ukraine');
INSERT INTO emprega_midia (id_midia, id_pessoa) VALUES ('60','2884');
INSERT INTO pessoa (id_pessoa, tipo_documento,documento,nome,data_nascimento,nome_pais_origem) VALUES ('2885','PASS','000767984','Canaway','19861018','Liechtenstein');
INSERT INTO emprega_midia (id_midia, id_pessoa) VALUES ('60','2885');
INSERT INTO pessoa (id_pessoa, tipo_documento,documento,nome,data_nascimento,nome_pais_origem) VALUES ('2886','PASS','000753834','Goodgion','19880504','Algeria');
INSERT INTO emprega_midia (id_midia, id_pessoa) VALUES ('60','2886');
INSERT INTO pessoa (id_pessoa, tipo_documento,documento,nome,data_nascimento,nome_pais_origem) VALUES ('2887','PASS','000209323','Artiga','19720626','Uzbekistan');
INSERT INTO emprega_midia (id_midia, id_pessoa) VALUES ('60','2887');
INSERT INTO pessoa (id_pessoa, tipo_documento,documento,nome,data_nascimento,nome_pais_origem) VALUES ('2888','PASS','000316743','Favreau','19820909','Armenia');
INSERT INTO emprega_midia (id_midia, id_pessoa) VALUES ('60','2888');
INSERT INTO pessoa (id_pessoa, tipo_documento,documento,nome,data_nascimento,nome_pais_origem) VALUES ('2889','PASS','000983391','Battiato','19850918','Hungary');
INSERT INTO emprega_midia (id_midia, id_pessoa) VALUES ('60','2889');
INSERT INTO equipe_de_midia (id_midia,nome_empresa) VALUES ('61','ALCGCWH');
INSERT INTO pessoa (id_pessoa, tipo_documento,documento,nome,data_nascimento,nome_pais_origem) VALUES ('2890','PASS','000243756','Addison','19860919','Japan');
INSERT INTO emprega_midia (id_midia, id_pessoa) VALUES ('61','2890');
INSERT INTO equipe_de_midia (id_midia,nome_empresa) VALUES ('62','MNLGAIR');
INSERT INTO pessoa (id_pessoa, tipo_documento,documento,nome,data_nascimento,nome_pais_origem) VALUES ('2891','PASS','000640196','Feister','19850108','Hungary');
INSERT INTO emprega_midia (id_midia, id_pessoa) VALUES ('62','2891');
INSERT INTO pessoa (id_pessoa, tipo_documento,documento,nome,data_nascimento,nome_pais_origem) VALUES ('2892','PASS','000112902','Bowling','19801106','Austria');
INSERT INTO emprega_midia (id_midia, id_pessoa) VALUES ('62','2892');
INSERT INTO pessoa (id_pessoa, tipo_documento,documento,nome,data_nascimento,nome_pais_origem) VALUES ('2893','PASS','000643768','Chiquito','19790624','Australia');
INSERT INTO emprega_midia (id_midia, id_pessoa) VALUES ('62','2893');
INSERT INTO pessoa (id_pessoa, tipo_documento,documento,nome,data_nascimento,nome_pais_origem) VALUES ('2894','PASS','000831589','Antenucci','19710109','Luxembourg');
INSERT INTO emprega_midia (id_midia, id_pessoa) VALUES ('62','2894');
INSERT INTO pessoa (id_pessoa, tipo_documento,documento,nome,data_nascimento,nome_pais_origem) VALUES ('2895','PASS','000839606','Gradel','19710719','India');
INSERT INTO emprega_midia (id_midia, id_pessoa) VALUES ('62','2895');
INSERT INTO pessoa (id_pessoa, tipo_documento,documento,nome,data_nascimento,nome_pais_origem) VALUES ('2896','PASS','000325121','Appleby','19711215','Estonia');
INSERT INTO emprega_midia (id_midia, id_pessoa) VALUES ('62','2896');
INSERT INTO pessoa (id_pessoa, tipo_documento,documento,nome,data_nascimento,nome_pais_origem) VALUES ('2897','PASS','000611527','Bennie','19880324','Argentina');
INSERT INTO emprega_midia (id_midia, id_pessoa) VALUES ('62','2897');
INSERT INTO pessoa (id_pessoa, tipo_documento,documento,nome,data_nascimento,nome_pais_origem) VALUES ('2898','PASS','000757953','Amigon','19701107','Bangladesh');
INSERT INTO emprega_midia (id_midia, id_pessoa) VALUES ('62','2898');
INSERT INTO pessoa (id_pessoa, tipo_documento,documento,nome,data_nascimento,nome_pais_origem) VALUES ('2899','PASS','000950452','Arnett','19841109','Finland');
INSERT INTO emprega_midia (id_midia, id_pessoa) VALUES ('62','2899');
INSERT INTO pessoa (id_pessoa, tipo_documento,documento,nome,data_nascimento,nome_pais_origem) VALUES ('2900','PASS','000590163','Derr','19740826','Vietnam');
INSERT INTO emprega_midia (id_midia, id_pessoa) VALUES ('62','2900');
INSERT INTO pessoa (id_pessoa, tipo_documento,documento,nome,data_nascimento,nome_pais_origem) VALUES ('2901','PASS','000309481','Ellinghuysen','19801206','Arabia');
INSERT INTO emprega_midia (id_midia, id_pessoa) VALUES ('62','2901');
INSERT INTO pessoa (id_pessoa, tipo_documento,documento,nome,data_nascimento,nome_pais_origem) VALUES ('2902','PASS','000339482','Cager','19761108','Chad');
INSERT INTO emprega_midia (id_midia, id_pessoa) VALUES ('62','2902');
INSERT INTO pessoa (id_pessoa, tipo_documento,documento,nome,data_nascimento,nome_pais_origem) VALUES ('2903','PASS','000485528','Cracraft','19810812','Iraq');
INSERT INTO emprega_midia (id_midia, id_pessoa) VALUES ('62','2903');
INSERT INTO pessoa (id_pessoa, tipo_documento,documento,nome,data_nascimento,nome_pais_origem) VALUES ('2904','PASS','000408043','Bend','19730621','Hungary');
INSERT INTO emprega_midia (id_midia, id_pessoa) VALUES ('62','2904');
INSERT INTO pessoa (id_pessoa, tipo_documento,documento,nome,data_nascimento,nome_pais_origem) VALUES ('2905','PASS','000431497','An','19820114','Uzbekistan');
INSERT INTO emprega_midia (id_midia, id_pessoa) VALUES ('62','2905');
INSERT INTO pessoa (id_pessoa, tipo_documento,documento,nome,data_nascimento,nome_pais_origem) VALUES ('2906','PASS','000880767','Bellantone','19731020','Netherlands');
INSERT INTO emprega_midia (id_midia, id_pessoa) VALUES ('62','2906');
INSERT INTO pessoa (id_pessoa, tipo_documento,documento,nome,data_nascimento,nome_pais_origem) VALUES ('2907','PASS','000582418','Altringer','19881220','Croatia');
INSERT INTO emprega_midia (id_midia, id_pessoa) VALUES ('62','2907');
INSERT INTO pessoa (id_pessoa, tipo_documento,documento,nome,data_nascimento,nome_pais_origem) VALUES ('2908','PASS','000793618','Cavalier','19810521','Switzerland');
INSERT INTO emprega_midia (id_midia, id_pessoa) VALUES ('62','2908');
INSERT INTO pessoa (id_pessoa, tipo_documento,documento,nome,data_nascimento,nome_pais_origem) VALUES ('2909','PASS','000560990','Breckenstein','19810112','Hungary');
INSERT INTO emprega_midia (id_midia, id_pessoa) VALUES ('62','2909');
INSERT INTO pessoa (id_pessoa, tipo_documento,documento,nome,data_nascimento,nome_pais_origem) VALUES ('2910','PASS','000643464','Buisson','19770417','Norway');
INSERT INTO emprega_midia (id_midia, id_pessoa) VALUES ('62','2910');
INSERT INTO pessoa (id_pessoa, tipo_documento,documento,nome,data_nascimento,nome_pais_origem) VALUES ('2911','PASS','000665515','Cellar','19710522','Brazil');
INSERT INTO emprega_midia (id_midia, id_pessoa) VALUES ('62','2911');
INSERT INTO pessoa (id_pessoa, tipo_documento,documento,nome,data_nascimento,nome_pais_origem) VALUES ('2912','PASS','000550150','Case','19700412','Japan');
INSERT INTO emprega_midia (id_midia, id_pessoa) VALUES ('62','2912');
INSERT INTO pessoa (id_pessoa, tipo_documento,documento,nome,data_nascimento,nome_pais_origem) VALUES ('2913','PASS','000614788','Darin','19870817','India');
INSERT INTO emprega_midia (id_midia, id_pessoa) VALUES ('62','2913');
INSERT INTO pessoa (id_pessoa, tipo_documento,documento,nome,data_nascimento,nome_pais_origem) VALUES ('2914','PASS','000876184','Bohlinger','19710804','Albania');
INSERT INTO emprega_midia (id_midia, id_pessoa) VALUES ('62','2914');
INSERT INTO pessoa (id_pessoa, tipo_documento,documento,nome,data_nascimento,nome_pais_origem) VALUES ('2915','PASS','000502071','Gaynell','19771012','Arabia');
INSERT INTO emprega_midia (id_midia, id_pessoa) VALUES ('62','2915');
INSERT INTO pessoa (id_pessoa, tipo_documento,documento,nome,data_nascimento,nome_pais_origem) VALUES ('2916','PASS','000791644','Flammang','19771217','Sweden');
INSERT INTO emprega_midia (id_midia, id_pessoa) VALUES ('62','2916');
INSERT INTO pessoa (id_pessoa, tipo_documento,documento,nome,data_nascimento,nome_pais_origem) VALUES ('2917','PASS','000515150','Curley','19770809','Bangladesh');
INSERT INTO emprega_midia (id_midia, id_pessoa) VALUES ('62','2917');
INSERT INTO pessoa (id_pessoa, tipo_documento,documento,nome,data_nascimento,nome_pais_origem) VALUES ('2918','PASS','000880738','Boscio','19750615','Estonia');
INSERT INTO emprega_midia (id_midia, id_pessoa) VALUES ('62','2918');
INSERT INTO pessoa (id_pessoa, tipo_documento,documento,nome,data_nascimento,nome_pais_origem) VALUES ('2919','PASS','000692115','Dottle','19720320','Bulgaria');
INSERT INTO emprega_midia (id_midia, id_pessoa) VALUES ('62','2919');
INSERT INTO pessoa (id_pessoa, tipo_documento,documento,nome,data_nascimento,nome_pais_origem) VALUES ('2920','PASS','000616217','Dayne','19740315','China');
INSERT INTO emprega_midia (id_midia, id_pessoa) VALUES ('62','2920');
INSERT INTO pessoa (id_pessoa, tipo_documento,documento,nome,data_nascimento,nome_pais_origem) VALUES ('2921','PASS','000928146','Blanquet','19820122','Bulgaria');
INSERT INTO emprega_midia (id_midia, id_pessoa) VALUES ('62','2921');
INSERT INTO equipe_de_midia (id_midia,nome_empresa) VALUES ('63','VLQZSDW');
INSERT INTO pessoa (id_pessoa, tipo_documento,documento,nome,data_nascimento,nome_pais_origem) VALUES ('2922','PASS','000393609','Bulinski','19750324','Uruguay');
INSERT INTO emprega_midia (id_midia, id_pessoa) VALUES ('63','2922');
INSERT INTO pessoa (id_pessoa, tipo_documento,documento,nome,data_nascimento,nome_pais_origem) VALUES ('2923','PASS','000688929','Fraher','19871226','Germany');
INSERT INTO emprega_midia (id_midia, id_pessoa) VALUES ('63','2923');
INSERT INTO pessoa (id_pessoa, tipo_documento,documento,nome,data_nascimento,nome_pais_origem) VALUES ('2924','PASS','000211146','Arcuri','19711221','Denmark');
INSERT INTO emprega_midia (id_midia, id_pessoa) VALUES ('63','2924');
INSERT INTO pessoa (id_pessoa, tipo_documento,documento,nome,data_nascimento,nome_pais_origem) VALUES ('2925','PASS','000678467','Folker','19890815','Finland');
INSERT INTO emprega_midia (id_midia, id_pessoa) VALUES ('63','2925');
INSERT INTO pessoa (id_pessoa, tipo_documento,documento,nome,data_nascimento,nome_pais_origem) VALUES ('2926','PASS','000906872','Grothoff','19700707','Norway');
INSERT INTO emprega_midia (id_midia, id_pessoa) VALUES ('63','2926');
INSERT INTO pessoa (id_pessoa, tipo_documento,documento,nome,data_nascimento,nome_pais_origem) VALUES ('2927','PASS','000218936','Carpinelli','19841207','Peru');
INSERT INTO emprega_midia (id_midia, id_pessoa) VALUES ('63','2927');
INSERT INTO pessoa (id_pessoa, tipo_documento,documento,nome,data_nascimento,nome_pais_origem) VALUES ('2928','PASS','000100392','Castle','19880622','Peru');
INSERT INTO emprega_midia (id_midia, id_pessoa) VALUES ('63','2928');
INSERT INTO pessoa (id_pessoa, tipo_documento,documento,nome,data_nascimento,nome_pais_origem) VALUES ('2929','PASS','000416786','Choulnard','19850802','Estonia');
INSERT INTO emprega_midia (id_midia, id_pessoa) VALUES ('63','2929');
INSERT INTO pessoa (id_pessoa, tipo_documento,documento,nome,data_nascimento,nome_pais_origem) VALUES ('2930','PASS','000137030','Gaser','19800118','Romania');
INSERT INTO emprega_midia (id_midia, id_pessoa) VALUES ('63','2930');
INSERT INTO pessoa (id_pessoa, tipo_documento,documento,nome,data_nascimento,nome_pais_origem) VALUES ('2931','PASS','000920180','Ginzel','19821221','Bulgaria');
INSERT INTO emprega_midia (id_midia, id_pessoa) VALUES ('63','2931');
INSERT INTO pessoa (id_pessoa, tipo_documento,documento,nome,data_nascimento,nome_pais_origem) VALUES ('2932','PASS','000569789','Celso','19760524','Lithuania');
INSERT INTO emprega_midia (id_midia, id_pessoa) VALUES ('63','2932');
INSERT INTO pessoa (id_pessoa, tipo_documento,documento,nome,data_nascimento,nome_pais_origem) VALUES ('2933','PASS','000493422','Ciotti','19790412','Japan');
INSERT INTO emprega_midia (id_midia, id_pessoa) VALUES ('63','2933');
INSERT INTO pessoa (id_pessoa, tipo_documento,documento,nome,data_nascimento,nome_pais_origem) VALUES ('2934','PASS','000696092','Digmann','19720504','Uruguay');
INSERT INTO emprega_midia (id_midia, id_pessoa) VALUES ('63','2934');
INSERT INTO pessoa (id_pessoa, tipo_documento,documento,nome,data_nascimento,nome_pais_origem) VALUES ('2935','PASS','000114357','Bartow','19730626','Syria');
INSERT INTO emprega_midia (id_midia, id_pessoa) VALUES ('63','2935');
INSERT INTO pessoa (id_pessoa, tipo_documento,documento,nome,data_nascimento,nome_pais_origem) VALUES ('2936','PASS','000307288','Dobbratz','19800202','Georgia');
INSERT INTO emprega_midia (id_midia, id_pessoa) VALUES ('63','2936');
INSERT INTO pessoa (id_pessoa, tipo_documento,documento,nome,data_nascimento,nome_pais_origem) VALUES ('2937','PASS','000108110','Benser','19841126','Chile');
INSERT INTO emprega_midia (id_midia, id_pessoa) VALUES ('63','2937');
INSERT INTO pessoa (id_pessoa, tipo_documento,documento,nome,data_nascimento,nome_pais_origem) VALUES ('2938','PASS','000921197','Blyzes','19880622','Liechtenstein');
INSERT INTO emprega_midia (id_midia, id_pessoa) VALUES ('63','2938');
INSERT INTO pessoa (id_pessoa, tipo_documento,documento,nome,data_nascimento,nome_pais_origem) VALUES ('2939','PASS','000589754','Couret','19751205','Luxembourg');
INSERT INTO emprega_midia (id_midia, id_pessoa) VALUES ('63','2939');
INSERT INTO pessoa (id_pessoa, tipo_documento,documento,nome,data_nascimento,nome_pais_origem) VALUES ('2940','PASS','000643866','Beidler','19881109','Uzbekistan');
INSERT INTO emprega_midia (id_midia, id_pessoa) VALUES ('63','2940');
INSERT INTO pessoa (id_pessoa, tipo_documento,documento,nome,data_nascimento,nome_pais_origem) VALUES ('2941','PASS','000273776','Biddinger','19700812','Romania');
INSERT INTO emprega_midia (id_midia, id_pessoa) VALUES ('63','2941');
INSERT INTO pessoa (id_pessoa, tipo_documento,documento,nome,data_nascimento,nome_pais_origem) VALUES ('2942','PASS','000223751','Friederich','19800108','Bangladesh');
INSERT INTO emprega_midia (id_midia, id_pessoa) VALUES ('63','2942');
INSERT INTO pessoa (id_pessoa, tipo_documento,documento,nome,data_nascimento,nome_pais_origem) VALUES ('2943','PASS','000733672','Craigo','19800607','Croatia');
INSERT INTO emprega_midia (id_midia, id_pessoa) VALUES ('63','2943');
INSERT INTO pessoa (id_pessoa, tipo_documento,documento,nome,data_nascimento,nome_pais_origem) VALUES ('2944','PASS','000637382','Chester','19800106','Hungary');
INSERT INTO emprega_midia (id_midia, id_pessoa) VALUES ('63','2944');
INSERT INTO pessoa (id_pessoa, tipo_documento,documento,nome,data_nascimento,nome_pais_origem) VALUES ('2945','PASS','000518529','Bodenheimer','19810419','Indonesia');
INSERT INTO emprega_midia (id_midia, id_pessoa) VALUES ('63','2945');
INSERT INTO pessoa (id_pessoa, tipo_documento,documento,nome,data_nascimento,nome_pais_origem) VALUES ('2946','PASS','000960998','Faiella','19860818','Cuba');
INSERT INTO emprega_midia (id_midia, id_pessoa) VALUES ('63','2946');
INSERT INTO pessoa (id_pessoa, tipo_documento,documento,nome,data_nascimento,nome_pais_origem) VALUES ('2947','PASS','000787789','Comfort','19850315','Thailand');
INSERT INTO emprega_midia (id_midia, id_pessoa) VALUES ('63','2947');
INSERT INTO pessoa (id_pessoa, tipo_documento,documento,nome,data_nascimento,nome_pais_origem) VALUES ('2948','PASS','000117157','Basel','19740807','Norway');
INSERT INTO emprega_midia (id_midia, id_pessoa) VALUES ('63','2948');
INSERT INTO pessoa (id_pessoa, tipo_documento,documento,nome,data_nascimento,nome_pais_origem) VALUES ('2949','PASS','000758293','Elmer','19881212','Japan');
INSERT INTO emprega_midia (id_midia, id_pessoa) VALUES ('63','2949');
INSERT INTO pessoa (id_pessoa, tipo_documento,documento,nome,data_nascimento,nome_pais_origem) VALUES ('2950','PASS','000612933','Bayird','19841207','Bangladesh');
INSERT INTO emprega_midia (id_midia, id_pessoa) VALUES ('63','2950');
INSERT INTO equipe_de_midia (id_midia,nome_empresa) VALUES ('64','AQZGLPP');
INSERT INTO pessoa (id_pessoa, tipo_documento,documento,nome,data_nascimento,nome_pais_origem) VALUES ('2951','PASS','000856847','Bisard','19790504','Uruguay');
INSERT INTO emprega_midia (id_midia, id_pessoa) VALUES ('64','2951');
INSERT INTO pessoa (id_pessoa, tipo_documento,documento,nome,data_nascimento,nome_pais_origem) VALUES ('2952','PASS','000132116','Galla','19851003','Vietnam');
INSERT INTO emprega_midia (id_midia, id_pessoa) VALUES ('64','2952');
INSERT INTO pessoa (id_pessoa, tipo_documento,documento,nome,data_nascimento,nome_pais_origem) VALUES ('2953','PASS','000847327','Bucanan','19830922','Uruguay');
INSERT INTO emprega_midia (id_midia, id_pessoa) VALUES ('64','2953');
INSERT INTO pessoa (id_pessoa, tipo_documento,documento,nome,data_nascimento,nome_pais_origem) VALUES ('2954','PASS','000972658','Birsner','19720104','Vietnam');
INSERT INTO emprega_midia (id_midia, id_pessoa) VALUES ('64','2954');
INSERT INTO pessoa (id_pessoa, tipo_documento,documento,nome,data_nascimento,nome_pais_origem) VALUES ('2955','PASS','000592381','Goodwin','19890404','Italy');
INSERT INTO emprega_midia (id_midia, id_pessoa) VALUES ('64','2955');
INSERT INTO equipe_de_midia (id_midia,nome_empresa) VALUES ('65','XEAFYFU');
INSERT INTO pessoa (id_pessoa, tipo_documento,documento,nome,data_nascimento,nome_pais_origem) VALUES ('2956','PASS','000837308','Beppu','19710720','Denmark');
INSERT INTO emprega_midia (id_midia, id_pessoa) VALUES ('65','2956');
INSERT INTO pessoa (id_pessoa, tipo_documento,documento,nome,data_nascimento,nome_pais_origem) VALUES ('2957','PASS','000809608','Godzik','19840317','Germany');
INSERT INTO emprega_midia (id_midia, id_pessoa) VALUES ('65','2957');
INSERT INTO pessoa (id_pessoa, tipo_documento,documento,nome,data_nascimento,nome_pais_origem) VALUES ('2958','PASS','000195123','Aw','19850515','Hungary');
INSERT INTO emprega_midia (id_midia, id_pessoa) VALUES ('65','2958');
INSERT INTO pessoa (id_pessoa, tipo_documento,documento,nome,data_nascimento,nome_pais_origem) VALUES ('2959','PASS','000138012','Fallone','19770306','Finland');
INSERT INTO emprega_midia (id_midia, id_pessoa) VALUES ('65','2959');
INSERT INTO pessoa (id_pessoa, tipo_documento,documento,nome,data_nascimento,nome_pais_origem) VALUES ('2960','PASS','000643968','Boughter','19890318','Belgium');
INSERT INTO emprega_midia (id_midia, id_pessoa) VALUES ('65','2960');
INSERT INTO pessoa (id_pessoa, tipo_documento,documento,nome,data_nascimento,nome_pais_origem) VALUES ('2961','PASS','000595140','Branine','19790523','New');
INSERT INTO emprega_midia (id_midia, id_pessoa) VALUES ('65','2961');
INSERT INTO pessoa (id_pessoa, tipo_documento,documento,nome,data_nascimento,nome_pais_origem) VALUES ('2962','PASS','000938838','Getson','19750608','Belgium');
INSERT INTO emprega_midia (id_midia, id_pessoa) VALUES ('65','2962');
INSERT INTO pessoa (id_pessoa, tipo_documento,documento,nome,data_nascimento,nome_pais_origem) VALUES ('2963','PASS','000175483','Akapo','19870621','Turkey');
INSERT INTO emprega_midia (id_midia, id_pessoa) VALUES ('65','2963');
INSERT INTO pessoa (id_pessoa, tipo_documento,documento,nome,data_nascimento,nome_pais_origem) VALUES ('2964','PASS','000914837','Amescua','19880104','Afghanistan');
INSERT INTO emprega_midia (id_midia, id_pessoa) VALUES ('65','2964');
INSERT INTO pessoa (id_pessoa, tipo_documento,documento,nome,data_nascimento,nome_pais_origem) VALUES ('2965','PASS','000848137','Conaghan','19780123','Brazil');
INSERT INTO emprega_midia (id_midia, id_pessoa) VALUES ('65','2965');
INSERT INTO pessoa (id_pessoa, tipo_documento,documento,nome,data_nascimento,nome_pais_origem) VALUES ('2966','PASS','000170504','Ater','19700315','Armenia');
INSERT INTO emprega_midia (id_midia, id_pessoa) VALUES ('65','2966');
INSERT INTO pessoa (id_pessoa, tipo_documento,documento,nome,data_nascimento,nome_pais_origem) VALUES ('2967','PASS','000635757','Farid','19760325','Netherlands');
INSERT INTO emprega_midia (id_midia, id_pessoa) VALUES ('65','2967');
INSERT INTO pessoa (id_pessoa, tipo_documento,documento,nome,data_nascimento,nome_pais_origem) VALUES ('2968','PASS','000521702','Arlington','19701116','Saudi');
INSERT INTO emprega_midia (id_midia, id_pessoa) VALUES ('65','2968');
INSERT INTO pessoa (id_pessoa, tipo_documento,documento,nome,data_nascimento,nome_pais_origem) VALUES ('2969','PASS','000908333','Anastos','19740211','Vietnam');
INSERT INTO emprega_midia (id_midia, id_pessoa) VALUES ('65','2969');
INSERT INTO pessoa (id_pessoa, tipo_documento,documento,nome,data_nascimento,nome_pais_origem) VALUES ('2970','PASS','000363829','Amos','19791101','Afghanistan');
INSERT INTO emprega_midia (id_midia, id_pessoa) VALUES ('65','2970');
INSERT INTO pessoa (id_pessoa, tipo_documento,documento,nome,data_nascimento,nome_pais_origem) VALUES ('2971','PASS','000228654','Fie','19801016','Barbados');
INSERT INTO emprega_midia (id_midia, id_pessoa) VALUES ('65','2971');
INSERT INTO pessoa (id_pessoa, tipo_documento,documento,nome,data_nascimento,nome_pais_origem) VALUES ('2972','PASS','000232590','Gibbens','19780117','Portugal');
INSERT INTO emprega_midia (id_midia, id_pessoa) VALUES ('65','2972');
INSERT INTO pessoa (id_pessoa, tipo_documento,documento,nome,data_nascimento,nome_pais_origem) VALUES ('2973','PASS','000921399','Breckel','19800512','Cuba');
INSERT INTO emprega_midia (id_midia, id_pessoa) VALUES ('65','2973');
INSERT INTO pessoa (id_pessoa, tipo_documento,documento,nome,data_nascimento,nome_pais_origem) VALUES ('2974','PASS','000143541','Boza','19880120','Peru');
INSERT INTO emprega_midia (id_midia, id_pessoa) VALUES ('65','2974');
INSERT INTO pessoa (id_pessoa, tipo_documento,documento,nome,data_nascimento,nome_pais_origem) VALUES ('2975','PASS','000429574','Balko','19760115','Bulgaria');
INSERT INTO emprega_midia (id_midia, id_pessoa) VALUES ('65','2975');
INSERT INTO pessoa (id_pessoa, tipo_documento,documento,nome,data_nascimento,nome_pais_origem) VALUES ('2976','PASS','000624874','Ganiban','19850407','Netherlands');
INSERT INTO emprega_midia (id_midia, id_pessoa) VALUES ('65','2976');
INSERT INTO pessoa (id_pessoa, tipo_documento,documento,nome,data_nascimento,nome_pais_origem) VALUES ('2977','PASS','000629328','Blizzard','19770703','Azerbaijan');
INSERT INTO emprega_midia (id_midia, id_pessoa) VALUES ('65','2977');
INSERT INTO pessoa (id_pessoa, tipo_documento,documento,nome,data_nascimento,nome_pais_origem) VALUES ('2978','PASS','000896979','Dagner','19720623','Iran');
INSERT INTO emprega_midia (id_midia, id_pessoa) VALUES ('65','2978');
INSERT INTO pessoa (id_pessoa, tipo_documento,documento,nome,data_nascimento,nome_pais_origem) VALUES ('2979','PASS','000763952','Chasity','19780916','Serbia');
INSERT INTO emprega_midia (id_midia, id_pessoa) VALUES ('65','2979');
INSERT INTO pessoa (id_pessoa, tipo_documento,documento,nome,data_nascimento,nome_pais_origem) VALUES ('2980','PASS','000357209','Comden','19840724','Syria');
INSERT INTO emprega_midia (id_midia, id_pessoa) VALUES ('65','2980');
INSERT INTO equipe_de_midia (id_midia,nome_empresa) VALUES ('66','FMJBROH');
INSERT INTO pessoa (id_pessoa, tipo_documento,documento,nome,data_nascimento,nome_pais_origem) VALUES ('2981','PASS','000786567','Anisha','19891017','Luxembourg');
INSERT INTO emprega_midia (id_midia, id_pessoa) VALUES ('66','2981');
INSERT INTO pessoa (id_pessoa, tipo_documento,documento,nome,data_nascimento,nome_pais_origem) VALUES ('2982','PASS','000973943','Carrier','19780904','Costa');
INSERT INTO emprega_midia (id_midia, id_pessoa) VALUES ('66','2982');
INSERT INTO equipe_de_midia (id_midia,nome_empresa) VALUES ('67','XEATDNZ');
INSERT INTO pessoa (id_pessoa, tipo_documento,documento,nome,data_nascimento,nome_pais_origem) VALUES ('2983','PASS','000976725','Fly','19890304','France');
INSERT INTO emprega_midia (id_midia, id_pessoa) VALUES ('67','2983');
INSERT INTO pessoa (id_pessoa, tipo_documento,documento,nome,data_nascimento,nome_pais_origem) VALUES ('2984','PASS','000952392','Callens','19720825','Saudi');
INSERT INTO emprega_midia (id_midia, id_pessoa) VALUES ('67','2984');
INSERT INTO pessoa (id_pessoa, tipo_documento,documento,nome,data_nascimento,nome_pais_origem) VALUES ('2985','PASS','000520420','Arrequin','19830404','Syria');
INSERT INTO emprega_midia (id_midia, id_pessoa) VALUES ('67','2985');
INSERT INTO pessoa (id_pessoa, tipo_documento,documento,nome,data_nascimento,nome_pais_origem) VALUES ('2986','PASS','000286215','Dunagan','19870920','Peru');
INSERT INTO emprega_midia (id_midia, id_pessoa) VALUES ('67','2986');
INSERT INTO pessoa (id_pessoa, tipo_documento,documento,nome,data_nascimento,nome_pais_origem) VALUES ('2987','PASS','000279762','Gauna','19860509','India');
INSERT INTO emprega_midia (id_midia, id_pessoa) VALUES ('67','2987');
INSERT INTO pessoa (id_pessoa, tipo_documento,documento,nome,data_nascimento,nome_pais_origem) VALUES ('2988','PASS','000388796','Burrer','19740103','Germany');
INSERT INTO emprega_midia (id_midia, id_pessoa) VALUES ('67','2988');
INSERT INTO pessoa (id_pessoa, tipo_documento,documento,nome,data_nascimento,nome_pais_origem) VALUES ('2989','PASS','000901397','Chantay','19760620','Egypt');
INSERT INTO emprega_midia (id_midia, id_pessoa) VALUES ('67','2989');
INSERT INTO pessoa (id_pessoa, tipo_documento,documento,nome,data_nascimento,nome_pais_origem) VALUES ('2990','PASS','000430805','Brotzman','19780921','Switzerland');
INSERT INTO emprega_midia (id_midia, id_pessoa) VALUES ('67','2990');
INSERT INTO pessoa (id_pessoa, tipo_documento,documento,nome,data_nascimento,nome_pais_origem) VALUES ('2991','PASS','000429773','Frederique','19761104','Singapore');
INSERT INTO emprega_midia (id_midia, id_pessoa) VALUES ('67','2991');
INSERT INTO pessoa (id_pessoa, tipo_documento,documento,nome,data_nascimento,nome_pais_origem) VALUES ('2992','PASS','000507683','Alecca','19731008','Georgia');
INSERT INTO emprega_midia (id_midia, id_pessoa) VALUES ('67','2992');
INSERT INTO pessoa (id_pessoa, tipo_documento,documento,nome,data_nascimento,nome_pais_origem) VALUES ('2993','PASS','000494263','Brimer','19820515','Uruguay');
INSERT INTO emprega_midia (id_midia, id_pessoa) VALUES ('67','2993');
INSERT INTO pessoa (id_pessoa, tipo_documento,documento,nome,data_nascimento,nome_pais_origem) VALUES ('2994','PASS','000978713','Germond','19790818','Italy');
INSERT INTO emprega_midia (id_midia, id_pessoa) VALUES ('67','2994');
INSERT INTO pessoa (id_pessoa, tipo_documento,documento,nome,data_nascimento,nome_pais_origem) VALUES ('2995','PASS','000331084','Gojmerac','19730502','Singapore');
INSERT INTO emprega_midia (id_midia, id_pessoa) VALUES ('67','2995');
INSERT INTO pessoa (id_pessoa, tipo_documento,documento,nome,data_nascimento,nome_pais_origem) VALUES ('2996','PASS','000882000','Fanelle','19760327','Bulgaria');
INSERT INTO emprega_midia (id_midia, id_pessoa) VALUES ('67','2996');
INSERT INTO pessoa (id_pessoa, tipo_documento,documento,nome,data_nascimento,nome_pais_origem) VALUES ('2997','PASS','000244980','Deman','19851015','Mozambique');
INSERT INTO emprega_midia (id_midia, id_pessoa) VALUES ('67','2997');
INSERT INTO pessoa (id_pessoa, tipo_documento,documento,nome,data_nascimento,nome_pais_origem) VALUES ('2998','PASS','000609061','Chavarin','19890725','Afghanistan');
INSERT INTO emprega_midia (id_midia, id_pessoa) VALUES ('67','2998');
INSERT INTO pessoa (id_pessoa, tipo_documento,documento,nome,data_nascimento,nome_pais_origem) VALUES ('2999','PASS','000260187','Abdon','19851202','Paraguay');
INSERT INTO emprega_midia (id_midia, id_pessoa) VALUES ('67','2999');
INSERT INTO pessoa (id_pessoa, tipo_documento,documento,nome,data_nascimento,nome_pais_origem) VALUES ('3000','PASS','000199315','Cinnamon','19750204','Estonia');
INSERT INTO emprega_midia (id_midia, id_pessoa) VALUES ('67','3000');
INSERT INTO pessoa (id_pessoa, tipo_documento,documento,nome,data_nascimento,nome_pais_origem) VALUES ('3001','PASS','000972653','Aiona','19850409','Spain');
INSERT INTO emprega_midia (id_midia, id_pessoa) VALUES ('67','3001');
INSERT INTO pessoa (id_pessoa, tipo_documento,documento,nome,data_nascimento,nome_pais_origem) VALUES ('3002','PASS','000381661','Consla','19731002','Colombia');
INSERT INTO emprega_midia (id_midia, id_pessoa) VALUES ('67','3002');
INSERT INTO pessoa (id_pessoa, tipo_documento,documento,nome,data_nascimento,nome_pais_origem) VALUES ('3003','PASS','000685821','Ambrogi','19810506','Nicaragua');
INSERT INTO emprega_midia (id_midia, id_pessoa) VALUES ('67','3003');
INSERT INTO pessoa (id_pessoa, tipo_documento,documento,nome,data_nascimento,nome_pais_origem) VALUES ('3004','PASS','000179833','Bufton','19771008','Japan');
INSERT INTO emprega_midia (id_midia, id_pessoa) VALUES ('67','3004');
INSERT INTO pessoa (id_pessoa, tipo_documento,documento,nome,data_nascimento,nome_pais_origem) VALUES ('3005','PASS','000458613','Fyksen','19770605','India');
INSERT INTO emprega_midia (id_midia, id_pessoa) VALUES ('67','3005');
INSERT INTO equipe_de_midia (id_midia,nome_empresa) VALUES ('68','YSICAGS');
INSERT INTO pessoa (id_pessoa, tipo_documento,documento,nome,data_nascimento,nome_pais_origem) VALUES ('3006','PASS','000765424','Aho','19760120','Azerbaijan');
INSERT INTO emprega_midia (id_midia, id_pessoa) VALUES ('68','3006');
INSERT INTO pessoa (id_pessoa, tipo_documento,documento,nome,data_nascimento,nome_pais_origem) VALUES ('3007','PASS','000526528','Barill','19800208','Bahrain');
INSERT INTO emprega_midia (id_midia, id_pessoa) VALUES ('68','3007');
INSERT INTO pessoa (id_pessoa, tipo_documento,documento,nome,data_nascimento,nome_pais_origem) VALUES ('3008','PASS','000125470','Ellard','19701214','Argentina');
INSERT INTO emprega_midia (id_midia, id_pessoa) VALUES ('68','3008');
INSERT INTO pessoa (id_pessoa, tipo_documento,documento,nome,data_nascimento,nome_pais_origem) VALUES ('3009','PASS','000163887','Balckburn','19740816','Croatia');
INSERT INTO emprega_midia (id_midia, id_pessoa) VALUES ('68','3009');
INSERT INTO pessoa (id_pessoa, tipo_documento,documento,nome,data_nascimento,nome_pais_origem) VALUES ('3010','PASS','000994496','Daugereau','19831202','Thailand');
INSERT INTO emprega_midia (id_midia, id_pessoa) VALUES ('68','3010');
INSERT INTO pessoa (id_pessoa, tipo_documento,documento,nome,data_nascimento,nome_pais_origem) VALUES ('3011','PASS','000982072','Deang','19870804','Singapore');
INSERT INTO emprega_midia (id_midia, id_pessoa) VALUES ('68','3011');
INSERT INTO pessoa (id_pessoa, tipo_documento,documento,nome,data_nascimento,nome_pais_origem) VALUES ('3012','PASS','000120858','Blacock','19870827','Colombia');
INSERT INTO emprega_midia (id_midia, id_pessoa) VALUES ('68','3012');
INSERT INTO pessoa (id_pessoa, tipo_documento,documento,nome,data_nascimento,nome_pais_origem) VALUES ('3013','PASS','000692945','Galjour','19740116','Albania');
INSERT INTO emprega_midia (id_midia, id_pessoa) VALUES ('68','3013');
INSERT INTO pessoa (id_pessoa, tipo_documento,documento,nome,data_nascimento,nome_pais_origem) VALUES ('3014','PASS','000613979','Defee','19790715','Iran');
INSERT INTO emprega_midia (id_midia, id_pessoa) VALUES ('68','3014');
INSERT INTO pessoa (id_pessoa, tipo_documento,documento,nome,data_nascimento,nome_pais_origem) VALUES ('3015','PASS','000766464','Bijan','19891220','Armenia');
INSERT INTO emprega_midia (id_midia, id_pessoa) VALUES ('68','3015');
INSERT INTO pessoa (id_pessoa, tipo_documento,documento,nome,data_nascimento,nome_pais_origem) VALUES ('3016','PASS','000994794','Casarez','19790307','Lithuania');
INSERT INTO emprega_midia (id_midia, id_pessoa) VALUES ('68','3016');
INSERT INTO pessoa (id_pessoa, tipo_documento,documento,nome,data_nascimento,nome_pais_origem) VALUES ('3017','PASS','000694754','Forres','19780815','Zealand');
INSERT INTO emprega_midia (id_midia, id_pessoa) VALUES ('68','3017');
INSERT INTO pessoa (id_pessoa, tipo_documento,documento,nome,data_nascimento,nome_pais_origem) VALUES ('3018','PASS','000982957','Dygert','19740210','Costa');
INSERT INTO emprega_midia (id_midia, id_pessoa) VALUES ('68','3018');
INSERT INTO pessoa (id_pessoa, tipo_documento,documento,nome,data_nascimento,nome_pais_origem) VALUES ('3019','PASS','000941643','Delarge','19880601','Brazil');
INSERT INTO emprega_midia (id_midia, id_pessoa) VALUES ('68','3019');
INSERT INTO pessoa (id_pessoa, tipo_documento,documento,nome,data_nascimento,nome_pais_origem) VALUES ('3020','PASS','000844739','Decaen','19791118','Rica');
INSERT INTO emprega_midia (id_midia, id_pessoa) VALUES ('68','3020');
INSERT INTO pessoa (id_pessoa, tipo_documento,documento,nome,data_nascimento,nome_pais_origem) VALUES ('3021','PASS','000332175','Avance','19830919','Mongolia');
INSERT INTO emprega_midia (id_midia, id_pessoa) VALUES ('68','3021');
INSERT INTO pessoa (id_pessoa, tipo_documento,documento,nome,data_nascimento,nome_pais_origem) VALUES ('3022','PASS','000875870','Chrusciel','19810501','Chad');
INSERT INTO emprega_midia (id_midia, id_pessoa) VALUES ('68','3022');
INSERT INTO pessoa (id_pessoa, tipo_documento,documento,nome,data_nascimento,nome_pais_origem) VALUES ('3023','PASS','000455787','Bombich','19840124','Algeria');
INSERT INTO emprega_midia (id_midia, id_pessoa) VALUES ('68','3023');
INSERT INTO equipe_de_midia (id_midia,nome_empresa) VALUES ('69','MXCBMDF');
INSERT INTO pessoa (id_pessoa, tipo_documento,documento,nome,data_nascimento,nome_pais_origem) VALUES ('3024','PASS','000534805','Czerwinski','19840127','Slovakia');
INSERT INTO emprega_midia (id_midia, id_pessoa) VALUES ('69','3024');
INSERT INTO pessoa (id_pessoa, tipo_documento,documento,nome,data_nascimento,nome_pais_origem) VALUES ('3025','PASS','000153253','Brunn','19701122','Norway');
INSERT INTO emprega_midia (id_midia, id_pessoa) VALUES ('69','3025');
INSERT INTO pessoa (id_pessoa, tipo_documento,documento,nome,data_nascimento,nome_pais_origem) VALUES ('3026','PASS','000714986','Furry','19730101','Hungary');
INSERT INTO emprega_midia (id_midia, id_pessoa) VALUES ('69','3026');
INSERT INTO pessoa (id_pessoa, tipo_documento,documento,nome,data_nascimento,nome_pais_origem) VALUES ('3027','PASS','000470345','Cons','19720716','Australia');
INSERT INTO emprega_midia (id_midia, id_pessoa) VALUES ('69','3027');
INSERT INTO pessoa (id_pessoa, tipo_documento,documento,nome,data_nascimento,nome_pais_origem) VALUES ('3028','PASS','000435863','Ao','19721020','Australia');
INSERT INTO emprega_midia (id_midia, id_pessoa) VALUES ('69','3028');
INSERT INTO pessoa (id_pessoa, tipo_documento,documento,nome,data_nascimento,nome_pais_origem) VALUES ('3029','PASS','000173365','Bordelon','19781018','Serbia');
INSERT INTO emprega_midia (id_midia, id_pessoa) VALUES ('69','3029');
INSERT INTO pessoa (id_pessoa, tipo_documento,documento,nome,data_nascimento,nome_pais_origem) VALUES ('3030','PASS','000208424','Bolieu','19741113','Denmark');
INSERT INTO emprega_midia (id_midia, id_pessoa) VALUES ('69','3030');
INSERT INTO pessoa (id_pessoa, tipo_documento,documento,nome,data_nascimento,nome_pais_origem) VALUES ('3031','PASS','000110025','Berrio','19700603','Saudi');
INSERT INTO emprega_midia (id_midia, id_pessoa) VALUES ('69','3031');
INSERT INTO pessoa (id_pessoa, tipo_documento,documento,nome,data_nascimento,nome_pais_origem) VALUES ('3032','PASS','000461383','Fant','19810107','Cuba');
INSERT INTO emprega_midia (id_midia, id_pessoa) VALUES ('69','3032');
INSERT INTO pessoa (id_pessoa, tipo_documento,documento,nome,data_nascimento,nome_pais_origem) VALUES ('3033','PASS','000545622','Alecia','19710509','Nepal');
INSERT INTO emprega_midia (id_midia, id_pessoa) VALUES ('69','3033');
INSERT INTO pessoa (id_pessoa, tipo_documento,documento,nome,data_nascimento,nome_pais_origem) VALUES ('3034','PASS','000680654','Cooch','19760114','Portugal');
INSERT INTO emprega_midia (id_midia, id_pessoa) VALUES ('69','3034');
INSERT INTO pessoa (id_pessoa, tipo_documento,documento,nome,data_nascimento,nome_pais_origem) VALUES ('3035','PASS','000929561','Gierhart','19841201','Poland');
INSERT INTO emprega_midia (id_midia, id_pessoa) VALUES ('69','3035');
INSERT INTO pessoa (id_pessoa, tipo_documento,documento,nome,data_nascimento,nome_pais_origem) VALUES ('3036','PASS','000243495','Glinda','19830218','Peru');
INSERT INTO emprega_midia (id_midia, id_pessoa) VALUES ('69','3036');
INSERT INTO pessoa (id_pessoa, tipo_documento,documento,nome,data_nascimento,nome_pais_origem) VALUES ('3037','PASS','000219233','Armentor','19800507','Paraguay');
INSERT INTO emprega_midia (id_midia, id_pessoa) VALUES ('69','3037');
INSERT INTO pessoa (id_pessoa, tipo_documento,documento,nome,data_nascimento,nome_pais_origem) VALUES ('3038','PASS','000320378','Conney','19791126','Ukraine');
INSERT INTO emprega_midia (id_midia, id_pessoa) VALUES ('69','3038');
INSERT INTO pessoa (id_pessoa, tipo_documento,documento,nome,data_nascimento,nome_pais_origem) VALUES ('3039','PASS','000159525','Domenica','19740615','Spain');
INSERT INTO emprega_midia (id_midia, id_pessoa) VALUES ('69','3039');
INSERT INTO pessoa (id_pessoa, tipo_documento,documento,nome,data_nascimento,nome_pais_origem) VALUES ('3040','PASS','000144961','Donerson','19790608','Lithuania');
INSERT INTO emprega_midia (id_midia, id_pessoa) VALUES ('69','3040');
INSERT INTO pessoa (id_pessoa, tipo_documento,documento,nome,data_nascimento,nome_pais_origem) VALUES ('3041','PASS','000583085','Ahrends','19771209','Hungary');
INSERT INTO emprega_midia (id_midia, id_pessoa) VALUES ('69','3041');
INSERT INTO pessoa (id_pessoa, tipo_documento,documento,nome,data_nascimento,nome_pais_origem) VALUES ('3042','PASS','000960266','Garretson','19751010','Philippines');
INSERT INTO emprega_midia (id_midia, id_pessoa) VALUES ('69','3042');
INSERT INTO pessoa (id_pessoa, tipo_documento,documento,nome,data_nascimento,nome_pais_origem) VALUES ('3043','PASS','000549140','Barthlow','19830920','Bahamas');
INSERT INTO emprega_midia (id_midia, id_pessoa) VALUES ('69','3043');
INSERT INTO pessoa (id_pessoa, tipo_documento,documento,nome,data_nascimento,nome_pais_origem) VALUES ('3044','PASS','000200825','Fairbanks','19721227','Georgia');
INSERT INTO emprega_midia (id_midia, id_pessoa) VALUES ('69','3044');
INSERT INTO pessoa (id_pessoa, tipo_documento,documento,nome,data_nascimento,nome_pais_origem) VALUES ('3045','PASS','000307046','Aufiero','19860927','Thailand');
INSERT INTO emprega_midia (id_midia, id_pessoa) VALUES ('69','3045');
INSERT INTO pessoa (id_pessoa, tipo_documento,documento,nome,data_nascimento,nome_pais_origem) VALUES ('3046','PASS','000885168','Erfert','19800909','Georgia');
INSERT INTO emprega_midia (id_midia, id_pessoa) VALUES ('69','3046');
INSERT INTO pessoa (id_pessoa, tipo_documento,documento,nome,data_nascimento,nome_pais_origem) VALUES ('3047','PASS','000912579','Buckalew','19700225','Peru');
INSERT INTO emprega_midia (id_midia, id_pessoa) VALUES ('69','3047');
INSERT INTO pessoa (id_pessoa, tipo_documento,documento,nome,data_nascimento,nome_pais_origem) VALUES ('3048','PASS','000374468','Formento','19710416','Austria');
INSERT INTO emprega_midia (id_midia, id_pessoa) VALUES ('69','3048');
INSERT INTO pessoa (id_pessoa, tipo_documento,documento,nome,data_nascimento,nome_pais_origem) VALUES ('3049','PASS','000704758','Anfinson','19740107','Nicaragua');
INSERT INTO emprega_midia (id_midia, id_pessoa) VALUES ('69','3049');
INSERT INTO pessoa (id_pessoa, tipo_documento,documento,nome,data_nascimento,nome_pais_origem) VALUES ('3050','PASS','000315577','Breakfield','19740104','India');
INSERT INTO emprega_midia (id_midia, id_pessoa) VALUES ('69','3050');
INSERT INTO pessoa (id_pessoa, tipo_documento,documento,nome,data_nascimento,nome_pais_origem) VALUES ('3051','PASS','000803360','Dejarden','19840307','Monaco');
INSERT INTO emprega_midia (id_midia, id_pessoa) VALUES ('69','3051');
INSERT INTO pessoa (id_pessoa, tipo_documento,documento,nome,data_nascimento,nome_pais_origem) VALUES ('3052','PASS','000800917','Bussa','19730621','China');
INSERT INTO emprega_midia (id_midia, id_pessoa) VALUES ('69','3052');
INSERT INTO pessoa (id_pessoa, tipo_documento,documento,nome,data_nascimento,nome_pais_origem) VALUES ('3053','PASS','000938085','Epifano','19860818','Netherlands');
INSERT INTO emprega_midia (id_midia, id_pessoa) VALUES ('69','3053');
INSERT INTO pessoa (id_pessoa, tipo_documento,documento,nome,data_nascimento,nome_pais_origem) VALUES ('3054','PASS','000910647','Anesi','19850504','Afghanistan');
INSERT INTO emprega_midia (id_midia, id_pessoa) VALUES ('69','3054');
INSERT INTO equipe_de_midia (id_midia,nome_empresa) VALUES ('70','AZFNDUY');
INSERT INTO pessoa (id_pessoa, tipo_documento,documento,nome,data_nascimento,nome_pais_origem) VALUES ('3055','PASS','000862504','Clever','19770307','Iraq');
INSERT INTO emprega_midia (id_midia, id_pessoa) VALUES ('70','3055');
INSERT INTO pessoa (id_pessoa, tipo_documento,documento,nome,data_nascimento,nome_pais_origem) VALUES ('3056','PASS','000513328','Bradick','19840618','Japan');
INSERT INTO emprega_midia (id_midia, id_pessoa) VALUES ('70','3056');
INSERT INTO pessoa (id_pessoa, tipo_documento,documento,nome,data_nascimento,nome_pais_origem) VALUES ('3057','PASS','000865549','Dyal','19700411','Japan');
INSERT INTO emprega_midia (id_midia, id_pessoa) VALUES ('70','3057');
INSERT INTO pessoa (id_pessoa, tipo_documento,documento,nome,data_nascimento,nome_pais_origem) VALUES ('3058','PASS','000326855','Esper','19760526','Algeria');
INSERT INTO emprega_midia (id_midia, id_pessoa) VALUES ('70','3058');
INSERT INTO pessoa (id_pessoa, tipo_documento,documento,nome,data_nascimento,nome_pais_origem) VALUES ('3059','PASS','000751660','Dossantos','19851105','Mexico');
INSERT INTO emprega_midia (id_midia, id_pessoa) VALUES ('70','3059');
INSERT INTO pessoa (id_pessoa, tipo_documento,documento,nome,data_nascimento,nome_pais_origem) VALUES ('3060','PASS','000923441','Adriance','19860918','Georgia');
INSERT INTO emprega_midia (id_midia, id_pessoa) VALUES ('70','3060');
INSERT INTO pessoa (id_pessoa, tipo_documento,documento,nome,data_nascimento,nome_pais_origem) VALUES ('3061','PASS','000604925','Beaudry','19870423','Slovakia');
INSERT INTO emprega_midia (id_midia, id_pessoa) VALUES ('70','3061');
INSERT INTO pessoa (id_pessoa, tipo_documento,documento,nome,data_nascimento,nome_pais_origem) VALUES ('3062','PASS','000611401','Eveler','19840521','Serbia');
INSERT INTO emprega_midia (id_midia, id_pessoa) VALUES ('70','3062');
INSERT INTO pessoa (id_pessoa, tipo_documento,documento,nome,data_nascimento,nome_pais_origem) VALUES ('3063','PASS','000816789','Buccheri','19710126','Costa');
INSERT INTO emprega_midia (id_midia, id_pessoa) VALUES ('70','3063');
INSERT INTO pessoa (id_pessoa, tipo_documento,documento,nome,data_nascimento,nome_pais_origem) VALUES ('3064','PASS','000760876','Civatte','19711008','Belarus');
INSERT INTO emprega_midia (id_midia, id_pessoa) VALUES ('70','3064');
INSERT INTO pessoa (id_pessoa, tipo_documento,documento,nome,data_nascimento,nome_pais_origem) VALUES ('3065','PASS','000179685','Chiprean','19770304','Liechtenstein');
INSERT INTO emprega_midia (id_midia, id_pessoa) VALUES ('70','3065');
INSERT INTO pessoa (id_pessoa, tipo_documento,documento,nome,data_nascimento,nome_pais_origem) VALUES ('3066','PASS','000725907','Ahmadi','19780823','Ukraine');
INSERT INTO emprega_midia (id_midia, id_pessoa) VALUES ('70','3066');
INSERT INTO pessoa (id_pessoa, tipo_documento,documento,nome,data_nascimento,nome_pais_origem) VALUES ('3067','PASS','000414701','Dobert','19720122','Poland');
INSERT INTO emprega_midia (id_midia, id_pessoa) VALUES ('70','3067');
INSERT INTO pessoa (id_pessoa, tipo_documento,documento,nome,data_nascimento,nome_pais_origem) VALUES ('3068','PASS','000521351','Buth','19740702','Bangladesh');
INSERT INTO emprega_midia (id_midia, id_pessoa) VALUES ('70','3068');
INSERT INTO pessoa (id_pessoa, tipo_documento,documento,nome,data_nascimento,nome_pais_origem) VALUES ('3069','PASS','000517242','Barcelo','19760218','Uzbekistan');
INSERT INTO emprega_midia (id_midia, id_pessoa) VALUES ('70','3069');
INSERT INTO pessoa (id_pessoa, tipo_documento,documento,nome,data_nascimento,nome_pais_origem) VALUES ('3070','PASS','000963947','Bourgon','19890510','Armenia');
INSERT INTO emprega_midia (id_midia, id_pessoa) VALUES ('70','3070');
INSERT INTO pessoa (id_pessoa, tipo_documento,documento,nome,data_nascimento,nome_pais_origem) VALUES ('3071','PASS','000159192','Batt','19770412','Chad');
INSERT INTO emprega_midia (id_midia, id_pessoa) VALUES ('70','3071');
INSERT INTO equipe_de_midia (id_midia,nome_empresa) VALUES ('71','NMFVHPP');
INSERT INTO pessoa (id_pessoa, tipo_documento,documento,nome,data_nascimento,nome_pais_origem) VALUES ('3072','PASS','000708205','Artie','19800110','Azerbaijan');
INSERT INTO emprega_midia (id_midia, id_pessoa) VALUES ('71','3072');
INSERT INTO pessoa (id_pessoa, tipo_documento,documento,nome,data_nascimento,nome_pais_origem) VALUES ('3073','PASS','000828655','Gravino','19780303','Denmark');
INSERT INTO emprega_midia (id_midia, id_pessoa) VALUES ('71','3073');
INSERT INTO pessoa (id_pessoa, tipo_documento,documento,nome,data_nascimento,nome_pais_origem) VALUES ('3074','PASS','000661794','Cazel','19841223','Nepal');
INSERT INTO emprega_midia (id_midia, id_pessoa) VALUES ('71','3074');
INSERT INTO pessoa (id_pessoa, tipo_documento,documento,nome,data_nascimento,nome_pais_origem) VALUES ('3075','PASS','000472835','Balladares','19760909','Georgia');
INSERT INTO emprega_midia (id_midia, id_pessoa) VALUES ('71','3075');
INSERT INTO pessoa (id_pessoa, tipo_documento,documento,nome,data_nascimento,nome_pais_origem) VALUES ('3076','PASS','000315680','Brohl','19880912','Romania');
INSERT INTO emprega_midia (id_midia, id_pessoa) VALUES ('71','3076');
INSERT INTO pessoa (id_pessoa, tipo_documento,documento,nome,data_nascimento,nome_pais_origem) VALUES ('3077','PASS','000605298','Boswink','19820814','Costa');
INSERT INTO emprega_midia (id_midia, id_pessoa) VALUES ('71','3077');
INSERT INTO pessoa (id_pessoa, tipo_documento,documento,nome,data_nascimento,nome_pais_origem) VALUES ('3078','PASS','000648134','Casdorph','19880107','Indonesia');
INSERT INTO emprega_midia (id_midia, id_pessoa) VALUES ('71','3078');
INSERT INTO pessoa (id_pessoa, tipo_documento,documento,nome,data_nascimento,nome_pais_origem) VALUES ('3079','PASS','000698742','Fredda','19871209','Bahrain');
INSERT INTO emprega_midia (id_midia, id_pessoa) VALUES ('71','3079');
INSERT INTO pessoa (id_pessoa, tipo_documento,documento,nome,data_nascimento,nome_pais_origem) VALUES ('3080','PASS','000595200','Alberts','19781113','Slovakia');
INSERT INTO emprega_midia (id_midia, id_pessoa) VALUES ('71','3080');
INSERT INTO pessoa (id_pessoa, tipo_documento,documento,nome,data_nascimento,nome_pais_origem) VALUES ('3081','PASS','000314676','Crummey','19750902','New');
INSERT INTO emprega_midia (id_midia, id_pessoa) VALUES ('71','3081');
INSERT INTO pessoa (id_pessoa, tipo_documento,documento,nome,data_nascimento,nome_pais_origem) VALUES ('3082','PASS','000661717','Gavidia','19810709','Romania');
INSERT INTO emprega_midia (id_midia, id_pessoa) VALUES ('71','3082');
INSERT INTO pessoa (id_pessoa, tipo_documento,documento,nome,data_nascimento,nome_pais_origem) VALUES ('3083','PASS','000393912','Astarita','19701002','Australia');
INSERT INTO emprega_midia (id_midia, id_pessoa) VALUES ('71','3083');
INSERT INTO pessoa (id_pessoa, tipo_documento,documento,nome,data_nascimento,nome_pais_origem) VALUES ('3084','PASS','000118033','Faraj','19800712','New');
INSERT INTO emprega_midia (id_midia, id_pessoa) VALUES ('71','3084');
INSERT INTO pessoa (id_pessoa, tipo_documento,documento,nome,data_nascimento,nome_pais_origem) VALUES ('3085','PASS','000123422','Ameduri','19850818','Vietnam');
INSERT INTO emprega_midia (id_midia, id_pessoa) VALUES ('71','3085');
INSERT INTO pessoa (id_pessoa, tipo_documento,documento,nome,data_nascimento,nome_pais_origem) VALUES ('3086','PASS','000539895','Creger','19840223','Serbia');
INSERT INTO emprega_midia (id_midia, id_pessoa) VALUES ('71','3086');
INSERT INTO pessoa (id_pessoa, tipo_documento,documento,nome,data_nascimento,nome_pais_origem) VALUES ('3087','PASS','000565727','Chavana','19851014','Norway');
INSERT INTO emprega_midia (id_midia, id_pessoa) VALUES ('71','3087');
INSERT INTO pessoa (id_pessoa, tipo_documento,documento,nome,data_nascimento,nome_pais_origem) VALUES ('3088','PASS','000243739','Decillis','19750323','Barbados');
INSERT INTO emprega_midia (id_midia, id_pessoa) VALUES ('71','3088');
INSERT INTO pessoa (id_pessoa, tipo_documento,documento,nome,data_nascimento,nome_pais_origem) VALUES ('3089','PASS','000875445','Fremon','19731027','Mongolia');
INSERT INTO emprega_midia (id_midia, id_pessoa) VALUES ('71','3089');
INSERT INTO pessoa (id_pessoa, tipo_documento,documento,nome,data_nascimento,nome_pais_origem) VALUES ('3090','PASS','000560172','Douthart','19890626','Argentina');
INSERT INTO emprega_midia (id_midia, id_pessoa) VALUES ('71','3090');
INSERT INTO pessoa (id_pessoa, tipo_documento,documento,nome,data_nascimento,nome_pais_origem) VALUES ('3091','PASS','000519804','Grinage','19770511','Sweden');
INSERT INTO emprega_midia (id_midia, id_pessoa) VALUES ('71','3091');
INSERT INTO pessoa (id_pessoa, tipo_documento,documento,nome,data_nascimento,nome_pais_origem) VALUES ('3092','PASS','000229880','Aispuro','19700105','Bulgaria');
INSERT INTO emprega_midia (id_midia, id_pessoa) VALUES ('71','3092');
INSERT INTO pessoa (id_pessoa, tipo_documento,documento,nome,data_nascimento,nome_pais_origem) VALUES ('3093','PASS','000653503','Glugla','19850603','Argentina');
INSERT INTO emprega_midia (id_midia, id_pessoa) VALUES ('71','3093');
INSERT INTO equipe_de_midia (id_midia,nome_empresa) VALUES ('72','EBEEITV');
INSERT INTO pessoa (id_pessoa, tipo_documento,documento,nome,data_nascimento,nome_pais_origem) VALUES ('3094','PASS','000895938','Antman','19710916','New');
INSERT INTO emprega_midia (id_midia, id_pessoa) VALUES ('72','3094');
INSERT INTO pessoa (id_pessoa, tipo_documento,documento,nome,data_nascimento,nome_pais_origem) VALUES ('3095','PASS','000155152','Glasscock','19770717','Uzbekistan');
INSERT INTO emprega_midia (id_midia, id_pessoa) VALUES ('72','3095');
INSERT INTO pessoa (id_pessoa, tipo_documento,documento,nome,data_nascimento,nome_pais_origem) VALUES ('3096','PASS','000951062','Cotham','19870723','Monaco');
INSERT INTO emprega_midia (id_midia, id_pessoa) VALUES ('72','3096');
INSERT INTO pessoa (id_pessoa, tipo_documento,documento,nome,data_nascimento,nome_pais_origem) VALUES ('3097','PASS','000682167','Gest','19771210','Bahrain');
INSERT INTO emprega_midia (id_midia, id_pessoa) VALUES ('72','3097');
INSERT INTO equipe_de_midia (id_midia,nome_empresa) VALUES ('73','FGZHPKP');
INSERT INTO pessoa (id_pessoa, tipo_documento,documento,nome,data_nascimento,nome_pais_origem) VALUES ('3098','PASS','000486340','Geringer','19760710','Cuba');
INSERT INTO emprega_midia (id_midia, id_pessoa) VALUES ('73','3098');
INSERT INTO pessoa (id_pessoa, tipo_documento,documento,nome,data_nascimento,nome_pais_origem) VALUES ('3099','PASS','000696361','Cejka','19780917','Uruguay');
INSERT INTO emprega_midia (id_midia, id_pessoa) VALUES ('73','3099');
INSERT INTO pessoa (id_pessoa, tipo_documento,documento,nome,data_nascimento,nome_pais_origem) VALUES ('3100','PASS','000673984','Contento','19880919','Netherlands');
INSERT INTO emprega_midia (id_midia, id_pessoa) VALUES ('73','3100');
INSERT INTO pessoa (id_pessoa, tipo_documento,documento,nome,data_nascimento,nome_pais_origem) VALUES ('3101','PASS','000133012','Gillom','19721205','Slovakia');
INSERT INTO emprega_midia (id_midia, id_pessoa) VALUES ('73','3101');
INSERT INTO pessoa (id_pessoa, tipo_documento,documento,nome,data_nascimento,nome_pais_origem) VALUES ('3102','PASS','000722235','Glazier','19890102','Cuba');
INSERT INTO emprega_midia (id_midia, id_pessoa) VALUES ('73','3102');
INSERT INTO pessoa (id_pessoa, tipo_documento,documento,nome,data_nascimento,nome_pais_origem) VALUES ('3103','PASS','000952984','Baublitz','19870226','Singapore');
INSERT INTO emprega_midia (id_midia, id_pessoa) VALUES ('73','3103');
INSERT INTO equipe_de_midia (id_midia,nome_empresa) VALUES ('74','OVLTEMK');
INSERT INTO pessoa (id_pessoa, tipo_documento,documento,nome,data_nascimento,nome_pais_origem) VALUES ('3104','PASS','000261928','Creque','19840804','Paraguay');
INSERT INTO emprega_midia (id_midia, id_pessoa) VALUES ('74','3104');
INSERT INTO pessoa (id_pessoa, tipo_documento,documento,nome,data_nascimento,nome_pais_origem) VALUES ('3105','PASS','000350602','Balton','19770213','Switzerland');
INSERT INTO emprega_midia (id_midia, id_pessoa) VALUES ('74','3105');
INSERT INTO pessoa (id_pessoa, tipo_documento,documento,nome,data_nascimento,nome_pais_origem) VALUES ('3106','PASS','000969819','Gantt','19721111','France');
INSERT INTO emprega_midia (id_midia, id_pessoa) VALUES ('74','3106');
INSERT INTO pessoa (id_pessoa, tipo_documento,documento,nome,data_nascimento,nome_pais_origem) VALUES ('3107','PASS','000874000','Arqueta','19730410','Paraguay');
INSERT INTO emprega_midia (id_midia, id_pessoa) VALUES ('74','3107');
INSERT INTO pessoa (id_pessoa, tipo_documento,documento,nome,data_nascimento,nome_pais_origem) VALUES ('3108','PASS','000617037','Chien','19861109','Armenia');
INSERT INTO emprega_midia (id_midia, id_pessoa) VALUES ('74','3108');
INSERT INTO pessoa (id_pessoa, tipo_documento,documento,nome,data_nascimento,nome_pais_origem) VALUES ('3109','PASS','000458331','Dedier','19701009','Portugal');
INSERT INTO emprega_midia (id_midia, id_pessoa) VALUES ('74','3109');
INSERT INTO pessoa (id_pessoa, tipo_documento,documento,nome,data_nascimento,nome_pais_origem) VALUES ('3110','PASS','000171447','Calender','19800301','Turkey');
INSERT INTO emprega_midia (id_midia, id_pessoa) VALUES ('74','3110');
INSERT INTO pessoa (id_pessoa, tipo_documento,documento,nome,data_nascimento,nome_pais_origem) VALUES ('3111','PASS','000561770','Cauterucci','19870727','Singapore');
INSERT INTO emprega_midia (id_midia, id_pessoa) VALUES ('74','3111');
INSERT INTO pessoa (id_pessoa, tipo_documento,documento,nome,data_nascimento,nome_pais_origem) VALUES ('3112','PASS','000826097','Akin','19840601','Australia');
INSERT INTO emprega_midia (id_midia, id_pessoa) VALUES ('74','3112');
INSERT INTO pessoa (id_pessoa, tipo_documento,documento,nome,data_nascimento,nome_pais_origem) VALUES ('3113','PASS','000851800','Armes','19891203','India');
INSERT INTO emprega_midia (id_midia, id_pessoa) VALUES ('74','3113');
INSERT INTO pessoa (id_pessoa, tipo_documento,documento,nome,data_nascimento,nome_pais_origem) VALUES ('3114','PASS','000806857','Chumbley','19790423','France');
INSERT INTO emprega_midia (id_midia, id_pessoa) VALUES ('74','3114');
INSERT INTO pessoa (id_pessoa, tipo_documento,documento,nome,data_nascimento,nome_pais_origem) VALUES ('3115','PASS','000935025','Cassavaugh','19761207','Indonesia');
INSERT INTO emprega_midia (id_midia, id_pessoa) VALUES ('74','3115');
INSERT INTO pessoa (id_pessoa, tipo_documento,documento,nome,data_nascimento,nome_pais_origem) VALUES ('3116','PASS','000826421','Benedict','19720627','Finland');
INSERT INTO emprega_midia (id_midia, id_pessoa) VALUES ('74','3116');
INSERT INTO pessoa (id_pessoa, tipo_documento,documento,nome,data_nascimento,nome_pais_origem) VALUES ('3117','PASS','000200699','Blanchette','19891207','Nicaragua');
INSERT INTO emprega_midia (id_midia, id_pessoa) VALUES ('74','3117');
INSERT INTO pessoa (id_pessoa, tipo_documento,documento,nome,data_nascimento,nome_pais_origem) VALUES ('3118','PASS','000795834','Carty','19700513','Croatia');
INSERT INTO emprega_midia (id_midia, id_pessoa) VALUES ('74','3118');
INSERT INTO pessoa (id_pessoa, tipo_documento,documento,nome,data_nascimento,nome_pais_origem) VALUES ('3119','PASS','000447011','Caristo','19770608','Denmark');
INSERT INTO emprega_midia (id_midia, id_pessoa) VALUES ('74','3119');
INSERT INTO pessoa (id_pessoa, tipo_documento,documento,nome,data_nascimento,nome_pais_origem) VALUES ('3120','PASS','000914274','Dudzic','19791114','Afghanistan');
INSERT INTO emprega_midia (id_midia, id_pessoa) VALUES ('74','3120');
INSERT INTO equipe_de_midia (id_midia,nome_empresa) VALUES ('75','ZVUOBCZ');
INSERT INTO pessoa (id_pessoa, tipo_documento,documento,nome,data_nascimento,nome_pais_origem) VALUES ('3121','PASS','000243935','Denisha','19870615','Netherlands');
INSERT INTO emprega_midia (id_midia, id_pessoa) VALUES ('75','3121');
INSERT INTO pessoa (id_pessoa, tipo_documento,documento,nome,data_nascimento,nome_pais_origem) VALUES ('3122','PASS','000181705','Borrego','19780913','Argentina');
INSERT INTO emprega_midia (id_midia, id_pessoa) VALUES ('75','3122');
INSERT INTO pessoa (id_pessoa, tipo_documento,documento,nome,data_nascimento,nome_pais_origem) VALUES ('3123','PASS','000892412','Grabowiecki','19871111','Thailand');
INSERT INTO emprega_midia (id_midia, id_pessoa) VALUES ('75','3123');
INSERT INTO pessoa (id_pessoa, tipo_documento,documento,nome,data_nascimento,nome_pais_origem) VALUES ('3124','PASS','000566026','Cabrena','19831227','Portugal');
INSERT INTO emprega_midia (id_midia, id_pessoa) VALUES ('75','3124');
INSERT INTO pessoa (id_pessoa, tipo_documento,documento,nome,data_nascimento,nome_pais_origem) VALUES ('3125','PASS','000730701','Brancheau','19830319','Iraq');
INSERT INTO emprega_midia (id_midia, id_pessoa) VALUES ('75','3125');
INSERT INTO pessoa (id_pessoa, tipo_documento,documento,nome,data_nascimento,nome_pais_origem) VALUES ('3126','PASS','000403189','Brea','19780425','Poland');
INSERT INTO emprega_midia (id_midia, id_pessoa) VALUES ('75','3126');
INSERT INTO pessoa (id_pessoa, tipo_documento,documento,nome,data_nascimento,nome_pais_origem) VALUES ('3127','PASS','000803041','Becton','19711211','Netherlands');
INSERT INTO emprega_midia (id_midia, id_pessoa) VALUES ('75','3127');
INSERT INTO pessoa (id_pessoa, tipo_documento,documento,nome,data_nascimento,nome_pais_origem) VALUES ('3128','PASS','000127725','Gaede','19760616','Singapore');
INSERT INTO emprega_midia (id_midia, id_pessoa) VALUES ('75','3128');
INSERT INTO pessoa (id_pessoa, tipo_documento,documento,nome,data_nascimento,nome_pais_origem) VALUES ('3129','PASS','000179675','Accardi','19800405','Monaco');
INSERT INTO emprega_midia (id_midia, id_pessoa) VALUES ('75','3129');
INSERT INTO pessoa (id_pessoa, tipo_documento,documento,nome,data_nascimento,nome_pais_origem) VALUES ('3130','PASS','000671883','Cher','19751011','Iran');
INSERT INTO emprega_midia (id_midia, id_pessoa) VALUES ('75','3130');
INSERT INTO pessoa (id_pessoa, tipo_documento,documento,nome,data_nascimento,nome_pais_origem) VALUES ('3131','PASS','000637160','Gildow','19710227','Sweden');
INSERT INTO emprega_midia (id_midia, id_pessoa) VALUES ('75','3131');
INSERT INTO pessoa (id_pessoa, tipo_documento,documento,nome,data_nascimento,nome_pais_origem) VALUES ('3132','PASS','000677587','Durkes','19731014','Argentina');
INSERT INTO emprega_midia (id_midia, id_pessoa) VALUES ('75','3132');
INSERT INTO pessoa (id_pessoa, tipo_documento,documento,nome,data_nascimento,nome_pais_origem) VALUES ('3133','PASS','000246225','Dusek','19861119','Liechtenstein');
INSERT INTO emprega_midia (id_midia, id_pessoa) VALUES ('75','3133');
INSERT INTO pessoa (id_pessoa, tipo_documento,documento,nome,data_nascimento,nome_pais_origem) VALUES ('3134','PASS','000224486','Almarez','19860522','Hungary');
INSERT INTO emprega_midia (id_midia, id_pessoa) VALUES ('75','3134');
INSERT INTO pessoa (id_pessoa, tipo_documento,documento,nome,data_nascimento,nome_pais_origem) VALUES ('3135','PASS','000513732','Greenlees','19720204','Nepal');
INSERT INTO emprega_midia (id_midia, id_pessoa) VALUES ('75','3135');
INSERT INTO pessoa (id_pessoa, tipo_documento,documento,nome,data_nascimento,nome_pais_origem) VALUES ('3136','PASS','000206870','Furubotten','19800624','Uzbekistan');
INSERT INTO emprega_midia (id_midia, id_pessoa) VALUES ('75','3136');
INSERT INTO pessoa (id_pessoa, tipo_documento,documento,nome,data_nascimento,nome_pais_origem) VALUES ('3137','PASS','000787201','Golebiowski','19701221','Cuba');
INSERT INTO emprega_midia (id_midia, id_pessoa) VALUES ('75','3137');
INSERT INTO pessoa (id_pessoa, tipo_documento,documento,nome,data_nascimento,nome_pais_origem) VALUES ('3138','PASS','000977946','Adule','19711117','Turkey');
INSERT INTO emprega_midia (id_midia, id_pessoa) VALUES ('75','3138');
INSERT INTO pessoa (id_pessoa, tipo_documento,documento,nome,data_nascimento,nome_pais_origem) VALUES ('3139','PASS','000868593','Engelhart','19790826','Netherlands');
INSERT INTO emprega_midia (id_midia, id_pessoa) VALUES ('75','3139');
INSERT INTO pessoa (id_pessoa, tipo_documento,documento,nome,data_nascimento,nome_pais_origem) VALUES ('3140','PASS','000542223','Fadel','19891201','Greece');
INSERT INTO emprega_midia (id_midia, id_pessoa) VALUES ('75','3140');
INSERT INTO pessoa (id_pessoa, tipo_documento,documento,nome,data_nascimento,nome_pais_origem) VALUES ('3141','PASS','000367599','Bybel','19730327','Sweden');
INSERT INTO emprega_midia (id_midia, id_pessoa) VALUES ('75','3141');
INSERT INTO pessoa (id_pessoa, tipo_documento,documento,nome,data_nascimento,nome_pais_origem) VALUES ('3142','PASS','000894956','Bakanauskas','19771101','Senegal');
INSERT INTO emprega_midia (id_midia, id_pessoa) VALUES ('75','3142');
INSERT INTO equipe_de_midia (id_midia,nome_empresa) VALUES ('76','XXYVLDD');
INSERT INTO pessoa (id_pessoa, tipo_documento,documento,nome,data_nascimento,nome_pais_origem) VALUES ('3143','PASS','000781113','Colomb','19740821','Indonesia');
INSERT INTO emprega_midia (id_midia, id_pessoa) VALUES ('76','3143');
INSERT INTO pessoa (id_pessoa, tipo_documento,documento,nome,data_nascimento,nome_pais_origem) VALUES ('3144','PASS','000841115','Arnoldi','19711218','Australia');
INSERT INTO emprega_midia (id_midia, id_pessoa) VALUES ('76','3144');
INSERT INTO pessoa (id_pessoa, tipo_documento,documento,nome,data_nascimento,nome_pais_origem) VALUES ('3145','PASS','000258330','Creglow','19700614','Bangladesh');
INSERT INTO emprega_midia (id_midia, id_pessoa) VALUES ('76','3145');
INSERT INTO pessoa (id_pessoa, tipo_documento,documento,nome,data_nascimento,nome_pais_origem) VALUES ('3146','PASS','000819891','Delashmit','19780822','Japan');
INSERT INTO emprega_midia (id_midia, id_pessoa) VALUES ('76','3146');
INSERT INTO pessoa (id_pessoa, tipo_documento,documento,nome,data_nascimento,nome_pais_origem) VALUES ('3147','PASS','000834937','Branz','19870819','Lithuania');
INSERT INTO emprega_midia (id_midia, id_pessoa) VALUES ('76','3147');
INSERT INTO pessoa (id_pessoa, tipo_documento,documento,nome,data_nascimento,nome_pais_origem) VALUES ('3148','PASS','000868739','Evett','19740304','Uzbekistan');
INSERT INTO emprega_midia (id_midia, id_pessoa) VALUES ('76','3148');
INSERT INTO pessoa (id_pessoa, tipo_documento,documento,nome,data_nascimento,nome_pais_origem) VALUES ('3149','PASS','000386701','Cribbs','19751227','Belarus');
INSERT INTO emprega_midia (id_midia, id_pessoa) VALUES ('76','3149');
INSERT INTO pessoa (id_pessoa, tipo_documento,documento,nome,data_nascimento,nome_pais_origem) VALUES ('3150','PASS','000931278','Bartlome','19840716','Argentina');
INSERT INTO emprega_midia (id_midia, id_pessoa) VALUES ('76','3150');
INSERT INTO pessoa (id_pessoa, tipo_documento,documento,nome,data_nascimento,nome_pais_origem) VALUES ('3151','PASS','000864526','Embry','19881115','Romania');
INSERT INTO emprega_midia (id_midia, id_pessoa) VALUES ('76','3151');
INSERT INTO pessoa (id_pessoa, tipo_documento,documento,nome,data_nascimento,nome_pais_origem) VALUES ('3152','PASS','000192543','Fauske','19830519','Thailand');
INSERT INTO emprega_midia (id_midia, id_pessoa) VALUES ('76','3152');
INSERT INTO equipe_de_midia (id_midia,nome_empresa) VALUES ('77','PRLIINC');
INSERT INTO pessoa (id_pessoa, tipo_documento,documento,nome,data_nascimento,nome_pais_origem) VALUES ('3153','PASS','000598697','Dearmas','19781103','Albania');
INSERT INTO emprega_midia (id_midia, id_pessoa) VALUES ('77','3153');
INSERT INTO pessoa (id_pessoa, tipo_documento,documento,nome,data_nascimento,nome_pais_origem) VALUES ('3154','PASS','000951468','Emore','19790602','Norway');
INSERT INTO emprega_midia (id_midia, id_pessoa) VALUES ('77','3154');
INSERT INTO pessoa (id_pessoa, tipo_documento,documento,nome,data_nascimento,nome_pais_origem) VALUES ('3155','PASS','000749898','Dambakly','19770605','Austria');
INSERT INTO emprega_midia (id_midia, id_pessoa) VALUES ('77','3155');
INSERT INTO pessoa (id_pessoa, tipo_documento,documento,nome,data_nascimento,nome_pais_origem) VALUES ('3156','PASS','000892413','Babcock','19811027','Belarus');
INSERT INTO emprega_midia (id_midia, id_pessoa) VALUES ('77','3156');
INSERT INTO pessoa (id_pessoa, tipo_documento,documento,nome,data_nascimento,nome_pais_origem) VALUES ('3157','PASS','000378346','Demetro','19750215','Saudi');
INSERT INTO emprega_midia (id_midia, id_pessoa) VALUES ('77','3157');
INSERT INTO pessoa (id_pessoa, tipo_documento,documento,nome,data_nascimento,nome_pais_origem) VALUES ('3158','PASS','000501603','Frosch','19851016','Estonia');
INSERT INTO emprega_midia (id_midia, id_pessoa) VALUES ('77','3158');
INSERT INTO pessoa (id_pessoa, tipo_documento,documento,nome,data_nascimento,nome_pais_origem) VALUES ('3159','PASS','000161813','Apley','19730201','Morocco');
INSERT INTO emprega_midia (id_midia, id_pessoa) VALUES ('77','3159');
INSERT INTO equipe_de_midia (id_midia,nome_empresa) VALUES ('78','METBJVQ');
INSERT INTO pessoa (id_pessoa, tipo_documento,documento,nome,data_nascimento,nome_pais_origem) VALUES ('3160','PASS','000989054','Fallo','19860104','Hungary');
INSERT INTO emprega_midia (id_midia, id_pessoa) VALUES ('78','3160');
INSERT INTO pessoa (id_pessoa, tipo_documento,documento,nome,data_nascimento,nome_pais_origem) VALUES ('3161','PASS','000768633','Bulloch','19750926','Vietnam');
INSERT INTO emprega_midia (id_midia, id_pessoa) VALUES ('78','3161');
INSERT INTO pessoa (id_pessoa, tipo_documento,documento,nome,data_nascimento,nome_pais_origem) VALUES ('3162','PASS','000216732','Ciarlo','19801113','Bahamas');
INSERT INTO emprega_midia (id_midia, id_pessoa) VALUES ('78','3162');
INSERT INTO pessoa (id_pessoa, tipo_documento,documento,nome,data_nascimento,nome_pais_origem) VALUES ('3163','PASS','000985861','Castaner','19720317','Finland');
INSERT INTO emprega_midia (id_midia, id_pessoa) VALUES ('78','3163');
INSERT INTO pessoa (id_pessoa, tipo_documento,documento,nome,data_nascimento,nome_pais_origem) VALUES ('3164','PASS','000782070','Fie','19890311','Albania');
INSERT INTO emprega_midia (id_midia, id_pessoa) VALUES ('78','3164');
INSERT INTO pessoa (id_pessoa, tipo_documento,documento,nome,data_nascimento,nome_pais_origem) VALUES ('3165','PASS','000142452','Ensey','19830207','Germany');
INSERT INTO emprega_midia (id_midia, id_pessoa) VALUES ('78','3165');
INSERT INTO pessoa (id_pessoa, tipo_documento,documento,nome,data_nascimento,nome_pais_origem) VALUES ('3166','PASS','000971055','Ashwood','19861006','France');
INSERT INTO emprega_midia (id_midia, id_pessoa) VALUES ('78','3166');
INSERT INTO pessoa (id_pessoa, tipo_documento,documento,nome,data_nascimento,nome_pais_origem) VALUES ('3167','PASS','000605503','Furey','19720106','Germany');
INSERT INTO emprega_midia (id_midia, id_pessoa) VALUES ('78','3167');
INSERT INTO pessoa (id_pessoa, tipo_documento,documento,nome,data_nascimento,nome_pais_origem) VALUES ('3168','PASS','000442492','Donelly','19720907','Turkey');
INSERT INTO emprega_midia (id_midia, id_pessoa) VALUES ('78','3168');
INSERT INTO pessoa (id_pessoa, tipo_documento,documento,nome,data_nascimento,nome_pais_origem) VALUES ('3169','PASS','000938364','Balasa','19730627','Arabia');
INSERT INTO emprega_midia (id_midia, id_pessoa) VALUES ('78','3169');
INSERT INTO pessoa (id_pessoa, tipo_documento,documento,nome,data_nascimento,nome_pais_origem) VALUES ('3170','PASS','000157004','Bandemer','19721110','Cuba');
INSERT INTO emprega_midia (id_midia, id_pessoa) VALUES ('78','3170');
INSERT INTO pessoa (id_pessoa, tipo_documento,documento,nome,data_nascimento,nome_pais_origem) VALUES ('3171','PASS','000115428','Bowie','19721011','Turkey');
INSERT INTO emprega_midia (id_midia, id_pessoa) VALUES ('78','3171');
INSERT INTO pessoa (id_pessoa, tipo_documento,documento,nome,data_nascimento,nome_pais_origem) VALUES ('3172','PASS','000615611','Amalong','19700523','Liechtenstein');
INSERT INTO emprega_midia (id_midia, id_pessoa) VALUES ('78','3172');
INSERT INTO pessoa (id_pessoa, tipo_documento,documento,nome,data_nascimento,nome_pais_origem) VALUES ('3173','PASS','000576734','Billow','19851220','Angola');
INSERT INTO emprega_midia (id_midia, id_pessoa) VALUES ('78','3173');
INSERT INTO pessoa (id_pessoa, tipo_documento,documento,nome,data_nascimento,nome_pais_origem) VALUES ('3174','PASS','000197678','Bastin','19870819','Japan');
INSERT INTO emprega_midia (id_midia, id_pessoa) VALUES ('78','3174');
INSERT INTO pessoa (id_pessoa, tipo_documento,documento,nome,data_nascimento,nome_pais_origem) VALUES ('3175','PASS','000210302','Alacano','19861023','Romania');
INSERT INTO emprega_midia (id_midia, id_pessoa) VALUES ('78','3175');
INSERT INTO pessoa (id_pessoa, tipo_documento,documento,nome,data_nascimento,nome_pais_origem) VALUES ('3176','PASS','000971153','Burchfiel','19701216','Chad');
INSERT INTO emprega_midia (id_midia, id_pessoa) VALUES ('78','3176');
INSERT INTO pessoa (id_pessoa, tipo_documento,documento,nome,data_nascimento,nome_pais_origem) VALUES ('3177','PASS','000680024','Bradeen','19780617','Serbia');
INSERT INTO emprega_midia (id_midia, id_pessoa) VALUES ('78','3177');
INSERT INTO pessoa (id_pessoa, tipo_documento,documento,nome,data_nascimento,nome_pais_origem) VALUES ('3178','PASS','000665519','Brinks','19860811','Singapore');
INSERT INTO emprega_midia (id_midia, id_pessoa) VALUES ('78','3178');
INSERT INTO pessoa (id_pessoa, tipo_documento,documento,nome,data_nascimento,nome_pais_origem) VALUES ('3179','PASS','000267975','Foxman','19880519','Peru');
INSERT INTO emprega_midia (id_midia, id_pessoa) VALUES ('78','3179');
INSERT INTO pessoa (id_pessoa, tipo_documento,documento,nome,data_nascimento,nome_pais_origem) VALUES ('3180','PASS','000616914','Bonetto','19780714','Switzerland');
INSERT INTO emprega_midia (id_midia, id_pessoa) VALUES ('78','3180');
INSERT INTO pessoa (id_pessoa, tipo_documento,documento,nome,data_nascimento,nome_pais_origem) VALUES ('3181','PASS','000731301','Ballantine','19870319','Portugal');
INSERT INTO emprega_midia (id_midia, id_pessoa) VALUES ('78','3181');
INSERT INTO pessoa (id_pessoa, tipo_documento,documento,nome,data_nascimento,nome_pais_origem) VALUES ('3182','PASS','000420007','Crutchev','19770114','Armenia');
INSERT INTO emprega_midia (id_midia, id_pessoa) VALUES ('78','3182');
INSERT INTO pessoa (id_pessoa, tipo_documento,documento,nome,data_nascimento,nome_pais_origem) VALUES ('3183','PASS','000325277','Beckerman','19880726','Portugal');
INSERT INTO emprega_midia (id_midia, id_pessoa) VALUES ('78','3183');
INSERT INTO pessoa (id_pessoa, tipo_documento,documento,nome,data_nascimento,nome_pais_origem) VALUES ('3184','PASS','000239428','Cessna','19840708','Poland');
INSERT INTO emprega_midia (id_midia, id_pessoa) VALUES ('78','3184');
INSERT INTO pessoa (id_pessoa, tipo_documento,documento,nome,data_nascimento,nome_pais_origem) VALUES ('3185','PASS','000516627','Grett','19891219','China');
INSERT INTO emprega_midia (id_midia, id_pessoa) VALUES ('78','3185');
INSERT INTO pessoa (id_pessoa, tipo_documento,documento,nome,data_nascimento,nome_pais_origem) VALUES ('3186','PASS','000845359','Furner','19800412','Mozambique');
INSERT INTO emprega_midia (id_midia, id_pessoa) VALUES ('78','3186');
INSERT INTO pessoa (id_pessoa, tipo_documento,documento,nome,data_nascimento,nome_pais_origem) VALUES ('3187','PASS','000723145','Bantillan','19730813','Barbados');
INSERT INTO emprega_midia (id_midia, id_pessoa) VALUES ('78','3187');
INSERT INTO equipe_de_midia (id_midia,nome_empresa) VALUES ('79','DOVJWOC');
INSERT INTO pessoa (id_pessoa, tipo_documento,documento,nome,data_nascimento,nome_pais_origem) VALUES ('3188','PASS','000158971','Bernarducci','19821103','Singapore');
INSERT INTO emprega_midia (id_midia, id_pessoa) VALUES ('79','3188');
INSERT INTO pessoa (id_pessoa, tipo_documento,documento,nome,data_nascimento,nome_pais_origem) VALUES ('3189','PASS','000753542','Grashot','19880217','Nicaragua');
INSERT INTO emprega_midia (id_midia, id_pessoa) VALUES ('79','3189');
INSERT INTO pessoa (id_pessoa, tipo_documento,documento,nome,data_nascimento,nome_pais_origem) VALUES ('3190','PASS','000807465','Bulle','19760927','Algeria');
INSERT INTO emprega_midia (id_midia, id_pessoa) VALUES ('79','3190');
INSERT INTO pessoa (id_pessoa, tipo_documento,documento,nome,data_nascimento,nome_pais_origem) VALUES ('3191','PASS','000663815','Correl','19881204','Afghanistan');
INSERT INTO emprega_midia (id_midia, id_pessoa) VALUES ('79','3191');
INSERT INTO pessoa (id_pessoa, tipo_documento,documento,nome,data_nascimento,nome_pais_origem) VALUES ('3192','PASS','000123907','Cubero','19731026','Morocco');
INSERT INTO emprega_midia (id_midia, id_pessoa) VALUES ('79','3192');
INSERT INTO pessoa (id_pessoa, tipo_documento,documento,nome,data_nascimento,nome_pais_origem) VALUES ('3193','PASS','000599155','Ceravolo','19710521','Belgium');
INSERT INTO emprega_midia (id_midia, id_pessoa) VALUES ('79','3193');
INSERT INTO pessoa (id_pessoa, tipo_documento,documento,nome,data_nascimento,nome_pais_origem) VALUES ('3194','PASS','000160402','Bjork','19720114','Bahrain');
INSERT INTO emprega_midia (id_midia, id_pessoa) VALUES ('79','3194');
INSERT INTO equipe_de_midia (id_midia,nome_empresa) VALUES ('80','HHLZJXE');
INSERT INTO pessoa (id_pessoa, tipo_documento,documento,nome,data_nascimento,nome_pais_origem) VALUES ('3195','PASS','000865628','Clabough','19830706','Poland');
INSERT INTO emprega_midia (id_midia, id_pessoa) VALUES ('80','3195');
INSERT INTO pessoa (id_pessoa, tipo_documento,documento,nome,data_nascimento,nome_pais_origem) VALUES ('3196','PASS','000713097','Cress','19771215','Algeria');
INSERT INTO emprega_midia (id_midia, id_pessoa) VALUES ('80','3196');
INSERT INTO pessoa (id_pessoa, tipo_documento,documento,nome,data_nascimento,nome_pais_origem) VALUES ('3197','PASS','000807157','Diseth','19811024','Turkey');
INSERT INTO emprega_midia (id_midia, id_pessoa) VALUES ('80','3197');
INSERT INTO pessoa (id_pessoa, tipo_documento,documento,nome,data_nascimento,nome_pais_origem) VALUES ('3198','PASS','000359762','Coonradt','19750311','Armenia');
INSERT INTO emprega_midia (id_midia, id_pessoa) VALUES ('80','3198');
INSERT INTO pessoa (id_pessoa, tipo_documento,documento,nome,data_nascimento,nome_pais_origem) VALUES ('3199','PASS','000577889','Caire','19890101','Iraq');
INSERT INTO emprega_midia (id_midia, id_pessoa) VALUES ('80','3199');
INSERT INTO pessoa (id_pessoa, tipo_documento,documento,nome,data_nascimento,nome_pais_origem) VALUES ('3200','PASS','000178046','Franceschi','19721208','Monaco');
INSERT INTO emprega_midia (id_midia, id_pessoa) VALUES ('80','3200');
INSERT INTO pessoa (id_pessoa, tipo_documento,documento,nome,data_nascimento,nome_pais_origem) VALUES ('3201','PASS','000899720','Chisman','19831124','Chile');
INSERT INTO emprega_midia (id_midia, id_pessoa) VALUES ('80','3201');
INSERT INTO pessoa (id_pessoa, tipo_documento,documento,nome,data_nascimento,nome_pais_origem) VALUES ('3202','PASS','000728697','Bausch','19721005','Mozambique');
INSERT INTO emprega_midia (id_midia, id_pessoa) VALUES ('80','3202');
INSERT INTO pessoa (id_pessoa, tipo_documento,documento,nome,data_nascimento,nome_pais_origem) VALUES ('3203','PASS','000721451','Culajay','19800216','Chile');
INSERT INTO emprega_midia (id_midia, id_pessoa) VALUES ('80','3203');
INSERT INTO pessoa (id_pessoa, tipo_documento,documento,nome,data_nascimento,nome_pais_origem) VALUES ('3204','PASS','000846184','Baptista','19710614','Indonesia');
INSERT INTO emprega_midia (id_midia, id_pessoa) VALUES ('80','3204');
INSERT INTO pessoa (id_pessoa, tipo_documento,documento,nome,data_nascimento,nome_pais_origem) VALUES ('3205','PASS','000424777','Crislip','19800617','Lithuania');
INSERT INTO emprega_midia (id_midia, id_pessoa) VALUES ('80','3205');
INSERT INTO pessoa (id_pessoa, tipo_documento,documento,nome,data_nascimento,nome_pais_origem) VALUES ('3206','PASS','000909651','Gillan','19830625','Azerbaijan');
INSERT INTO emprega_midia (id_midia, id_pessoa) VALUES ('80','3206');
INSERT INTO pessoa (id_pessoa, tipo_documento,documento,nome,data_nascimento,nome_pais_origem) VALUES ('3207','PASS','000603254','Brown','19880701','Cuba');
INSERT INTO emprega_midia (id_midia, id_pessoa) VALUES ('80','3207');
INSERT INTO pessoa (id_pessoa, tipo_documento,documento,nome,data_nascimento,nome_pais_origem) VALUES ('3208','PASS','000908637','Allocca','19810325','France');
INSERT INTO emprega_midia (id_midia, id_pessoa) VALUES ('80','3208');
INSERT INTO pessoa (id_pessoa, tipo_documento,documento,nome,data_nascimento,nome_pais_origem) VALUES ('3209','PASS','000438085','Feuerstein','19850322','Arabia');
INSERT INTO emprega_midia (id_midia, id_pessoa) VALUES ('80','3209');
INSERT INTO pessoa (id_pessoa, tipo_documento,documento,nome,data_nascimento,nome_pais_origem) VALUES ('3210','PASS','000632024','Bauder','19880406','China');
INSERT INTO emprega_midia (id_midia, id_pessoa) VALUES ('80','3210');
INSERT INTO pessoa (id_pessoa, tipo_documento,documento,nome,data_nascimento,nome_pais_origem) VALUES ('3211','PASS','000525623','Gerleman','19791125','Paraguay');
INSERT INTO emprega_midia (id_midia, id_pessoa) VALUES ('80','3211');
INSERT INTO pessoa (id_pessoa, tipo_documento,documento,nome,data_nascimento,nome_pais_origem) VALUES ('3212','PASS','000429879','Chillis','19820108','Vietnam');
INSERT INTO emprega_midia (id_midia, id_pessoa) VALUES ('80','3212');
INSERT INTO pessoa (id_pessoa, tipo_documento,documento,nome,data_nascimento,nome_pais_origem) VALUES ('3213','PASS','000179994','Falcioni','19790922','Morocco');
INSERT INTO emprega_midia (id_midia, id_pessoa) VALUES ('80','3213');
INSERT INTO equipe_de_midia (id_midia,nome_empresa) VALUES ('81','HICHVMY');
INSERT INTO pessoa (id_pessoa, tipo_documento,documento,nome,data_nascimento,nome_pais_origem) VALUES ('3214','PASS','000591617','Embs','19800826','Paraguay');
INSERT INTO emprega_midia (id_midia, id_pessoa) VALUES ('81','3214');
INSERT INTO pessoa (id_pessoa, tipo_documento,documento,nome,data_nascimento,nome_pais_origem) VALUES ('3215','PASS','000871145','Fauble','19801124','Paraguay');
INSERT INTO emprega_midia (id_midia, id_pessoa) VALUES ('81','3215');
INSERT INTO pessoa (id_pessoa, tipo_documento,documento,nome,data_nascimento,nome_pais_origem) VALUES ('3216','PASS','000796143','Amason','19730208','Chile');
INSERT INTO emprega_midia (id_midia, id_pessoa) VALUES ('81','3216');
INSERT INTO pessoa (id_pessoa, tipo_documento,documento,nome,data_nascimento,nome_pais_origem) VALUES ('3217','PASS','000154164','Gros','19701206','Belgium');
INSERT INTO emprega_midia (id_midia, id_pessoa) VALUES ('81','3217');
INSERT INTO pessoa (id_pessoa, tipo_documento,documento,nome,data_nascimento,nome_pais_origem) VALUES ('3218','PASS','000633816','Frasso','19891013','Afghanistan');
INSERT INTO emprega_midia (id_midia, id_pessoa) VALUES ('81','3218');
INSERT INTO pessoa (id_pessoa, tipo_documento,documento,nome,data_nascimento,nome_pais_origem) VALUES ('3219','PASS','000664864','Delavergne','19871117','Uruguay');
INSERT INTO emprega_midia (id_midia, id_pessoa) VALUES ('81','3219');
INSERT INTO pessoa (id_pessoa, tipo_documento,documento,nome,data_nascimento,nome_pais_origem) VALUES ('3220','PASS','000187694','Debernardi','19830223','Uruguay');
INSERT INTO emprega_midia (id_midia, id_pessoa) VALUES ('81','3220');
INSERT INTO pessoa (id_pessoa, tipo_documento,documento,nome,data_nascimento,nome_pais_origem) VALUES ('3221','PASS','000434101','Gius','19870807','Chad');
INSERT INTO emprega_midia (id_midia, id_pessoa) VALUES ('81','3221');
INSERT INTO pessoa (id_pessoa, tipo_documento,documento,nome,data_nascimento,nome_pais_origem) VALUES ('3222','PASS','000458956','Asher','19810617','Portugal');
INSERT INTO emprega_midia (id_midia, id_pessoa) VALUES ('81','3222');
INSERT INTO pessoa (id_pessoa, tipo_documento,documento,nome,data_nascimento,nome_pais_origem) VALUES ('3223','PASS','000212309','Bethurum','19770510','Sweden');
INSERT INTO emprega_midia (id_midia, id_pessoa) VALUES ('81','3223');
INSERT INTO pessoa (id_pessoa, tipo_documento,documento,nome,data_nascimento,nome_pais_origem) VALUES ('3224','PASS','000896926','Bogut','19741111','China');
INSERT INTO emprega_midia (id_midia, id_pessoa) VALUES ('81','3224');
INSERT INTO pessoa (id_pessoa, tipo_documento,documento,nome,data_nascimento,nome_pais_origem) VALUES ('3225','PASS','000743866','Congleton','19800820','Monaco');
INSERT INTO emprega_midia (id_midia, id_pessoa) VALUES ('81','3225');
INSERT INTO pessoa (id_pessoa, tipo_documento,documento,nome,data_nascimento,nome_pais_origem) VALUES ('3226','PASS','000486235','Bobadilla','19790506','Ukraine');
INSERT INTO emprega_midia (id_midia, id_pessoa) VALUES ('81','3226');
INSERT INTO pessoa (id_pessoa, tipo_documento,documento,nome,data_nascimento,nome_pais_origem) VALUES ('3227','PASS','000686318','Buvens','19760903','Mongolia');
INSERT INTO emprega_midia (id_midia, id_pessoa) VALUES ('81','3227');
INSERT INTO pessoa (id_pessoa, tipo_documento,documento,nome,data_nascimento,nome_pais_origem) VALUES ('3228','PASS','000546824','Bendler','19720413','Netherlands');
INSERT INTO emprega_midia (id_midia, id_pessoa) VALUES ('81','3228');
INSERT INTO pessoa (id_pessoa, tipo_documento,documento,nome,data_nascimento,nome_pais_origem) VALUES ('3229','PASS','000850935','Buttolph','19791225','Peru');
INSERT INTO emprega_midia (id_midia, id_pessoa) VALUES ('81','3229');
INSERT INTO pessoa (id_pessoa, tipo_documento,documento,nome,data_nascimento,nome_pais_origem) VALUES ('3230','PASS','000194469','Degnan','19710416','Australia');
INSERT INTO emprega_midia (id_midia, id_pessoa) VALUES ('81','3230');
INSERT INTO pessoa (id_pessoa, tipo_documento,documento,nome,data_nascimento,nome_pais_origem) VALUES ('3231','PASS','000806648','Dutt','19800925','Estonia');
INSERT INTO emprega_midia (id_midia, id_pessoa) VALUES ('81','3231');
INSERT INTO pessoa (id_pessoa, tipo_documento,documento,nome,data_nascimento,nome_pais_origem) VALUES ('3232','PASS','000353652','Adeline','19780801','Philippines');
INSERT INTO emprega_midia (id_midia, id_pessoa) VALUES ('81','3232');
INSERT INTO pessoa (id_pessoa, tipo_documento,documento,nome,data_nascimento,nome_pais_origem) VALUES ('3233','PASS','000351666','Dwan','19820611','Netherlands');
INSERT INTO emprega_midia (id_midia, id_pessoa) VALUES ('81','3233');
INSERT INTO pessoa (id_pessoa, tipo_documento,documento,nome,data_nascimento,nome_pais_origem) VALUES ('3234','PASS','000229307','Girote','19780414','France');
INSERT INTO emprega_midia (id_midia, id_pessoa) VALUES ('81','3234');
INSERT INTO pessoa (id_pessoa, tipo_documento,documento,nome,data_nascimento,nome_pais_origem) VALUES ('3235','PASS','000593081','Cocca','19720321','Cuba');
INSERT INTO emprega_midia (id_midia, id_pessoa) VALUES ('81','3235');
INSERT INTO pessoa (id_pessoa, tipo_documento,documento,nome,data_nascimento,nome_pais_origem) VALUES ('3236','PASS','000653473','Dummitt','19721022','Romania');
INSERT INTO emprega_midia (id_midia, id_pessoa) VALUES ('81','3236');
INSERT INTO pessoa (id_pessoa, tipo_documento,documento,nome,data_nascimento,nome_pais_origem) VALUES ('3237','PASS','000882428','Buntz','19841012','Nicaragua');
INSERT INTO emprega_midia (id_midia, id_pessoa) VALUES ('81','3237');
INSERT INTO equipe_de_midia (id_midia,nome_empresa) VALUES ('82','FGFJOFL');
INSERT INTO pessoa (id_pessoa, tipo_documento,documento,nome,data_nascimento,nome_pais_origem) VALUES ('3238','PASS','000848924','Garlett','19701020','Chad');
INSERT INTO emprega_midia (id_midia, id_pessoa) VALUES ('82','3238');
INSERT INTO pessoa (id_pessoa, tipo_documento,documento,nome,data_nascimento,nome_pais_origem) VALUES ('3239','PASS','000967025','Arnstein','19811013','Luxembourg');
INSERT INTO emprega_midia (id_midia, id_pessoa) VALUES ('82','3239');
INSERT INTO pessoa (id_pessoa, tipo_documento,documento,nome,data_nascimento,nome_pais_origem) VALUES ('3240','PASS','000648319','Carcia','19810406','France');
INSERT INTO emprega_midia (id_midia, id_pessoa) VALUES ('82','3240');
INSERT INTO pessoa (id_pessoa, tipo_documento,documento,nome,data_nascimento,nome_pais_origem) VALUES ('3241','PASS','000556981','Cader','19710421','Bahamas');
INSERT INTO emprega_midia (id_midia, id_pessoa) VALUES ('82','3241');
INSERT INTO pessoa (id_pessoa, tipo_documento,documento,nome,data_nascimento,nome_pais_origem) VALUES ('3242','PASS','000208352','Engleson','19790923','Greece');
INSERT INTO emprega_midia (id_midia, id_pessoa) VALUES ('82','3242');
INSERT INTO pessoa (id_pessoa, tipo_documento,documento,nome,data_nascimento,nome_pais_origem) VALUES ('3243','PASS','000434708','Dirlam','19820220','Poland');
INSERT INTO emprega_midia (id_midia, id_pessoa) VALUES ('82','3243');
INSERT INTO pessoa (id_pessoa, tipo_documento,documento,nome,data_nascimento,nome_pais_origem) VALUES ('3244','PASS','000105624','Forward','19790223','Algeria');
INSERT INTO emprega_midia (id_midia, id_pessoa) VALUES ('82','3244');
INSERT INTO pessoa (id_pessoa, tipo_documento,documento,nome,data_nascimento,nome_pais_origem) VALUES ('3245','PASS','000556063','Blundo','19830616','Zealand');
INSERT INTO emprega_midia (id_midia, id_pessoa) VALUES ('82','3245');
INSERT INTO pessoa (id_pessoa, tipo_documento,documento,nome,data_nascimento,nome_pais_origem) VALUES ('3246','PASS','000240185','Furrow','19731019','Slovakia');
INSERT INTO emprega_midia (id_midia, id_pessoa) VALUES ('82','3246');
INSERT INTO pessoa (id_pessoa, tipo_documento,documento,nome,data_nascimento,nome_pais_origem) VALUES ('3247','PASS','000687938','Estabillo','19830319','Chad');
INSERT INTO emprega_midia (id_midia, id_pessoa) VALUES ('82','3247');
INSERT INTO pessoa (id_pessoa, tipo_documento,documento,nome,data_nascimento,nome_pais_origem) VALUES ('3248','PASS','000151560','Detamore','19840902','Brazil');
INSERT INTO emprega_midia (id_midia, id_pessoa) VALUES ('82','3248');
INSERT INTO pessoa (id_pessoa, tipo_documento,documento,nome,data_nascimento,nome_pais_origem) VALUES ('3249','PASS','000729152','Forsythe','19810415','Bulgaria');
INSERT INTO emprega_midia (id_midia, id_pessoa) VALUES ('82','3249');
INSERT INTO pessoa (id_pessoa, tipo_documento,documento,nome,data_nascimento,nome_pais_origem) VALUES ('3250','PASS','000408451','Arya','19850701','Paraguay');
INSERT INTO emprega_midia (id_midia, id_pessoa) VALUES ('82','3250');
INSERT INTO pessoa (id_pessoa, tipo_documento,documento,nome,data_nascimento,nome_pais_origem) VALUES ('3251','PASS','000247103','Dargis','19741223','Romania');
INSERT INTO emprega_midia (id_midia, id_pessoa) VALUES ('82','3251');
INSERT INTO pessoa (id_pessoa, tipo_documento,documento,nome,data_nascimento,nome_pais_origem) VALUES ('3252','PASS','000477434','Clive','19860618','Belgium');
INSERT INTO emprega_midia (id_midia, id_pessoa) VALUES ('82','3252');
INSERT INTO pessoa (id_pessoa, tipo_documento,documento,nome,data_nascimento,nome_pais_origem) VALUES ('3253','PASS','000811473','Furfaro','19710606','Japan');
INSERT INTO emprega_midia (id_midia, id_pessoa) VALUES ('82','3253');
INSERT INTO pessoa (id_pessoa, tipo_documento,documento,nome,data_nascimento,nome_pais_origem) VALUES ('3254','PASS','000617889','Catino','19720914','Arabia');
INSERT INTO emprega_midia (id_midia, id_pessoa) VALUES ('82','3254');
INSERT INTO pessoa (id_pessoa, tipo_documento,documento,nome,data_nascimento,nome_pais_origem) VALUES ('3255','PASS','000841243','Chorley','19800610','Switzerland');
INSERT INTO emprega_midia (id_midia, id_pessoa) VALUES ('82','3255');
INSERT INTO pessoa (id_pessoa, tipo_documento,documento,nome,data_nascimento,nome_pais_origem) VALUES ('3256','PASS','000702912','Enzenauer','19851101','Zealand');
INSERT INTO emprega_midia (id_midia, id_pessoa) VALUES ('82','3256');
INSERT INTO pessoa (id_pessoa, tipo_documento,documento,nome,data_nascimento,nome_pais_origem) VALUES ('3257','PASS','000552348','Filthaut','19781006','Bulgaria');
INSERT INTO emprega_midia (id_midia, id_pessoa) VALUES ('82','3257');
INSERT INTO pessoa (id_pessoa, tipo_documento,documento,nome,data_nascimento,nome_pais_origem) VALUES ('3258','PASS','000690064','Cedar','19840503','Thailand');
INSERT INTO emprega_midia (id_midia, id_pessoa) VALUES ('82','3258');
INSERT INTO pessoa (id_pessoa, tipo_documento,documento,nome,data_nascimento,nome_pais_origem) VALUES ('3259','PASS','000466275','Fenbert','19720827','Finland');
INSERT INTO emprega_midia (id_midia, id_pessoa) VALUES ('82','3259');
INSERT INTO pessoa (id_pessoa, tipo_documento,documento,nome,data_nascimento,nome_pais_origem) VALUES ('3260','PASS','000718356','Estell','19790814','Chad');
INSERT INTO emprega_midia (id_midia, id_pessoa) VALUES ('82','3260');
INSERT INTO pessoa (id_pessoa, tipo_documento,documento,nome,data_nascimento,nome_pais_origem) VALUES ('3261','PASS','000791904','Enslow','19880624','Denmark');
INSERT INTO emprega_midia (id_midia, id_pessoa) VALUES ('82','3261');
INSERT INTO equipe_de_midia (id_midia,nome_empresa) VALUES ('83','PRZYBFD');
INSERT INTO pessoa (id_pessoa, tipo_documento,documento,nome,data_nascimento,nome_pais_origem) VALUES ('3262','PASS','000401187','Garfield','19731112','Belarus');
INSERT INTO emprega_midia (id_midia, id_pessoa) VALUES ('83','3262');
INSERT INTO pessoa (id_pessoa, tipo_documento,documento,nome,data_nascimento,nome_pais_origem) VALUES ('3263','PASS','000876626','Georgianna','19830719','Singapore');
INSERT INTO emprega_midia (id_midia, id_pessoa) VALUES ('83','3263');
INSERT INTO pessoa (id_pessoa, tipo_documento,documento,nome,data_nascimento,nome_pais_origem) VALUES ('3264','PASS','000224488','Ballentine','19730415','Chile');
INSERT INTO emprega_midia (id_midia, id_pessoa) VALUES ('83','3264');
INSERT INTO pessoa (id_pessoa, tipo_documento,documento,nome,data_nascimento,nome_pais_origem) VALUES ('3265','PASS','000671988','Cefalu','19760103','Angola');
INSERT INTO emprega_midia (id_midia, id_pessoa) VALUES ('83','3265');
INSERT INTO pessoa (id_pessoa, tipo_documento,documento,nome,data_nascimento,nome_pais_origem) VALUES ('3266','PASS','000895337','Della','19740114','Belgium');
INSERT INTO emprega_midia (id_midia, id_pessoa) VALUES ('83','3266');
INSERT INTO pessoa (id_pessoa, tipo_documento,documento,nome,data_nascimento,nome_pais_origem) VALUES ('3267','PASS','000853561','Dibbles','19801001','Angola');
INSERT INTO emprega_midia (id_midia, id_pessoa) VALUES ('83','3267');
INSERT INTO pessoa (id_pessoa, tipo_documento,documento,nome,data_nascimento,nome_pais_origem) VALUES ('3268','PASS','000394794','Gowler','19811102','Rica');
INSERT INTO emprega_midia (id_midia, id_pessoa) VALUES ('83','3268');
INSERT INTO pessoa (id_pessoa, tipo_documento,documento,nome,data_nascimento,nome_pais_origem) VALUES ('3269','PASS','000942160','Gatz','19891226','Serbia');
INSERT INTO emprega_midia (id_midia, id_pessoa) VALUES ('83','3269');
INSERT INTO pessoa (id_pessoa, tipo_documento,documento,nome,data_nascimento,nome_pais_origem) VALUES ('3270','PASS','000287496','Buonaiuto','19711111','Finland');
INSERT INTO emprega_midia (id_midia, id_pessoa) VALUES ('83','3270');
INSERT INTO pessoa (id_pessoa, tipo_documento,documento,nome,data_nascimento,nome_pais_origem) VALUES ('3271','PASS','000946257','Bucanan','19810322','Iraq');
INSERT INTO emprega_midia (id_midia, id_pessoa) VALUES ('83','3271');
INSERT INTO pessoa (id_pessoa, tipo_documento,documento,nome,data_nascimento,nome_pais_origem) VALUES ('3272','PASS','000381380','Goetsch','19831213','Singapore');
INSERT INTO emprega_midia (id_midia, id_pessoa) VALUES ('83','3272');
INSERT INTO pessoa (id_pessoa, tipo_documento,documento,nome,data_nascimento,nome_pais_origem) VALUES ('3273','PASS','000343445','Asad','19720807','Finland');
INSERT INTO emprega_midia (id_midia, id_pessoa) VALUES ('83','3273');
INSERT INTO pessoa (id_pessoa, tipo_documento,documento,nome,data_nascimento,nome_pais_origem) VALUES ('3274','PASS','000142019','Chai','19700312','Germany');
INSERT INTO emprega_midia (id_midia, id_pessoa) VALUES ('83','3274');
INSERT INTO pessoa (id_pessoa, tipo_documento,documento,nome,data_nascimento,nome_pais_origem) VALUES ('3275','PASS','000227904','Culcasi','19780209','Philippines');
INSERT INTO emprega_midia (id_midia, id_pessoa) VALUES ('83','3275');
INSERT INTO pessoa (id_pessoa, tipo_documento,documento,nome,data_nascimento,nome_pais_origem) VALUES ('3276','PASS','000243749','Fagg','19720319','Iraq');
INSERT INTO emprega_midia (id_midia, id_pessoa) VALUES ('83','3276');
INSERT INTO equipe_de_midia (id_midia,nome_empresa) VALUES ('84','UZFQXVJ');
INSERT INTO pessoa (id_pessoa, tipo_documento,documento,nome,data_nascimento,nome_pais_origem) VALUES ('3277','PASS','000307032','Fechner','19840915','Japan');
INSERT INTO emprega_midia (id_midia, id_pessoa) VALUES ('84','3277');
INSERT INTO pessoa (id_pessoa, tipo_documento,documento,nome,data_nascimento,nome_pais_origem) VALUES ('3278','PASS','000964547','Antonakos','19880121','Mozambique');
INSERT INTO emprega_midia (id_midia, id_pessoa) VALUES ('84','3278');
INSERT INTO pessoa (id_pessoa, tipo_documento,documento,nome,data_nascimento,nome_pais_origem) VALUES ('3279','PASS','000233728','Avala','19851123','Belgium');
INSERT INTO emprega_midia (id_midia, id_pessoa) VALUES ('84','3279');
INSERT INTO pessoa (id_pessoa, tipo_documento,documento,nome,data_nascimento,nome_pais_origem) VALUES ('3280','PASS','000157989','Greve','19790523','Peru');
INSERT INTO emprega_midia (id_midia, id_pessoa) VALUES ('84','3280');
INSERT INTO pessoa (id_pessoa, tipo_documento,documento,nome,data_nascimento,nome_pais_origem) VALUES ('3281','PASS','000465311','Causley','19790616','Norway');
INSERT INTO emprega_midia (id_midia, id_pessoa) VALUES ('84','3281');
INSERT INTO pessoa (id_pessoa, tipo_documento,documento,nome,data_nascimento,nome_pais_origem) VALUES ('3282','PASS','000789280','Briney','19800808','Chad');
INSERT INTO emprega_midia (id_midia, id_pessoa) VALUES ('84','3282');
INSERT INTO pessoa (id_pessoa, tipo_documento,documento,nome,data_nascimento,nome_pais_origem) VALUES ('3283','PASS','000770851','Bluhm','19870903','France');
INSERT INTO emprega_midia (id_midia, id_pessoa) VALUES ('84','3283');
INSERT INTO pessoa (id_pessoa, tipo_documento,documento,nome,data_nascimento,nome_pais_origem) VALUES ('3284','PASS','000401178','Etherton','19731012','China');
INSERT INTO emprega_midia (id_midia, id_pessoa) VALUES ('84','3284');
INSERT INTO pessoa (id_pessoa, tipo_documento,documento,nome,data_nascimento,nome_pais_origem) VALUES ('3285','PASS','000380511','Cuyler','19720204','Chile');
INSERT INTO emprega_midia (id_midia, id_pessoa) VALUES ('84','3285');
INSERT INTO pessoa (id_pessoa, tipo_documento,documento,nome,data_nascimento,nome_pais_origem) VALUES ('3286','PASS','000237548','Bickleman','19740822','Senegal');
INSERT INTO emprega_midia (id_midia, id_pessoa) VALUES ('84','3286');
INSERT INTO pessoa (id_pessoa, tipo_documento,documento,nome,data_nascimento,nome_pais_origem) VALUES ('3287','PASS','000751391','Brong','19760101','Uruguay');
INSERT INTO emprega_midia (id_midia, id_pessoa) VALUES ('84','3287');
INSERT INTO pessoa (id_pessoa, tipo_documento,documento,nome,data_nascimento,nome_pais_origem) VALUES ('3288','PASS','000176913','Flynn','19800404','Zealand');
INSERT INTO emprega_midia (id_midia, id_pessoa) VALUES ('84','3288');
INSERT INTO pessoa (id_pessoa, tipo_documento,documento,nome,data_nascimento,nome_pais_origem) VALUES ('3289','PASS','000362671','Crelia','19760126','Senegal');
INSERT INTO emprega_midia (id_midia, id_pessoa) VALUES ('84','3289');
INSERT INTO pessoa (id_pessoa, tipo_documento,documento,nome,data_nascimento,nome_pais_origem) VALUES ('3290','PASS','000204238','Crincoli','19760223','Netherlands');
INSERT INTO emprega_midia (id_midia, id_pessoa) VALUES ('84','3290');
INSERT INTO pessoa (id_pessoa, tipo_documento,documento,nome,data_nascimento,nome_pais_origem) VALUES ('3291','PASS','000899099','Goicoechea','19831020','Mozambique');
INSERT INTO emprega_midia (id_midia, id_pessoa) VALUES ('84','3291');
INSERT INTO pessoa (id_pessoa, tipo_documento,documento,nome,data_nascimento,nome_pais_origem) VALUES ('3292','PASS','000230627','Franko','19840621','Colombia');
INSERT INTO emprega_midia (id_midia, id_pessoa) VALUES ('84','3292');
INSERT INTO pessoa (id_pessoa, tipo_documento,documento,nome,data_nascimento,nome_pais_origem) VALUES ('3293','PASS','000675571','Asam','19700109','Monaco');
INSERT INTO emprega_midia (id_midia, id_pessoa) VALUES ('84','3293');
INSERT INTO pessoa (id_pessoa, tipo_documento,documento,nome,data_nascimento,nome_pais_origem) VALUES ('3294','PASS','000455610','Daughterty','19800411','Vietnam');
INSERT INTO emprega_midia (id_midia, id_pessoa) VALUES ('84','3294');
INSERT INTO pessoa (id_pessoa, tipo_documento,documento,nome,data_nascimento,nome_pais_origem) VALUES ('3295','PASS','000461859','Gangl','19830124','Afghanistan');
INSERT INTO emprega_midia (id_midia, id_pessoa) VALUES ('84','3295');
INSERT INTO pessoa (id_pessoa, tipo_documento,documento,nome,data_nascimento,nome_pais_origem) VALUES ('3296','PASS','000601112','Besley','19720808','Croatia');
INSERT INTO emprega_midia (id_midia, id_pessoa) VALUES ('84','3296');
INSERT INTO pessoa (id_pessoa, tipo_documento,documento,nome,data_nascimento,nome_pais_origem) VALUES ('3297','PASS','000519833','Cassem','19820713','Croatia');
INSERT INTO emprega_midia (id_midia, id_pessoa) VALUES ('84','3297');
INSERT INTO equipe_de_midia (id_midia,nome_empresa) VALUES ('85','IGEQNAX');
INSERT INTO pessoa (id_pessoa, tipo_documento,documento,nome,data_nascimento,nome_pais_origem) VALUES ('3298','PASS','000663567','Beel','19861225','Armenia');
INSERT INTO emprega_midia (id_midia, id_pessoa) VALUES ('85','3298');
INSERT INTO pessoa (id_pessoa, tipo_documento,documento,nome,data_nascimento,nome_pais_origem) VALUES ('3299','PASS','000651105','Anwar','19870107','Costa');
INSERT INTO emprega_midia (id_midia, id_pessoa) VALUES ('85','3299');
INSERT INTO pessoa (id_pessoa, tipo_documento,documento,nome,data_nascimento,nome_pais_origem) VALUES ('3300','PASS','000317907','Goldtrap','19710624','Bulgaria');
INSERT INTO emprega_midia (id_midia, id_pessoa) VALUES ('85','3300');
INSERT INTO pessoa (id_pessoa, tipo_documento,documento,nome,data_nascimento,nome_pais_origem) VALUES ('3301','PASS','000276085','Brach','19750809','Iran');
INSERT INTO emprega_midia (id_midia, id_pessoa) VALUES ('85','3301');
INSERT INTO pessoa (id_pessoa, tipo_documento,documento,nome,data_nascimento,nome_pais_origem) VALUES ('3302','PASS','000936456','Cianciotta','19780926','Zealand');
INSERT INTO emprega_midia (id_midia, id_pessoa) VALUES ('85','3302');
INSERT INTO pessoa (id_pessoa, tipo_documento,documento,nome,data_nascimento,nome_pais_origem) VALUES ('3303','PASS','000860240','Daku','19790519','Norway');
INSERT INTO emprega_midia (id_midia, id_pessoa) VALUES ('85','3303');
INSERT INTO equipe_de_midia (id_midia,nome_empresa) VALUES ('86','TXBMISW');
INSERT INTO pessoa (id_pessoa, tipo_documento,documento,nome,data_nascimento,nome_pais_origem) VALUES ('3304','PASS','000435512','Dumag','19800121','Portugal');
INSERT INTO emprega_midia (id_midia, id_pessoa) VALUES ('86','3304');
INSERT INTO pessoa (id_pessoa, tipo_documento,documento,nome,data_nascimento,nome_pais_origem) VALUES ('3305','PASS','000283104','Garmany','19870109','Barbados');
INSERT INTO emprega_midia (id_midia, id_pessoa) VALUES ('86','3305');
INSERT INTO pessoa (id_pessoa, tipo_documento,documento,nome,data_nascimento,nome_pais_origem) VALUES ('3306','PASS','000883940','Adessa','19851122','Chile');
INSERT INTO emprega_midia (id_midia, id_pessoa) VALUES ('86','3306');
INSERT INTO pessoa (id_pessoa, tipo_documento,documento,nome,data_nascimento,nome_pais_origem) VALUES ('3307','PASS','000631950','Amaker','19870826','Bulgaria');
INSERT INTO emprega_midia (id_midia, id_pessoa) VALUES ('86','3307');
INSERT INTO pessoa (id_pessoa, tipo_documento,documento,nome,data_nascimento,nome_pais_origem) VALUES ('3308','PASS','000709092','Domiano','19790426','Philippines');
INSERT INTO emprega_midia (id_midia, id_pessoa) VALUES ('86','3308');
INSERT INTO pessoa (id_pessoa, tipo_documento,documento,nome,data_nascimento,nome_pais_origem) VALUES ('3309','PASS','000186160','Difrancisco','19780106','Vietnam');
INSERT INTO emprega_midia (id_midia, id_pessoa) VALUES ('86','3309');
INSERT INTO pessoa (id_pessoa, tipo_documento,documento,nome,data_nascimento,nome_pais_origem) VALUES ('3310','PASS','000394380','Goltra','19760809','Morocco');
INSERT INTO emprega_midia (id_midia, id_pessoa) VALUES ('86','3310');
INSERT INTO pessoa (id_pessoa, tipo_documento,documento,nome,data_nascimento,nome_pais_origem) VALUES ('3311','PASS','000656475','Apruzzese','19851018','France');
INSERT INTO emprega_midia (id_midia, id_pessoa) VALUES ('86','3311');
INSERT INTO pessoa (id_pessoa, tipo_documento,documento,nome,data_nascimento,nome_pais_origem) VALUES ('3312','PASS','000951331','Gremminger','19740201','Senegal');
INSERT INTO emprega_midia (id_midia, id_pessoa) VALUES ('86','3312');
INSERT INTO pessoa (id_pessoa, tipo_documento,documento,nome,data_nascimento,nome_pais_origem) VALUES ('3313','PASS','000231788','Frankina','19700517','Brazil');
INSERT INTO emprega_midia (id_midia, id_pessoa) VALUES ('86','3313');
INSERT INTO pessoa (id_pessoa, tipo_documento,documento,nome,data_nascimento,nome_pais_origem) VALUES ('3314','PASS','000678244','Brasswell','19820927','Austria');
INSERT INTO emprega_midia (id_midia, id_pessoa) VALUES ('86','3314');
INSERT INTO pessoa (id_pessoa, tipo_documento,documento,nome,data_nascimento,nome_pais_origem) VALUES ('3315','PASS','000449677','Crickard','19820622','Armenia');
INSERT INTO emprega_midia (id_midia, id_pessoa) VALUES ('86','3315');
INSERT INTO pessoa (id_pessoa, tipo_documento,documento,nome,data_nascimento,nome_pais_origem) VALUES ('3316','PASS','000337324','Bookhardt','19751120','Portugal');
INSERT INTO emprega_midia (id_midia, id_pessoa) VALUES ('86','3316');
INSERT INTO pessoa (id_pessoa, tipo_documento,documento,nome,data_nascimento,nome_pais_origem) VALUES ('3317','PASS','000132185','Bason','19831123','Mexico');
INSERT INTO emprega_midia (id_midia, id_pessoa) VALUES ('86','3317');
INSERT INTO pessoa (id_pessoa, tipo_documento,documento,nome,data_nascimento,nome_pais_origem) VALUES ('3318','PASS','000299785','Carson','19890913','Argentina');
INSERT INTO emprega_midia (id_midia, id_pessoa) VALUES ('86','3318');
INSERT INTO pessoa (id_pessoa, tipo_documento,documento,nome,data_nascimento,nome_pais_origem) VALUES ('3319','PASS','000209264','Cossano','19740904','Croatia');
INSERT INTO emprega_midia (id_midia, id_pessoa) VALUES ('86','3319');
INSERT INTO pessoa (id_pessoa, tipo_documento,documento,nome,data_nascimento,nome_pais_origem) VALUES ('3320','PASS','000315870','Equils','19830423','Romania');
INSERT INTO emprega_midia (id_midia, id_pessoa) VALUES ('86','3320');
INSERT INTO pessoa (id_pessoa, tipo_documento,documento,nome,data_nascimento,nome_pais_origem) VALUES ('3321','PASS','000827243','Belding','19791114','Spain');
INSERT INTO emprega_midia (id_midia, id_pessoa) VALUES ('86','3321');
INSERT INTO pessoa (id_pessoa, tipo_documento,documento,nome,data_nascimento,nome_pais_origem) VALUES ('3322','PASS','000210258','Calendine','19871009','Zealand');
INSERT INTO emprega_midia (id_midia, id_pessoa) VALUES ('86','3322');
INSERT INTO equipe_de_midia (id_midia,nome_empresa) VALUES ('87','TTWNEHN');
INSERT INTO pessoa (id_pessoa, tipo_documento,documento,nome,data_nascimento,nome_pais_origem) VALUES ('3323','PASS','000634203','Delcolle','19720721','Bulgaria');
INSERT INTO emprega_midia (id_midia, id_pessoa) VALUES ('87','3323');
INSERT INTO pessoa (id_pessoa, tipo_documento,documento,nome,data_nascimento,nome_pais_origem) VALUES ('3324','PASS','000324857','Ciganek','19850708','Afghanistan');
INSERT INTO emprega_midia (id_midia, id_pessoa) VALUES ('87','3324');
INSERT INTO pessoa (id_pessoa, tipo_documento,documento,nome,data_nascimento,nome_pais_origem) VALUES ('3325','PASS','000501661','Fujiwara','19770917','Senegal');
INSERT INTO emprega_midia (id_midia, id_pessoa) VALUES ('87','3325');
INSERT INTO pessoa (id_pessoa, tipo_documento,documento,nome,data_nascimento,nome_pais_origem) VALUES ('3326','PASS','000465089','Alexiou','19840813','Norway');
INSERT INTO emprega_midia (id_midia, id_pessoa) VALUES ('87','3326');
INSERT INTO pessoa (id_pessoa, tipo_documento,documento,nome,data_nascimento,nome_pais_origem) VALUES ('3327','PASS','000685548','Bonaccorsi','19761003','Nepal');
INSERT INTO emprega_midia (id_midia, id_pessoa) VALUES ('87','3327');
INSERT INTO pessoa (id_pessoa, tipo_documento,documento,nome,data_nascimento,nome_pais_origem) VALUES ('3328','PASS','000951137','Cardenos','19760227','Colombia');
INSERT INTO emprega_midia (id_midia, id_pessoa) VALUES ('87','3328');
INSERT INTO pessoa (id_pessoa, tipo_documento,documento,nome,data_nascimento,nome_pais_origem) VALUES ('3329','PASS','000922838','Cecilia','19870901','Slovakia');
INSERT INTO emprega_midia (id_midia, id_pessoa) VALUES ('87','3329');
INSERT INTO pessoa (id_pessoa, tipo_documento,documento,nome,data_nascimento,nome_pais_origem) VALUES ('3330','PASS','000967754','Flanigan','19801016','Nicaragua');
INSERT INTO emprega_midia (id_midia, id_pessoa) VALUES ('87','3330');
INSERT INTO pessoa (id_pessoa, tipo_documento,documento,nome,data_nascimento,nome_pais_origem) VALUES ('3331','PASS','000286832','Dearmore','19860823','Luxembourg');
INSERT INTO emprega_midia (id_midia, id_pessoa) VALUES ('87','3331');
INSERT INTO pessoa (id_pessoa, tipo_documento,documento,nome,data_nascimento,nome_pais_origem) VALUES ('3332','PASS','000781305','Courtoy','19720807','Spain');
INSERT INTO emprega_midia (id_midia, id_pessoa) VALUES ('87','3332');
INSERT INTO pessoa (id_pessoa, tipo_documento,documento,nome,data_nascimento,nome_pais_origem) VALUES ('3333','PASS','000936062','Debray','19800426','France');
INSERT INTO emprega_midia (id_midia, id_pessoa) VALUES ('87','3333');
INSERT INTO pessoa (id_pessoa, tipo_documento,documento,nome,data_nascimento,nome_pais_origem) VALUES ('3334','PASS','000954711','Corkran','19871021','Senegal');
INSERT INTO emprega_midia (id_midia, id_pessoa) VALUES ('87','3334');
INSERT INTO pessoa (id_pessoa, tipo_documento,documento,nome,data_nascimento,nome_pais_origem) VALUES ('3335','PASS','000577115','Bernell','19710427','Monaco');
INSERT INTO emprega_midia (id_midia, id_pessoa) VALUES ('87','3335');
INSERT INTO pessoa (id_pessoa, tipo_documento,documento,nome,data_nascimento,nome_pais_origem) VALUES ('3336','PASS','000708684','Gianopulos','19851102','Estonia');
INSERT INTO emprega_midia (id_midia, id_pessoa) VALUES ('87','3336');
INSERT INTO pessoa (id_pessoa, tipo_documento,documento,nome,data_nascimento,nome_pais_origem) VALUES ('3337','PASS','000389466','Ducasse','19881118','Germany');
INSERT INTO emprega_midia (id_midia, id_pessoa) VALUES ('87','3337');
INSERT INTO pessoa (id_pessoa, tipo_documento,documento,nome,data_nascimento,nome_pais_origem) VALUES ('3338','PASS','000828501','Campton','19830118','Mongolia');
INSERT INTO emprega_midia (id_midia, id_pessoa) VALUES ('87','3338');
INSERT INTO pessoa (id_pessoa, tipo_documento,documento,nome,data_nascimento,nome_pais_origem) VALUES ('3339','PASS','000738175','Bossick','19800706','France');
INSERT INTO emprega_midia (id_midia, id_pessoa) VALUES ('87','3339');
INSERT INTO pessoa (id_pessoa, tipo_documento,documento,nome,data_nascimento,nome_pais_origem) VALUES ('3340','PASS','000661104','Buitrago','19881115','Barbados');
INSERT INTO emprega_midia (id_midia, id_pessoa) VALUES ('87','3340');
INSERT INTO pessoa (id_pessoa, tipo_documento,documento,nome,data_nascimento,nome_pais_origem) VALUES ('3341','PASS','000822806','Dorado','19730515','Azerbaijan');
INSERT INTO emprega_midia (id_midia, id_pessoa) VALUES ('87','3341');
INSERT INTO pessoa (id_pessoa, tipo_documento,documento,nome,data_nascimento,nome_pais_origem) VALUES ('3342','PASS','000295189','Bollinger','19770621','Georgia');
INSERT INTO emprega_midia (id_midia, id_pessoa) VALUES ('87','3342');
INSERT INTO pessoa (id_pessoa, tipo_documento,documento,nome,data_nascimento,nome_pais_origem) VALUES ('3343','PASS','000403102','Groover','19810522','Italy');
INSERT INTO emprega_midia (id_midia, id_pessoa) VALUES ('87','3343');
INSERT INTO pessoa (id_pessoa, tipo_documento,documento,nome,data_nascimento,nome_pais_origem) VALUES ('3344','PASS','000413228','Coyco','19750826','Bangladesh');
INSERT INTO emprega_midia (id_midia, id_pessoa) VALUES ('87','3344');
INSERT INTO pessoa (id_pessoa, tipo_documento,documento,nome,data_nascimento,nome_pais_origem) VALUES ('3345','PASS','000465036','Coffee','19720425','Poland');
INSERT INTO emprega_midia (id_midia, id_pessoa) VALUES ('87','3345');
INSERT INTO pessoa (id_pessoa, tipo_documento,documento,nome,data_nascimento,nome_pais_origem) VALUES ('3346','PASS','000961521','Deroos','19740918','Mozambique');
INSERT INTO emprega_midia (id_midia, id_pessoa) VALUES ('87','3346');
INSERT INTO pessoa (id_pessoa, tipo_documento,documento,nome,data_nascimento,nome_pais_origem) VALUES ('3347','PASS','000676922','Cockriel','19880126','Azerbaijan');
INSERT INTO emprega_midia (id_midia, id_pessoa) VALUES ('87','3347');
INSERT INTO pessoa (id_pessoa, tipo_documento,documento,nome,data_nascimento,nome_pais_origem) VALUES ('3348','PASS','000251873','Battisti','19780612','Netherlands');
INSERT INTO emprega_midia (id_midia, id_pessoa) VALUES ('87','3348');
INSERT INTO pessoa (id_pessoa, tipo_documento,documento,nome,data_nascimento,nome_pais_origem) VALUES ('3349','PASS','000375934','Dannie','19701116','Argentina');
INSERT INTO emprega_midia (id_midia, id_pessoa) VALUES ('87','3349');
INSERT INTO pessoa (id_pessoa, tipo_documento,documento,nome,data_nascimento,nome_pais_origem) VALUES ('3350','PASS','000681621','Dause','19860426','Iraq');
INSERT INTO emprega_midia (id_midia, id_pessoa) VALUES ('87','3350');
INSERT INTO equipe_de_midia (id_midia,nome_empresa) VALUES ('88','OZUTIJV');
INSERT INTO pessoa (id_pessoa, tipo_documento,documento,nome,data_nascimento,nome_pais_origem) VALUES ('3351','PASS','000386628','Gachupin','19850312','Senegal');
INSERT INTO emprega_midia (id_midia, id_pessoa) VALUES ('88','3351');
INSERT INTO pessoa (id_pessoa, tipo_documento,documento,nome,data_nascimento,nome_pais_origem) VALUES ('3352','PASS','000610335','Antonelli','19740317','Vietnam');
INSERT INTO emprega_midia (id_midia, id_pessoa) VALUES ('88','3352');
INSERT INTO pessoa (id_pessoa, tipo_documento,documento,nome,data_nascimento,nome_pais_origem) VALUES ('3353','PASS','000361413','Eveler','19741102','Syria');
INSERT INTO emprega_midia (id_midia, id_pessoa) VALUES ('88','3353');
INSERT INTO pessoa (id_pessoa, tipo_documento,documento,nome,data_nascimento,nome_pais_origem) VALUES ('3354','PASS','000249687','Cumoletti','19880419','Bahamas');
INSERT INTO emprega_midia (id_midia, id_pessoa) VALUES ('88','3354');
INSERT INTO pessoa (id_pessoa, tipo_documento,documento,nome,data_nascimento,nome_pais_origem) VALUES ('3355','PASS','000898999','Carlough','19701221','Peru');
INSERT INTO emprega_midia (id_midia, id_pessoa) VALUES ('88','3355');
INSERT INTO pessoa (id_pessoa, tipo_documento,documento,nome,data_nascimento,nome_pais_origem) VALUES ('3356','PASS','000413081','Alward','19790209','Sweden');
INSERT INTO emprega_midia (id_midia, id_pessoa) VALUES ('88','3356');
INSERT INTO pessoa (id_pessoa, tipo_documento,documento,nome,data_nascimento,nome_pais_origem) VALUES ('3357','PASS','000994344','Balassi','19790303','Georgia');
INSERT INTO emprega_midia (id_midia, id_pessoa) VALUES ('88','3357');
INSERT INTO pessoa (id_pessoa, tipo_documento,documento,nome,data_nascimento,nome_pais_origem) VALUES ('3358','PASS','000414027','Arbetman','19710610','Luxembourg');
INSERT INTO emprega_midia (id_midia, id_pessoa) VALUES ('88','3358');
INSERT INTO pessoa (id_pessoa, tipo_documento,documento,nome,data_nascimento,nome_pais_origem) VALUES ('3359','PASS','000643949','Caspar','19830509','Bahrain');
INSERT INTO emprega_midia (id_midia, id_pessoa) VALUES ('88','3359');
INSERT INTO pessoa (id_pessoa, tipo_documento,documento,nome,data_nascimento,nome_pais_origem) VALUES ('3360','PASS','000362029','Fontanini','19811120','New');
INSERT INTO emprega_midia (id_midia, id_pessoa) VALUES ('88','3360');
INSERT INTO pessoa (id_pessoa, tipo_documento,documento,nome,data_nascimento,nome_pais_origem) VALUES ('3361','PASS','000763592','Enter','19851115','Saudi');
INSERT INTO emprega_midia (id_midia, id_pessoa) VALUES ('88','3361');
INSERT INTO pessoa (id_pessoa, tipo_documento,documento,nome,data_nascimento,nome_pais_origem) VALUES ('3362','PASS','000139045','Bongle','19800609','Brazil');
INSERT INTO emprega_midia (id_midia, id_pessoa) VALUES ('88','3362');
INSERT INTO pessoa (id_pessoa, tipo_documento,documento,nome,data_nascimento,nome_pais_origem) VALUES ('3363','PASS','000429377','Endries','19731207','Slovakia');
INSERT INTO emprega_midia (id_midia, id_pessoa) VALUES ('88','3363');
INSERT INTO pessoa (id_pessoa, tipo_documento,documento,nome,data_nascimento,nome_pais_origem) VALUES ('3364','PASS','000564051','Alyssa','19740816','Turkey');
INSERT INTO emprega_midia (id_midia, id_pessoa) VALUES ('88','3364');
INSERT INTO equipe_de_midia (id_midia,nome_empresa) VALUES ('89','OFFPABI');
INSERT INTO pessoa (id_pessoa, tipo_documento,documento,nome,data_nascimento,nome_pais_origem) VALUES ('3365','PASS','000485686','Dimodica','19771225','Hungary');
INSERT INTO emprega_midia (id_midia, id_pessoa) VALUES ('89','3365');
INSERT INTO pessoa (id_pessoa, tipo_documento,documento,nome,data_nascimento,nome_pais_origem) VALUES ('3366','PASS','000698537','Brazzel','19821123','Netherlands');
INSERT INTO emprega_midia (id_midia, id_pessoa) VALUES ('89','3366');
INSERT INTO pessoa (id_pessoa, tipo_documento,documento,nome,data_nascimento,nome_pais_origem) VALUES ('3367','PASS','000172253','Fansher','19710110','Paraguay');
INSERT INTO emprega_midia (id_midia, id_pessoa) VALUES ('89','3367');
INSERT INTO pessoa (id_pessoa, tipo_documento,documento,nome,data_nascimento,nome_pais_origem) VALUES ('3368','PASS','000858531','Gucciardi','19800413','Peru');
INSERT INTO emprega_midia (id_midia, id_pessoa) VALUES ('89','3368');
INSERT INTO pessoa (id_pessoa, tipo_documento,documento,nome,data_nascimento,nome_pais_origem) VALUES ('3369','PASS','000638489','Blackhurst','19860702','Mongolia');
INSERT INTO emprega_midia (id_midia, id_pessoa) VALUES ('89','3369');
INSERT INTO pessoa (id_pessoa, tipo_documento,documento,nome,data_nascimento,nome_pais_origem) VALUES ('3370','PASS','000850581','Blaske','19731010','China');
INSERT INTO emprega_midia (id_midia, id_pessoa) VALUES ('89','3370');
INSERT INTO pessoa (id_pessoa, tipo_documento,documento,nome,data_nascimento,nome_pais_origem) VALUES ('3371','PASS','000228204','Berube','19840725','Saudi');
INSERT INTO emprega_midia (id_midia, id_pessoa) VALUES ('89','3371');
INSERT INTO pessoa (id_pessoa, tipo_documento,documento,nome,data_nascimento,nome_pais_origem) VALUES ('3372','PASS','000322502','Berray','19870921','Australia');
INSERT INTO emprega_midia (id_midia, id_pessoa) VALUES ('89','3372');
INSERT INTO pessoa (id_pessoa, tipo_documento,documento,nome,data_nascimento,nome_pais_origem) VALUES ('3373','PASS','000604936','Dieter','19800622','Colombia');
INSERT INTO emprega_midia (id_midia, id_pessoa) VALUES ('89','3373');
INSERT INTO pessoa (id_pessoa, tipo_documento,documento,nome,data_nascimento,nome_pais_origem) VALUES ('3374','PASS','000777377','Cordle','19880319','Belarus');
INSERT INTO emprega_midia (id_midia, id_pessoa) VALUES ('89','3374');
INSERT INTO pessoa (id_pessoa, tipo_documento,documento,nome,data_nascimento,nome_pais_origem) VALUES ('3375','PASS','000336229','Aaby','19710613','Liechtenstein');
INSERT INTO emprega_midia (id_midia, id_pessoa) VALUES ('89','3375');
INSERT INTO pessoa (id_pessoa, tipo_documento,documento,nome,data_nascimento,nome_pais_origem) VALUES ('3376','PASS','000664666','Delegado','19730608','Austria');
INSERT INTO emprega_midia (id_midia, id_pessoa) VALUES ('89','3376');
INSERT INTO pessoa (id_pessoa, tipo_documento,documento,nome,data_nascimento,nome_pais_origem) VALUES ('3377','PASS','000740073','Aline','19820511','Algeria');
INSERT INTO emprega_midia (id_midia, id_pessoa) VALUES ('89','3377');
INSERT INTO pessoa (id_pessoa, tipo_documento,documento,nome,data_nascimento,nome_pais_origem) VALUES ('3378','PASS','000299076','Canestrini','19700111','Barbados');
INSERT INTO emprega_midia (id_midia, id_pessoa) VALUES ('89','3378');
INSERT INTO pessoa (id_pessoa, tipo_documento,documento,nome,data_nascimento,nome_pais_origem) VALUES ('3379','PASS','000716080','Bartone','19750212','Portugal');
INSERT INTO emprega_midia (id_midia, id_pessoa) VALUES ('89','3379');
INSERT INTO pessoa (id_pessoa, tipo_documento,documento,nome,data_nascimento,nome_pais_origem) VALUES ('3380','PASS','000548604','Brient','19850217','Italy');
INSERT INTO emprega_midia (id_midia, id_pessoa) VALUES ('89','3380');
INSERT INTO pessoa (id_pessoa, tipo_documento,documento,nome,data_nascimento,nome_pais_origem) VALUES ('3381','PASS','000871518','Dedra','19890619','Austria');
INSERT INTO emprega_midia (id_midia, id_pessoa) VALUES ('89','3381');
INSERT INTO pessoa (id_pessoa, tipo_documento,documento,nome,data_nascimento,nome_pais_origem) VALUES ('3382','PASS','000980416','Burchette','19700317','Denmark');
INSERT INTO emprega_midia (id_midia, id_pessoa) VALUES ('89','3382');
INSERT INTO pessoa (id_pessoa, tipo_documento,documento,nome,data_nascimento,nome_pais_origem) VALUES ('3383','PASS','000998991','Burgert','19780824','Philippines');
INSERT INTO emprega_midia (id_midia, id_pessoa) VALUES ('89','3383');
INSERT INTO pessoa (id_pessoa, tipo_documento,documento,nome,data_nascimento,nome_pais_origem) VALUES ('3384','PASS','000928531','Finfrock','19770124','Thailand');
INSERT INTO emprega_midia (id_midia, id_pessoa) VALUES ('89','3384');
INSERT INTO pessoa (id_pessoa, tipo_documento,documento,nome,data_nascimento,nome_pais_origem) VALUES ('3385','PASS','000389052','Berrios','19751202','Belarus');
INSERT INTO emprega_midia (id_midia, id_pessoa) VALUES ('89','3385');
INSERT INTO pessoa (id_pessoa, tipo_documento,documento,nome,data_nascimento,nome_pais_origem) VALUES ('3386','PASS','000104594','Gladney','19800527','Brazil');
INSERT INTO emprega_midia (id_midia, id_pessoa) VALUES ('89','3386');
INSERT INTO pessoa (id_pessoa, tipo_documento,documento,nome,data_nascimento,nome_pais_origem) VALUES ('3387','PASS','000276355','Aschim','19761208','Serbia');
INSERT INTO emprega_midia (id_midia, id_pessoa) VALUES ('89','3387');
INSERT INTO pessoa (id_pessoa, tipo_documento,documento,nome,data_nascimento,nome_pais_origem) VALUES ('3388','PASS','000260848','Dorvil','19830305','Armenia');
INSERT INTO emprega_midia (id_midia, id_pessoa) VALUES ('89','3388');
INSERT INTO pessoa (id_pessoa, tipo_documento,documento,nome,data_nascimento,nome_pais_origem) VALUES ('3389','PASS','000139811','Appenzeller','19701218','Costa');
INSERT INTO emprega_midia (id_midia, id_pessoa) VALUES ('89','3389');
INSERT INTO equipe_de_midia (id_midia,nome_empresa) VALUES ('90','WRRDQKS');
INSERT INTO pessoa (id_pessoa, tipo_documento,documento,nome,data_nascimento,nome_pais_origem) VALUES ('3390','PASS','000876544','Bugay','19741004','Uruguay');
INSERT INTO emprega_midia (id_midia, id_pessoa) VALUES ('90','3390');
INSERT INTO pessoa (id_pessoa, tipo_documento,documento,nome,data_nascimento,nome_pais_origem) VALUES ('3391','PASS','000720683','Clinkingbeard','19890317','Netherlands');
INSERT INTO emprega_midia (id_midia, id_pessoa) VALUES ('90','3391');
INSERT INTO pessoa (id_pessoa, tipo_documento,documento,nome,data_nascimento,nome_pais_origem) VALUES ('3392','PASS','000118245','Gravat','19700309','Ukraine');
INSERT INTO emprega_midia (id_midia, id_pessoa) VALUES ('90','3392');
INSERT INTO pessoa (id_pessoa, tipo_documento,documento,nome,data_nascimento,nome_pais_origem) VALUES ('3393','PASS','000239572','Bilski','19850303','Morocco');
INSERT INTO emprega_midia (id_midia, id_pessoa) VALUES ('90','3393');
INSERT INTO pessoa (id_pessoa, tipo_documento,documento,nome,data_nascimento,nome_pais_origem) VALUES ('3394','PASS','000844866','Cogdell','19880626','Syria');
INSERT INTO emprega_midia (id_midia, id_pessoa) VALUES ('90','3394');
INSERT INTO pessoa (id_pessoa, tipo_documento,documento,nome,data_nascimento,nome_pais_origem) VALUES ('3395','PASS','000950797','Girt','19861211','Peru');
INSERT INTO emprega_midia (id_midia, id_pessoa) VALUES ('90','3395');
INSERT INTO pessoa (id_pessoa, tipo_documento,documento,nome,data_nascimento,nome_pais_origem) VALUES ('3396','PASS','000425885','Dulin','19840301','Denmark');
INSERT INTO emprega_midia (id_midia, id_pessoa) VALUES ('90','3396');
INSERT INTO pessoa (id_pessoa, tipo_documento,documento,nome,data_nascimento,nome_pais_origem) VALUES ('3397','PASS','000363918','Favorite','19790822','Rica');
INSERT INTO emprega_midia (id_midia, id_pessoa) VALUES ('90','3397');
INSERT INTO pessoa (id_pessoa, tipo_documento,documento,nome,data_nascimento,nome_pais_origem) VALUES ('3398','PASS','000510897','Ferreri','19740307','Indonesia');
INSERT INTO emprega_midia (id_midia, id_pessoa) VALUES ('90','3398');
INSERT INTO pessoa (id_pessoa, tipo_documento,documento,nome,data_nascimento,nome_pais_origem) VALUES ('3399','PASS','000670331','Clay','19810826','Denmark');
INSERT INTO emprega_midia (id_midia, id_pessoa) VALUES ('90','3399');
INSERT INTO pessoa (id_pessoa, tipo_documento,documento,nome,data_nascimento,nome_pais_origem) VALUES ('3400','PASS','000376230','Ellenbee','19811220','Indonesia');
INSERT INTO emprega_midia (id_midia, id_pessoa) VALUES ('90','3400');
INSERT INTO pessoa (id_pessoa, tipo_documento,documento,nome,data_nascimento,nome_pais_origem) VALUES ('3401','PASS','000245248','Frampton','19850910','Arabia');
INSERT INTO emprega_midia (id_midia, id_pessoa) VALUES ('90','3401');
INSERT INTO pessoa (id_pessoa, tipo_documento,documento,nome,data_nascimento,nome_pais_origem) VALUES ('3402','PASS','000392301','Cortney','19820318','Japan');
INSERT INTO emprega_midia (id_midia, id_pessoa) VALUES ('90','3402');
INSERT INTO pessoa (id_pessoa, tipo_documento,documento,nome,data_nascimento,nome_pais_origem) VALUES ('3403','PASS','000193769','Bandel','19740612','Colombia');
INSERT INTO emprega_midia (id_midia, id_pessoa) VALUES ('90','3403');
INSERT INTO pessoa (id_pessoa, tipo_documento,documento,nome,data_nascimento,nome_pais_origem) VALUES ('3404','PASS','000371541','Calliham','19890106','Monaco');
INSERT INTO emprega_midia (id_midia, id_pessoa) VALUES ('90','3404');
INSERT INTO pessoa (id_pessoa, tipo_documento,documento,nome,data_nascimento,nome_pais_origem) VALUES ('3405','PASS','000472935','Casilles','19820520','Afghanistan');
INSERT INTO emprega_midia (id_midia, id_pessoa) VALUES ('90','3405');
INSERT INTO pessoa (id_pessoa, tipo_documento,documento,nome,data_nascimento,nome_pais_origem) VALUES ('3406','PASS','000843910','Bellina','19870306','Azerbaijan');
INSERT INTO emprega_midia (id_midia, id_pessoa) VALUES ('90','3406');
INSERT INTO pessoa (id_pessoa, tipo_documento,documento,nome,data_nascimento,nome_pais_origem) VALUES ('3407','PASS','000619780','Gourd','19760623','Ukraine');
INSERT INTO emprega_midia (id_midia, id_pessoa) VALUES ('90','3407');
INSERT INTO pessoa (id_pessoa, tipo_documento,documento,nome,data_nascimento,nome_pais_origem) VALUES ('3408','PASS','000525458','Beloate','19740910','Afghanistan');
INSERT INTO emprega_midia (id_midia, id_pessoa) VALUES ('90','3408');
INSERT INTO pessoa (id_pessoa, tipo_documento,documento,nome,data_nascimento,nome_pais_origem) VALUES ('3409','PASS','000427826','Ducklow','19820212','Barbados');
INSERT INTO emprega_midia (id_midia, id_pessoa) VALUES ('90','3409');
INSERT INTO pessoa (id_pessoa, tipo_documento,documento,nome,data_nascimento,nome_pais_origem) VALUES ('3410','PASS','000894710','Dambakly','19760413','Egypt');
INSERT INTO emprega_midia (id_midia, id_pessoa) VALUES ('90','3410');
INSERT INTO pessoa (id_pessoa, tipo_documento,documento,nome,data_nascimento,nome_pais_origem) VALUES ('3411','PASS','000425284','Dilthey','19710821','Angola');
INSERT INTO emprega_midia (id_midia, id_pessoa) VALUES ('90','3411');
INSERT INTO pessoa (id_pessoa, tipo_documento,documento,nome,data_nascimento,nome_pais_origem) VALUES ('3412','PASS','000707249','Dubreuil','19730110','Belgium');
INSERT INTO emprega_midia (id_midia, id_pessoa) VALUES ('90','3412');
INSERT INTO equipe_de_midia (id_midia,nome_empresa) VALUES ('91','GZEXRAB');
INSERT INTO pessoa (id_pessoa, tipo_documento,documento,nome,data_nascimento,nome_pais_origem) VALUES ('3413','PASS','000232679','Fineran','19740826','India');
INSERT INTO emprega_midia (id_midia, id_pessoa) VALUES ('91','3413');
INSERT INTO pessoa (id_pessoa, tipo_documento,documento,nome,data_nascimento,nome_pais_origem) VALUES ('3414','PASS','000738285','Cutsinger','19891120','Chile');
INSERT INTO emprega_midia (id_midia, id_pessoa) VALUES ('91','3414');
INSERT INTO pessoa (id_pessoa, tipo_documento,documento,nome,data_nascimento,nome_pais_origem) VALUES ('3415','PASS','000791549','Blount','19780904','Croatia');
INSERT INTO emprega_midia (id_midia, id_pessoa) VALUES ('91','3415');
INSERT INTO pessoa (id_pessoa, tipo_documento,documento,nome,data_nascimento,nome_pais_origem) VALUES ('3416','PASS','000821452','Ducrepin','19891018','Switzerland');
INSERT INTO emprega_midia (id_midia, id_pessoa) VALUES ('91','3416');
INSERT INTO pessoa (id_pessoa, tipo_documento,documento,nome,data_nascimento,nome_pais_origem) VALUES ('3417','PASS','000838648','Gartland','19760310','France');
INSERT INTO emprega_midia (id_midia, id_pessoa) VALUES ('91','3417');
INSERT INTO pessoa (id_pessoa, tipo_documento,documento,nome,data_nascimento,nome_pais_origem) VALUES ('3418','PASS','000805850','Cummer','19720505','Liechtenstein');
INSERT INTO emprega_midia (id_midia, id_pessoa) VALUES ('91','3418');
INSERT INTO pessoa (id_pessoa, tipo_documento,documento,nome,data_nascimento,nome_pais_origem) VALUES ('3419','PASS','000103584','Devel','19790924','Turkey');
INSERT INTO emprega_midia (id_midia, id_pessoa) VALUES ('91','3419');
INSERT INTO pessoa (id_pessoa, tipo_documento,documento,nome,data_nascimento,nome_pais_origem) VALUES ('3420','PASS','000346696','Fernsler','19810315','Costa');
INSERT INTO emprega_midia (id_midia, id_pessoa) VALUES ('91','3420');
INSERT INTO pessoa (id_pessoa, tipo_documento,documento,nome,data_nascimento,nome_pais_origem) VALUES ('3421','PASS','000195537','Arnio','19760814','Nicaragua');
INSERT INTO emprega_midia (id_midia, id_pessoa) VALUES ('91','3421');
INSERT INTO pessoa (id_pessoa, tipo_documento,documento,nome,data_nascimento,nome_pais_origem) VALUES ('3422','PASS','000681739','Almy','19740415','Turkey');
INSERT INTO emprega_midia (id_midia, id_pessoa) VALUES ('91','3422');
INSERT INTO pessoa (id_pessoa, tipo_documento,documento,nome,data_nascimento,nome_pais_origem) VALUES ('3423','PASS','000782292','Griffth','19871102','Serbia');
INSERT INTO emprega_midia (id_midia, id_pessoa) VALUES ('91','3423');
INSERT INTO pessoa (id_pessoa, tipo_documento,documento,nome,data_nascimento,nome_pais_origem) VALUES ('3424','PASS','000791709','Anstead','19710520','Argentina');
INSERT INTO emprega_midia (id_midia, id_pessoa) VALUES ('91','3424');
INSERT INTO pessoa (id_pessoa, tipo_documento,documento,nome,data_nascimento,nome_pais_origem) VALUES ('3425','PASS','000750111','Asa','19730607','Nicaragua');
INSERT INTO emprega_midia (id_midia, id_pessoa) VALUES ('91','3425');
INSERT INTO pessoa (id_pessoa, tipo_documento,documento,nome,data_nascimento,nome_pais_origem) VALUES ('3426','PASS','000854138','Arechiga','19700207','Poland');
INSERT INTO emprega_midia (id_midia, id_pessoa) VALUES ('91','3426');
INSERT INTO pessoa (id_pessoa, tipo_documento,documento,nome,data_nascimento,nome_pais_origem) VALUES ('3427','PASS','000563592','Fusillo','19860125','Paraguay');
INSERT INTO emprega_midia (id_midia, id_pessoa) VALUES ('91','3427');
INSERT INTO equipe_de_midia (id_midia,nome_empresa) VALUES ('92','PVHBVWM');
INSERT INTO pessoa (id_pessoa, tipo_documento,documento,nome,data_nascimento,nome_pais_origem) VALUES ('3428','PASS','000154482','Dalegowski','19851221','Netherlands');
INSERT INTO emprega_midia (id_midia, id_pessoa) VALUES ('92','3428');
INSERT INTO pessoa (id_pessoa, tipo_documento,documento,nome,data_nascimento,nome_pais_origem) VALUES ('3429','PASS','000221602','Azad','19850717','Serbia');
INSERT INTO emprega_midia (id_midia, id_pessoa) VALUES ('92','3429');
INSERT INTO pessoa (id_pessoa, tipo_documento,documento,nome,data_nascimento,nome_pais_origem) VALUES ('3430','PASS','000569223','Bankhead','19851224','Switzerland');
INSERT INTO emprega_midia (id_midia, id_pessoa) VALUES ('92','3430');
INSERT INTO pessoa (id_pessoa, tipo_documento,documento,nome,data_nascimento,nome_pais_origem) VALUES ('3431','PASS','000203517','Cowboy','19811111','Finland');
INSERT INTO emprega_midia (id_midia, id_pessoa) VALUES ('92','3431');
INSERT INTO pessoa (id_pessoa, tipo_documento,documento,nome,data_nascimento,nome_pais_origem) VALUES ('3432','PASS','000332235','Englund','19770727','Mongolia');
INSERT INTO emprega_midia (id_midia, id_pessoa) VALUES ('92','3432');
INSERT INTO pessoa (id_pessoa, tipo_documento,documento,nome,data_nascimento,nome_pais_origem) VALUES ('3433','PASS','000327090','Barbalich','19750419','Colombia');
INSERT INTO emprega_midia (id_midia, id_pessoa) VALUES ('92','3433');
INSERT INTO pessoa (id_pessoa, tipo_documento,documento,nome,data_nascimento,nome_pais_origem) VALUES ('3434','PASS','000130518','Craighead','19780213','Ukraine');
INSERT INTO emprega_midia (id_midia, id_pessoa) VALUES ('92','3434');
INSERT INTO pessoa (id_pessoa, tipo_documento,documento,nome,data_nascimento,nome_pais_origem) VALUES ('3435','PASS','000626091','Doyer','19760502','Iraq');
INSERT INTO emprega_midia (id_midia, id_pessoa) VALUES ('92','3435');
INSERT INTO pessoa (id_pessoa, tipo_documento,documento,nome,data_nascimento,nome_pais_origem) VALUES ('3436','PASS','000625051','Cerullo','19790816','India');
INSERT INTO emprega_midia (id_midia, id_pessoa) VALUES ('92','3436');
INSERT INTO pessoa (id_pessoa, tipo_documento,documento,nome,data_nascimento,nome_pais_origem) VALUES ('3437','PASS','000179074','Diciano','19711213','Indonesia');
INSERT INTO emprega_midia (id_midia, id_pessoa) VALUES ('92','3437');
INSERT INTO pessoa (id_pessoa, tipo_documento,documento,nome,data_nascimento,nome_pais_origem) VALUES ('3438','PASS','000451147','Burlingham','19711210','Greece');
INSERT INTO emprega_midia (id_midia, id_pessoa) VALUES ('92','3438');
INSERT INTO pessoa (id_pessoa, tipo_documento,documento,nome,data_nascimento,nome_pais_origem) VALUES ('3439','PASS','000933403','Ferrone','19881222','Brazil');
INSERT INTO emprega_midia (id_midia, id_pessoa) VALUES ('92','3439');
INSERT INTO pessoa (id_pessoa, tipo_documento,documento,nome,data_nascimento,nome_pais_origem) VALUES ('3440','PASS','000304079','Airhart','19850927','Norway');
INSERT INTO emprega_midia (id_midia, id_pessoa) VALUES ('92','3440');
INSERT INTO equipe_de_midia (id_midia,nome_empresa) VALUES ('93','WEKMWZV');
INSERT INTO pessoa (id_pessoa, tipo_documento,documento,nome,data_nascimento,nome_pais_origem) VALUES ('3441','PASS','000575949','Cheves','19831115','Greece');
INSERT INTO emprega_midia (id_midia, id_pessoa) VALUES ('93','3441');
INSERT INTO pessoa (id_pessoa, tipo_documento,documento,nome,data_nascimento,nome_pais_origem) VALUES ('3442','PASS','000518085','Delmoro','19860712','Argentina');
INSERT INTO emprega_midia (id_midia, id_pessoa) VALUES ('93','3442');
INSERT INTO pessoa (id_pessoa, tipo_documento,documento,nome,data_nascimento,nome_pais_origem) VALUES ('3443','PASS','000371072','Beatie','19880108','Nicaragua');
INSERT INTO emprega_midia (id_midia, id_pessoa) VALUES ('93','3443');
INSERT INTO pessoa (id_pessoa, tipo_documento,documento,nome,data_nascimento,nome_pais_origem) VALUES ('3444','PASS','000215453','Grassle','19830217','Poland');
INSERT INTO emprega_midia (id_midia, id_pessoa) VALUES ('93','3444');
INSERT INTO pessoa (id_pessoa, tipo_documento,documento,nome,data_nascimento,nome_pais_origem) VALUES ('3445','PASS','000276778','Figgins','19840525','Switzerland');
INSERT INTO emprega_midia (id_midia, id_pessoa) VALUES ('93','3445');
INSERT INTO pessoa (id_pessoa, tipo_documento,documento,nome,data_nascimento,nome_pais_origem) VALUES ('3446','PASS','000106261','Draggoo','19770915','Arabia');
INSERT INTO emprega_midia (id_midia, id_pessoa) VALUES ('93','3446');
INSERT INTO pessoa (id_pessoa, tipo_documento,documento,nome,data_nascimento,nome_pais_origem) VALUES ('3447','PASS','000967417','Gampong','19790825','Netherlands');
INSERT INTO emprega_midia (id_midia, id_pessoa) VALUES ('93','3447');
INSERT INTO pessoa (id_pessoa, tipo_documento,documento,nome,data_nascimento,nome_pais_origem) VALUES ('3448','PASS','000721932','Edemann','19800814','Luxembourg');
INSERT INTO emprega_midia (id_midia, id_pessoa) VALUES ('93','3448');
INSERT INTO pessoa (id_pessoa, tipo_documento,documento,nome,data_nascimento,nome_pais_origem) VALUES ('3449','PASS','000733843','Edda','19710512','Italy');
INSERT INTO emprega_midia (id_midia, id_pessoa) VALUES ('93','3449');
INSERT INTO pessoa (id_pessoa, tipo_documento,documento,nome,data_nascimento,nome_pais_origem) VALUES ('3450','PASS','000314369','Bernatowicz','19780311','Portugal');
INSERT INTO emprega_midia (id_midia, id_pessoa) VALUES ('93','3450');
INSERT INTO pessoa (id_pessoa, tipo_documento,documento,nome,data_nascimento,nome_pais_origem) VALUES ('3451','PASS','000903701','Cevallos','19841106','Turkey');
INSERT INTO emprega_midia (id_midia, id_pessoa) VALUES ('93','3451');
INSERT INTO pessoa (id_pessoa, tipo_documento,documento,nome,data_nascimento,nome_pais_origem) VALUES ('3452','PASS','000944173','Dorathy','19840312','Senegal');
INSERT INTO emprega_midia (id_midia, id_pessoa) VALUES ('93','3452');
INSERT INTO pessoa (id_pessoa, tipo_documento,documento,nome,data_nascimento,nome_pais_origem) VALUES ('3453','PASS','000349793','Alstrom','19871112','Finland');
INSERT INTO emprega_midia (id_midia, id_pessoa) VALUES ('93','3453');
INSERT INTO pessoa (id_pessoa, tipo_documento,documento,nome,data_nascimento,nome_pais_origem) VALUES ('3454','PASS','000256233','Gage','19751123','Bahrain');
INSERT INTO emprega_midia (id_midia, id_pessoa) VALUES ('93','3454');
INSERT INTO pessoa (id_pessoa, tipo_documento,documento,nome,data_nascimento,nome_pais_origem) VALUES ('3455','PASS','000895727','Brentnall','19841211','Indonesia');
INSERT INTO emprega_midia (id_midia, id_pessoa) VALUES ('93','3455');
INSERT INTO pessoa (id_pessoa, tipo_documento,documento,nome,data_nascimento,nome_pais_origem) VALUES ('3456','PASS','000506375','Desatnik','19780209','Rica');
INSERT INTO emprega_midia (id_midia, id_pessoa) VALUES ('93','3456');
INSERT INTO pessoa (id_pessoa, tipo_documento,documento,nome,data_nascimento,nome_pais_origem) VALUES ('3457','PASS','000480613','Balowski','19860301','Iran');
INSERT INTO emprega_midia (id_midia, id_pessoa) VALUES ('93','3457');
INSERT INTO pessoa (id_pessoa, tipo_documento,documento,nome,data_nascimento,nome_pais_origem) VALUES ('3458','PASS','000627725','Cliche','19890825','France');
INSERT INTO emprega_midia (id_midia, id_pessoa) VALUES ('93','3458');
INSERT INTO pessoa (id_pessoa, tipo_documento,documento,nome,data_nascimento,nome_pais_origem) VALUES ('3459','PASS','000386019','Dryer','19850120','Turkey');
INSERT INTO emprega_midia (id_midia, id_pessoa) VALUES ('93','3459');
INSERT INTO equipe_de_midia (id_midia,nome_empresa) VALUES ('94','ZIEUNAC');
INSERT INTO pessoa (id_pessoa, tipo_documento,documento,nome,data_nascimento,nome_pais_origem) VALUES ('3460','PASS','000410306','Barreiro','19720907','Afghanistan');
INSERT INTO emprega_midia (id_midia, id_pessoa) VALUES ('94','3460');
INSERT INTO pessoa (id_pessoa, tipo_documento,documento,nome,data_nascimento,nome_pais_origem) VALUES ('3461','PASS','000837754','Bluming','19780419','Turkey');
INSERT INTO emprega_midia (id_midia, id_pessoa) VALUES ('94','3461');
INSERT INTO pessoa (id_pessoa, tipo_documento,documento,nome,data_nascimento,nome_pais_origem) VALUES ('3462','PASS','000753177','Buday','19841227','Denmark');
INSERT INTO emprega_midia (id_midia, id_pessoa) VALUES ('94','3462');
INSERT INTO pessoa (id_pessoa, tipo_documento,documento,nome,data_nascimento,nome_pais_origem) VALUES ('3463','PASS','000642328','Creps','19780419','Senegal');
INSERT INTO emprega_midia (id_midia, id_pessoa) VALUES ('94','3463');
INSERT INTO pessoa (id_pessoa, tipo_documento,documento,nome,data_nascimento,nome_pais_origem) VALUES ('3464','PASS','000998329','Challis','19741111','Nicaragua');
INSERT INTO emprega_midia (id_midia, id_pessoa) VALUES ('94','3464');
INSERT INTO pessoa (id_pessoa, tipo_documento,documento,nome,data_nascimento,nome_pais_origem) VALUES ('3465','PASS','000818906','Chall','19880619','Afghanistan');
INSERT INTO emprega_midia (id_midia, id_pessoa) VALUES ('94','3465');
INSERT INTO pessoa (id_pessoa, tipo_documento,documento,nome,data_nascimento,nome_pais_origem) VALUES ('3466','PASS','000622219','Dufauchard','19761113','Azerbaijan');
INSERT INTO emprega_midia (id_midia, id_pessoa) VALUES ('94','3466');
INSERT INTO pessoa (id_pessoa, tipo_documento,documento,nome,data_nascimento,nome_pais_origem) VALUES ('3467','PASS','000857270','Dinovo','19841012','Georgia');
INSERT INTO emprega_midia (id_midia, id_pessoa) VALUES ('94','3467');
INSERT INTO pessoa (id_pessoa, tipo_documento,documento,nome,data_nascimento,nome_pais_origem) VALUES ('3468','PASS','000495198','Ardrey','19851216','Angola');
INSERT INTO emprega_midia (id_midia, id_pessoa) VALUES ('94','3468');
INSERT INTO pessoa (id_pessoa, tipo_documento,documento,nome,data_nascimento,nome_pais_origem) VALUES ('3469','PASS','000788564','Draggett','19760815','India');
INSERT INTO emprega_midia (id_midia, id_pessoa) VALUES ('94','3469');
INSERT INTO pessoa (id_pessoa, tipo_documento,documento,nome,data_nascimento,nome_pais_origem) VALUES ('3470','PASS','000969423','Casaceli','19801201','Indonesia');
INSERT INTO emprega_midia (id_midia, id_pessoa) VALUES ('94','3470');
INSERT INTO pessoa (id_pessoa, tipo_documento,documento,nome,data_nascimento,nome_pais_origem) VALUES ('3471','PASS','000707787','Cassella','19750807','Romania');
INSERT INTO emprega_midia (id_midia, id_pessoa) VALUES ('94','3471');
INSERT INTO pessoa (id_pessoa, tipo_documento,documento,nome,data_nascimento,nome_pais_origem) VALUES ('3472','PASS','000846531','Gowins','19740715','Zealand');
INSERT INTO emprega_midia (id_midia, id_pessoa) VALUES ('94','3472');
INSERT INTO equipe_de_midia (id_midia,nome_empresa) VALUES ('95','GGGEKTF');
INSERT INTO pessoa (id_pessoa, tipo_documento,documento,nome,data_nascimento,nome_pais_origem) VALUES ('3473','PASS','000564444','Boege','19821109','Germany');
INSERT INTO emprega_midia (id_midia, id_pessoa) VALUES ('95','3473');
INSERT INTO pessoa (id_pessoa, tipo_documento,documento,nome,data_nascimento,nome_pais_origem) VALUES ('3474','PASS','000589002','Dibrino','19890212','Bahrain');
INSERT INTO emprega_midia (id_midia, id_pessoa) VALUES ('95','3474');
INSERT INTO pessoa (id_pessoa, tipo_documento,documento,nome,data_nascimento,nome_pais_origem) VALUES ('3475','PASS','000789948','Bertrano','19840304','Romania');
INSERT INTO emprega_midia (id_midia, id_pessoa) VALUES ('95','3475');
INSERT INTO pessoa (id_pessoa, tipo_documento,documento,nome,data_nascimento,nome_pais_origem) VALUES ('3476','PASS','000811496','Gasiorowski','19860620','Albania');
INSERT INTO emprega_midia (id_midia, id_pessoa) VALUES ('95','3476');
INSERT INTO pessoa (id_pessoa, tipo_documento,documento,nome,data_nascimento,nome_pais_origem) VALUES ('3477','PASS','000507001','Fonteno','19761101','Chile');
INSERT INTO emprega_midia (id_midia, id_pessoa) VALUES ('95','3477');
INSERT INTO pessoa (id_pessoa, tipo_documento,documento,nome,data_nascimento,nome_pais_origem) VALUES ('3478','PASS','000698203','Denkins','19811121','Belarus');
INSERT INTO emprega_midia (id_midia, id_pessoa) VALUES ('95','3478');
INSERT INTO pessoa (id_pessoa, tipo_documento,documento,nome,data_nascimento,nome_pais_origem) VALUES ('3479','PASS','000324335','Dennies','19801227','Arabia');
INSERT INTO emprega_midia (id_midia, id_pessoa) VALUES ('95','3479');
INSERT INTO pessoa (id_pessoa, tipo_documento,documento,nome,data_nascimento,nome_pais_origem) VALUES ('3480','PASS','000336984','Gdula','19721105','Peru');
INSERT INTO emprega_midia (id_midia, id_pessoa) VALUES ('95','3480');
INSERT INTO pessoa (id_pessoa, tipo_documento,documento,nome,data_nascimento,nome_pais_origem) VALUES ('3481','PASS','000461975','Gevorkian','19780603','Azerbaijan');
INSERT INTO emprega_midia (id_midia, id_pessoa) VALUES ('95','3481');
INSERT INTO pessoa (id_pessoa, tipo_documento,documento,nome,data_nascimento,nome_pais_origem) VALUES ('3482','PASS','000976677','Bosch','19740221','Argentina');
INSERT INTO emprega_midia (id_midia, id_pessoa) VALUES ('95','3482');
INSERT INTO pessoa (id_pessoa, tipo_documento,documento,nome,data_nascimento,nome_pais_origem) VALUES ('3483','PASS','000311154','Benston','19720602','Colombia');
INSERT INTO emprega_midia (id_midia, id_pessoa) VALUES ('95','3483');
INSERT INTO pessoa (id_pessoa, tipo_documento,documento,nome,data_nascimento,nome_pais_origem) VALUES ('3484','PASS','000930031','Bodkin','19750326','Azerbaijan');
INSERT INTO emprega_midia (id_midia, id_pessoa) VALUES ('95','3484');
INSERT INTO pessoa (id_pessoa, tipo_documento,documento,nome,data_nascimento,nome_pais_origem) VALUES ('3485','PASS','000445949','Fukui','19810706','Estonia');
INSERT INTO emprega_midia (id_midia, id_pessoa) VALUES ('95','3485');
INSERT INTO pessoa (id_pessoa, tipo_documento,documento,nome,data_nascimento,nome_pais_origem) VALUES ('3486','PASS','000946011','Coberly','19780809','Iraq');
INSERT INTO emprega_midia (id_midia, id_pessoa) VALUES ('95','3486');
INSERT INTO pessoa (id_pessoa, tipo_documento,documento,nome,data_nascimento,nome_pais_origem) VALUES ('3487','PASS','000355281','Comins','19840117','Chile');
INSERT INTO emprega_midia (id_midia, id_pessoa) VALUES ('95','3487');
INSERT INTO pessoa (id_pessoa, tipo_documento,documento,nome,data_nascimento,nome_pais_origem) VALUES ('3488','PASS','000805515','Artley','19741011','Chad');
INSERT INTO emprega_midia (id_midia, id_pessoa) VALUES ('95','3488');
INSERT INTO pessoa (id_pessoa, tipo_documento,documento,nome,data_nascimento,nome_pais_origem) VALUES ('3489','PASS','000214001','Dietz','19731106','Bangladesh');
INSERT INTO emprega_midia (id_midia, id_pessoa) VALUES ('95','3489');
INSERT INTO pessoa (id_pessoa, tipo_documento,documento,nome,data_nascimento,nome_pais_origem) VALUES ('3490','PASS','000837580','Garick','19851112','Sweden');
INSERT INTO emprega_midia (id_midia, id_pessoa) VALUES ('95','3490');
INSERT INTO pessoa (id_pessoa, tipo_documento,documento,nome,data_nascimento,nome_pais_origem) VALUES ('3491','PASS','000252580','Babson','19770724','India');
INSERT INTO emprega_midia (id_midia, id_pessoa) VALUES ('95','3491');
INSERT INTO pessoa (id_pessoa, tipo_documento,documento,nome,data_nascimento,nome_pais_origem) VALUES ('3492','PASS','000393318','Alman','19780216','Saudi');
INSERT INTO emprega_midia (id_midia, id_pessoa) VALUES ('95','3492');
INSERT INTO pessoa (id_pessoa, tipo_documento,documento,nome,data_nascimento,nome_pais_origem) VALUES ('3493','PASS','000435061','Borowiec','19870506','Switzerland');
INSERT INTO emprega_midia (id_midia, id_pessoa) VALUES ('95','3493');
INSERT INTO pessoa (id_pessoa, tipo_documento,documento,nome,data_nascimento,nome_pais_origem) VALUES ('3494','PASS','000816753','Duman','19891204','Georgia');
INSERT INTO emprega_midia (id_midia, id_pessoa) VALUES ('95','3494');
INSERT INTO pessoa (id_pessoa, tipo_documento,documento,nome,data_nascimento,nome_pais_origem) VALUES ('3495','PASS','000209024','Degraffenried','19740225','Lithuania');
INSERT INTO emprega_midia (id_midia, id_pessoa) VALUES ('95','3495');
INSERT INTO pessoa (id_pessoa, tipo_documento,documento,nome,data_nascimento,nome_pais_origem) VALUES ('3496','PASS','000739776','Cerulli','19770601','Ukraine');
INSERT INTO emprega_midia (id_midia, id_pessoa) VALUES ('95','3496');
INSERT INTO pessoa (id_pessoa, tipo_documento,documento,nome,data_nascimento,nome_pais_origem) VALUES ('3497','PASS','000329892','Dietrick','19891013','Norway');
INSERT INTO emprega_midia (id_midia, id_pessoa) VALUES ('95','3497');
INSERT INTO equipe_de_midia (id_midia,nome_empresa) VALUES ('96','WBHXQAQ');
INSERT INTO pessoa (id_pessoa, tipo_documento,documento,nome,data_nascimento,nome_pais_origem) VALUES ('3498','PASS','000893112','Eshom','19860716','Egypt');
INSERT INTO emprega_midia (id_midia, id_pessoa) VALUES ('96','3498');
INSERT INTO pessoa (id_pessoa, tipo_documento,documento,nome,data_nascimento,nome_pais_origem) VALUES ('3499','PASS','000504537','Glatt','19810602','Bangladesh');
INSERT INTO emprega_midia (id_midia, id_pessoa) VALUES ('96','3499');
INSERT INTO pessoa (id_pessoa, tipo_documento,documento,nome,data_nascimento,nome_pais_origem) VALUES ('3500','PASS','000958290','Flournoy','19710711','Georgia');
INSERT INTO emprega_midia (id_midia, id_pessoa) VALUES ('96','3500');
INSERT INTO pessoa (id_pessoa, tipo_documento,documento,nome,data_nascimento,nome_pais_origem) VALUES ('3501','PASS','000186009','Alina','19820426','Nepal');
INSERT INTO emprega_midia (id_midia, id_pessoa) VALUES ('96','3501');
INSERT INTO pessoa (id_pessoa, tipo_documento,documento,nome,data_nascimento,nome_pais_origem) VALUES ('3502','PASS','000468629','Donson','19781107','Egypt');
INSERT INTO emprega_midia (id_midia, id_pessoa) VALUES ('96','3502');
INSERT INTO pessoa (id_pessoa, tipo_documento,documento,nome,data_nascimento,nome_pais_origem) VALUES ('3503','PASS','000384263','Beerling','19810414','Japan');
INSERT INTO emprega_midia (id_midia, id_pessoa) VALUES ('96','3503');
INSERT INTO pessoa (id_pessoa, tipo_documento,documento,nome,data_nascimento,nome_pais_origem) VALUES ('3504','PASS','000142394','Berlo','19891019','Arabia');
INSERT INTO emprega_midia (id_midia, id_pessoa) VALUES ('96','3504');
INSERT INTO pessoa (id_pessoa, tipo_documento,documento,nome,data_nascimento,nome_pais_origem) VALUES ('3505','PASS','000400112','Dafonte','19731204','Sweden');
INSERT INTO emprega_midia (id_midia, id_pessoa) VALUES ('96','3505');
INSERT INTO pessoa (id_pessoa, tipo_documento,documento,nome,data_nascimento,nome_pais_origem) VALUES ('3506','PASS','000210949','Canizales','19750620','Peru');
INSERT INTO emprega_midia (id_midia, id_pessoa) VALUES ('96','3506');
INSERT INTO pessoa (id_pessoa, tipo_documento,documento,nome,data_nascimento,nome_pais_origem) VALUES ('3507','PASS','000116619','Defrancisco','19760221','Serbia');
INSERT INTO emprega_midia (id_midia, id_pessoa) VALUES ('96','3507');
INSERT INTO pessoa (id_pessoa, tipo_documento,documento,nome,data_nascimento,nome_pais_origem) VALUES ('3508','PASS','000887402','Corbelli','19711011','Bangladesh');
INSERT INTO emprega_midia (id_midia, id_pessoa) VALUES ('96','3508');
INSERT INTO pessoa (id_pessoa, tipo_documento,documento,nome,data_nascimento,nome_pais_origem) VALUES ('3509','PASS','000176916','Gjerde','19851121','China');
INSERT INTO emprega_midia (id_midia, id_pessoa) VALUES ('96','3509');
INSERT INTO pessoa (id_pessoa, tipo_documento,documento,nome,data_nascimento,nome_pais_origem) VALUES ('3510','PASS','000627269','Godsey','19780623','Angola');
INSERT INTO emprega_midia (id_midia, id_pessoa) VALUES ('96','3510');
INSERT INTO pessoa (id_pessoa, tipo_documento,documento,nome,data_nascimento,nome_pais_origem) VALUES ('3511','PASS','000540358','Gerdes','19810706','Belarus');
INSERT INTO emprega_midia (id_midia, id_pessoa) VALUES ('96','3511');
INSERT INTO pessoa (id_pessoa, tipo_documento,documento,nome,data_nascimento,nome_pais_origem) VALUES ('3512','PASS','000491434','Dyck','19740618','Rica');
INSERT INTO emprega_midia (id_midia, id_pessoa) VALUES ('96','3512');
INSERT INTO pessoa (id_pessoa, tipo_documento,documento,nome,data_nascimento,nome_pais_origem) VALUES ('3513','PASS','000988843','Chinni','19740626','China');
INSERT INTO emprega_midia (id_midia, id_pessoa) VALUES ('96','3513');
INSERT INTO pessoa (id_pessoa, tipo_documento,documento,nome,data_nascimento,nome_pais_origem) VALUES ('3514','PASS','000643661','Crapps','19871124','Algeria');
INSERT INTO emprega_midia (id_midia, id_pessoa) VALUES ('96','3514');
INSERT INTO pessoa (id_pessoa, tipo_documento,documento,nome,data_nascimento,nome_pais_origem) VALUES ('3515','PASS','000787299','Avona','19881205','Chad');
INSERT INTO emprega_midia (id_midia, id_pessoa) VALUES ('96','3515');
INSERT INTO pessoa (id_pessoa, tipo_documento,documento,nome,data_nascimento,nome_pais_origem) VALUES ('3516','PASS','000550171','Drahota','19891127','Croatia');
INSERT INTO emprega_midia (id_midia, id_pessoa) VALUES ('96','3516');
INSERT INTO pessoa (id_pessoa, tipo_documento,documento,nome,data_nascimento,nome_pais_origem) VALUES ('3517','PASS','000247652','Dominski','19880912','Slovakia');
INSERT INTO emprega_midia (id_midia, id_pessoa) VALUES ('96','3517');
INSERT INTO pessoa (id_pessoa, tipo_documento,documento,nome,data_nascimento,nome_pais_origem) VALUES ('3518','PASS','000893020','Angileri','19781221','Azerbaijan');
INSERT INTO emprega_midia (id_midia, id_pessoa) VALUES ('96','3518');
INSERT INTO pessoa (id_pessoa, tipo_documento,documento,nome,data_nascimento,nome_pais_origem) VALUES ('3519','PASS','000689062','Denten','19830717','Serbia');
INSERT INTO emprega_midia (id_midia, id_pessoa) VALUES ('96','3519');
INSERT INTO pessoa (id_pessoa, tipo_documento,documento,nome,data_nascimento,nome_pais_origem) VALUES ('3520','PASS','000306362','Brunetti','19750201','Iran');
INSERT INTO emprega_midia (id_midia, id_pessoa) VALUES ('96','3520');
INSERT INTO pessoa (id_pessoa, tipo_documento,documento,nome,data_nascimento,nome_pais_origem) VALUES ('3521','PASS','000352810','Bertino','19860813','Zealand');
INSERT INTO emprega_midia (id_midia, id_pessoa) VALUES ('96','3521');
INSERT INTO pessoa (id_pessoa, tipo_documento,documento,nome,data_nascimento,nome_pais_origem) VALUES ('3522','PASS','000587206','Amys','19710222','Liechtenstein');
INSERT INTO emprega_midia (id_midia, id_pessoa) VALUES ('96','3522');
INSERT INTO pessoa (id_pessoa, tipo_documento,documento,nome,data_nascimento,nome_pais_origem) VALUES ('3523','PASS','000563556','Dockery','19710223','Bahamas');
INSERT INTO emprega_midia (id_midia, id_pessoa) VALUES ('96','3523');
INSERT INTO pessoa (id_pessoa, tipo_documento,documento,nome,data_nascimento,nome_pais_origem) VALUES ('3524','PASS','000498920','Doi','19891122','Egypt');
INSERT INTO emprega_midia (id_midia, id_pessoa) VALUES ('96','3524');
INSERT INTO pessoa (id_pessoa, tipo_documento,documento,nome,data_nascimento,nome_pais_origem) VALUES ('3525','PASS','000689923','Acy','19730323','Senegal');
INSERT INTO emprega_midia (id_midia, id_pessoa) VALUES ('96','3525');
INSERT INTO equipe_de_midia (id_midia,nome_empresa) VALUES ('97','YMPGTCH');
INSERT INTO pessoa (id_pessoa, tipo_documento,documento,nome,data_nascimento,nome_pais_origem) VALUES ('3526','PASS','000243378','Cadavid','19700310','Argentina');
INSERT INTO emprega_midia (id_midia, id_pessoa) VALUES ('97','3526');
INSERT INTO pessoa (id_pessoa, tipo_documento,documento,nome,data_nascimento,nome_pais_origem) VALUES ('3527','PASS','000785081','Esselink','19740618','Cuba');
INSERT INTO emprega_midia (id_midia, id_pessoa) VALUES ('97','3527');
INSERT INTO pessoa (id_pessoa, tipo_documento,documento,nome,data_nascimento,nome_pais_origem) VALUES ('3528','PASS','000194259','Disano','19720914','Paraguay');
INSERT INTO emprega_midia (id_midia, id_pessoa) VALUES ('97','3528');
INSERT INTO pessoa (id_pessoa, tipo_documento,documento,nome,data_nascimento,nome_pais_origem) VALUES ('3529','PASS','000102181','Delveechio','19730915','Singapore');
INSERT INTO emprega_midia (id_midia, id_pessoa) VALUES ('97','3529');
INSERT INTO pessoa (id_pessoa, tipo_documento,documento,nome,data_nascimento,nome_pais_origem) VALUES ('3530','PASS','000606192','Fennelly','19820223','Iraq');
INSERT INTO emprega_midia (id_midia, id_pessoa) VALUES ('97','3530');
INSERT INTO pessoa (id_pessoa, tipo_documento,documento,nome,data_nascimento,nome_pais_origem) VALUES ('3531','PASS','000517932','Bera','19741008','Senegal');
INSERT INTO emprega_midia (id_midia, id_pessoa) VALUES ('97','3531');
INSERT INTO pessoa (id_pessoa, tipo_documento,documento,nome,data_nascimento,nome_pais_origem) VALUES ('3532','PASS','000443096','Cazaree','19831205','Vietnam');
INSERT INTO emprega_midia (id_midia, id_pessoa) VALUES ('97','3532');
INSERT INTO pessoa (id_pessoa, tipo_documento,documento,nome,data_nascimento,nome_pais_origem) VALUES ('3533','PASS','000135073','Agre','19871208','Paraguay');
INSERT INTO emprega_midia (id_midia, id_pessoa) VALUES ('97','3533');
INSERT INTO pessoa (id_pessoa, tipo_documento,documento,nome,data_nascimento,nome_pais_origem) VALUES ('3534','PASS','000471200','Blumenkranz','19730204','Sweden');
INSERT INTO emprega_midia (id_midia, id_pessoa) VALUES ('97','3534');
INSERT INTO pessoa (id_pessoa, tipo_documento,documento,nome,data_nascimento,nome_pais_origem) VALUES ('3535','PASS','000734835','Girvan','19761117','Philippines');
INSERT INTO emprega_midia (id_midia, id_pessoa) VALUES ('97','3535');
INSERT INTO pessoa (id_pessoa, tipo_documento,documento,nome,data_nascimento,nome_pais_origem) VALUES ('3536','PASS','000551151','Beckem','19800501','Ukraine');
INSERT INTO emprega_midia (id_midia, id_pessoa) VALUES ('97','3536');
INSERT INTO pessoa (id_pessoa, tipo_documento,documento,nome,data_nascimento,nome_pais_origem) VALUES ('3537','PASS','000565082','Elma','19791113','New');
INSERT INTO emprega_midia (id_midia, id_pessoa) VALUES ('97','3537');
INSERT INTO pessoa (id_pessoa, tipo_documento,documento,nome,data_nascimento,nome_pais_origem) VALUES ('3538','PASS','000114069','Cockey','19741001','Slovakia');
INSERT INTO emprega_midia (id_midia, id_pessoa) VALUES ('97','3538');
INSERT INTO pessoa (id_pessoa, tipo_documento,documento,nome,data_nascimento,nome_pais_origem) VALUES ('3539','PASS','000757844','Boness','19720220','Italy');
INSERT INTO emprega_midia (id_midia, id_pessoa) VALUES ('97','3539');
INSERT INTO pessoa (id_pessoa, tipo_documento,documento,nome,data_nascimento,nome_pais_origem) VALUES ('3540','PASS','000259067','Cutaia','19700906','Algeria');
INSERT INTO emprega_midia (id_midia, id_pessoa) VALUES ('97','3540');
INSERT INTO equipe_de_midia (id_midia,nome_empresa) VALUES ('98','PNIIDIY');
INSERT INTO pessoa (id_pessoa, tipo_documento,documento,nome,data_nascimento,nome_pais_origem) VALUES ('3541','PASS','000583554','Barrigan','19771106','Norway');
INSERT INTO emprega_midia (id_midia, id_pessoa) VALUES ('98','3541');
INSERT INTO pessoa (id_pessoa, tipo_documento,documento,nome,data_nascimento,nome_pais_origem) VALUES ('3542','PASS','000384151','Albracht','19780212','Saudi');
INSERT INTO emprega_midia (id_midia, id_pessoa) VALUES ('98','3542');
INSERT INTO pessoa (id_pessoa, tipo_documento,documento,nome,data_nascimento,nome_pais_origem) VALUES ('3543','PASS','000155610','Felderman','19880504','Syria');
INSERT INTO emprega_midia (id_midia, id_pessoa) VALUES ('98','3543');
INSERT INTO pessoa (id_pessoa, tipo_documento,documento,nome,data_nascimento,nome_pais_origem) VALUES ('3544','PASS','000998697','Baba','19781010','Nicaragua');
INSERT INTO emprega_midia (id_midia, id_pessoa) VALUES ('98','3544');
INSERT INTO pessoa (id_pessoa, tipo_documento,documento,nome,data_nascimento,nome_pais_origem) VALUES ('3545','PASS','000308398','Dickison','19880208','Turkey');
INSERT INTO emprega_midia (id_midia, id_pessoa) VALUES ('98','3545');
INSERT INTO pessoa (id_pessoa, tipo_documento,documento,nome,data_nascimento,nome_pais_origem) VALUES ('3546','PASS','000197456','Delafontaine','19770725','Belgium');
INSERT INTO emprega_midia (id_midia, id_pessoa) VALUES ('98','3546');
INSERT INTO pessoa (id_pessoa, tipo_documento,documento,nome,data_nascimento,nome_pais_origem) VALUES ('3547','PASS','000763668','Casuat','19770915','Azerbaijan');
INSERT INTO emprega_midia (id_midia, id_pessoa) VALUES ('98','3547');
INSERT INTO pessoa (id_pessoa, tipo_documento,documento,nome,data_nascimento,nome_pais_origem) VALUES ('3548','PASS','000188125','Futral','19800412','Vietnam');
INSERT INTO emprega_midia (id_midia, id_pessoa) VALUES ('98','3548');
INSERT INTO pessoa (id_pessoa, tipo_documento,documento,nome,data_nascimento,nome_pais_origem) VALUES ('3549','PASS','000221780','Coard','19870723','Thailand');
INSERT INTO emprega_midia (id_midia, id_pessoa) VALUES ('98','3549');
INSERT INTO pessoa (id_pessoa, tipo_documento,documento,nome,data_nascimento,nome_pais_origem) VALUES ('3550','PASS','000596627','Bayouth','19760819','Saudi');
INSERT INTO emprega_midia (id_midia, id_pessoa) VALUES ('98','3550');
INSERT INTO pessoa (id_pessoa, tipo_documento,documento,nome,data_nascimento,nome_pais_origem) VALUES ('3551','PASS','000349358','Carnalla','19710120','Switzerland');
INSERT INTO emprega_midia (id_midia, id_pessoa) VALUES ('98','3551');
INSERT INTO pessoa (id_pessoa, tipo_documento,documento,nome,data_nascimento,nome_pais_origem) VALUES ('3552','PASS','000784718','Asplund','19810615','Zealand');
INSERT INTO emprega_midia (id_midia, id_pessoa) VALUES ('98','3552');
INSERT INTO pessoa (id_pessoa, tipo_documento,documento,nome,data_nascimento,nome_pais_origem) VALUES ('3553','PASS','000959222','Delnero','19880306','Uruguay');
INSERT INTO emprega_midia (id_midia, id_pessoa) VALUES ('98','3553');
INSERT INTO pessoa (id_pessoa, tipo_documento,documento,nome,data_nascimento,nome_pais_origem) VALUES ('3554','PASS','000679113','Fenniwald','19781025','Nicaragua');
INSERT INTO emprega_midia (id_midia, id_pessoa) VALUES ('98','3554');
INSERT INTO pessoa (id_pessoa, tipo_documento,documento,nome,data_nascimento,nome_pais_origem) VALUES ('3555','PASS','000708716','Blankenship','19810126','Saudi');
INSERT INTO emprega_midia (id_midia, id_pessoa) VALUES ('98','3555');
INSERT INTO pessoa (id_pessoa, tipo_documento,documento,nome,data_nascimento,nome_pais_origem) VALUES ('3556','PASS','000706754','Baccus','19720821','Netherlands');
INSERT INTO emprega_midia (id_midia, id_pessoa) VALUES ('98','3556');
INSERT INTO pessoa (id_pessoa, tipo_documento,documento,nome,data_nascimento,nome_pais_origem) VALUES ('3557','PASS','000645802','Forsha','19880418','Netherlands');
INSERT INTO emprega_midia (id_midia, id_pessoa) VALUES ('98','3557');
INSERT INTO pessoa (id_pessoa, tipo_documento,documento,nome,data_nascimento,nome_pais_origem) VALUES ('3558','PASS','000317651','Bednarski','19890121','Serbia');
INSERT INTO emprega_midia (id_midia, id_pessoa) VALUES ('98','3558');
INSERT INTO pessoa (id_pessoa, tipo_documento,documento,nome,data_nascimento,nome_pais_origem) VALUES ('3559','PASS','000196254','Baillie','19831009','Azerbaijan');
INSERT INTO emprega_midia (id_midia, id_pessoa) VALUES ('98','3559');
INSERT INTO pessoa (id_pessoa, tipo_documento,documento,nome,data_nascimento,nome_pais_origem) VALUES ('3560','PASS','000474239','Bernet','19790302','Arabia');
INSERT INTO emprega_midia (id_midia, id_pessoa) VALUES ('98','3560');
INSERT INTO equipe_de_midia (id_midia,nome_empresa) VALUES ('99','OLMEGPG');
INSERT INTO pessoa (id_pessoa, tipo_documento,documento,nome,data_nascimento,nome_pais_origem) VALUES ('3561','PASS','000575374','Dinnocenzo','19861021','Iraq');
INSERT INTO emprega_midia (id_midia, id_pessoa) VALUES ('99','3561');
INSERT INTO pessoa (id_pessoa, tipo_documento,documento,nome,data_nascimento,nome_pais_origem) VALUES ('3562','PASS','000960527','Daugherty','19800705','Syria');
INSERT INTO emprega_midia (id_midia, id_pessoa) VALUES ('99','3562');
INSERT INTO pessoa (id_pessoa, tipo_documento,documento,nome,data_nascimento,nome_pais_origem) VALUES ('3563','PASS','000843234','Degroff','19740101','Estonia');
INSERT INTO emprega_midia (id_midia, id_pessoa) VALUES ('99','3563');
INSERT INTO pessoa (id_pessoa, tipo_documento,documento,nome,data_nascimento,nome_pais_origem) VALUES ('3564','PASS','000207829','Doetsch','19780205','Hungary');
INSERT INTO emprega_midia (id_midia, id_pessoa) VALUES ('99','3564');
INSERT INTO pessoa (id_pessoa, tipo_documento,documento,nome,data_nascimento,nome_pais_origem) VALUES ('3565','PASS','000365798','Degen','19780223','Saudi');
INSERT INTO emprega_midia (id_midia, id_pessoa) VALUES ('99','3565');
INSERT INTO pessoa (id_pessoa, tipo_documento,documento,nome,data_nascimento,nome_pais_origem) VALUES ('3566','PASS','000968456','Gamons','19771118','Italy');
INSERT INTO emprega_midia (id_midia, id_pessoa) VALUES ('99','3566');
INSERT INTO pessoa (id_pessoa, tipo_documento,documento,nome,data_nascimento,nome_pais_origem) VALUES ('3567','PASS','000959788','Benefiel','19730207','Rica');
INSERT INTO emprega_midia (id_midia, id_pessoa) VALUES ('99','3567');
INSERT INTO pessoa (id_pessoa, tipo_documento,documento,nome,data_nascimento,nome_pais_origem) VALUES ('3568','PASS','000187265','Bohrer','19810325','Rica');
INSERT INTO emprega_midia (id_midia, id_pessoa) VALUES ('99','3568');
INSERT INTO pessoa (id_pessoa, tipo_documento,documento,nome,data_nascimento,nome_pais_origem) VALUES ('3569','PASS','000779599','Gosey','19760424','Croatia');
INSERT INTO emprega_midia (id_midia, id_pessoa) VALUES ('99','3569');
INSERT INTO pessoa (id_pessoa, tipo_documento,documento,nome,data_nascimento,nome_pais_origem) VALUES ('3570','PASS','000159416','Gnoza','19830402','Egypt');
INSERT INTO emprega_midia (id_midia, id_pessoa) VALUES ('99','3570');
INSERT INTO pessoa (id_pessoa, tipo_documento,documento,nome,data_nascimento,nome_pais_origem) VALUES ('3571','PASS','000422393','Gianino','19740416','Afghanistan');
INSERT INTO emprega_midia (id_midia, id_pessoa) VALUES ('99','3571');
INSERT INTO pessoa (id_pessoa, tipo_documento,documento,nome,data_nascimento,nome_pais_origem) VALUES ('3572','PASS','000489997','Grumbach','19780716','Ukraine');
INSERT INTO emprega_midia (id_midia, id_pessoa) VALUES ('99','3572');
INSERT INTO pessoa (id_pessoa, tipo_documento,documento,nome,data_nascimento,nome_pais_origem) VALUES ('3573','PASS','000105022','Anker','19790911','Uzbekistan');
INSERT INTO emprega_midia (id_midia, id_pessoa) VALUES ('99','3573');
INSERT INTO pessoa (id_pessoa, tipo_documento,documento,nome,data_nascimento,nome_pais_origem) VALUES ('3574','PASS','000573439','Borah','19700515','Mongolia');
INSERT INTO emprega_midia (id_midia, id_pessoa) VALUES ('99','3574');
INSERT INTO pessoa (id_pessoa, tipo_documento,documento,nome,data_nascimento,nome_pais_origem) VALUES ('3575','PASS','000947069','Bowin','19850625','Costa');
INSERT INTO emprega_midia (id_midia, id_pessoa) VALUES ('99','3575');
INSERT INTO pessoa (id_pessoa, tipo_documento,documento,nome,data_nascimento,nome_pais_origem) VALUES ('3576','PASS','000470761','Chegwidden','19781105','Germany');
INSERT INTO emprega_midia (id_midia, id_pessoa) VALUES ('99','3576');
INSERT INTO pessoa (id_pessoa, tipo_documento,documento,nome,data_nascimento,nome_pais_origem) VALUES ('3577','PASS','000451574','Grigg','19780426','Singapore');
INSERT INTO emprega_midia (id_midia, id_pessoa) VALUES ('99','3577');
INSERT INTO pessoa (id_pessoa, tipo_documento,documento,nome,data_nascimento,nome_pais_origem) VALUES ('3578','PASS','000914345','Atchison','19821218','Saudi');
INSERT INTO emprega_midia (id_midia, id_pessoa) VALUES ('99','3578');
INSERT INTO pessoa (id_pessoa, tipo_documento,documento,nome,data_nascimento,nome_pais_origem) VALUES ('3579','PASS','000441233','Bubert','19770418','Austria');
INSERT INTO emprega_midia (id_midia, id_pessoa) VALUES ('99','3579');
INSERT INTO equipe_de_midia (id_midia,nome_empresa) VALUES ('100','FGQHTOY');
INSERT INTO pessoa (id_pessoa, tipo_documento,documento,nome,data_nascimento,nome_pais_origem) VALUES ('3580','PASS','000484154','Divan','19740914','Paraguay');
INSERT INTO emprega_midia (id_midia, id_pessoa) VALUES ('100','3580');
INSERT INTO pessoa (id_pessoa, tipo_documento,documento,nome,data_nascimento,nome_pais_origem) VALUES ('3581','PASS','000149837','Forest','19860915','Croatia');
INSERT INTO emprega_midia (id_midia, id_pessoa) VALUES ('100','3581');
INSERT INTO pessoa (id_pessoa, tipo_documento,documento,nome,data_nascimento,nome_pais_origem) VALUES ('3582','PASS','000544773','Foresman','19780807','Switzerland');
INSERT INTO emprega_midia (id_midia, id_pessoa) VALUES ('100','3582');
INSERT INTO pessoa (id_pessoa, tipo_documento,documento,nome,data_nascimento,nome_pais_origem) VALUES ('3583','PASS','000890654','Eastwood','19881109','Portugal');
INSERT INTO emprega_midia (id_midia, id_pessoa) VALUES ('100','3583');
INSERT INTO pessoa (id_pessoa, tipo_documento,documento,nome,data_nascimento,nome_pais_origem) VALUES ('3584','PASS','000966478','Ellerd','19870126','Estonia');
INSERT INTO emprega_midia (id_midia, id_pessoa) VALUES ('100','3584');
INSERT INTO pessoa (id_pessoa, tipo_documento,documento,nome,data_nascimento,nome_pais_origem) VALUES ('3585','PASS','000277768','Adels','19840316','Serbia');
INSERT INTO emprega_midia (id_midia, id_pessoa) VALUES ('100','3585');
INSERT INTO pessoa (id_pessoa, tipo_documento,documento,nome,data_nascimento,nome_pais_origem) VALUES ('3586','PASS','000210284','Dipanfilo','19800402','Japan');
INSERT INTO emprega_midia (id_midia, id_pessoa) VALUES ('100','3586');
INSERT INTO pessoa (id_pessoa, tipo_documento,documento,nome,data_nascimento,nome_pais_origem) VALUES ('3587','PASS','000116000','Grandin','19800920','Thailand');
INSERT INTO emprega_midia (id_midia, id_pessoa) VALUES ('100','3587');
INSERT INTO pessoa (id_pessoa, tipo_documento,documento,nome,data_nascimento,nome_pais_origem) VALUES ('3588','PASS','000414694','Freilich','19850211','Switzerland');
INSERT INTO emprega_midia (id_midia, id_pessoa) VALUES ('100','3588');
INSERT INTO pessoa (id_pessoa, tipo_documento,documento,nome,data_nascimento,nome_pais_origem) VALUES ('3589','PASS','000766955','Catozzi','19780622','Barbados');
INSERT INTO emprega_midia (id_midia, id_pessoa) VALUES ('100','3589');
INSERT INTO pessoa (id_pessoa, tipo_documento,documento,nome,data_nascimento,nome_pais_origem) VALUES ('3590','PASS','000761817','Folden','19850702','Lithuania');
INSERT INTO emprega_midia (id_midia, id_pessoa) VALUES ('100','3590');
INSERT INTO pessoa (id_pessoa, tipo_documento,documento,nome,data_nascimento,nome_pais_origem) VALUES ('3591','PASS','000515806','Bonk','19770609','Switzerland');
INSERT INTO emprega_midia (id_midia, id_pessoa) VALUES ('100','3591');
INSERT INTO pessoa (id_pessoa, tipo_documento,documento,nome,data_nascimento,nome_pais_origem) VALUES ('3592','PASS','000826611','Giovanna','19750224','Estonia');
INSERT INTO emprega_midia (id_midia, id_pessoa) VALUES ('100','3592');
INSERT INTO pessoa (id_pessoa, tipo_documento,documento,nome,data_nascimento,nome_pais_origem) VALUES ('3593','PASS','000293124','Goldfeder','19720125','Ukraine');
INSERT INTO emprega_midia (id_midia, id_pessoa) VALUES ('100','3593');
INSERT INTO pessoa (id_pessoa, tipo_documento,documento,nome,data_nascimento,nome_pais_origem) VALUES ('3594','PASS','000833422','Grinvalsky','19840618','Chile');
INSERT INTO emprega_midia (id_midia, id_pessoa) VALUES ('100','3594');
INSERT INTO pessoa (id_pessoa, tipo_documento,documento,nome,data_nascimento,nome_pais_origem) VALUES ('3595','PASS','000516011','Cushinberry','19700226','Uzbekistan');
INSERT INTO emprega_midia (id_midia, id_pessoa) VALUES ('100','3595');
INSERT INTO pessoa (id_pessoa, tipo_documento,documento,nome,data_nascimento,nome_pais_origem) VALUES ('3596','PASS','000745899','Cynova','19831211','Netherlands');
INSERT INTO emprega_midia (id_midia, id_pessoa) VALUES ('100','3596');
INSERT INTO pessoa (id_pessoa, tipo_documento,documento,nome,data_nascimento,nome_pais_origem) VALUES ('3597','PASS','000153182','Childs','19750719','Luxembourg');
INSERT INTO emprega_midia (id_midia, id_pessoa) VALUES ('100','3597');
INSERT INTO pessoa (id_pessoa, tipo_documento,documento,nome,data_nascimento,nome_pais_origem) VALUES ('3598','PASS','000656378','Defalco','19761109','Germany');
INSERT INTO emprega_midia (id_midia, id_pessoa) VALUES ('100','3598');

INSERT INTO equipe_de_gravacao (id_gravacao,nome_empresa) VALUES ('1','OLDTKQN');
INSERT INTO pessoa (id_pessoa, tipo_documento,documento,nome,data_nascimento,nome_pais_origem) VALUES ('3599','PASS','000937349','Burr','19810121','Lithuania');
INSERT INTO emprega_gravacao (id_gravacao, id_pessoa) VALUES ('1','3599');
INSERT INTO pessoa (id_pessoa, tipo_documento,documento,nome,data_nascimento,nome_pais_origem) VALUES ('3600','PASS','000726455','Debes','19840817','Luxembourg');
INSERT INTO emprega_gravacao (id_gravacao, id_pessoa) VALUES ('1','3600');
INSERT INTO pessoa (id_pessoa, tipo_documento,documento,nome,data_nascimento,nome_pais_origem) VALUES ('3601','PASS','000271345','Frymyer','19840105','Costa');
INSERT INTO emprega_gravacao (id_gravacao, id_pessoa) VALUES ('1','3601');
INSERT INTO pessoa (id_pessoa, tipo_documento,documento,nome,data_nascimento,nome_pais_origem) VALUES ('3602','PASS','000601396','Arns','19730606','Cuba');
INSERT INTO emprega_gravacao (id_gravacao, id_pessoa) VALUES ('1','3602');
INSERT INTO pessoa (id_pessoa, tipo_documento,documento,nome,data_nascimento,nome_pais_origem) VALUES ('3603','PASS','000195908','Crown','19830412','Slovakia');
INSERT INTO emprega_gravacao (id_gravacao, id_pessoa) VALUES ('1','3603');
INSERT INTO pessoa (id_pessoa, tipo_documento,documento,nome,data_nascimento,nome_pais_origem) VALUES ('3604','PASS','000623965','Downham','19830822','Arabia');
INSERT INTO emprega_gravacao (id_gravacao, id_pessoa) VALUES ('1','3604');
INSERT INTO pessoa (id_pessoa, tipo_documento,documento,nome,data_nascimento,nome_pais_origem) VALUES ('3605','PASS','000698177','Curd','19790620','Denmark');
INSERT INTO emprega_gravacao (id_gravacao, id_pessoa) VALUES ('1','3605');
INSERT INTO pessoa (id_pessoa, tipo_documento,documento,nome,data_nascimento,nome_pais_origem) VALUES ('3606','PASS','000999746','Bridgeman','19740820','Finland');
INSERT INTO emprega_gravacao (id_gravacao, id_pessoa) VALUES ('1','3606');
INSERT INTO pessoa (id_pessoa, tipo_documento,documento,nome,data_nascimento,nome_pais_origem) VALUES ('3607','PASS','000695924','Bryan','19730403','Germany');
INSERT INTO emprega_gravacao (id_gravacao, id_pessoa) VALUES ('1','3607');
INSERT INTO pessoa (id_pessoa, tipo_documento,documento,nome,data_nascimento,nome_pais_origem) VALUES ('3608','PASS','000635202','Dorow','19770418','Bangladesh');
INSERT INTO emprega_gravacao (id_gravacao, id_pessoa) VALUES ('1','3608');
INSERT INTO pessoa (id_pessoa, tipo_documento,documento,nome,data_nascimento,nome_pais_origem) VALUES ('3609','PASS','000953456','Cockburn','19870521','Arabia');
INSERT INTO emprega_gravacao (id_gravacao, id_pessoa) VALUES ('1','3609');
INSERT INTO pessoa (id_pessoa, tipo_documento,documento,nome,data_nascimento,nome_pais_origem) VALUES ('3610','PASS','000279271','Dilallo','19820526','Iraq');
INSERT INTO emprega_gravacao (id_gravacao, id_pessoa) VALUES ('1','3610');
INSERT INTO pessoa (id_pessoa, tipo_documento,documento,nome,data_nascimento,nome_pais_origem) VALUES ('3611','PASS','000544146','Godbold','19790424','Algeria');
INSERT INTO emprega_gravacao (id_gravacao, id_pessoa) VALUES ('1','3611');
INSERT INTO pessoa (id_pessoa, tipo_documento,documento,nome,data_nascimento,nome_pais_origem) VALUES ('3612','PASS','000256205','Bouges','19861024','Slovakia');
INSERT INTO emprega_gravacao (id_gravacao, id_pessoa) VALUES ('1','3612');
INSERT INTO pessoa (id_pessoa, tipo_documento,documento,nome,data_nascimento,nome_pais_origem) VALUES ('3613','PASS','000337771','Fahringer','19860625','Peru');
INSERT INTO emprega_gravacao (id_gravacao, id_pessoa) VALUES ('1','3613');
INSERT INTO pessoa (id_pessoa, tipo_documento,documento,nome,data_nascimento,nome_pais_origem) VALUES ('3614','PASS','000136176','Gesinski','19710813','Bulgaria');
INSERT INTO emprega_gravacao (id_gravacao, id_pessoa) VALUES ('1','3614');
INSERT INTO pessoa (id_pessoa, tipo_documento,documento,nome,data_nascimento,nome_pais_origem) VALUES ('3615','PASS','000143200','Ganns','19800713','Finland');
INSERT INTO emprega_gravacao (id_gravacao, id_pessoa) VALUES ('1','3615');
INSERT INTO pessoa (id_pessoa, tipo_documento,documento,nome,data_nascimento,nome_pais_origem) VALUES ('3616','PASS','000592266','Colpetzer','19751219','Bahamas');
INSERT INTO emprega_gravacao (id_gravacao, id_pessoa) VALUES ('1','3616');
INSERT INTO pessoa (id_pessoa, tipo_documento,documento,nome,data_nascimento,nome_pais_origem) VALUES ('3617','PASS','000387289','Goodemote','19830223','Bulgaria');
INSERT INTO emprega_gravacao (id_gravacao, id_pessoa) VALUES ('1','3617');
INSERT INTO pessoa (id_pessoa, tipo_documento,documento,nome,data_nascimento,nome_pais_origem) VALUES ('3618','PASS','000260363','Aipopo','19700126','India');
INSERT INTO emprega_gravacao (id_gravacao, id_pessoa) VALUES ('1','3618');
INSERT INTO pessoa (id_pessoa, tipo_documento,documento,nome,data_nascimento,nome_pais_origem) VALUES ('3619','PASS','000420813','Dimaggio','19700520','Philippines');
INSERT INTO emprega_gravacao (id_gravacao, id_pessoa) VALUES ('1','3619');
INSERT INTO pessoa (id_pessoa, tipo_documento,documento,nome,data_nascimento,nome_pais_origem) VALUES ('3620','PASS','000993846','Desola','19870404','Arabia');
INSERT INTO emprega_gravacao (id_gravacao, id_pessoa) VALUES ('1','3620');
INSERT INTO equipe_de_gravacao (id_gravacao,nome_empresa) VALUES ('2','HLRZYGI');
INSERT INTO pessoa (id_pessoa, tipo_documento,documento,nome,data_nascimento,nome_pais_origem) VALUES ('3621','PASS','000992809','Conch','19851203','Norway');
INSERT INTO emprega_gravacao (id_gravacao, id_pessoa) VALUES ('2','3621');
INSERT INTO pessoa (id_pessoa, tipo_documento,documento,nome,data_nascimento,nome_pais_origem) VALUES ('3622','PASS','000631351','Bolay','19881022','Armenia');
INSERT INTO emprega_gravacao (id_gravacao, id_pessoa) VALUES ('2','3622');
INSERT INTO pessoa (id_pessoa, tipo_documento,documento,nome,data_nascimento,nome_pais_origem) VALUES ('3623','PASS','000197536','Friesz','19761125','Colombia');
INSERT INTO emprega_gravacao (id_gravacao, id_pessoa) VALUES ('2','3623');
INSERT INTO pessoa (id_pessoa, tipo_documento,documento,nome,data_nascimento,nome_pais_origem) VALUES ('3624','PASS','000567893','Germaine','19850702','Belarus');
INSERT INTO emprega_gravacao (id_gravacao, id_pessoa) VALUES ('2','3624');
INSERT INTO pessoa (id_pessoa, tipo_documento,documento,nome,data_nascimento,nome_pais_origem) VALUES ('3625','PASS','000756352','Fang','19890110','Turkey');
INSERT INTO emprega_gravacao (id_gravacao, id_pessoa) VALUES ('2','3625');
INSERT INTO pessoa (id_pessoa, tipo_documento,documento,nome,data_nascimento,nome_pais_origem) VALUES ('3626','PASS','000700915','Albertson','19750101','Estonia');
INSERT INTO emprega_gravacao (id_gravacao, id_pessoa) VALUES ('2','3626');
INSERT INTO pessoa (id_pessoa, tipo_documento,documento,nome,data_nascimento,nome_pais_origem) VALUES ('3627','PASS','000890373','Chirino','19771003','Georgia');
INSERT INTO emprega_gravacao (id_gravacao, id_pessoa) VALUES ('2','3627');
INSERT INTO pessoa (id_pessoa, tipo_documento,documento,nome,data_nascimento,nome_pais_origem) VALUES ('3628','PASS','000952673','Didonato','19780419','Senegal');
INSERT INTO emprega_gravacao (id_gravacao, id_pessoa) VALUES ('2','3628');
INSERT INTO pessoa (id_pessoa, tipo_documento,documento,nome,data_nascimento,nome_pais_origem) VALUES ('3629','PASS','000697959','Byford','19790520','Thailand');
INSERT INTO emprega_gravacao (id_gravacao, id_pessoa) VALUES ('2','3629');
INSERT INTO pessoa (id_pessoa, tipo_documento,documento,nome,data_nascimento,nome_pais_origem) VALUES ('3630','PASS','000151294','Barket','19850512','Saudi');
INSERT INTO emprega_gravacao (id_gravacao, id_pessoa) VALUES ('2','3630');
INSERT INTO pessoa (id_pessoa, tipo_documento,documento,nome,data_nascimento,nome_pais_origem) VALUES ('3631','PASS','000885940','Donerson','19720505','Thailand');
INSERT INTO emprega_gravacao (id_gravacao, id_pessoa) VALUES ('2','3631');
INSERT INTO pessoa (id_pessoa, tipo_documento,documento,nome,data_nascimento,nome_pais_origem) VALUES ('3632','PASS','000419056','Gonsar','19730808','Costa');
INSERT INTO emprega_gravacao (id_gravacao, id_pessoa) VALUES ('2','3632');
INSERT INTO pessoa (id_pessoa, tipo_documento,documento,nome,data_nascimento,nome_pais_origem) VALUES ('3633','PASS','000514987','Cutcher','19841026','Philippines');
INSERT INTO emprega_gravacao (id_gravacao, id_pessoa) VALUES ('2','3633');
INSERT INTO pessoa (id_pessoa, tipo_documento,documento,nome,data_nascimento,nome_pais_origem) VALUES ('3634','PASS','000842994','Demsey','19840726','Argentina');
INSERT INTO emprega_gravacao (id_gravacao, id_pessoa) VALUES ('2','3634');
INSERT INTO pessoa (id_pessoa, tipo_documento,documento,nome,data_nascimento,nome_pais_origem) VALUES ('3635','PASS','000213965','Biagini','19790803','Bahrain');
INSERT INTO emprega_gravacao (id_gravacao, id_pessoa) VALUES ('2','3635');
INSERT INTO pessoa (id_pessoa, tipo_documento,documento,nome,data_nascimento,nome_pais_origem) VALUES ('3636','PASS','000537792','Brackeen','19781004','Austria');
INSERT INTO emprega_gravacao (id_gravacao, id_pessoa) VALUES ('2','3636');
INSERT INTO pessoa (id_pessoa, tipo_documento,documento,nome,data_nascimento,nome_pais_origem) VALUES ('3637','PASS','000660446','Ervin','19770121','Poland');
INSERT INTO emprega_gravacao (id_gravacao, id_pessoa) VALUES ('2','3637');
INSERT INTO pessoa (id_pessoa, tipo_documento,documento,nome,data_nascimento,nome_pais_origem) VALUES ('3638','PASS','000583325','Ancira','19880604','Poland');
INSERT INTO emprega_gravacao (id_gravacao, id_pessoa) VALUES ('2','3638');
INSERT INTO pessoa (id_pessoa, tipo_documento,documento,nome,data_nascimento,nome_pais_origem) VALUES ('3639','PASS','000374120','Androlewicz','19800320','Cuba');
INSERT INTO emprega_gravacao (id_gravacao, id_pessoa) VALUES ('2','3639');
INSERT INTO pessoa (id_pessoa, tipo_documento,documento,nome,data_nascimento,nome_pais_origem) VALUES ('3640','PASS','000865682','Cacciotti','19710204','Sweden');
INSERT INTO emprega_gravacao (id_gravacao, id_pessoa) VALUES ('2','3640');
INSERT INTO pessoa (id_pessoa, tipo_documento,documento,nome,data_nascimento,nome_pais_origem) VALUES ('3641','PASS','000632215','Armen','19711010','Belgium');
INSERT INTO emprega_gravacao (id_gravacao, id_pessoa) VALUES ('2','3641');
INSERT INTO pessoa (id_pessoa, tipo_documento,documento,nome,data_nascimento,nome_pais_origem) VALUES ('3642','PASS','000334388','Adney','19790104','Georgia');
INSERT INTO emprega_gravacao (id_gravacao, id_pessoa) VALUES ('2','3642');
INSERT INTO equipe_de_gravacao (id_gravacao,nome_empresa) VALUES ('3','LCADRKT');
INSERT INTO pessoa (id_pessoa, tipo_documento,documento,nome,data_nascimento,nome_pais_origem) VALUES ('3643','PASS','000137110','Brightly','19841013','Iran');
INSERT INTO emprega_gravacao (id_gravacao, id_pessoa) VALUES ('3','3643');
INSERT INTO pessoa (id_pessoa, tipo_documento,documento,nome,data_nascimento,nome_pais_origem) VALUES ('3644','PASS','000891186','Glista','19731208','Bahrain');
INSERT INTO emprega_gravacao (id_gravacao, id_pessoa) VALUES ('3','3644');
INSERT INTO pessoa (id_pessoa, tipo_documento,documento,nome,data_nascimento,nome_pais_origem) VALUES ('3645','PASS','000329280','Gnas','19830815','Uzbekistan');
INSERT INTO emprega_gravacao (id_gravacao, id_pessoa) VALUES ('3','3645');
INSERT INTO pessoa (id_pessoa, tipo_documento,documento,nome,data_nascimento,nome_pais_origem) VALUES ('3646','PASS','000348732','Costillo','19700809','Argentina');
INSERT INTO emprega_gravacao (id_gravacao, id_pessoa) VALUES ('3','3646');
INSERT INTO pessoa (id_pessoa, tipo_documento,documento,nome,data_nascimento,nome_pais_origem) VALUES ('3647','PASS','000320544','Bustle','19741006','Bahrain');
INSERT INTO emprega_gravacao (id_gravacao, id_pessoa) VALUES ('3','3647');
INSERT INTO pessoa (id_pessoa, tipo_documento,documento,nome,data_nascimento,nome_pais_origem) VALUES ('3648','PASS','000361337','Breon','19820204','Afghanistan');
INSERT INTO emprega_gravacao (id_gravacao, id_pessoa) VALUES ('3','3648');
INSERT INTO pessoa (id_pessoa, tipo_documento,documento,nome,data_nascimento,nome_pais_origem) VALUES ('3649','PASS','000818508','Avant','19790124','Estonia');
INSERT INTO emprega_gravacao (id_gravacao, id_pessoa) VALUES ('3','3649');
INSERT INTO pessoa (id_pessoa, tipo_documento,documento,nome,data_nascimento,nome_pais_origem) VALUES ('3650','PASS','000964797','Denboer','19810508','Afghanistan');
INSERT INTO emprega_gravacao (id_gravacao, id_pessoa) VALUES ('3','3650');
INSERT INTO pessoa (id_pessoa, tipo_documento,documento,nome,data_nascimento,nome_pais_origem) VALUES ('3651','PASS','000793211','Cleare','19741010','Iran');
INSERT INTO emprega_gravacao (id_gravacao, id_pessoa) VALUES ('3','3651');
INSERT INTO pessoa (id_pessoa, tipo_documento,documento,nome,data_nascimento,nome_pais_origem) VALUES ('3652','PASS','000720715','Caivano','19790406','Turkey');
INSERT INTO emprega_gravacao (id_gravacao, id_pessoa) VALUES ('3','3652');
INSERT INTO pessoa (id_pessoa, tipo_documento,documento,nome,data_nascimento,nome_pais_origem) VALUES ('3653','PASS','000149982','Aust','19730714','Italy');
INSERT INTO emprega_gravacao (id_gravacao, id_pessoa) VALUES ('3','3653');
INSERT INTO pessoa (id_pessoa, tipo_documento,documento,nome,data_nascimento,nome_pais_origem) VALUES ('3654','PASS','000763125','Gainer','19790112','Colombia');
INSERT INTO emprega_gravacao (id_gravacao, id_pessoa) VALUES ('3','3654');
INSERT INTO pessoa (id_pessoa, tipo_documento,documento,nome,data_nascimento,nome_pais_origem) VALUES ('3655','PASS','000916671','Barff','19730525','Colombia');
INSERT INTO emprega_gravacao (id_gravacao, id_pessoa) VALUES ('3','3655');
INSERT INTO pessoa (id_pessoa, tipo_documento,documento,nome,data_nascimento,nome_pais_origem) VALUES ('3656','PASS','000170571','Delonais','19840615','Iran');
INSERT INTO emprega_gravacao (id_gravacao, id_pessoa) VALUES ('3','3656');
INSERT INTO pessoa (id_pessoa, tipo_documento,documento,nome,data_nascimento,nome_pais_origem) VALUES ('3657','PASS','000874769','Dubois','19801221','Norway');
INSERT INTO emprega_gravacao (id_gravacao, id_pessoa) VALUES ('3','3657');
INSERT INTO pessoa (id_pessoa, tipo_documento,documento,nome,data_nascimento,nome_pais_origem) VALUES ('3658','PASS','000690318','Alstad','19821123','Spain');
INSERT INTO emprega_gravacao (id_gravacao, id_pessoa) VALUES ('3','3658');
INSERT INTO pessoa (id_pessoa, tipo_documento,documento,nome,data_nascimento,nome_pais_origem) VALUES ('3659','PASS','000323704','Guarracino','19701218','Mexico');
INSERT INTO emprega_gravacao (id_gravacao, id_pessoa) VALUES ('3','3659');
INSERT INTO pessoa (id_pessoa, tipo_documento,documento,nome,data_nascimento,nome_pais_origem) VALUES ('3660','PASS','000702272','Furlone','19871023','Estonia');
INSERT INTO emprega_gravacao (id_gravacao, id_pessoa) VALUES ('3','3660');
INSERT INTO pessoa (id_pessoa, tipo_documento,documento,nome,data_nascimento,nome_pais_origem) VALUES ('3661','PASS','000196102','Freddie','19831215','Saudi');
INSERT INTO emprega_gravacao (id_gravacao, id_pessoa) VALUES ('3','3661');
INSERT INTO pessoa (id_pessoa, tipo_documento,documento,nome,data_nascimento,nome_pais_origem) VALUES ('3662','PASS','000162175','Giangrosso','19860220','Nicaragua');
INSERT INTO emprega_gravacao (id_gravacao, id_pessoa) VALUES ('3','3662');
INSERT INTO pessoa (id_pessoa, tipo_documento,documento,nome,data_nascimento,nome_pais_origem) VALUES ('3663','PASS','000103969','Edgeston','19841216','Turkey');
INSERT INTO emprega_gravacao (id_gravacao, id_pessoa) VALUES ('3','3663');
INSERT INTO pessoa (id_pessoa, tipo_documento,documento,nome,data_nascimento,nome_pais_origem) VALUES ('3664','PASS','000620104','Alexader','19821014','China');
INSERT INTO emprega_gravacao (id_gravacao, id_pessoa) VALUES ('3','3664');
INSERT INTO pessoa (id_pessoa, tipo_documento,documento,nome,data_nascimento,nome_pais_origem) VALUES ('3665','PASS','000211041','Faidley','19751019','Albania');
INSERT INTO emprega_gravacao (id_gravacao, id_pessoa) VALUES ('3','3665');
INSERT INTO pessoa (id_pessoa, tipo_documento,documento,nome,data_nascimento,nome_pais_origem) VALUES ('3666','PASS','000798968','Brostoff','19870120','Belarus');
INSERT INTO emprega_gravacao (id_gravacao, id_pessoa) VALUES ('3','3666');
INSERT INTO pessoa (id_pessoa, tipo_documento,documento,nome,data_nascimento,nome_pais_origem) VALUES ('3667','PASS','000950228','Galea','19830911','Iraq');
INSERT INTO emprega_gravacao (id_gravacao, id_pessoa) VALUES ('3','3667');
INSERT INTO pessoa (id_pessoa, tipo_documento,documento,nome,data_nascimento,nome_pais_origem) VALUES ('3668','PASS','000993283','Eastep','19890208','Brazil');
INSERT INTO emprega_gravacao (id_gravacao, id_pessoa) VALUES ('3','3668');
INSERT INTO pessoa (id_pessoa, tipo_documento,documento,nome,data_nascimento,nome_pais_origem) VALUES ('3669','PASS','000512994','Forker','19860722','Finland');
INSERT INTO emprega_gravacao (id_gravacao, id_pessoa) VALUES ('3','3669');
INSERT INTO pessoa (id_pessoa, tipo_documento,documento,nome,data_nascimento,nome_pais_origem) VALUES ('3670','PASS','000610833','Baggesen','19881011','Saudi');
INSERT INTO emprega_gravacao (id_gravacao, id_pessoa) VALUES ('3','3670');
INSERT INTO pessoa (id_pessoa, tipo_documento,documento,nome,data_nascimento,nome_pais_origem) VALUES ('3671','PASS','000649690','Autrano','19731006','Serbia');
INSERT INTO emprega_gravacao (id_gravacao, id_pessoa) VALUES ('3','3671');
INSERT INTO equipe_de_gravacao (id_gravacao,nome_empresa) VALUES ('4','SZPPMGT');
INSERT INTO pessoa (id_pessoa, tipo_documento,documento,nome,data_nascimento,nome_pais_origem) VALUES ('3672','PASS','000286349','Eidinger','19740702','Slovakia');
INSERT INTO emprega_gravacao (id_gravacao, id_pessoa) VALUES ('4','3672');
INSERT INTO pessoa (id_pessoa, tipo_documento,documento,nome,data_nascimento,nome_pais_origem) VALUES ('3673','PASS','000782477','Goshow','19821211','Mozambique');
INSERT INTO emprega_gravacao (id_gravacao, id_pessoa) VALUES ('4','3673');
INSERT INTO pessoa (id_pessoa, tipo_documento,documento,nome,data_nascimento,nome_pais_origem) VALUES ('3674','PASS','000283512','Buffkin','19740125','Italy');
INSERT INTO emprega_gravacao (id_gravacao, id_pessoa) VALUES ('4','3674');
INSERT INTO pessoa (id_pessoa, tipo_documento,documento,nome,data_nascimento,nome_pais_origem) VALUES ('3675','PASS','000169310','Coulon','19830613','Thailand');
INSERT INTO emprega_gravacao (id_gravacao, id_pessoa) VALUES ('4','3675');
INSERT INTO pessoa (id_pessoa, tipo_documento,documento,nome,data_nascimento,nome_pais_origem) VALUES ('3676','PASS','000249785','Giard','19850709','Japan');
INSERT INTO emprega_gravacao (id_gravacao, id_pessoa) VALUES ('4','3676');
INSERT INTO pessoa (id_pessoa, tipo_documento,documento,nome,data_nascimento,nome_pais_origem) VALUES ('3677','PASS','000421788','Caughlin','19880225','Poland');
INSERT INTO emprega_gravacao (id_gravacao, id_pessoa) VALUES ('4','3677');
INSERT INTO pessoa (id_pessoa, tipo_documento,documento,nome,data_nascimento,nome_pais_origem) VALUES ('3678','PASS','000188372','Cyr','19720415','Thailand');
INSERT INTO emprega_gravacao (id_gravacao, id_pessoa) VALUES ('4','3678');
INSERT INTO pessoa (id_pessoa, tipo_documento,documento,nome,data_nascimento,nome_pais_origem) VALUES ('3679','PASS','000812240','Frenner','19800220','Norway');
INSERT INTO emprega_gravacao (id_gravacao, id_pessoa) VALUES ('4','3679');
INSERT INTO pessoa (id_pessoa, tipo_documento,documento,nome,data_nascimento,nome_pais_origem) VALUES ('3680','PASS','000164760','Braband','19751209','Senegal');
INSERT INTO emprega_gravacao (id_gravacao, id_pessoa) VALUES ('4','3680');
INSERT INTO pessoa (id_pessoa, tipo_documento,documento,nome,data_nascimento,nome_pais_origem) VALUES ('3681','PASS','000224423','Daufeldt','19791023','Uruguay');
INSERT INTO emprega_gravacao (id_gravacao, id_pessoa) VALUES ('4','3681');
INSERT INTO pessoa (id_pessoa, tipo_documento,documento,nome,data_nascimento,nome_pais_origem) VALUES ('3682','PASS','000836758','Calvino','19890201','India');
INSERT INTO emprega_gravacao (id_gravacao, id_pessoa) VALUES ('4','3682');
INSERT INTO pessoa (id_pessoa, tipo_documento,documento,nome,data_nascimento,nome_pais_origem) VALUES ('3683','PASS','000827029','Fritzpatrick','19730712','Brazil');
INSERT INTO emprega_gravacao (id_gravacao, id_pessoa) VALUES ('4','3683');
INSERT INTO pessoa (id_pessoa, tipo_documento,documento,nome,data_nascimento,nome_pais_origem) VALUES ('3684','PASS','000635851','Carlon','19800201','Netherlands');
INSERT INTO emprega_gravacao (id_gravacao, id_pessoa) VALUES ('4','3684');
INSERT INTO pessoa (id_pessoa, tipo_documento,documento,nome,data_nascimento,nome_pais_origem) VALUES ('3685','PASS','000108145','Alevedo','19731021','Algeria');
INSERT INTO emprega_gravacao (id_gravacao, id_pessoa) VALUES ('4','3685');
INSERT INTO pessoa (id_pessoa, tipo_documento,documento,nome,data_nascimento,nome_pais_origem) VALUES ('3686','PASS','000437010','Battiata','19840111','Hungary');
INSERT INTO emprega_gravacao (id_gravacao, id_pessoa) VALUES ('4','3686');
INSERT INTO pessoa (id_pessoa, tipo_documento,documento,nome,data_nascimento,nome_pais_origem) VALUES ('3687','PASS','000499203','Freber','19821106','Belarus');
INSERT INTO emprega_gravacao (id_gravacao, id_pessoa) VALUES ('4','3687');
INSERT INTO pessoa (id_pessoa, tipo_documento,documento,nome,data_nascimento,nome_pais_origem) VALUES ('3688','PASS','000188900','Goetting','19870220','Egypt');
INSERT INTO emprega_gravacao (id_gravacao, id_pessoa) VALUES ('4','3688');
INSERT INTO pessoa (id_pessoa, tipo_documento,documento,nome,data_nascimento,nome_pais_origem) VALUES ('3689','PASS','000149464','Dufresne','19800522','Brazil');
INSERT INTO emprega_gravacao (id_gravacao, id_pessoa) VALUES ('4','3689');
INSERT INTO pessoa (id_pessoa, tipo_documento,documento,nome,data_nascimento,nome_pais_origem) VALUES ('3690','PASS','000279799','Chabez','19850618','Sweden');
INSERT INTO emprega_gravacao (id_gravacao, id_pessoa) VALUES ('4','3690');
INSERT INTO equipe_de_gravacao (id_gravacao,nome_empresa) VALUES ('5','HHLVJDZ');
INSERT INTO pessoa (id_pessoa, tipo_documento,documento,nome,data_nascimento,nome_pais_origem) VALUES ('3691','PASS','000207819','Bagby','19760726','Belgium');
INSERT INTO emprega_gravacao (id_gravacao, id_pessoa) VALUES ('5','3691');
INSERT INTO pessoa (id_pessoa, tipo_documento,documento,nome,data_nascimento,nome_pais_origem) VALUES ('3692','PASS','000352278','Denoncourt','19730414','Mozambique');
INSERT INTO emprega_gravacao (id_gravacao, id_pessoa) VALUES ('5','3692');
INSERT INTO pessoa (id_pessoa, tipo_documento,documento,nome,data_nascimento,nome_pais_origem) VALUES ('3693','PASS','000574803','Bjork','19781019','Bangladesh');
INSERT INTO emprega_gravacao (id_gravacao, id_pessoa) VALUES ('5','3693');
INSERT INTO pessoa (id_pessoa, tipo_documento,documento,nome,data_nascimento,nome_pais_origem) VALUES ('3694','PASS','000745827','Burgher','19820608','Afghanistan');
INSERT INTO emprega_gravacao (id_gravacao, id_pessoa) VALUES ('5','3694');
INSERT INTO pessoa (id_pessoa, tipo_documento,documento,nome,data_nascimento,nome_pais_origem) VALUES ('3695','PASS','000310149','Ginanni','19760219','Cuba');
INSERT INTO emprega_gravacao (id_gravacao, id_pessoa) VALUES ('5','3695');
INSERT INTO pessoa (id_pessoa, tipo_documento,documento,nome,data_nascimento,nome_pais_origem) VALUES ('3696','PASS','000377249','Beattle','19740822','Japan');
INSERT INTO emprega_gravacao (id_gravacao, id_pessoa) VALUES ('5','3696');
INSERT INTO pessoa (id_pessoa, tipo_documento,documento,nome,data_nascimento,nome_pais_origem) VALUES ('3697','PASS','000100983','Comish','19830111','Ukraine');
INSERT INTO emprega_gravacao (id_gravacao, id_pessoa) VALUES ('5','3697');
INSERT INTO pessoa (id_pessoa, tipo_documento,documento,nome,data_nascimento,nome_pais_origem) VALUES ('3698','PASS','000434617','Claywell','19740816','Japan');
INSERT INTO emprega_gravacao (id_gravacao, id_pessoa) VALUES ('5','3698');
INSERT INTO pessoa (id_pessoa, tipo_documento,documento,nome,data_nascimento,nome_pais_origem) VALUES ('3699','PASS','000161641','Goldsby','19730713','Portugal');
INSERT INTO emprega_gravacao (id_gravacao, id_pessoa) VALUES ('5','3699');
INSERT INTO pessoa (id_pessoa, tipo_documento,documento,nome,data_nascimento,nome_pais_origem) VALUES ('3700','PASS','000698081','Emmette','19810505','Costa');
INSERT INTO emprega_gravacao (id_gravacao, id_pessoa) VALUES ('5','3700');
INSERT INTO pessoa (id_pessoa, tipo_documento,documento,nome,data_nascimento,nome_pais_origem) VALUES ('3701','PASS','000360201','Belinski','19861026','Syria');
INSERT INTO emprega_gravacao (id_gravacao, id_pessoa) VALUES ('5','3701');
INSERT INTO pessoa (id_pessoa, tipo_documento,documento,nome,data_nascimento,nome_pais_origem) VALUES ('3702','PASS','000818411','Broman','19850523','Bahrain');
INSERT INTO emprega_gravacao (id_gravacao, id_pessoa) VALUES ('5','3702');
INSERT INTO pessoa (id_pessoa, tipo_documento,documento,nome,data_nascimento,nome_pais_origem) VALUES ('3703','PASS','000291937','Cerrillo','19890926','Nepal');
INSERT INTO emprega_gravacao (id_gravacao, id_pessoa) VALUES ('5','3703');
INSERT INTO pessoa (id_pessoa, tipo_documento,documento,nome,data_nascimento,nome_pais_origem) VALUES ('3704','PASS','000545848','Armocida','19820118','Saudi');
INSERT INTO emprega_gravacao (id_gravacao, id_pessoa) VALUES ('5','3704');
INSERT INTO pessoa (id_pessoa, tipo_documento,documento,nome,data_nascimento,nome_pais_origem) VALUES ('3705','PASS','000255735','Griffo','19760801','Australia');
INSERT INTO emprega_gravacao (id_gravacao, id_pessoa) VALUES ('5','3705');
INSERT INTO equipe_de_gravacao (id_gravacao,nome_empresa) VALUES ('6','ADJNVIO');
INSERT INTO pessoa (id_pessoa, tipo_documento,documento,nome,data_nascimento,nome_pais_origem) VALUES ('3706','PASS','000487380','Biondo','19730616','Turkey');
INSERT INTO emprega_gravacao (id_gravacao, id_pessoa) VALUES ('6','3706');
INSERT INTO pessoa (id_pessoa, tipo_documento,documento,nome,data_nascimento,nome_pais_origem) VALUES ('3707','PASS','000519301','Dummer','19760310','Afghanistan');
INSERT INTO emprega_gravacao (id_gravacao, id_pessoa) VALUES ('6','3707');
INSERT INTO pessoa (id_pessoa, tipo_documento,documento,nome,data_nascimento,nome_pais_origem) VALUES ('3708','PASS','000719959','Cipcic','19770708','Egypt');
INSERT INTO emprega_gravacao (id_gravacao, id_pessoa) VALUES ('6','3708');
INSERT INTO pessoa (id_pessoa, tipo_documento,documento,nome,data_nascimento,nome_pais_origem) VALUES ('3709','PASS','000772714','Deherrera','19871013','Albania');
INSERT INTO emprega_gravacao (id_gravacao, id_pessoa) VALUES ('6','3709');
INSERT INTO pessoa (id_pessoa, tipo_documento,documento,nome,data_nascimento,nome_pais_origem) VALUES ('3710','PASS','000565019','Berrien','19860327','Bulgaria');
INSERT INTO emprega_gravacao (id_gravacao, id_pessoa) VALUES ('6','3710');
INSERT INTO pessoa (id_pessoa, tipo_documento,documento,nome,data_nascimento,nome_pais_origem) VALUES ('3711','PASS','000563311','Deraney','19860224','Iraq');
INSERT INTO emprega_gravacao (id_gravacao, id_pessoa) VALUES ('6','3711');
INSERT INTO pessoa (id_pessoa, tipo_documento,documento,nome,data_nascimento,nome_pais_origem) VALUES ('3712','PASS','000934649','Dukette','19740724','Netherlands');
INSERT INTO emprega_gravacao (id_gravacao, id_pessoa) VALUES ('6','3712');
INSERT INTO pessoa (id_pessoa, tipo_documento,documento,nome,data_nascimento,nome_pais_origem) VALUES ('3713','PASS','000889586','Frietas','19850221','France');
INSERT INTO emprega_gravacao (id_gravacao, id_pessoa) VALUES ('6','3713');
INSERT INTO pessoa (id_pessoa, tipo_documento,documento,nome,data_nascimento,nome_pais_origem) VALUES ('3714','PASS','000210889','Domhoff','19731027','Croatia');
INSERT INTO emprega_gravacao (id_gravacao, id_pessoa) VALUES ('6','3714');
INSERT INTO pessoa (id_pessoa, tipo_documento,documento,nome,data_nascimento,nome_pais_origem) VALUES ('3715','PASS','000571728','Chevez','19800117','Germany');
INSERT INTO emprega_gravacao (id_gravacao, id_pessoa) VALUES ('6','3715');
INSERT INTO pessoa (id_pessoa, tipo_documento,documento,nome,data_nascimento,nome_pais_origem) VALUES ('3716','PASS','000757337','Brockel','19740308','Chad');
INSERT INTO emprega_gravacao (id_gravacao, id_pessoa) VALUES ('6','3716');
INSERT INTO pessoa (id_pessoa, tipo_documento,documento,nome,data_nascimento,nome_pais_origem) VALUES ('3717','PASS','000403566','Cummer','19730314','Arabia');
INSERT INTO emprega_gravacao (id_gravacao, id_pessoa) VALUES ('6','3717');
INSERT INTO pessoa (id_pessoa, tipo_documento,documento,nome,data_nascimento,nome_pais_origem) VALUES ('3718','PASS','000877072','Exline','19770313','Japan');
INSERT INTO emprega_gravacao (id_gravacao, id_pessoa) VALUES ('6','3718');
INSERT INTO pessoa (id_pessoa, tipo_documento,documento,nome,data_nascimento,nome_pais_origem) VALUES ('3719','PASS','000881167','Baldauf','19850402','Syria');
INSERT INTO emprega_gravacao (id_gravacao, id_pessoa) VALUES ('6','3719');
INSERT INTO pessoa (id_pessoa, tipo_documento,documento,nome,data_nascimento,nome_pais_origem) VALUES ('3720','PASS','000105313','Dueno','19890822','Azerbaijan');
INSERT INTO emprega_gravacao (id_gravacao, id_pessoa) VALUES ('6','3720');
INSERT INTO pessoa (id_pessoa, tipo_documento,documento,nome,data_nascimento,nome_pais_origem) VALUES ('3721','PASS','000165872','Abbott','19710905','Syria');
INSERT INTO emprega_gravacao (id_gravacao, id_pessoa) VALUES ('6','3721');
INSERT INTO pessoa (id_pessoa, tipo_documento,documento,nome,data_nascimento,nome_pais_origem) VALUES ('3722','PASS','000744301','Drawe','19770705','Barbados');
INSERT INTO emprega_gravacao (id_gravacao, id_pessoa) VALUES ('6','3722');
INSERT INTO pessoa (id_pessoa, tipo_documento,documento,nome,data_nascimento,nome_pais_origem) VALUES ('3723','PASS','000633499','Garlington','19731126','Denmark');
INSERT INTO emprega_gravacao (id_gravacao, id_pessoa) VALUES ('6','3723');
INSERT INTO pessoa (id_pessoa, tipo_documento,documento,nome,data_nascimento,nome_pais_origem) VALUES ('3724','PASS','000689764','Chaix','19780722','Japan');
INSERT INTO emprega_gravacao (id_gravacao, id_pessoa) VALUES ('6','3724');
INSERT INTO pessoa (id_pessoa, tipo_documento,documento,nome,data_nascimento,nome_pais_origem) VALUES ('3725','PASS','000193822','Bibian','19740120','Turkey');
INSERT INTO emprega_gravacao (id_gravacao, id_pessoa) VALUES ('6','3725');
INSERT INTO pessoa (id_pessoa, tipo_documento,documento,nome,data_nascimento,nome_pais_origem) VALUES ('3726','PASS','000334821','Gandeza','19741104','Argentina');
INSERT INTO emprega_gravacao (id_gravacao, id_pessoa) VALUES ('6','3726');
INSERT INTO pessoa (id_pessoa, tipo_documento,documento,nome,data_nascimento,nome_pais_origem) VALUES ('3727','PASS','000540120','Defiore','19820606','Germany');
INSERT INTO emprega_gravacao (id_gravacao, id_pessoa) VALUES ('6','3727');
INSERT INTO pessoa (id_pessoa, tipo_documento,documento,nome,data_nascimento,nome_pais_origem) VALUES ('3728','PASS','000493089','Glady','19890103','Australia');
INSERT INTO emprega_gravacao (id_gravacao, id_pessoa) VALUES ('6','3728');
INSERT INTO equipe_de_gravacao (id_gravacao,nome_empresa) VALUES ('7','VPXIAAC');
INSERT INTO pessoa (id_pessoa, tipo_documento,documento,nome,data_nascimento,nome_pais_origem) VALUES ('3729','PASS','000161118','Beja','19890203','Peru');
INSERT INTO emprega_gravacao (id_gravacao, id_pessoa) VALUES ('7','3729');
INSERT INTO pessoa (id_pessoa, tipo_documento,documento,nome,data_nascimento,nome_pais_origem) VALUES ('3730','PASS','000534594','Cesar','19711023','Mexico');
INSERT INTO emprega_gravacao (id_gravacao, id_pessoa) VALUES ('7','3730');
INSERT INTO pessoa (id_pessoa, tipo_documento,documento,nome,data_nascimento,nome_pais_origem) VALUES ('3731','PASS','000248470','Bart','19840417','Bahrain');
INSERT INTO emprega_gravacao (id_gravacao, id_pessoa) VALUES ('7','3731');
INSERT INTO pessoa (id_pessoa, tipo_documento,documento,nome,data_nascimento,nome_pais_origem) VALUES ('3732','PASS','000391706','Echoles','19750301','Italy');
INSERT INTO emprega_gravacao (id_gravacao, id_pessoa) VALUES ('7','3732');
INSERT INTO pessoa (id_pessoa, tipo_documento,documento,nome,data_nascimento,nome_pais_origem) VALUES ('3733','PASS','000375335','Francesca','19790401','Nepal');
INSERT INTO emprega_gravacao (id_gravacao, id_pessoa) VALUES ('7','3733');
INSERT INTO pessoa (id_pessoa, tipo_documento,documento,nome,data_nascimento,nome_pais_origem) VALUES ('3734','PASS','000201250','Dacruz','19870812','Philippines');
INSERT INTO emprega_gravacao (id_gravacao, id_pessoa) VALUES ('7','3734');
INSERT INTO pessoa (id_pessoa, tipo_documento,documento,nome,data_nascimento,nome_pais_origem) VALUES ('3735','PASS','000149211','Dalphonse','19801106','Poland');
INSERT INTO emprega_gravacao (id_gravacao, id_pessoa) VALUES ('7','3735');
INSERT INTO pessoa (id_pessoa, tipo_documento,documento,nome,data_nascimento,nome_pais_origem) VALUES ('3736','PASS','000358725','Bruins','19811123','Uruguay');
INSERT INTO emprega_gravacao (id_gravacao, id_pessoa) VALUES ('7','3736');
INSERT INTO pessoa (id_pessoa, tipo_documento,documento,nome,data_nascimento,nome_pais_origem) VALUES ('3737','PASS','000488797','Gilcris','19840915','Portugal');
INSERT INTO emprega_gravacao (id_gravacao, id_pessoa) VALUES ('7','3737');
INSERT INTO pessoa (id_pessoa, tipo_documento,documento,nome,data_nascimento,nome_pais_origem) VALUES ('3738','PASS','000346444','Anno','19740205','Peru');
INSERT INTO emprega_gravacao (id_gravacao, id_pessoa) VALUES ('7','3738');
INSERT INTO pessoa (id_pessoa, tipo_documento,documento,nome,data_nascimento,nome_pais_origem) VALUES ('3739','PASS','000795093','Abdulmateen','19890520','New');
INSERT INTO emprega_gravacao (id_gravacao, id_pessoa) VALUES ('7','3739');
INSERT INTO pessoa (id_pessoa, tipo_documento,documento,nome,data_nascimento,nome_pais_origem) VALUES ('3740','PASS','000727839','Cerniglia','19871202','Angola');
INSERT INTO emprega_gravacao (id_gravacao, id_pessoa) VALUES ('7','3740');
INSERT INTO pessoa (id_pessoa, tipo_documento,documento,nome,data_nascimento,nome_pais_origem) VALUES ('3741','PASS','000183423','Esquerre','19770402','Afghanistan');
INSERT INTO emprega_gravacao (id_gravacao, id_pessoa) VALUES ('7','3741');
INSERT INTO pessoa (id_pessoa, tipo_documento,documento,nome,data_nascimento,nome_pais_origem) VALUES ('3742','PASS','000726443','Alfonzo','19780702','India');
INSERT INTO emprega_gravacao (id_gravacao, id_pessoa) VALUES ('7','3742');
INSERT INTO pessoa (id_pessoa, tipo_documento,documento,nome,data_nascimento,nome_pais_origem) VALUES ('3743','PASS','000395223','Dannenberg','19820415','Thailand');
INSERT INTO emprega_gravacao (id_gravacao, id_pessoa) VALUES ('7','3743');
INSERT INTO pessoa (id_pessoa, tipo_documento,documento,nome,data_nascimento,nome_pais_origem) VALUES ('3744','PASS','000234523','Ginocchio','19760723','Philippines');
INSERT INTO emprega_gravacao (id_gravacao, id_pessoa) VALUES ('7','3744');
INSERT INTO pessoa (id_pessoa, tipo_documento,documento,nome,data_nascimento,nome_pais_origem) VALUES ('3745','PASS','000519129','Breman','19880124','Belgium');
INSERT INTO emprega_gravacao (id_gravacao, id_pessoa) VALUES ('7','3745');
INSERT INTO pessoa (id_pessoa, tipo_documento,documento,nome,data_nascimento,nome_pais_origem) VALUES ('3746','PASS','000936640','Bocklund','19731027','Argentina');
INSERT INTO emprega_gravacao (id_gravacao, id_pessoa) VALUES ('7','3746');
INSERT INTO pessoa (id_pessoa, tipo_documento,documento,nome,data_nascimento,nome_pais_origem) VALUES ('3747','PASS','000123284','Digregorio','19771025','Finland');
INSERT INTO emprega_gravacao (id_gravacao, id_pessoa) VALUES ('7','3747');
INSERT INTO pessoa (id_pessoa, tipo_documento,documento,nome,data_nascimento,nome_pais_origem) VALUES ('3748','PASS','000897567','Devillez','19750722','Costa');
INSERT INTO emprega_gravacao (id_gravacao, id_pessoa) VALUES ('7','3748');
INSERT INTO equipe_de_gravacao (id_gravacao,nome_empresa) VALUES ('8','QNKUJLW');
INSERT INTO pessoa (id_pessoa, tipo_documento,documento,nome,data_nascimento,nome_pais_origem) VALUES ('3749','PASS','000259076','Barragan','19840315','Paraguay');
INSERT INTO emprega_gravacao (id_gravacao, id_pessoa) VALUES ('8','3749');
INSERT INTO pessoa (id_pessoa, tipo_documento,documento,nome,data_nascimento,nome_pais_origem) VALUES ('3750','PASS','000361487','Crew','19860921','Argentina');
INSERT INTO emprega_gravacao (id_gravacao, id_pessoa) VALUES ('8','3750');
INSERT INTO pessoa (id_pessoa, tipo_documento,documento,nome,data_nascimento,nome_pais_origem) VALUES ('3751','PASS','000764575','Conelli','19740726','Germany');
INSERT INTO emprega_gravacao (id_gravacao, id_pessoa) VALUES ('8','3751');
INSERT INTO pessoa (id_pessoa, tipo_documento,documento,nome,data_nascimento,nome_pais_origem) VALUES ('3752','PASS','000863345','Grizzle','19710602','China');
INSERT INTO emprega_gravacao (id_gravacao, id_pessoa) VALUES ('8','3752');
INSERT INTO pessoa (id_pessoa, tipo_documento,documento,nome,data_nascimento,nome_pais_origem) VALUES ('3753','PASS','000649349','Goodridge','19860913','Argentina');
INSERT INTO emprega_gravacao (id_gravacao, id_pessoa) VALUES ('8','3753');
INSERT INTO pessoa (id_pessoa, tipo_documento,documento,nome,data_nascimento,nome_pais_origem) VALUES ('3754','PASS','000580012','Fedder','19870813','Germany');
INSERT INTO emprega_gravacao (id_gravacao, id_pessoa) VALUES ('8','3754');
INSERT INTO pessoa (id_pessoa, tipo_documento,documento,nome,data_nascimento,nome_pais_origem) VALUES ('3755','PASS','000515559','Cianchetti','19730825','Saudi');
INSERT INTO emprega_gravacao (id_gravacao, id_pessoa) VALUES ('8','3755');
INSERT INTO pessoa (id_pessoa, tipo_documento,documento,nome,data_nascimento,nome_pais_origem) VALUES ('3756','PASS','000473019','Gehling','19700912','Costa');
INSERT INTO emprega_gravacao (id_gravacao, id_pessoa) VALUES ('8','3756');
INSERT INTO pessoa (id_pessoa, tipo_documento,documento,nome,data_nascimento,nome_pais_origem) VALUES ('3757','PASS','000494900','Daul','19800817','Azerbaijan');
INSERT INTO emprega_gravacao (id_gravacao, id_pessoa) VALUES ('8','3757');
INSERT INTO equipe_de_gravacao (id_gravacao,nome_empresa) VALUES ('9','KQXVIRS');
INSERT INTO pessoa (id_pessoa, tipo_documento,documento,nome,data_nascimento,nome_pais_origem) VALUES ('3758','PASS','000202351','Corwell','19750103','Brazil');
INSERT INTO emprega_gravacao (id_gravacao, id_pessoa) VALUES ('9','3758');
INSERT INTO pessoa (id_pessoa, tipo_documento,documento,nome,data_nascimento,nome_pais_origem) VALUES ('3759','PASS','000178721','Bauerle','19830821','Peru');
INSERT INTO emprega_gravacao (id_gravacao, id_pessoa) VALUES ('9','3759');
INSERT INTO pessoa (id_pessoa, tipo_documento,documento,nome,data_nascimento,nome_pais_origem) VALUES ('3760','PASS','000189936','Cypress','19710313','Portugal');
INSERT INTO emprega_gravacao (id_gravacao, id_pessoa) VALUES ('9','3760');
INSERT INTO pessoa (id_pessoa, tipo_documento,documento,nome,data_nascimento,nome_pais_origem) VALUES ('3761','PASS','000361552','Brittny','19750527','Monaco');
INSERT INTO emprega_gravacao (id_gravacao, id_pessoa) VALUES ('9','3761');
INSERT INTO pessoa (id_pessoa, tipo_documento,documento,nome,data_nascimento,nome_pais_origem) VALUES ('3762','PASS','000262745','Casselberry','19821008','Costa');
INSERT INTO emprega_gravacao (id_gravacao, id_pessoa) VALUES ('9','3762');
INSERT INTO pessoa (id_pessoa, tipo_documento,documento,nome,data_nascimento,nome_pais_origem) VALUES ('3763','PASS','000779850','Frame','19751222','Romania');
INSERT INTO emprega_gravacao (id_gravacao, id_pessoa) VALUES ('9','3763');
INSERT INTO pessoa (id_pessoa, tipo_documento,documento,nome,data_nascimento,nome_pais_origem) VALUES ('3764','PASS','000614592','Charter','19720207','Lithuania');
INSERT INTO emprega_gravacao (id_gravacao, id_pessoa) VALUES ('9','3764');
INSERT INTO pessoa (id_pessoa, tipo_documento,documento,nome,data_nascimento,nome_pais_origem) VALUES ('3765','PASS','000126440','Baccouche','19780513','Japan');
INSERT INTO emprega_gravacao (id_gravacao, id_pessoa) VALUES ('9','3765');
INSERT INTO pessoa (id_pessoa, tipo_documento,documento,nome,data_nascimento,nome_pais_origem) VALUES ('3766','PASS','000233076','Arnell','19791216','Estonia');
INSERT INTO emprega_gravacao (id_gravacao, id_pessoa) VALUES ('9','3766');
INSERT INTO pessoa (id_pessoa, tipo_documento,documento,nome,data_nascimento,nome_pais_origem) VALUES ('3767','PASS','000158393','Akoni','19770916','Slovakia');
INSERT INTO emprega_gravacao (id_gravacao, id_pessoa) VALUES ('9','3767');
INSERT INTO pessoa (id_pessoa, tipo_documento,documento,nome,data_nascimento,nome_pais_origem) VALUES ('3768','PASS','000355700','Croson','19750513','Germany');
INSERT INTO emprega_gravacao (id_gravacao, id_pessoa) VALUES ('9','3768');
INSERT INTO pessoa (id_pessoa, tipo_documento,documento,nome,data_nascimento,nome_pais_origem) VALUES ('3769','PASS','000113511','Broadhurst','19780627','Liechtenstein');
INSERT INTO emprega_gravacao (id_gravacao, id_pessoa) VALUES ('9','3769');
INSERT INTO pessoa (id_pessoa, tipo_documento,documento,nome,data_nascimento,nome_pais_origem) VALUES ('3770','PASS','000683030','Donten','19840709','Angola');
INSERT INTO emprega_gravacao (id_gravacao, id_pessoa) VALUES ('9','3770');
INSERT INTO pessoa (id_pessoa, tipo_documento,documento,nome,data_nascimento,nome_pais_origem) VALUES ('3771','PASS','000356148','Caride','19841201','Syria');
INSERT INTO emprega_gravacao (id_gravacao, id_pessoa) VALUES ('9','3771');
INSERT INTO pessoa (id_pessoa, tipo_documento,documento,nome,data_nascimento,nome_pais_origem) VALUES ('3772','PASS','000665391','Boutiette','19730113','Rica');
INSERT INTO emprega_gravacao (id_gravacao, id_pessoa) VALUES ('9','3772');
INSERT INTO pessoa (id_pessoa, tipo_documento,documento,nome,data_nascimento,nome_pais_origem) VALUES ('3773','PASS','000197005','Delmendo','19700214','Liechtenstein');
INSERT INTO emprega_gravacao (id_gravacao, id_pessoa) VALUES ('9','3773');
INSERT INTO pessoa (id_pessoa, tipo_documento,documento,nome,data_nascimento,nome_pais_origem) VALUES ('3774','PASS','000434013','Grondahl','19780226','Chad');
INSERT INTO emprega_gravacao (id_gravacao, id_pessoa) VALUES ('9','3774');
INSERT INTO pessoa (id_pessoa, tipo_documento,documento,nome,data_nascimento,nome_pais_origem) VALUES ('3775','PASS','000147712','Cinar','19780321','Estonia');
INSERT INTO emprega_gravacao (id_gravacao, id_pessoa) VALUES ('9','3775');
INSERT INTO pessoa (id_pessoa, tipo_documento,documento,nome,data_nascimento,nome_pais_origem) VALUES ('3776','PASS','000552516','Bridget','19750106','Greece');
INSERT INTO emprega_gravacao (id_gravacao, id_pessoa) VALUES ('9','3776');
INSERT INTO pessoa (id_pessoa, tipo_documento,documento,nome,data_nascimento,nome_pais_origem) VALUES ('3777','PASS','000774013','Andrades','19760924','India');
INSERT INTO emprega_gravacao (id_gravacao, id_pessoa) VALUES ('9','3777');
INSERT INTO pessoa (id_pessoa, tipo_documento,documento,nome,data_nascimento,nome_pais_origem) VALUES ('3778','PASS','000563411','Guarino','19811127','Australia');
INSERT INTO emprega_gravacao (id_gravacao, id_pessoa) VALUES ('9','3778');
INSERT INTO pessoa (id_pessoa, tipo_documento,documento,nome,data_nascimento,nome_pais_origem) VALUES ('3779','PASS','000771536','Drumwright','19750919','Mongolia');
INSERT INTO emprega_gravacao (id_gravacao, id_pessoa) VALUES ('9','3779');
INSERT INTO pessoa (id_pessoa, tipo_documento,documento,nome,data_nascimento,nome_pais_origem) VALUES ('3780','PASS','000572555','Chanoine','19800703','Armenia');
INSERT INTO emprega_gravacao (id_gravacao, id_pessoa) VALUES ('9','3780');
INSERT INTO pessoa (id_pessoa, tipo_documento,documento,nome,data_nascimento,nome_pais_origem) VALUES ('3781','PASS','000806390','Chee','19831005','Algeria');
INSERT INTO emprega_gravacao (id_gravacao, id_pessoa) VALUES ('9','3781');
INSERT INTO pessoa (id_pessoa, tipo_documento,documento,nome,data_nascimento,nome_pais_origem) VALUES ('3782','PASS','000885332','Ensz','19770402','Turkey');
INSERT INTO emprega_gravacao (id_gravacao, id_pessoa) VALUES ('9','3782');
INSERT INTO pessoa (id_pessoa, tipo_documento,documento,nome,data_nascimento,nome_pais_origem) VALUES ('3783','PASS','000402509','Baiotto','19710123','Ukraine');
INSERT INTO emprega_gravacao (id_gravacao, id_pessoa) VALUES ('9','3783');
INSERT INTO pessoa (id_pessoa, tipo_documento,documento,nome,data_nascimento,nome_pais_origem) VALUES ('3784','PASS','000429947','Bockoven','19790425','Belgium');
INSERT INTO emprega_gravacao (id_gravacao, id_pessoa) VALUES ('9','3784');
INSERT INTO equipe_de_gravacao (id_gravacao,nome_empresa) VALUES ('10','WTMCEIJ');
INSERT INTO pessoa (id_pessoa, tipo_documento,documento,nome,data_nascimento,nome_pais_origem) VALUES ('3785','PASS','000412436','Dresher','19781119','Liechtenstein');
INSERT INTO emprega_gravacao (id_gravacao, id_pessoa) VALUES ('10','3785');
INSERT INTO pessoa (id_pessoa, tipo_documento,documento,nome,data_nascimento,nome_pais_origem) VALUES ('3786','PASS','000111902','Ebling','19820824','Switzerland');
INSERT INTO emprega_gravacao (id_gravacao, id_pessoa) VALUES ('10','3786');
INSERT INTO pessoa (id_pessoa, tipo_documento,documento,nome,data_nascimento,nome_pais_origem) VALUES ('3787','PASS','000822883','Aery','19780215','Greece');
INSERT INTO emprega_gravacao (id_gravacao, id_pessoa) VALUES ('10','3787');
INSERT INTO pessoa (id_pessoa, tipo_documento,documento,nome,data_nascimento,nome_pais_origem) VALUES ('3788','PASS','000251296','Correy','19780404','Denmark');
INSERT INTO emprega_gravacao (id_gravacao, id_pessoa) VALUES ('10','3788');
INSERT INTO pessoa (id_pessoa, tipo_documento,documento,nome,data_nascimento,nome_pais_origem) VALUES ('3789','PASS','000731558','Dettman','19861220','Serbia');
INSERT INTO emprega_gravacao (id_gravacao, id_pessoa) VALUES ('10','3789');
INSERT INTO pessoa (id_pessoa, tipo_documento,documento,nome,data_nascimento,nome_pais_origem) VALUES ('3790','PASS','000194644','Baldassarre','19790813','Bahamas');
INSERT INTO emprega_gravacao (id_gravacao, id_pessoa) VALUES ('10','3790');
INSERT INTO pessoa (id_pessoa, tipo_documento,documento,nome,data_nascimento,nome_pais_origem) VALUES ('3791','PASS','000483921','Brackins','19771206','Australia');
INSERT INTO emprega_gravacao (id_gravacao, id_pessoa) VALUES ('10','3791');
INSERT INTO pessoa (id_pessoa, tipo_documento,documento,nome,data_nascimento,nome_pais_origem) VALUES ('3792','PASS','000946448','Derosby','19770918','Afghanistan');
INSERT INTO emprega_gravacao (id_gravacao, id_pessoa) VALUES ('10','3792');
INSERT INTO pessoa (id_pessoa, tipo_documento,documento,nome,data_nascimento,nome_pais_origem) VALUES ('3793','PASS','000427254','Carlberg','19770915','Uzbekistan');
INSERT INTO emprega_gravacao (id_gravacao, id_pessoa) VALUES ('10','3793');
INSERT INTO pessoa (id_pessoa, tipo_documento,documento,nome,data_nascimento,nome_pais_origem) VALUES ('3794','PASS','000197683','Devargas','19760721','Cuba');
INSERT INTO emprega_gravacao (id_gravacao, id_pessoa) VALUES ('10','3794');
INSERT INTO pessoa (id_pessoa, tipo_documento,documento,nome,data_nascimento,nome_pais_origem) VALUES ('3795','PASS','000331928','Dec','19840203','Bangladesh');
INSERT INTO emprega_gravacao (id_gravacao, id_pessoa) VALUES ('10','3795');
INSERT INTO pessoa (id_pessoa, tipo_documento,documento,nome,data_nascimento,nome_pais_origem) VALUES ('3796','PASS','000951440','Dickmann','19711201','Switzerland');
INSERT INTO emprega_gravacao (id_gravacao, id_pessoa) VALUES ('10','3796');
INSERT INTO pessoa (id_pessoa, tipo_documento,documento,nome,data_nascimento,nome_pais_origem) VALUES ('3797','PASS','000646716','Dugi','19710807','Nepal');
INSERT INTO emprega_gravacao (id_gravacao, id_pessoa) VALUES ('10','3797');
INSERT INTO pessoa (id_pessoa, tipo_documento,documento,nome,data_nascimento,nome_pais_origem) VALUES ('3798','PASS','000655072','Dhamer','19740222','Brazil');
INSERT INTO emprega_gravacao (id_gravacao, id_pessoa) VALUES ('10','3798');
INSERT INTO pessoa (id_pessoa, tipo_documento,documento,nome,data_nascimento,nome_pais_origem) VALUES ('3799','PASS','000196422','Derringer','19881227','Austria');
INSERT INTO emprega_gravacao (id_gravacao, id_pessoa) VALUES ('10','3799');
INSERT INTO pessoa (id_pessoa, tipo_documento,documento,nome,data_nascimento,nome_pais_origem) VALUES ('3800','PASS','000611171','Corlee','19770205','India');
INSERT INTO emprega_gravacao (id_gravacao, id_pessoa) VALUES ('10','3800');
INSERT INTO pessoa (id_pessoa, tipo_documento,documento,nome,data_nascimento,nome_pais_origem) VALUES ('3801','PASS','000735430','Fallone','19751112','Peru');
INSERT INTO emprega_gravacao (id_gravacao, id_pessoa) VALUES ('10','3801');
INSERT INTO pessoa (id_pessoa, tipo_documento,documento,nome,data_nascimento,nome_pais_origem) VALUES ('3802','PASS','000167894','Fessler','19870714','Slovakia');
INSERT INTO emprega_gravacao (id_gravacao, id_pessoa) VALUES ('10','3802');
INSERT INTO pessoa (id_pessoa, tipo_documento,documento,nome,data_nascimento,nome_pais_origem) VALUES ('3803','PASS','000321148','Fucci','19870124','Japan');
INSERT INTO emprega_gravacao (id_gravacao, id_pessoa) VALUES ('10','3803');
INSERT INTO pessoa (id_pessoa, tipo_documento,documento,nome,data_nascimento,nome_pais_origem) VALUES ('3804','PASS','000757452','Essner','19780507','Slovakia');
INSERT INTO emprega_gravacao (id_gravacao, id_pessoa) VALUES ('10','3804');
INSERT INTO equipe_de_gravacao (id_gravacao,nome_empresa) VALUES ('11','CLOGRSR');
INSERT INTO pessoa (id_pessoa, tipo_documento,documento,nome,data_nascimento,nome_pais_origem) VALUES ('3805','PASS','000743999','Gettenberg','19750203','Poland');
INSERT INTO emprega_gravacao (id_gravacao, id_pessoa) VALUES ('11','3805');
INSERT INTO pessoa (id_pessoa, tipo_documento,documento,nome,data_nascimento,nome_pais_origem) VALUES ('3806','PASS','000108338','Donnel','19731118','Brazil');
INSERT INTO emprega_gravacao (id_gravacao, id_pessoa) VALUES ('11','3806');
INSERT INTO pessoa (id_pessoa, tipo_documento,documento,nome,data_nascimento,nome_pais_origem) VALUES ('3807','PASS','000492487','Diones','19721116','Poland');
INSERT INTO emprega_gravacao (id_gravacao, id_pessoa) VALUES ('11','3807');
INSERT INTO pessoa (id_pessoa, tipo_documento,documento,nome,data_nascimento,nome_pais_origem) VALUES ('3808','PASS','000253980','Domingues','19790902','Thailand');
INSERT INTO emprega_gravacao (id_gravacao, id_pessoa) VALUES ('11','3808');
INSERT INTO pessoa (id_pessoa, tipo_documento,documento,nome,data_nascimento,nome_pais_origem) VALUES ('3809','PASS','000354972','Allscheid','19750415','Estonia');
INSERT INTO emprega_gravacao (id_gravacao, id_pessoa) VALUES ('11','3809');
INSERT INTO pessoa (id_pessoa, tipo_documento,documento,nome,data_nascimento,nome_pais_origem) VALUES ('3810','PASS','000657475','Genier','19810903','Cuba');
INSERT INTO emprega_gravacao (id_gravacao, id_pessoa) VALUES ('11','3810');
INSERT INTO pessoa (id_pessoa, tipo_documento,documento,nome,data_nascimento,nome_pais_origem) VALUES ('3811','PASS','000399051','Cordier','19840618','Bangladesh');
INSERT INTO emprega_gravacao (id_gravacao, id_pessoa) VALUES ('11','3811');
INSERT INTO pessoa (id_pessoa, tipo_documento,documento,nome,data_nascimento,nome_pais_origem) VALUES ('3812','PASS','000319282','Craveiro','19831014','Romania');
INSERT INTO emprega_gravacao (id_gravacao, id_pessoa) VALUES ('11','3812');
INSERT INTO pessoa (id_pessoa, tipo_documento,documento,nome,data_nascimento,nome_pais_origem) VALUES ('3813','PASS','000181408','Elizbeth','19780421','Norway');
INSERT INTO emprega_gravacao (id_gravacao, id_pessoa) VALUES ('11','3813');
INSERT INTO pessoa (id_pessoa, tipo_documento,documento,nome,data_nascimento,nome_pais_origem) VALUES ('3814','PASS','000505678','Camerino','19820724','Thailand');
INSERT INTO emprega_gravacao (id_gravacao, id_pessoa) VALUES ('11','3814');
INSERT INTO pessoa (id_pessoa, tipo_documento,documento,nome,data_nascimento,nome_pais_origem) VALUES ('3815','PASS','000653551','Duliba','19750212','Rica');
INSERT INTO emprega_gravacao (id_gravacao, id_pessoa) VALUES ('11','3815');
INSERT INTO pessoa (id_pessoa, tipo_documento,documento,nome,data_nascimento,nome_pais_origem) VALUES ('3816','PASS','000691456','Berdy','19700611','Turkey');
INSERT INTO emprega_gravacao (id_gravacao, id_pessoa) VALUES ('11','3816');
INSERT INTO pessoa (id_pessoa, tipo_documento,documento,nome,data_nascimento,nome_pais_origem) VALUES ('3817','PASS','000190922','Demarzio','19800609','Saudi');
INSERT INTO emprega_gravacao (id_gravacao, id_pessoa) VALUES ('11','3817');
INSERT INTO pessoa (id_pessoa, tipo_documento,documento,nome,data_nascimento,nome_pais_origem) VALUES ('3818','PASS','000623470','Aiudi','19700627','Monaco');
INSERT INTO emprega_gravacao (id_gravacao, id_pessoa) VALUES ('11','3818');
INSERT INTO pessoa (id_pessoa, tipo_documento,documento,nome,data_nascimento,nome_pais_origem) VALUES ('3819','PASS','000131915','Gimenez','19810911','Cuba');
INSERT INTO emprega_gravacao (id_gravacao, id_pessoa) VALUES ('11','3819');
INSERT INTO pessoa (id_pessoa, tipo_documento,documento,nome,data_nascimento,nome_pais_origem) VALUES ('3820','PASS','000654139','Crabill','19760925','Angola');
INSERT INTO emprega_gravacao (id_gravacao, id_pessoa) VALUES ('11','3820');
INSERT INTO pessoa (id_pessoa, tipo_documento,documento,nome,data_nascimento,nome_pais_origem) VALUES ('3821','PASS','000561714','Brys','19800101','Philippines');
INSERT INTO emprega_gravacao (id_gravacao, id_pessoa) VALUES ('11','3821');
INSERT INTO pessoa (id_pessoa, tipo_documento,documento,nome,data_nascimento,nome_pais_origem) VALUES ('3822','PASS','000380813','Beddo','19860411','Armenia');
INSERT INTO emprega_gravacao (id_gravacao, id_pessoa) VALUES ('11','3822');
INSERT INTO pessoa (id_pessoa, tipo_documento,documento,nome,data_nascimento,nome_pais_origem) VALUES ('3823','PASS','000539059','Cozadd','19790823','Germany');
INSERT INTO emprega_gravacao (id_gravacao, id_pessoa) VALUES ('11','3823');
INSERT INTO pessoa (id_pessoa, tipo_documento,documento,nome,data_nascimento,nome_pais_origem) VALUES ('3824','PASS','000213604','Floriano','19780416','Costa');
INSERT INTO emprega_gravacao (id_gravacao, id_pessoa) VALUES ('11','3824');
INSERT INTO pessoa (id_pessoa, tipo_documento,documento,nome,data_nascimento,nome_pais_origem) VALUES ('3825','PASS','000738490','Arkins','19801117','Belarus');
INSERT INTO emprega_gravacao (id_gravacao, id_pessoa) VALUES ('11','3825');
INSERT INTO pessoa (id_pessoa, tipo_documento,documento,nome,data_nascimento,nome_pais_origem) VALUES ('3826','PASS','000277566','Goelz','19780926','Nicaragua');
INSERT INTO emprega_gravacao (id_gravacao, id_pessoa) VALUES ('11','3826');
INSERT INTO pessoa (id_pessoa, tipo_documento,documento,nome,data_nascimento,nome_pais_origem) VALUES ('3827','PASS','000411478','Carrano','19741104','China');
INSERT INTO emprega_gravacao (id_gravacao, id_pessoa) VALUES ('11','3827');
INSERT INTO pessoa (id_pessoa, tipo_documento,documento,nome,data_nascimento,nome_pais_origem) VALUES ('3828','PASS','000297125','Duve','19821013','Chad');
INSERT INTO emprega_gravacao (id_gravacao, id_pessoa) VALUES ('11','3828');
INSERT INTO pessoa (id_pessoa, tipo_documento,documento,nome,data_nascimento,nome_pais_origem) VALUES ('3829','PASS','000146353','Desantos','19820924','Senegal');
INSERT INTO emprega_gravacao (id_gravacao, id_pessoa) VALUES ('11','3829');
INSERT INTO pessoa (id_pessoa, tipo_documento,documento,nome,data_nascimento,nome_pais_origem) VALUES ('3830','PASS','000152841','Bosley','19811106','Brazil');
INSERT INTO emprega_gravacao (id_gravacao, id_pessoa) VALUES ('11','3830');
INSERT INTO pessoa (id_pessoa, tipo_documento,documento,nome,data_nascimento,nome_pais_origem) VALUES ('3831','PASS','000673825','Compean','19840224','Lithuania');
INSERT INTO emprega_gravacao (id_gravacao, id_pessoa) VALUES ('11','3831');
INSERT INTO pessoa (id_pessoa, tipo_documento,documento,nome,data_nascimento,nome_pais_origem) VALUES ('3832','PASS','000340573','Chace','19881101','Japan');
INSERT INTO emprega_gravacao (id_gravacao, id_pessoa) VALUES ('11','3832');
INSERT INTO equipe_de_gravacao (id_gravacao,nome_empresa) VALUES ('12','PUYCQIT');
INSERT INTO pessoa (id_pessoa, tipo_documento,documento,nome,data_nascimento,nome_pais_origem) VALUES ('3833','PASS','000568601','Brockberg','19890723','Zealand');
INSERT INTO emprega_gravacao (id_gravacao, id_pessoa) VALUES ('12','3833');
INSERT INTO pessoa (id_pessoa, tipo_documento,documento,nome,data_nascimento,nome_pais_origem) VALUES ('3834','PASS','000127050','Greem','19841008','Sweden');
INSERT INTO emprega_gravacao (id_gravacao, id_pessoa) VALUES ('12','3834');
INSERT INTO pessoa (id_pessoa, tipo_documento,documento,nome,data_nascimento,nome_pais_origem) VALUES ('3835','PASS','000805708','Crismon','19870718','Afghanistan');
INSERT INTO emprega_gravacao (id_gravacao, id_pessoa) VALUES ('12','3835');
INSERT INTO pessoa (id_pessoa, tipo_documento,documento,nome,data_nascimento,nome_pais_origem) VALUES ('3836','PASS','000282330','Aynes','19810108','Bahrain');
INSERT INTO emprega_gravacao (id_gravacao, id_pessoa) VALUES ('12','3836');
INSERT INTO pessoa (id_pessoa, tipo_documento,documento,nome,data_nascimento,nome_pais_origem) VALUES ('3837','PASS','000647989','Abbs','19830802','Uzbekistan');
INSERT INTO emprega_gravacao (id_gravacao, id_pessoa) VALUES ('12','3837');
INSERT INTO pessoa (id_pessoa, tipo_documento,documento,nome,data_nascimento,nome_pais_origem) VALUES ('3838','PASS','000978172','Gornto','19761201','Zealand');
INSERT INTO emprega_gravacao (id_gravacao, id_pessoa) VALUES ('12','3838');
INSERT INTO pessoa (id_pessoa, tipo_documento,documento,nome,data_nascimento,nome_pais_origem) VALUES ('3839','PASS','000929887','Citarella','19880221','Hungary');
INSERT INTO emprega_gravacao (id_gravacao, id_pessoa) VALUES ('12','3839');
INSERT INTO pessoa (id_pessoa, tipo_documento,documento,nome,data_nascimento,nome_pais_origem) VALUES ('3840','PASS','000507672','Alge','19850216','Saudi');
INSERT INTO emprega_gravacao (id_gravacao, id_pessoa) VALUES ('12','3840');
INSERT INTO pessoa (id_pessoa, tipo_documento,documento,nome,data_nascimento,nome_pais_origem) VALUES ('3841','PASS','000482558','Chester','19810404','Brazil');
INSERT INTO emprega_gravacao (id_gravacao, id_pessoa) VALUES ('12','3841');
INSERT INTO pessoa (id_pessoa, tipo_documento,documento,nome,data_nascimento,nome_pais_origem) VALUES ('3842','PASS','000489817','Dokuchitz','19830712','Uzbekistan');
INSERT INTO emprega_gravacao (id_gravacao, id_pessoa) VALUES ('12','3842');
INSERT INTO pessoa (id_pessoa, tipo_documento,documento,nome,data_nascimento,nome_pais_origem) VALUES ('3843','PASS','000353474','Ermitanio','19760408','Sweden');
INSERT INTO emprega_gravacao (id_gravacao, id_pessoa) VALUES ('12','3843');
INSERT INTO pessoa (id_pessoa, tipo_documento,documento,nome,data_nascimento,nome_pais_origem) VALUES ('3844','PASS','000814784','Coplen','19801227','Syria');
INSERT INTO emprega_gravacao (id_gravacao, id_pessoa) VALUES ('12','3844');
INSERT INTO pessoa (id_pessoa, tipo_documento,documento,nome,data_nascimento,nome_pais_origem) VALUES ('3845','PASS','000585291','Grewe','19890919','Austria');
INSERT INTO emprega_gravacao (id_gravacao, id_pessoa) VALUES ('12','3845');
INSERT INTO pessoa (id_pessoa, tipo_documento,documento,nome,data_nascimento,nome_pais_origem) VALUES ('3846','PASS','000529667','Forney','19750725','Monaco');
INSERT INTO emprega_gravacao (id_gravacao, id_pessoa) VALUES ('12','3846');
INSERT INTO pessoa (id_pessoa, tipo_documento,documento,nome,data_nascimento,nome_pais_origem) VALUES ('3847','PASS','000516553','Groceman','19810714','Turkey');
INSERT INTO emprega_gravacao (id_gravacao, id_pessoa) VALUES ('12','3847');
INSERT INTO pessoa (id_pessoa, tipo_documento,documento,nome,data_nascimento,nome_pais_origem) VALUES ('3848','PASS','000814317','Findlen','19841013','Peru');
INSERT INTO emprega_gravacao (id_gravacao, id_pessoa) VALUES ('12','3848');
INSERT INTO pessoa (id_pessoa, tipo_documento,documento,nome,data_nascimento,nome_pais_origem) VALUES ('3849','PASS','000256373','Aquas','19810722','Turkey');
INSERT INTO emprega_gravacao (id_gravacao, id_pessoa) VALUES ('12','3849');
INSERT INTO pessoa (id_pessoa, tipo_documento,documento,nome,data_nascimento,nome_pais_origem) VALUES ('3850','PASS','000290607','Dellis','19740605','Mozambique');
INSERT INTO emprega_gravacao (id_gravacao, id_pessoa) VALUES ('12','3850');
INSERT INTO pessoa (id_pessoa, tipo_documento,documento,nome,data_nascimento,nome_pais_origem) VALUES ('3851','PASS','000404057','Bodin','19770615','Nepal');
INSERT INTO emprega_gravacao (id_gravacao, id_pessoa) VALUES ('12','3851');
INSERT INTO pessoa (id_pessoa, tipo_documento,documento,nome,data_nascimento,nome_pais_origem) VALUES ('3852','PASS','000457643','Fitzherbert','19871225','Costa');
INSERT INTO emprega_gravacao (id_gravacao, id_pessoa) VALUES ('12','3852');
INSERT INTO pessoa (id_pessoa, tipo_documento,documento,nome,data_nascimento,nome_pais_origem) VALUES ('3853','PASS','000122624','Bene','19820709','Iran');
INSERT INTO emprega_gravacao (id_gravacao, id_pessoa) VALUES ('12','3853');
INSERT INTO pessoa (id_pessoa, tipo_documento,documento,nome,data_nascimento,nome_pais_origem) VALUES ('3854','PASS','000395274','Dasch','19751209','Slovakia');
INSERT INTO emprega_gravacao (id_gravacao, id_pessoa) VALUES ('12','3854');
INSERT INTO pessoa (id_pessoa, tipo_documento,documento,nome,data_nascimento,nome_pais_origem) VALUES ('3855','PASS','000320377','Fairy','19750111','Lithuania');
INSERT INTO emprega_gravacao (id_gravacao, id_pessoa) VALUES ('12','3855');
INSERT INTO pessoa (id_pessoa, tipo_documento,documento,nome,data_nascimento,nome_pais_origem) VALUES ('3856','PASS','000353062','Capito','19760218','China');
INSERT INTO emprega_gravacao (id_gravacao, id_pessoa) VALUES ('12','3856');
INSERT INTO pessoa (id_pessoa, tipo_documento,documento,nome,data_nascimento,nome_pais_origem) VALUES ('3857','PASS','000706665','Bringman','19860321','New');
INSERT INTO emprega_gravacao (id_gravacao, id_pessoa) VALUES ('12','3857');
INSERT INTO pessoa (id_pessoa, tipo_documento,documento,nome,data_nascimento,nome_pais_origem) VALUES ('3858','PASS','000576021','Benton','19830226','Costa');
INSERT INTO emprega_gravacao (id_gravacao, id_pessoa) VALUES ('12','3858');
INSERT INTO pessoa (id_pessoa, tipo_documento,documento,nome,data_nascimento,nome_pais_origem) VALUES ('3859','PASS','000888636','Friedenberg','19840810','Australia');
INSERT INTO emprega_gravacao (id_gravacao, id_pessoa) VALUES ('12','3859');
INSERT INTO pessoa (id_pessoa, tipo_documento,documento,nome,data_nascimento,nome_pais_origem) VALUES ('3860','PASS','000155367','Burgin','19750719','Liechtenstein');
INSERT INTO emprega_gravacao (id_gravacao, id_pessoa) VALUES ('12','3860');
INSERT INTO pessoa (id_pessoa, tipo_documento,documento,nome,data_nascimento,nome_pais_origem) VALUES ('3861','PASS','000460312','Floer','19750401','Iraq');
INSERT INTO emprega_gravacao (id_gravacao, id_pessoa) VALUES ('12','3861');
INSERT INTO pessoa (id_pessoa, tipo_documento,documento,nome,data_nascimento,nome_pais_origem) VALUES ('3862','PASS','000923633','Glavin','19780316','Bahamas');
INSERT INTO emprega_gravacao (id_gravacao, id_pessoa) VALUES ('12','3862');
INSERT INTO equipe_de_gravacao (id_gravacao,nome_empresa) VALUES ('13','UXYVTST');
INSERT INTO pessoa (id_pessoa, tipo_documento,documento,nome,data_nascimento,nome_pais_origem) VALUES ('3863','PASS','000823245','Flewelling','19790217','Iran');
INSERT INTO emprega_gravacao (id_gravacao, id_pessoa) VALUES ('13','3863');
INSERT INTO pessoa (id_pessoa, tipo_documento,documento,nome,data_nascimento,nome_pais_origem) VALUES ('3864','PASS','000514517','Coller','19880401','Colombia');
INSERT INTO emprega_gravacao (id_gravacao, id_pessoa) VALUES ('13','3864');
INSERT INTO pessoa (id_pessoa, tipo_documento,documento,nome,data_nascimento,nome_pais_origem) VALUES ('3865','PASS','000381514','Blakeslee','19760917','Iran');
INSERT INTO emprega_gravacao (id_gravacao, id_pessoa) VALUES ('13','3865');
INSERT INTO equipe_de_gravacao (id_gravacao,nome_empresa) VALUES ('14','VQXURCN');
INSERT INTO pessoa (id_pessoa, tipo_documento,documento,nome,data_nascimento,nome_pais_origem) VALUES ('3866','PASS','000427614','Beiswenger','19771003','Iran');
INSERT INTO emprega_gravacao (id_gravacao, id_pessoa) VALUES ('14','3866');
INSERT INTO pessoa (id_pessoa, tipo_documento,documento,nome,data_nascimento,nome_pais_origem) VALUES ('3867','PASS','000651399','Barbo','19831208','Indonesia');
INSERT INTO emprega_gravacao (id_gravacao, id_pessoa) VALUES ('14','3867');
INSERT INTO pessoa (id_pessoa, tipo_documento,documento,nome,data_nascimento,nome_pais_origem) VALUES ('3868','PASS','000216120','Cardazone','19850508','Poland');
INSERT INTO emprega_gravacao (id_gravacao, id_pessoa) VALUES ('14','3868');
INSERT INTO pessoa (id_pessoa, tipo_documento,documento,nome,data_nascimento,nome_pais_origem) VALUES ('3869','PASS','000342844','Amidon','19850514','Croatia');
INSERT INTO emprega_gravacao (id_gravacao, id_pessoa) VALUES ('14','3869');
INSERT INTO pessoa (id_pessoa, tipo_documento,documento,nome,data_nascimento,nome_pais_origem) VALUES ('3870','PASS','000957052','Aretha','19770715','Turkey');
INSERT INTO emprega_gravacao (id_gravacao, id_pessoa) VALUES ('14','3870');
INSERT INTO pessoa (id_pessoa, tipo_documento,documento,nome,data_nascimento,nome_pais_origem) VALUES ('3871','PASS','000957615','Chandra','19840503','Germany');
INSERT INTO emprega_gravacao (id_gravacao, id_pessoa) VALUES ('14','3871');
INSERT INTO pessoa (id_pessoa, tipo_documento,documento,nome,data_nascimento,nome_pais_origem) VALUES ('3872','PASS','000522328','Gallager','19810911','Paraguay');
INSERT INTO emprega_gravacao (id_gravacao, id_pessoa) VALUES ('14','3872');
INSERT INTO pessoa (id_pessoa, tipo_documento,documento,nome,data_nascimento,nome_pais_origem) VALUES ('3873','PASS','000194000','Cardeiro','19870717','Indonesia');
INSERT INTO emprega_gravacao (id_gravacao, id_pessoa) VALUES ('14','3873');
INSERT INTO pessoa (id_pessoa, tipo_documento,documento,nome,data_nascimento,nome_pais_origem) VALUES ('3874','PASS','000328711','Deshong','19710221','Uzbekistan');
INSERT INTO emprega_gravacao (id_gravacao, id_pessoa) VALUES ('14','3874');
INSERT INTO pessoa (id_pessoa, tipo_documento,documento,nome,data_nascimento,nome_pais_origem) VALUES ('3875','PASS','000683957','Gendel','19760602','Belgium');
INSERT INTO emprega_gravacao (id_gravacao, id_pessoa) VALUES ('14','3875');
INSERT INTO pessoa (id_pessoa, tipo_documento,documento,nome,data_nascimento,nome_pais_origem) VALUES ('3876','PASS','000695918','Grabe','19701103','Vietnam');
INSERT INTO emprega_gravacao (id_gravacao, id_pessoa) VALUES ('14','3876');
INSERT INTO pessoa (id_pessoa, tipo_documento,documento,nome,data_nascimento,nome_pais_origem) VALUES ('3877','PASS','000640883','Gavilanes','19730910','Norway');
INSERT INTO emprega_gravacao (id_gravacao, id_pessoa) VALUES ('14','3877');
INSERT INTO pessoa (id_pessoa, tipo_documento,documento,nome,data_nascimento,nome_pais_origem) VALUES ('3878','PASS','000722458','Falor','19701215','Vietnam');
INSERT INTO emprega_gravacao (id_gravacao, id_pessoa) VALUES ('14','3878');
INSERT INTO pessoa (id_pessoa, tipo_documento,documento,nome,data_nascimento,nome_pais_origem) VALUES ('3879','PASS','000802673','Bowlick','19800902','Singapore');
INSERT INTO emprega_gravacao (id_gravacao, id_pessoa) VALUES ('14','3879');
INSERT INTO pessoa (id_pessoa, tipo_documento,documento,nome,data_nascimento,nome_pais_origem) VALUES ('3880','PASS','000586544','Chia','19880602','Costa');
INSERT INTO emprega_gravacao (id_gravacao, id_pessoa) VALUES ('14','3880');
INSERT INTO pessoa (id_pessoa, tipo_documento,documento,nome,data_nascimento,nome_pais_origem) VALUES ('3881','PASS','000291390','Goulet','19850910','Iran');
INSERT INTO emprega_gravacao (id_gravacao, id_pessoa) VALUES ('14','3881');
INSERT INTO pessoa (id_pessoa, tipo_documento,documento,nome,data_nascimento,nome_pais_origem) VALUES ('3882','PASS','000769967','Embertson','19831014','Iraq');
INSERT INTO emprega_gravacao (id_gravacao, id_pessoa) VALUES ('14','3882');
INSERT INTO pessoa (id_pessoa, tipo_documento,documento,nome,data_nascimento,nome_pais_origem) VALUES ('3883','PASS','000566041','Barredo','19880918','Luxembourg');
INSERT INTO emprega_gravacao (id_gravacao, id_pessoa) VALUES ('14','3883');
INSERT INTO pessoa (id_pessoa, tipo_documento,documento,nome,data_nascimento,nome_pais_origem) VALUES ('3884','PASS','000835330','Benya','19730426','Sweden');
INSERT INTO emprega_gravacao (id_gravacao, id_pessoa) VALUES ('14','3884');
INSERT INTO pessoa (id_pessoa, tipo_documento,documento,nome,data_nascimento,nome_pais_origem) VALUES ('3885','PASS','000132429','Batley','19871127','Zealand');
INSERT INTO emprega_gravacao (id_gravacao, id_pessoa) VALUES ('14','3885');
INSERT INTO pessoa (id_pessoa, tipo_documento,documento,nome,data_nascimento,nome_pais_origem) VALUES ('3886','PASS','000548119','Fluaitt','19841006','Romania');
INSERT INTO emprega_gravacao (id_gravacao, id_pessoa) VALUES ('14','3886');
INSERT INTO pessoa (id_pessoa, tipo_documento,documento,nome,data_nascimento,nome_pais_origem) VALUES ('3887','PASS','000478381','Draffen','19841019','Argentina');
INSERT INTO emprega_gravacao (id_gravacao, id_pessoa) VALUES ('14','3887');
INSERT INTO pessoa (id_pessoa, tipo_documento,documento,nome,data_nascimento,nome_pais_origem) VALUES ('3888','PASS','000200288','Cossette','19780813','Mozambique');
INSERT INTO emprega_gravacao (id_gravacao, id_pessoa) VALUES ('14','3888');
INSERT INTO pessoa (id_pessoa, tipo_documento,documento,nome,data_nascimento,nome_pais_origem) VALUES ('3889','PASS','000456558','Abdelmuti','19730826','Monaco');
INSERT INTO emprega_gravacao (id_gravacao, id_pessoa) VALUES ('14','3889');
INSERT INTO pessoa (id_pessoa, tipo_documento,documento,nome,data_nascimento,nome_pais_origem) VALUES ('3890','PASS','000611871','Everitt','19891219','Mexico');
INSERT INTO emprega_gravacao (id_gravacao, id_pessoa) VALUES ('14','3890');
INSERT INTO pessoa (id_pessoa, tipo_documento,documento,nome,data_nascimento,nome_pais_origem) VALUES ('3891','PASS','000413271','Goodard','19850416','Estonia');
INSERT INTO emprega_gravacao (id_gravacao, id_pessoa) VALUES ('14','3891');
INSERT INTO pessoa (id_pessoa, tipo_documento,documento,nome,data_nascimento,nome_pais_origem) VALUES ('3892','PASS','000844085','Extine','19830125','France');
INSERT INTO emprega_gravacao (id_gravacao, id_pessoa) VALUES ('14','3892');
INSERT INTO pessoa (id_pessoa, tipo_documento,documento,nome,data_nascimento,nome_pais_origem) VALUES ('3893','PASS','000677777','Fletcher','19820125','Rica');
INSERT INTO emprega_gravacao (id_gravacao, id_pessoa) VALUES ('14','3893');
INSERT INTO pessoa (id_pessoa, tipo_documento,documento,nome,data_nascimento,nome_pais_origem) VALUES ('3894','PASS','000313681','Carlie','19750608','Peru');
INSERT INTO emprega_gravacao (id_gravacao, id_pessoa) VALUES ('14','3894');
INSERT INTO equipe_de_gravacao (id_gravacao,nome_empresa) VALUES ('15','ZOUZFOC');
INSERT INTO pessoa (id_pessoa, tipo_documento,documento,nome,data_nascimento,nome_pais_origem) VALUES ('3895','PASS','000436192','Degasparre','19781102','Saudi');
INSERT INTO emprega_gravacao (id_gravacao, id_pessoa) VALUES ('15','3895');
INSERT INTO pessoa (id_pessoa, tipo_documento,documento,nome,data_nascimento,nome_pais_origem) VALUES ('3896','PASS','000811399','Carns','19781211','Uzbekistan');
INSERT INTO emprega_gravacao (id_gravacao, id_pessoa) VALUES ('15','3896');
INSERT INTO pessoa (id_pessoa, tipo_documento,documento,nome,data_nascimento,nome_pais_origem) VALUES ('3897','PASS','000421053','Gehron','19810118','Austria');
INSERT INTO emprega_gravacao (id_gravacao, id_pessoa) VALUES ('15','3897');
INSERT INTO pessoa (id_pessoa, tipo_documento,documento,nome,data_nascimento,nome_pais_origem) VALUES ('3898','PASS','000681429','Drumgoole','19810223','Australia');
INSERT INTO emprega_gravacao (id_gravacao, id_pessoa) VALUES ('15','3898');
INSERT INTO pessoa (id_pessoa, tipo_documento,documento,nome,data_nascimento,nome_pais_origem) VALUES ('3899','PASS','000523175','Attwood','19770621','Thailand');
INSERT INTO emprega_gravacao (id_gravacao, id_pessoa) VALUES ('15','3899');
INSERT INTO pessoa (id_pessoa, tipo_documento,documento,nome,data_nascimento,nome_pais_origem) VALUES ('3900','PASS','000524025','Akright','19820201','Chad');
INSERT INTO emprega_gravacao (id_gravacao, id_pessoa) VALUES ('15','3900');
INSERT INTO pessoa (id_pessoa, tipo_documento,documento,nome,data_nascimento,nome_pais_origem) VALUES ('3901','PASS','000663795','Ealy','19760602','Liechtenstein');
INSERT INTO emprega_gravacao (id_gravacao, id_pessoa) VALUES ('15','3901');
INSERT INTO pessoa (id_pessoa, tipo_documento,documento,nome,data_nascimento,nome_pais_origem) VALUES ('3902','PASS','000172581','Finklea','19760918','China');
INSERT INTO emprega_gravacao (id_gravacao, id_pessoa) VALUES ('15','3902');
INSERT INTO pessoa (id_pessoa, tipo_documento,documento,nome,data_nascimento,nome_pais_origem) VALUES ('3903','PASS','000584660','Butta','19770827','Saudi');
INSERT INTO emprega_gravacao (id_gravacao, id_pessoa) VALUES ('15','3903');
INSERT INTO pessoa (id_pessoa, tipo_documento,documento,nome,data_nascimento,nome_pais_origem) VALUES ('3904','PASS','000687820','Golds','19750619','Italy');
INSERT INTO emprega_gravacao (id_gravacao, id_pessoa) VALUES ('15','3904');
INSERT INTO pessoa (id_pessoa, tipo_documento,documento,nome,data_nascimento,nome_pais_origem) VALUES ('3905','PASS','000563467','Elderkin','19861219','Australia');
INSERT INTO emprega_gravacao (id_gravacao, id_pessoa) VALUES ('15','3905');
INSERT INTO pessoa (id_pessoa, tipo_documento,documento,nome,data_nascimento,nome_pais_origem) VALUES ('3906','PASS','000373877','Bagg','19830907','Monaco');
INSERT INTO emprega_gravacao (id_gravacao, id_pessoa) VALUES ('15','3906');
INSERT INTO pessoa (id_pessoa, tipo_documento,documento,nome,data_nascimento,nome_pais_origem) VALUES ('3907','PASS','000650445','Dregrich','19840326','Poland');
INSERT INTO emprega_gravacao (id_gravacao, id_pessoa) VALUES ('15','3907');
INSERT INTO pessoa (id_pessoa, tipo_documento,documento,nome,data_nascimento,nome_pais_origem) VALUES ('3908','PASS','000709957','Capilla','19830527','Belarus');
INSERT INTO emprega_gravacao (id_gravacao, id_pessoa) VALUES ('15','3908');
INSERT INTO pessoa (id_pessoa, tipo_documento,documento,nome,data_nascimento,nome_pais_origem) VALUES ('3909','PASS','000585892','Borgerding','19831026','Philippines');
INSERT INTO emprega_gravacao (id_gravacao, id_pessoa) VALUES ('15','3909');
INSERT INTO pessoa (id_pessoa, tipo_documento,documento,nome,data_nascimento,nome_pais_origem) VALUES ('3910','PASS','000396641','Emberger','19750717','Mexico');
INSERT INTO emprega_gravacao (id_gravacao, id_pessoa) VALUES ('15','3910');
INSERT INTO pessoa (id_pessoa, tipo_documento,documento,nome,data_nascimento,nome_pais_origem) VALUES ('3911','PASS','000419782','Gemmen','19720706','Slovakia');
INSERT INTO emprega_gravacao (id_gravacao, id_pessoa) VALUES ('15','3911');
INSERT INTO pessoa (id_pessoa, tipo_documento,documento,nome,data_nascimento,nome_pais_origem) VALUES ('3912','PASS','000449467','Crieghton','19880615','Paraguay');
INSERT INTO emprega_gravacao (id_gravacao, id_pessoa) VALUES ('15','3912');
INSERT INTO pessoa (id_pessoa, tipo_documento,documento,nome,data_nascimento,nome_pais_origem) VALUES ('3913','PASS','000287890','Goyal','19801204','Mozambique');
INSERT INTO emprega_gravacao (id_gravacao, id_pessoa) VALUES ('15','3913');
INSERT INTO pessoa (id_pessoa, tipo_documento,documento,nome,data_nascimento,nome_pais_origem) VALUES ('3914','PASS','000351561','Brodes','19881027','Belarus');
INSERT INTO emprega_gravacao (id_gravacao, id_pessoa) VALUES ('15','3914');
INSERT INTO equipe_de_gravacao (id_gravacao,nome_empresa) VALUES ('16','TLCULUI');
INSERT INTO pessoa (id_pessoa, tipo_documento,documento,nome,data_nascimento,nome_pais_origem) VALUES ('3915','PASS','000243058','Arney','19810505','Zealand');
INSERT INTO emprega_gravacao (id_gravacao, id_pessoa) VALUES ('16','3915');
INSERT INTO pessoa (id_pessoa, tipo_documento,documento,nome,data_nascimento,nome_pais_origem) VALUES ('3916','PASS','000192694','Casamento','19840206','Colombia');
INSERT INTO emprega_gravacao (id_gravacao, id_pessoa) VALUES ('16','3916');
INSERT INTO pessoa (id_pessoa, tipo_documento,documento,nome,data_nascimento,nome_pais_origem) VALUES ('3917','PASS','000868895','Elfriede','19890111','Lithuania');
INSERT INTO emprega_gravacao (id_gravacao, id_pessoa) VALUES ('16','3917');
INSERT INTO pessoa (id_pessoa, tipo_documento,documento,nome,data_nascimento,nome_pais_origem) VALUES ('3918','PASS','000152068','Baucom','19810304','Liechtenstein');
INSERT INTO emprega_gravacao (id_gravacao, id_pessoa) VALUES ('16','3918');
INSERT INTO pessoa (id_pessoa, tipo_documento,documento,nome,data_nascimento,nome_pais_origem) VALUES ('3919','PASS','000855849','Engeman','19880220','Luxembourg');
INSERT INTO emprega_gravacao (id_gravacao, id_pessoa) VALUES ('16','3919');
INSERT INTO pessoa (id_pessoa, tipo_documento,documento,nome,data_nascimento,nome_pais_origem) VALUES ('3920','PASS','000210471','Greenaway','19800214','Arabia');
INSERT INTO emprega_gravacao (id_gravacao, id_pessoa) VALUES ('16','3920');
INSERT INTO pessoa (id_pessoa, tipo_documento,documento,nome,data_nascimento,nome_pais_origem) VALUES ('3921','PASS','000447472','Cornette','19720417','Estonia');
INSERT INTO emprega_gravacao (id_gravacao, id_pessoa) VALUES ('16','3921');
INSERT INTO pessoa (id_pessoa, tipo_documento,documento,nome,data_nascimento,nome_pais_origem) VALUES ('3922','PASS','000301883','Cashio','19701013','Denmark');
INSERT INTO emprega_gravacao (id_gravacao, id_pessoa) VALUES ('16','3922');
INSERT INTO pessoa (id_pessoa, tipo_documento,documento,nome,data_nascimento,nome_pais_origem) VALUES ('3923','PASS','000976956','Freguson','19771121','Algeria');
INSERT INTO emprega_gravacao (id_gravacao, id_pessoa) VALUES ('16','3923');
INSERT INTO pessoa (id_pessoa, tipo_documento,documento,nome,data_nascimento,nome_pais_origem) VALUES ('3924','PASS','000229353','Catozzi','19870502','Saudi');
INSERT INTO emprega_gravacao (id_gravacao, id_pessoa) VALUES ('16','3924');
INSERT INTO pessoa (id_pessoa, tipo_documento,documento,nome,data_nascimento,nome_pais_origem) VALUES ('3925','PASS','000912815','Contrera','19760719','Iran');
INSERT INTO emprega_gravacao (id_gravacao, id_pessoa) VALUES ('16','3925');
INSERT INTO pessoa (id_pessoa, tipo_documento,documento,nome,data_nascimento,nome_pais_origem) VALUES ('3926','PASS','000658936','Baley','19861208','Thailand');
INSERT INTO emprega_gravacao (id_gravacao, id_pessoa) VALUES ('16','3926');
INSERT INTO pessoa (id_pessoa, tipo_documento,documento,nome,data_nascimento,nome_pais_origem) VALUES ('3927','PASS','000609919','Daubendiek','19840906','Croatia');
INSERT INTO emprega_gravacao (id_gravacao, id_pessoa) VALUES ('16','3927');
INSERT INTO pessoa (id_pessoa, tipo_documento,documento,nome,data_nascimento,nome_pais_origem) VALUES ('3928','PASS','000274888','Bunck','19890410','India');
INSERT INTO emprega_gravacao (id_gravacao, id_pessoa) VALUES ('16','3928');
INSERT INTO pessoa (id_pessoa, tipo_documento,documento,nome,data_nascimento,nome_pais_origem) VALUES ('3929','PASS','000398088','Falci','19711119','Mozambique');
INSERT INTO emprega_gravacao (id_gravacao, id_pessoa) VALUES ('16','3929');
INSERT INTO pessoa (id_pessoa, tipo_documento,documento,nome,data_nascimento,nome_pais_origem) VALUES ('3930','PASS','000590963','Durkes','19830412','Uruguay');
INSERT INTO emprega_gravacao (id_gravacao, id_pessoa) VALUES ('16','3930');
INSERT INTO pessoa (id_pessoa, tipo_documento,documento,nome,data_nascimento,nome_pais_origem) VALUES ('3931','PASS','000137453','Giammona','19890504','Hungary');
INSERT INTO emprega_gravacao (id_gravacao, id_pessoa) VALUES ('16','3931');
INSERT INTO pessoa (id_pessoa, tipo_documento,documento,nome,data_nascimento,nome_pais_origem) VALUES ('3932','PASS','000333369','Auprey','19730907','Finland');
INSERT INTO emprega_gravacao (id_gravacao, id_pessoa) VALUES ('16','3932');
INSERT INTO pessoa (id_pessoa, tipo_documento,documento,nome,data_nascimento,nome_pais_origem) VALUES ('3933','PASS','000880655','Figueiredo','19831117','Netherlands');
INSERT INTO emprega_gravacao (id_gravacao, id_pessoa) VALUES ('16','3933');
INSERT INTO equipe_de_gravacao (id_gravacao,nome_empresa) VALUES ('17','BDSPRDL');
INSERT INTO pessoa (id_pessoa, tipo_documento,documento,nome,data_nascimento,nome_pais_origem) VALUES ('3934','PASS','000719110','Coit','19830120','Armenia');
INSERT INTO emprega_gravacao (id_gravacao, id_pessoa) VALUES ('17','3934');
INSERT INTO pessoa (id_pessoa, tipo_documento,documento,nome,data_nascimento,nome_pais_origem) VALUES ('3935','PASS','000487995','Agueda','19800627','Thailand');
INSERT INTO emprega_gravacao (id_gravacao, id_pessoa) VALUES ('17','3935');
INSERT INTO pessoa (id_pessoa, tipo_documento,documento,nome,data_nascimento,nome_pais_origem) VALUES ('3936','PASS','000153344','Gravino','19840911','Costa');
INSERT INTO emprega_gravacao (id_gravacao, id_pessoa) VALUES ('17','3936');
INSERT INTO pessoa (id_pessoa, tipo_documento,documento,nome,data_nascimento,nome_pais_origem) VALUES ('3937','PASS','000730730','Chrabaszcz','19841125','Norway');
INSERT INTO emprega_gravacao (id_gravacao, id_pessoa) VALUES ('17','3937');
INSERT INTO pessoa (id_pessoa, tipo_documento,documento,nome,data_nascimento,nome_pais_origem) VALUES ('3938','PASS','000745870','Botting','19771103','Estonia');
INSERT INTO emprega_gravacao (id_gravacao, id_pessoa) VALUES ('17','3938');
INSERT INTO pessoa (id_pessoa, tipo_documento,documento,nome,data_nascimento,nome_pais_origem) VALUES ('3939','PASS','000997971','Deale','19801201','Netherlands');
INSERT INTO emprega_gravacao (id_gravacao, id_pessoa) VALUES ('17','3939');
INSERT INTO pessoa (id_pessoa, tipo_documento,documento,nome,data_nascimento,nome_pais_origem) VALUES ('3940','PASS','000222120','Cantella','19840101','Bulgaria');
INSERT INTO emprega_gravacao (id_gravacao, id_pessoa) VALUES ('17','3940');
INSERT INTO pessoa (id_pessoa, tipo_documento,documento,nome,data_nascimento,nome_pais_origem) VALUES ('3941','PASS','000216360','Allie','19710812','Cuba');
INSERT INTO emprega_gravacao (id_gravacao, id_pessoa) VALUES ('17','3941');
INSERT INTO pessoa (id_pessoa, tipo_documento,documento,nome,data_nascimento,nome_pais_origem) VALUES ('3942','PASS','000332794','Brusco','19750518','Mozambique');
INSERT INTO emprega_gravacao (id_gravacao, id_pessoa) VALUES ('17','3942');
INSERT INTO pessoa (id_pessoa, tipo_documento,documento,nome,data_nascimento,nome_pais_origem) VALUES ('3943','PASS','000929366','Balboni','19701103','Italy');
INSERT INTO emprega_gravacao (id_gravacao, id_pessoa) VALUES ('17','3943');
INSERT INTO pessoa (id_pessoa, tipo_documento,documento,nome,data_nascimento,nome_pais_origem) VALUES ('3944','PASS','000233073','Fairhurst','19860906','China');
INSERT INTO emprega_gravacao (id_gravacao, id_pessoa) VALUES ('17','3944');
INSERT INTO pessoa (id_pessoa, tipo_documento,documento,nome,data_nascimento,nome_pais_origem) VALUES ('3945','PASS','000535955','Frisina','19700308','Cuba');
INSERT INTO emprega_gravacao (id_gravacao, id_pessoa) VALUES ('17','3945');
INSERT INTO pessoa (id_pessoa, tipo_documento,documento,nome,data_nascimento,nome_pais_origem) VALUES ('3946','PASS','000968144','Amigo','19821107','Estonia');
INSERT INTO emprega_gravacao (id_gravacao, id_pessoa) VALUES ('17','3946');
INSERT INTO pessoa (id_pessoa, tipo_documento,documento,nome,data_nascimento,nome_pais_origem) VALUES ('3947','PASS','000898690','Capdeville','19711226','Brazil');
INSERT INTO emprega_gravacao (id_gravacao, id_pessoa) VALUES ('17','3947');
INSERT INTO pessoa (id_pessoa, tipo_documento,documento,nome,data_nascimento,nome_pais_origem) VALUES ('3948','PASS','000943424','Abbassi','19810825','Thailand');
INSERT INTO emprega_gravacao (id_gravacao, id_pessoa) VALUES ('17','3948');
INSERT INTO pessoa (id_pessoa, tipo_documento,documento,nome,data_nascimento,nome_pais_origem) VALUES ('3949','PASS','000504159','Gemmill','19840417','Uzbekistan');
INSERT INTO emprega_gravacao (id_gravacao, id_pessoa) VALUES ('17','3949');
INSERT INTO pessoa (id_pessoa, tipo_documento,documento,nome,data_nascimento,nome_pais_origem) VALUES ('3950','PASS','000879135','Bergeson','19760426','Spain');
INSERT INTO emprega_gravacao (id_gravacao, id_pessoa) VALUES ('17','3950');
INSERT INTO pessoa (id_pessoa, tipo_documento,documento,nome,data_nascimento,nome_pais_origem) VALUES ('3951','PASS','000589148','Bourgon','19860319','India');
INSERT INTO emprega_gravacao (id_gravacao, id_pessoa) VALUES ('17','3951');
INSERT INTO pessoa (id_pessoa, tipo_documento,documento,nome,data_nascimento,nome_pais_origem) VALUES ('3952','PASS','000149776','Frary','19731007','Senegal');
INSERT INTO emprega_gravacao (id_gravacao, id_pessoa) VALUES ('17','3952');
INSERT INTO pessoa (id_pessoa, tipo_documento,documento,nome,data_nascimento,nome_pais_origem) VALUES ('3953','PASS','000960750','Elsmore','19780318','China');
INSERT INTO emprega_gravacao (id_gravacao, id_pessoa) VALUES ('17','3953');
INSERT INTO pessoa (id_pessoa, tipo_documento,documento,nome,data_nascimento,nome_pais_origem) VALUES ('3954','PASS','000117471','Bartos','19711215','Croatia');
INSERT INTO emprega_gravacao (id_gravacao, id_pessoa) VALUES ('17','3954');
INSERT INTO pessoa (id_pessoa, tipo_documento,documento,nome,data_nascimento,nome_pais_origem) VALUES ('3955','PASS','000692515','Batalla','19750326','Cuba');
INSERT INTO emprega_gravacao (id_gravacao, id_pessoa) VALUES ('17','3955');
INSERT INTO pessoa (id_pessoa, tipo_documento,documento,nome,data_nascimento,nome_pais_origem) VALUES ('3956','PASS','000649321','Eskind','19860417','Syria');
INSERT INTO emprega_gravacao (id_gravacao, id_pessoa) VALUES ('17','3956');
INSERT INTO pessoa (id_pessoa, tipo_documento,documento,nome,data_nascimento,nome_pais_origem) VALUES ('3957','PASS','000898885','Floros','19891224','Germany');
INSERT INTO emprega_gravacao (id_gravacao, id_pessoa) VALUES ('17','3957');
INSERT INTO pessoa (id_pessoa, tipo_documento,documento,nome,data_nascimento,nome_pais_origem) VALUES ('3958','PASS','000977800','Byse','19830201','Afghanistan');
INSERT INTO emprega_gravacao (id_gravacao, id_pessoa) VALUES ('17','3958');
INSERT INTO pessoa (id_pessoa, tipo_documento,documento,nome,data_nascimento,nome_pais_origem) VALUES ('3959','PASS','000965279','Bosefski','19811113','Switzerland');
INSERT INTO emprega_gravacao (id_gravacao, id_pessoa) VALUES ('17','3959');
INSERT INTO equipe_de_gravacao (id_gravacao,nome_empresa) VALUES ('18','SRQDHJV');
INSERT INTO pessoa (id_pessoa, tipo_documento,documento,nome,data_nascimento,nome_pais_origem) VALUES ('3960','PASS','000351560','Grunert','19810509','Egypt');
INSERT INTO emprega_gravacao (id_gravacao, id_pessoa) VALUES ('18','3960');
INSERT INTO pessoa (id_pessoa, tipo_documento,documento,nome,data_nascimento,nome_pais_origem) VALUES ('3961','PASS','000114515','Bonetti','19701219','Romania');
INSERT INTO emprega_gravacao (id_gravacao, id_pessoa) VALUES ('18','3961');
INSERT INTO pessoa (id_pessoa, tipo_documento,documento,nome,data_nascimento,nome_pais_origem) VALUES ('3962','PASS','000500909','Canes','19750316','Serbia');
INSERT INTO emprega_gravacao (id_gravacao, id_pessoa) VALUES ('18','3962');
INSERT INTO pessoa (id_pessoa, tipo_documento,documento,nome,data_nascimento,nome_pais_origem) VALUES ('3963','PASS','000886098','Danoski','19771006','France');
INSERT INTO emprega_gravacao (id_gravacao, id_pessoa) VALUES ('18','3963');
INSERT INTO pessoa (id_pessoa, tipo_documento,documento,nome,data_nascimento,nome_pais_origem) VALUES ('3964','PASS','000723913','Cestero','19830917','Mongolia');
INSERT INTO emprega_gravacao (id_gravacao, id_pessoa) VALUES ('18','3964');
INSERT INTO pessoa (id_pessoa, tipo_documento,documento,nome,data_nascimento,nome_pais_origem) VALUES ('3965','PASS','000580120','Bimler','19700311','Uruguay');
INSERT INTO emprega_gravacao (id_gravacao, id_pessoa) VALUES ('18','3965');
INSERT INTO pessoa (id_pessoa, tipo_documento,documento,nome,data_nascimento,nome_pais_origem) VALUES ('3966','PASS','000715166','Dates','19721116','Algeria');
INSERT INTO emprega_gravacao (id_gravacao, id_pessoa) VALUES ('18','3966');
INSERT INTO pessoa (id_pessoa, tipo_documento,documento,nome,data_nascimento,nome_pais_origem) VALUES ('3967','PASS','000906956','Cowder','19730924','Italy');
INSERT INTO emprega_gravacao (id_gravacao, id_pessoa) VALUES ('18','3967');
INSERT INTO pessoa (id_pessoa, tipo_documento,documento,nome,data_nascimento,nome_pais_origem) VALUES ('3968','PASS','000669422','Brossmann','19751106','Philippines');
INSERT INTO emprega_gravacao (id_gravacao, id_pessoa) VALUES ('18','3968');
INSERT INTO pessoa (id_pessoa, tipo_documento,documento,nome,data_nascimento,nome_pais_origem) VALUES ('3969','PASS','000451354','Gioe','19830627','Bahrain');
INSERT INTO emprega_gravacao (id_gravacao, id_pessoa) VALUES ('18','3969');
INSERT INTO pessoa (id_pessoa, tipo_documento,documento,nome,data_nascimento,nome_pais_origem) VALUES ('3970','PASS','000467631','Boniface','19851212','Australia');
INSERT INTO emprega_gravacao (id_gravacao, id_pessoa) VALUES ('18','3970');
INSERT INTO pessoa (id_pessoa, tipo_documento,documento,nome,data_nascimento,nome_pais_origem) VALUES ('3971','PASS','000497243','Berdy','19791107','Denmark');
INSERT INTO emprega_gravacao (id_gravacao, id_pessoa) VALUES ('18','3971');
INSERT INTO pessoa (id_pessoa, tipo_documento,documento,nome,data_nascimento,nome_pais_origem) VALUES ('3972','PASS','000644455','Bleau','19730312','Slovakia');
INSERT INTO emprega_gravacao (id_gravacao, id_pessoa) VALUES ('18','3972');
INSERT INTO pessoa (id_pessoa, tipo_documento,documento,nome,data_nascimento,nome_pais_origem) VALUES ('3973','PASS','000680442','Fote','19881014','Slovakia');
INSERT INTO emprega_gravacao (id_gravacao, id_pessoa) VALUES ('18','3973');
INSERT INTO pessoa (id_pessoa, tipo_documento,documento,nome,data_nascimento,nome_pais_origem) VALUES ('3974','PASS','000684090','Ehmke','19740717','Cuba');
INSERT INTO emprega_gravacao (id_gravacao, id_pessoa) VALUES ('18','3974');
INSERT INTO pessoa (id_pessoa, tipo_documento,documento,nome,data_nascimento,nome_pais_origem) VALUES ('3975','PASS','000342800','Batala','19750220','Slovakia');
INSERT INTO emprega_gravacao (id_gravacao, id_pessoa) VALUES ('18','3975');
INSERT INTO pessoa (id_pessoa, tipo_documento,documento,nome,data_nascimento,nome_pais_origem) VALUES ('3976','PASS','000948029','Biddleman','19770120','Portugal');
INSERT INTO emprega_gravacao (id_gravacao, id_pessoa) VALUES ('18','3976');
INSERT INTO pessoa (id_pessoa, tipo_documento,documento,nome,data_nascimento,nome_pais_origem) VALUES ('3977','PASS','000905606','Gaeddert','19831014','Spain');
INSERT INTO emprega_gravacao (id_gravacao, id_pessoa) VALUES ('18','3977');
INSERT INTO pessoa (id_pessoa, tipo_documento,documento,nome,data_nascimento,nome_pais_origem) VALUES ('3978','PASS','000462764','Birenbaum','19721125','Nepal');
INSERT INTO emprega_gravacao (id_gravacao, id_pessoa) VALUES ('18','3978');
INSERT INTO pessoa (id_pessoa, tipo_documento,documento,nome,data_nascimento,nome_pais_origem) VALUES ('3979','PASS','000874028','Biggers','19710526','Slovakia');
INSERT INTO emprega_gravacao (id_gravacao, id_pessoa) VALUES ('18','3979');
INSERT INTO pessoa (id_pessoa, tipo_documento,documento,nome,data_nascimento,nome_pais_origem) VALUES ('3980','PASS','000350748','Ashe','19730223','Saudi');
INSERT INTO emprega_gravacao (id_gravacao, id_pessoa) VALUES ('18','3980');
INSERT INTO pessoa (id_pessoa, tipo_documento,documento,nome,data_nascimento,nome_pais_origem) VALUES ('3981','PASS','000242063','Burnstein','19741206','Morocco');
INSERT INTO emprega_gravacao (id_gravacao, id_pessoa) VALUES ('18','3981');
INSERT INTO pessoa (id_pessoa, tipo_documento,documento,nome,data_nascimento,nome_pais_origem) VALUES ('3982','PASS','000763928','Depree','19720512','Norway');
INSERT INTO emprega_gravacao (id_gravacao, id_pessoa) VALUES ('18','3982');
INSERT INTO pessoa (id_pessoa, tipo_documento,documento,nome,data_nascimento,nome_pais_origem) VALUES ('3983','PASS','000885593','Gauss','19741108','Japan');
INSERT INTO emprega_gravacao (id_gravacao, id_pessoa) VALUES ('18','3983');
INSERT INTO equipe_de_gravacao (id_gravacao,nome_empresa) VALUES ('19','SLSLTKI');
INSERT INTO pessoa (id_pessoa, tipo_documento,documento,nome,data_nascimento,nome_pais_origem) VALUES ('3984','PASS','000934206','Cambel','19830926','Barbados');
INSERT INTO emprega_gravacao (id_gravacao, id_pessoa) VALUES ('19','3984');
INSERT INTO equipe_de_gravacao (id_gravacao,nome_empresa) VALUES ('20','OYIEZXB');
INSERT INTO pessoa (id_pessoa, tipo_documento,documento,nome,data_nascimento,nome_pais_origem) VALUES ('3985','PASS','000873222','Betenson','19720709','Armenia');
INSERT INTO emprega_gravacao (id_gravacao, id_pessoa) VALUES ('20','3985');
INSERT INTO pessoa (id_pessoa, tipo_documento,documento,nome,data_nascimento,nome_pais_origem) VALUES ('3986','PASS','000599632','Confalone','19790708','Barbados');
INSERT INTO emprega_gravacao (id_gravacao, id_pessoa) VALUES ('20','3986');
INSERT INTO pessoa (id_pessoa, tipo_documento,documento,nome,data_nascimento,nome_pais_origem) VALUES ('3987','PASS','000308792','Daylong','19780320','Belarus');
INSERT INTO emprega_gravacao (id_gravacao, id_pessoa) VALUES ('20','3987');
INSERT INTO pessoa (id_pessoa, tipo_documento,documento,nome,data_nascimento,nome_pais_origem) VALUES ('3988','PASS','000404409','Chelette','19790712','Bangladesh');
INSERT INTO emprega_gravacao (id_gravacao, id_pessoa) VALUES ('20','3988');
INSERT INTO pessoa (id_pessoa, tipo_documento,documento,nome,data_nascimento,nome_pais_origem) VALUES ('3989','PASS','000832634','Brickell','19890214','New');
INSERT INTO emprega_gravacao (id_gravacao, id_pessoa) VALUES ('20','3989');
INSERT INTO pessoa (id_pessoa, tipo_documento,documento,nome,data_nascimento,nome_pais_origem) VALUES ('3990','PASS','000967299','Cruthird','19751101','Bahamas');
INSERT INTO emprega_gravacao (id_gravacao, id_pessoa) VALUES ('20','3990');
INSERT INTO pessoa (id_pessoa, tipo_documento,documento,nome,data_nascimento,nome_pais_origem) VALUES ('3991','PASS','000632465','Bartoletti','19700121','Netherlands');
INSERT INTO emprega_gravacao (id_gravacao, id_pessoa) VALUES ('20','3991');
INSERT INTO pessoa (id_pessoa, tipo_documento,documento,nome,data_nascimento,nome_pais_origem) VALUES ('3992','PASS','000872596','Breman','19761026','Arabia');
INSERT INTO emprega_gravacao (id_gravacao, id_pessoa) VALUES ('20','3992');
INSERT INTO pessoa (id_pessoa, tipo_documento,documento,nome,data_nascimento,nome_pais_origem) VALUES ('3993','PASS','000124035','Byles','19850626','Iran');
INSERT INTO emprega_gravacao (id_gravacao, id_pessoa) VALUES ('20','3993');
INSERT INTO pessoa (id_pessoa, tipo_documento,documento,nome,data_nascimento,nome_pais_origem) VALUES ('3994','PASS','000840595','Amo','19850801','Nepal');
INSERT INTO emprega_gravacao (id_gravacao, id_pessoa) VALUES ('20','3994');
INSERT INTO pessoa (id_pessoa, tipo_documento,documento,nome,data_nascimento,nome_pais_origem) VALUES ('3995','PASS','000443219','Fluck','19810125','Senegal');
INSERT INTO emprega_gravacao (id_gravacao, id_pessoa) VALUES ('20','3995');
INSERT INTO pessoa (id_pessoa, tipo_documento,documento,nome,data_nascimento,nome_pais_origem) VALUES ('3996','PASS','000309166','Brummel','19800208','Angola');
INSERT INTO emprega_gravacao (id_gravacao, id_pessoa) VALUES ('20','3996');
INSERT INTO pessoa (id_pessoa, tipo_documento,documento,nome,data_nascimento,nome_pais_origem) VALUES ('3997','PASS','000370554','Bacote','19760719','Peru');
INSERT INTO emprega_gravacao (id_gravacao, id_pessoa) VALUES ('20','3997');
INSERT INTO pessoa (id_pessoa, tipo_documento,documento,nome,data_nascimento,nome_pais_origem) VALUES ('3998','PASS','000305038','Grazyna','19870913','Georgia');
INSERT INTO emprega_gravacao (id_gravacao, id_pessoa) VALUES ('20','3998');
INSERT INTO pessoa (id_pessoa, tipo_documento,documento,nome,data_nascimento,nome_pais_origem) VALUES ('3999','PASS','000225507','Andalora','19860523','Romania');
INSERT INTO emprega_gravacao (id_gravacao, id_pessoa) VALUES ('20','3999');
INSERT INTO pessoa (id_pessoa, tipo_documento,documento,nome,data_nascimento,nome_pais_origem) VALUES ('4000','PASS','000995129','Alisa','19740824','Estonia');
INSERT INTO emprega_gravacao (id_gravacao, id_pessoa) VALUES ('20','4000');
INSERT INTO pessoa (id_pessoa, tipo_documento,documento,nome,data_nascimento,nome_pais_origem) VALUES ('4001','PASS','000290976','Cellupica','19760818','Brazil');
INSERT INTO emprega_gravacao (id_gravacao, id_pessoa) VALUES ('20','4001');
INSERT INTO equipe_de_gravacao (id_gravacao,nome_empresa) VALUES ('21','FJYLHJJ');
INSERT INTO pessoa (id_pessoa, tipo_documento,documento,nome,data_nascimento,nome_pais_origem) VALUES ('4002','PASS','000387637','Grey','19850210','Poland');
INSERT INTO emprega_gravacao (id_gravacao, id_pessoa) VALUES ('21','4002');
INSERT INTO equipe_de_gravacao (id_gravacao,nome_empresa) VALUES ('22','XXBNCNA');
INSERT INTO pessoa (id_pessoa, tipo_documento,documento,nome,data_nascimento,nome_pais_origem) VALUES ('4003','PASS','000703504','Cantarella','19811007','Bulgaria');
INSERT INTO emprega_gravacao (id_gravacao, id_pessoa) VALUES ('22','4003');
INSERT INTO pessoa (id_pessoa, tipo_documento,documento,nome,data_nascimento,nome_pais_origem) VALUES ('4004','PASS','000959935','Busman','19880210','Bulgaria');
INSERT INTO emprega_gravacao (id_gravacao, id_pessoa) VALUES ('22','4004');
INSERT INTO pessoa (id_pessoa, tipo_documento,documento,nome,data_nascimento,nome_pais_origem) VALUES ('4005','PASS','000375149','Forrer','19720512','Monaco');
INSERT INTO emprega_gravacao (id_gravacao, id_pessoa) VALUES ('22','4005');
INSERT INTO pessoa (id_pessoa, tipo_documento,documento,nome,data_nascimento,nome_pais_origem) VALUES ('4006','PASS','000558184','Ehrlich','19881104','Brazil');
INSERT INTO emprega_gravacao (id_gravacao, id_pessoa) VALUES ('22','4006');
INSERT INTO pessoa (id_pessoa, tipo_documento,documento,nome,data_nascimento,nome_pais_origem) VALUES ('4007','PASS','000888177','Goldenberg','19841110','Netherlands');
INSERT INTO emprega_gravacao (id_gravacao, id_pessoa) VALUES ('22','4007');
INSERT INTO equipe_de_gravacao (id_gravacao,nome_empresa) VALUES ('23','WBHSWRO');
INSERT INTO pessoa (id_pessoa, tipo_documento,documento,nome,data_nascimento,nome_pais_origem) VALUES ('4008','PASS','000888869','Edie','19850225','Netherlands');
INSERT INTO emprega_gravacao (id_gravacao, id_pessoa) VALUES ('23','4008');
INSERT INTO pessoa (id_pessoa, tipo_documento,documento,nome,data_nascimento,nome_pais_origem) VALUES ('4009','PASS','000495787','Boback','19801124','Belgium');
INSERT INTO emprega_gravacao (id_gravacao, id_pessoa) VALUES ('23','4009');
INSERT INTO pessoa (id_pessoa, tipo_documento,documento,nome,data_nascimento,nome_pais_origem) VALUES ('4010','PASS','000574244','Eppley','19750527','Albania');
INSERT INTO emprega_gravacao (id_gravacao, id_pessoa) VALUES ('23','4010');
INSERT INTO pessoa (id_pessoa, tipo_documento,documento,nome,data_nascimento,nome_pais_origem) VALUES ('4011','PASS','000259848','Dallago','19870705','Iraq');
INSERT INTO emprega_gravacao (id_gravacao, id_pessoa) VALUES ('23','4011');
INSERT INTO pessoa (id_pessoa, tipo_documento,documento,nome,data_nascimento,nome_pais_origem) VALUES ('4012','PASS','000267492','Desaulniers','19851210','Saudi');
INSERT INTO emprega_gravacao (id_gravacao, id_pessoa) VALUES ('23','4012');
INSERT INTO pessoa (id_pessoa, tipo_documento,documento,nome,data_nascimento,nome_pais_origem) VALUES ('4013','PASS','000561779','Bradigan','19711003','Iraq');
INSERT INTO emprega_gravacao (id_gravacao, id_pessoa) VALUES ('23','4013');
INSERT INTO pessoa (id_pessoa, tipo_documento,documento,nome,data_nascimento,nome_pais_origem) VALUES ('4014','PASS','000662173','Barrows','19860108','Arabia');
INSERT INTO emprega_gravacao (id_gravacao, id_pessoa) VALUES ('23','4014');
INSERT INTO pessoa (id_pessoa, tipo_documento,documento,nome,data_nascimento,nome_pais_origem) VALUES ('4015','PASS','000421377','Farrall','19871124','Chile');
INSERT INTO emprega_gravacao (id_gravacao, id_pessoa) VALUES ('23','4015');
INSERT INTO pessoa (id_pessoa, tipo_documento,documento,nome,data_nascimento,nome_pais_origem) VALUES ('4016','PASS','000353472','Bagni','19741109','Mongolia');
INSERT INTO emprega_gravacao (id_gravacao, id_pessoa) VALUES ('23','4016');
INSERT INTO pessoa (id_pessoa, tipo_documento,documento,nome,data_nascimento,nome_pais_origem) VALUES ('4017','PASS','000707073','Guadarrama','19790502','Switzerland');
INSERT INTO emprega_gravacao (id_gravacao, id_pessoa) VALUES ('23','4017');
INSERT INTO equipe_de_gravacao (id_gravacao,nome_empresa) VALUES ('24','RLNEHLA');
INSERT INTO pessoa (id_pessoa, tipo_documento,documento,nome,data_nascimento,nome_pais_origem) VALUES ('4018','PASS','000648383','Brevell','19800702','Belarus');
INSERT INTO emprega_gravacao (id_gravacao, id_pessoa) VALUES ('24','4018');
INSERT INTO pessoa (id_pessoa, tipo_documento,documento,nome,data_nascimento,nome_pais_origem) VALUES ('4019','PASS','000721539','Campbel','19710305','Australia');
INSERT INTO emprega_gravacao (id_gravacao, id_pessoa) VALUES ('24','4019');
INSERT INTO pessoa (id_pessoa, tipo_documento,documento,nome,data_nascimento,nome_pais_origem) VALUES ('4020','PASS','000771614','Conolly','19860416','Iraq');
INSERT INTO emprega_gravacao (id_gravacao, id_pessoa) VALUES ('24','4020');
INSERT INTO pessoa (id_pessoa, tipo_documento,documento,nome,data_nascimento,nome_pais_origem) VALUES ('4021','PASS','000475699','Funck','19770318','Netherlands');
INSERT INTO emprega_gravacao (id_gravacao, id_pessoa) VALUES ('24','4021');
INSERT INTO pessoa (id_pessoa, tipo_documento,documento,nome,data_nascimento,nome_pais_origem) VALUES ('4022','PASS','000778126','Geagan','19841111','Thailand');
INSERT INTO emprega_gravacao (id_gravacao, id_pessoa) VALUES ('24','4022');
INSERT INTO pessoa (id_pessoa, tipo_documento,documento,nome,data_nascimento,nome_pais_origem) VALUES ('4023','PASS','000857493','Gilgour','19810315','Rica');
INSERT INTO emprega_gravacao (id_gravacao, id_pessoa) VALUES ('24','4023');
INSERT INTO pessoa (id_pessoa, tipo_documento,documento,nome,data_nascimento,nome_pais_origem) VALUES ('4024','PASS','000919219','Fiaschetti','19711102','Georgia');
INSERT INTO emprega_gravacao (id_gravacao, id_pessoa) VALUES ('24','4024');
INSERT INTO pessoa (id_pessoa, tipo_documento,documento,nome,data_nascimento,nome_pais_origem) VALUES ('4025','PASS','000715198','Baar','19781007','Germany');
INSERT INTO emprega_gravacao (id_gravacao, id_pessoa) VALUES ('24','4025');
INSERT INTO pessoa (id_pessoa, tipo_documento,documento,nome,data_nascimento,nome_pais_origem) VALUES ('4026','PASS','000901529','Bonifield','19760610','Bulgaria');
INSERT INTO emprega_gravacao (id_gravacao, id_pessoa) VALUES ('24','4026');
INSERT INTO pessoa (id_pessoa, tipo_documento,documento,nome,data_nascimento,nome_pais_origem) VALUES ('4027','PASS','000575238','Bunyard','19800705','Afghanistan');
INSERT INTO emprega_gravacao (id_gravacao, id_pessoa) VALUES ('24','4027');
INSERT INTO pessoa (id_pessoa, tipo_documento,documento,nome,data_nascimento,nome_pais_origem) VALUES ('4028','PASS','000370860','Dardenne','19800217','Mongolia');
INSERT INTO emprega_gravacao (id_gravacao, id_pessoa) VALUES ('24','4028');
INSERT INTO pessoa (id_pessoa, tipo_documento,documento,nome,data_nascimento,nome_pais_origem) VALUES ('4029','PASS','000973129','Douvia','19720621','Norway');
INSERT INTO emprega_gravacao (id_gravacao, id_pessoa) VALUES ('24','4029');
INSERT INTO pessoa (id_pessoa, tipo_documento,documento,nome,data_nascimento,nome_pais_origem) VALUES ('4030','PASS','000575434','Doepke','19720206','Chad');
INSERT INTO emprega_gravacao (id_gravacao, id_pessoa) VALUES ('24','4030');
INSERT INTO pessoa (id_pessoa, tipo_documento,documento,nome,data_nascimento,nome_pais_origem) VALUES ('4031','PASS','000229290','Criton','19710225','Turkey');
INSERT INTO emprega_gravacao (id_gravacao, id_pessoa) VALUES ('24','4031');
INSERT INTO pessoa (id_pessoa, tipo_documento,documento,nome,data_nascimento,nome_pais_origem) VALUES ('4032','PASS','000986245','Ellebrecht','19781003','Germany');
INSERT INTO emprega_gravacao (id_gravacao, id_pessoa) VALUES ('24','4032');
INSERT INTO pessoa (id_pessoa, tipo_documento,documento,nome,data_nascimento,nome_pais_origem) VALUES ('4033','PASS','000748322','Bolz','19730526','Italy');
INSERT INTO emprega_gravacao (id_gravacao, id_pessoa) VALUES ('24','4033');
INSERT INTO pessoa (id_pessoa, tipo_documento,documento,nome,data_nascimento,nome_pais_origem) VALUES ('4034','PASS','000360116','Bellusci','19700124','Vietnam');
INSERT INTO emprega_gravacao (id_gravacao, id_pessoa) VALUES ('24','4034');
INSERT INTO pessoa (id_pessoa, tipo_documento,documento,nome,data_nascimento,nome_pais_origem) VALUES ('4035','PASS','000361220','Bogguess','19750318','Mozambique');
INSERT INTO emprega_gravacao (id_gravacao, id_pessoa) VALUES ('24','4035');
INSERT INTO pessoa (id_pessoa, tipo_documento,documento,nome,data_nascimento,nome_pais_origem) VALUES ('4036','PASS','000609788','Brendlinger','19750821','Uruguay');
INSERT INTO emprega_gravacao (id_gravacao, id_pessoa) VALUES ('24','4036');
INSERT INTO pessoa (id_pessoa, tipo_documento,documento,nome,data_nascimento,nome_pais_origem) VALUES ('4037','PASS','000838405','Baitg','19780421','Slovakia');
INSERT INTO emprega_gravacao (id_gravacao, id_pessoa) VALUES ('24','4037');
INSERT INTO pessoa (id_pessoa, tipo_documento,documento,nome,data_nascimento,nome_pais_origem) VALUES ('4038','PASS','000961385','Gamberg','19861223','Nepal');
INSERT INTO emprega_gravacao (id_gravacao, id_pessoa) VALUES ('24','4038');
INSERT INTO pessoa (id_pessoa, tipo_documento,documento,nome,data_nascimento,nome_pais_origem) VALUES ('4039','PASS','000813022','Agredano','19821101','Thailand');
INSERT INTO emprega_gravacao (id_gravacao, id_pessoa) VALUES ('24','4039');
INSERT INTO pessoa (id_pessoa, tipo_documento,documento,nome,data_nascimento,nome_pais_origem) VALUES ('4040','PASS','000718028','Bayes','19880420','Hungary');
INSERT INTO emprega_gravacao (id_gravacao, id_pessoa) VALUES ('24','4040');
INSERT INTO pessoa (id_pessoa, tipo_documento,documento,nome,data_nascimento,nome_pais_origem) VALUES ('4041','PASS','000981833','Fuapau','19760810','Portugal');
INSERT INTO emprega_gravacao (id_gravacao, id_pessoa) VALUES ('24','4041');
INSERT INTO pessoa (id_pessoa, tipo_documento,documento,nome,data_nascimento,nome_pais_origem) VALUES ('4042','PASS','000687746','Coffen','19841216','Mongolia');
INSERT INTO emprega_gravacao (id_gravacao, id_pessoa) VALUES ('24','4042');
INSERT INTO pessoa (id_pessoa, tipo_documento,documento,nome,data_nascimento,nome_pais_origem) VALUES ('4043','PASS','000880344','Citrin','19890907','India');
INSERT INTO emprega_gravacao (id_gravacao, id_pessoa) VALUES ('24','4043');
INSERT INTO pessoa (id_pessoa, tipo_documento,documento,nome,data_nascimento,nome_pais_origem) VALUES ('4044','PASS','000151525','Antwine','19770322','Bahamas');
INSERT INTO emprega_gravacao (id_gravacao, id_pessoa) VALUES ('24','4044');
INSERT INTO pessoa (id_pessoa, tipo_documento,documento,nome,data_nascimento,nome_pais_origem) VALUES ('4045','PASS','000257386','Banana','19880508','Bahrain');
INSERT INTO emprega_gravacao (id_gravacao, id_pessoa) VALUES ('24','4045');
INSERT INTO pessoa (id_pessoa, tipo_documento,documento,nome,data_nascimento,nome_pais_origem) VALUES ('4046','PASS','000800137','Frandeen','19710808','Iraq');
INSERT INTO emprega_gravacao (id_gravacao, id_pessoa) VALUES ('24','4046');
INSERT INTO pessoa (id_pessoa, tipo_documento,documento,nome,data_nascimento,nome_pais_origem) VALUES ('4047','PASS','000685649','Emore','19731022','Ukraine');
INSERT INTO emprega_gravacao (id_gravacao, id_pessoa) VALUES ('24','4047');
INSERT INTO equipe_de_gravacao (id_gravacao,nome_empresa) VALUES ('25','IQGEBKH');
INSERT INTO pessoa (id_pessoa, tipo_documento,documento,nome,data_nascimento,nome_pais_origem) VALUES ('4048','PASS','000402599','Ennist','19860303','Bangladesh');
INSERT INTO emprega_gravacao (id_gravacao, id_pessoa) VALUES ('25','4048');
INSERT INTO pessoa (id_pessoa, tipo_documento,documento,nome,data_nascimento,nome_pais_origem) VALUES ('4049','PASS','000517182','Cager','19780321','Nepal');
INSERT INTO emprega_gravacao (id_gravacao, id_pessoa) VALUES ('25','4049');
INSERT INTO pessoa (id_pessoa, tipo_documento,documento,nome,data_nascimento,nome_pais_origem) VALUES ('4050','PASS','000408829','Babinski','19780324','Armenia');
INSERT INTO emprega_gravacao (id_gravacao, id_pessoa) VALUES ('25','4050');
INSERT INTO pessoa (id_pessoa, tipo_documento,documento,nome,data_nascimento,nome_pais_origem) VALUES ('4051','PASS','000269311','Genaro','19881207','Slovakia');
INSERT INTO emprega_gravacao (id_gravacao, id_pessoa) VALUES ('25','4051');
INSERT INTO pessoa (id_pessoa, tipo_documento,documento,nome,data_nascimento,nome_pais_origem) VALUES ('4052','PASS','000568051','Cardish','19830622','Estonia');
INSERT INTO emprega_gravacao (id_gravacao, id_pessoa) VALUES ('25','4052');
INSERT INTO pessoa (id_pessoa, tipo_documento,documento,nome,data_nascimento,nome_pais_origem) VALUES ('4053','PASS','000124713','Bush','19760321','Chile');
INSERT INTO emprega_gravacao (id_gravacao, id_pessoa) VALUES ('25','4053');
INSERT INTO pessoa (id_pessoa, tipo_documento,documento,nome,data_nascimento,nome_pais_origem) VALUES ('4054','PASS','000713336','Dorris','19710503','Nepal');
INSERT INTO emprega_gravacao (id_gravacao, id_pessoa) VALUES ('25','4054');
INSERT INTO pessoa (id_pessoa, tipo_documento,documento,nome,data_nascimento,nome_pais_origem) VALUES ('4055','PASS','000169846','Buetow','19860319','Colombia');
INSERT INTO emprega_gravacao (id_gravacao, id_pessoa) VALUES ('25','4055');
INSERT INTO pessoa (id_pessoa, tipo_documento,documento,nome,data_nascimento,nome_pais_origem) VALUES ('4056','PASS','000577783','Degraffenried','19800113','Albania');
INSERT INTO emprega_gravacao (id_gravacao, id_pessoa) VALUES ('25','4056');
INSERT INTO pessoa (id_pessoa, tipo_documento,documento,nome,data_nascimento,nome_pais_origem) VALUES ('4057','PASS','000200078','Cesar','19721219','Mongolia');
INSERT INTO emprega_gravacao (id_gravacao, id_pessoa) VALUES ('25','4057');
INSERT INTO pessoa (id_pessoa, tipo_documento,documento,nome,data_nascimento,nome_pais_origem) VALUES ('4058','PASS','000176858','Gonzolez','19740717','Senegal');
INSERT INTO emprega_gravacao (id_gravacao, id_pessoa) VALUES ('25','4058');
INSERT INTO pessoa (id_pessoa, tipo_documento,documento,nome,data_nascimento,nome_pais_origem) VALUES ('4059','PASS','000331590','Dokes','19770518','New');
INSERT INTO emprega_gravacao (id_gravacao, id_pessoa) VALUES ('25','4059');
INSERT INTO pessoa (id_pessoa, tipo_documento,documento,nome,data_nascimento,nome_pais_origem) VALUES ('4060','PASS','000650899','Dimascio','19710619','Iran');
INSERT INTO emprega_gravacao (id_gravacao, id_pessoa) VALUES ('25','4060');
INSERT INTO pessoa (id_pessoa, tipo_documento,documento,nome,data_nascimento,nome_pais_origem) VALUES ('4061','PASS','000646862','Cegla','19881108','Chile');
INSERT INTO emprega_gravacao (id_gravacao, id_pessoa) VALUES ('25','4061');
INSERT INTO pessoa (id_pessoa, tipo_documento,documento,nome,data_nascimento,nome_pais_origem) VALUES ('4062','PASS','000765587','Chittam','19790724','Luxembourg');
INSERT INTO emprega_gravacao (id_gravacao, id_pessoa) VALUES ('25','4062');
INSERT INTO pessoa (id_pessoa, tipo_documento,documento,nome,data_nascimento,nome_pais_origem) VALUES ('4063','PASS','000782906','Caccia','19860216','France');
INSERT INTO emprega_gravacao (id_gravacao, id_pessoa) VALUES ('25','4063');
INSERT INTO pessoa (id_pessoa, tipo_documento,documento,nome,data_nascimento,nome_pais_origem) VALUES ('4064','PASS','000910772','Gowans','19830218','Angola');
INSERT INTO emprega_gravacao (id_gravacao, id_pessoa) VALUES ('25','4064');
INSERT INTO pessoa (id_pessoa, tipo_documento,documento,nome,data_nascimento,nome_pais_origem) VALUES ('4065','PASS','000551188','Chilek','19870112','Costa');
INSERT INTO emprega_gravacao (id_gravacao, id_pessoa) VALUES ('25','4065');
INSERT INTO pessoa (id_pessoa, tipo_documento,documento,nome,data_nascimento,nome_pais_origem) VALUES ('4066','PASS','000758135','Eckrote','19750914','Nicaragua');
INSERT INTO emprega_gravacao (id_gravacao, id_pessoa) VALUES ('25','4066');
INSERT INTO pessoa (id_pessoa, tipo_documento,documento,nome,data_nascimento,nome_pais_origem) VALUES ('4067','PASS','000946851','Georgianne','19760808','Chad');
INSERT INTO emprega_gravacao (id_gravacao, id_pessoa) VALUES ('25','4067');
INSERT INTO pessoa (id_pessoa, tipo_documento,documento,nome,data_nascimento,nome_pais_origem) VALUES ('4068','PASS','000866929','Brydges','19831212','Luxembourg');
INSERT INTO emprega_gravacao (id_gravacao, id_pessoa) VALUES ('25','4068');
INSERT INTO pessoa (id_pessoa, tipo_documento,documento,nome,data_nascimento,nome_pais_origem) VALUES ('4069','PASS','000632459','Eary','19780205','Georgia');
INSERT INTO emprega_gravacao (id_gravacao, id_pessoa) VALUES ('25','4069');
INSERT INTO pessoa (id_pessoa, tipo_documento,documento,nome,data_nascimento,nome_pais_origem) VALUES ('4070','PASS','000816997','Domenick','19740403','Algeria');
INSERT INTO emprega_gravacao (id_gravacao, id_pessoa) VALUES ('25','4070');
INSERT INTO pessoa (id_pessoa, tipo_documento,documento,nome,data_nascimento,nome_pais_origem) VALUES ('4071','PASS','000973807','Bartolini','19840117','Nepal');
INSERT INTO emprega_gravacao (id_gravacao, id_pessoa) VALUES ('25','4071');
INSERT INTO pessoa (id_pessoa, tipo_documento,documento,nome,data_nascimento,nome_pais_origem) VALUES ('4072','PASS','000388037','Astor','19760401','India');
INSERT INTO emprega_gravacao (id_gravacao, id_pessoa) VALUES ('25','4072');
INSERT INTO pessoa (id_pessoa, tipo_documento,documento,nome,data_nascimento,nome_pais_origem) VALUES ('4073','PASS','000394452','Gruenberg','19841116','Greece');
INSERT INTO emprega_gravacao (id_gravacao, id_pessoa) VALUES ('25','4073');
INSERT INTO pessoa (id_pessoa, tipo_documento,documento,nome,data_nascimento,nome_pais_origem) VALUES ('4074','PASS','000579451','Capas','19831103','Morocco');
INSERT INTO emprega_gravacao (id_gravacao, id_pessoa) VALUES ('25','4074');
INSERT INTO pessoa (id_pessoa, tipo_documento,documento,nome,data_nascimento,nome_pais_origem) VALUES ('4075','PASS','000678674','Dietzman','19760722','Mexico');
INSERT INTO emprega_gravacao (id_gravacao, id_pessoa) VALUES ('25','4075');
INSERT INTO pessoa (id_pessoa, tipo_documento,documento,nome,data_nascimento,nome_pais_origem) VALUES ('4076','PASS','000614361','Cates','19700218','Syria');
INSERT INTO emprega_gravacao (id_gravacao, id_pessoa) VALUES ('25','4076');
INSERT INTO pessoa (id_pessoa, tipo_documento,documento,nome,data_nascimento,nome_pais_origem) VALUES ('4077','PASS','000604845','Couty','19711222','Zealand');
INSERT INTO emprega_gravacao (id_gravacao, id_pessoa) VALUES ('25','4077');
INSERT INTO equipe_de_gravacao (id_gravacao,nome_empresa) VALUES ('26','UNZYCPE');
INSERT INTO pessoa (id_pessoa, tipo_documento,documento,nome,data_nascimento,nome_pais_origem) VALUES ('4078','PASS','000350185','Fandel','19800819','Spain');
INSERT INTO emprega_gravacao (id_gravacao, id_pessoa) VALUES ('26','4078');
INSERT INTO pessoa (id_pessoa, tipo_documento,documento,nome,data_nascimento,nome_pais_origem) VALUES ('4079','PASS','000365257','Allgeier','19831118','Switzerland');
INSERT INTO emprega_gravacao (id_gravacao, id_pessoa) VALUES ('26','4079');
INSERT INTO pessoa (id_pessoa, tipo_documento,documento,nome,data_nascimento,nome_pais_origem) VALUES ('4080','PASS','000115963','Detjen','19760410','Paraguay');
INSERT INTO emprega_gravacao (id_gravacao, id_pessoa) VALUES ('26','4080');
INSERT INTO pessoa (id_pessoa, tipo_documento,documento,nome,data_nascimento,nome_pais_origem) VALUES ('4081','PASS','000924534','Clar','19861020','Morocco');
INSERT INTO emprega_gravacao (id_gravacao, id_pessoa) VALUES ('26','4081');
INSERT INTO pessoa (id_pessoa, tipo_documento,documento,nome,data_nascimento,nome_pais_origem) VALUES ('4082','PASS','000170732','Economou','19771121','Bulgaria');
INSERT INTO emprega_gravacao (id_gravacao, id_pessoa) VALUES ('26','4082');
INSERT INTO pessoa (id_pessoa, tipo_documento,documento,nome,data_nascimento,nome_pais_origem) VALUES ('4083','PASS','000781146','Farfalla','19820613','Japan');
INSERT INTO emprega_gravacao (id_gravacao, id_pessoa) VALUES ('26','4083');
INSERT INTO pessoa (id_pessoa, tipo_documento,documento,nome,data_nascimento,nome_pais_origem) VALUES ('4084','PASS','000565383','Chestnutt','19710426','Slovakia');
INSERT INTO emprega_gravacao (id_gravacao, id_pessoa) VALUES ('26','4084');
INSERT INTO pessoa (id_pessoa, tipo_documento,documento,nome,data_nascimento,nome_pais_origem) VALUES ('4085','PASS','000781070','Ailts','19801018','Italy');
INSERT INTO emprega_gravacao (id_gravacao, id_pessoa) VALUES ('26','4085');
INSERT INTO pessoa (id_pessoa, tipo_documento,documento,nome,data_nascimento,nome_pais_origem) VALUES ('4086','PASS','000794882','Belchior','19830912','Senegal');
INSERT INTO emprega_gravacao (id_gravacao, id_pessoa) VALUES ('26','4086');
INSERT INTO pessoa (id_pessoa, tipo_documento,documento,nome,data_nascimento,nome_pais_origem) VALUES ('4087','PASS','000899835','Esquivias','19890106','Arabia');
INSERT INTO emprega_gravacao (id_gravacao, id_pessoa) VALUES ('26','4087');
INSERT INTO pessoa (id_pessoa, tipo_documento,documento,nome,data_nascimento,nome_pais_origem) VALUES ('4088','PASS','000322736','Badoni','19781221','Colombia');
INSERT INTO emprega_gravacao (id_gravacao, id_pessoa) VALUES ('26','4088');
INSERT INTO pessoa (id_pessoa, tipo_documento,documento,nome,data_nascimento,nome_pais_origem) VALUES ('4089','PASS','000969471','Gonzalaz','19710405','Mozambique');
INSERT INTO emprega_gravacao (id_gravacao, id_pessoa) VALUES ('26','4089');
INSERT INTO pessoa (id_pessoa, tipo_documento,documento,nome,data_nascimento,nome_pais_origem) VALUES ('4090','PASS','000854465','Eckrich','19700505','Denmark');
INSERT INTO emprega_gravacao (id_gravacao, id_pessoa) VALUES ('26','4090');
INSERT INTO pessoa (id_pessoa, tipo_documento,documento,nome,data_nascimento,nome_pais_origem) VALUES ('4091','PASS','000982982','Comee','19800907','Nicaragua');
INSERT INTO emprega_gravacao (id_gravacao, id_pessoa) VALUES ('26','4091');
INSERT INTO pessoa (id_pessoa, tipo_documento,documento,nome,data_nascimento,nome_pais_origem) VALUES ('4092','PASS','000235662','Abbe','19841012','Egypt');
INSERT INTO emprega_gravacao (id_gravacao, id_pessoa) VALUES ('26','4092');
INSERT INTO pessoa (id_pessoa, tipo_documento,documento,nome,data_nascimento,nome_pais_origem) VALUES ('4093','PASS','000160491','Fishbaugh','19700101','Vietnam');
INSERT INTO emprega_gravacao (id_gravacao, id_pessoa) VALUES ('26','4093');
INSERT INTO pessoa (id_pessoa, tipo_documento,documento,nome,data_nascimento,nome_pais_origem) VALUES ('4094','PASS','000452884','Bielak','19800405','Poland');
INSERT INTO emprega_gravacao (id_gravacao, id_pessoa) VALUES ('26','4094');
INSERT INTO pessoa (id_pessoa, tipo_documento,documento,nome,data_nascimento,nome_pais_origem) VALUES ('4095','PASS','000925836','Besa','19860222','Portugal');
INSERT INTO emprega_gravacao (id_gravacao, id_pessoa) VALUES ('26','4095');
INSERT INTO pessoa (id_pessoa, tipo_documento,documento,nome,data_nascimento,nome_pais_origem) VALUES ('4096','PASS','000987129','Debbra','19750503','Ukraine');
INSERT INTO emprega_gravacao (id_gravacao, id_pessoa) VALUES ('26','4096');
INSERT INTO pessoa (id_pessoa, tipo_documento,documento,nome,data_nascimento,nome_pais_origem) VALUES ('4097','PASS','000972948','Bachmeier','19720805','Lithuania');
INSERT INTO emprega_gravacao (id_gravacao, id_pessoa) VALUES ('26','4097');
INSERT INTO pessoa (id_pessoa, tipo_documento,documento,nome,data_nascimento,nome_pais_origem) VALUES ('4098','PASS','000345462','Fioritto','19880716','Arabia');
INSERT INTO emprega_gravacao (id_gravacao, id_pessoa) VALUES ('26','4098');
INSERT INTO pessoa (id_pessoa, tipo_documento,documento,nome,data_nascimento,nome_pais_origem) VALUES ('4099','PASS','000236092','Botros','19750519','Denmark');
INSERT INTO emprega_gravacao (id_gravacao, id_pessoa) VALUES ('26','4099');
INSERT INTO pessoa (id_pessoa, tipo_documento,documento,nome,data_nascimento,nome_pais_origem) VALUES ('4100','PASS','000817409','Gregorio','19750727','Barbados');
INSERT INTO emprega_gravacao (id_gravacao, id_pessoa) VALUES ('26','4100');
INSERT INTO pessoa (id_pessoa, tipo_documento,documento,nome,data_nascimento,nome_pais_origem) VALUES ('4101','PASS','000325065','Boelter','19700225','Bulgaria');
INSERT INTO emprega_gravacao (id_gravacao, id_pessoa) VALUES ('26','4101');
INSERT INTO equipe_de_gravacao (id_gravacao,nome_empresa) VALUES ('27','HAVYUZF');
INSERT INTO pessoa (id_pessoa, tipo_documento,documento,nome,data_nascimento,nome_pais_origem) VALUES ('4102','PASS','000122373','Grossen','19870127','Georgia');
INSERT INTO emprega_gravacao (id_gravacao, id_pessoa) VALUES ('27','4102');
INSERT INTO pessoa (id_pessoa, tipo_documento,documento,nome,data_nascimento,nome_pais_origem) VALUES ('4103','PASS','000949687','Glomski','19890510','Arabia');
INSERT INTO emprega_gravacao (id_gravacao, id_pessoa) VALUES ('27','4103');
INSERT INTO pessoa (id_pessoa, tipo_documento,documento,nome,data_nascimento,nome_pais_origem) VALUES ('4104','PASS','000765376','Calliham','19710502','Uzbekistan');
INSERT INTO emprega_gravacao (id_gravacao, id_pessoa) VALUES ('27','4104');
INSERT INTO pessoa (id_pessoa, tipo_documento,documento,nome,data_nascimento,nome_pais_origem) VALUES ('4105','PASS','000447220','Breger','19780814','Finland');
INSERT INTO emprega_gravacao (id_gravacao, id_pessoa) VALUES ('27','4105');
INSERT INTO pessoa (id_pessoa, tipo_documento,documento,nome,data_nascimento,nome_pais_origem) VALUES ('4106','PASS','000938174','Cardenal','19810618','Bulgaria');
INSERT INTO emprega_gravacao (id_gravacao, id_pessoa) VALUES ('27','4106');
INSERT INTO pessoa (id_pessoa, tipo_documento,documento,nome,data_nascimento,nome_pais_origem) VALUES ('4107','PASS','000841880','Durepo','19720102','Austria');
INSERT INTO emprega_gravacao (id_gravacao, id_pessoa) VALUES ('27','4107');
INSERT INTO pessoa (id_pessoa, tipo_documento,documento,nome,data_nascimento,nome_pais_origem) VALUES ('4108','PASS','000498554','Algire','19781124','Zealand');
INSERT INTO emprega_gravacao (id_gravacao, id_pessoa) VALUES ('27','4108');
INSERT INTO pessoa (id_pessoa, tipo_documento,documento,nome,data_nascimento,nome_pais_origem) VALUES ('4109','PASS','000215998','Breckley','19800904','Bahrain');
INSERT INTO emprega_gravacao (id_gravacao, id_pessoa) VALUES ('27','4109');
INSERT INTO pessoa (id_pessoa, tipo_documento,documento,nome,data_nascimento,nome_pais_origem) VALUES ('4110','PASS','000602244','Contini','19800818','Nepal');
INSERT INTO emprega_gravacao (id_gravacao, id_pessoa) VALUES ('27','4110');
INSERT INTO pessoa (id_pessoa, tipo_documento,documento,nome,data_nascimento,nome_pais_origem) VALUES ('4111','PASS','000338759','Fenimore','19840113','Angola');
INSERT INTO emprega_gravacao (id_gravacao, id_pessoa) VALUES ('27','4111');
INSERT INTO pessoa (id_pessoa, tipo_documento,documento,nome,data_nascimento,nome_pais_origem) VALUES ('4112','PASS','000900056','Bodamer','19810306','Turkey');
INSERT INTO emprega_gravacao (id_gravacao, id_pessoa) VALUES ('27','4112');
INSERT INTO pessoa (id_pessoa, tipo_documento,documento,nome,data_nascimento,nome_pais_origem) VALUES ('4113','PASS','000501387','Geissel','19890511','Singapore');
INSERT INTO emprega_gravacao (id_gravacao, id_pessoa) VALUES ('27','4113');
INSERT INTO pessoa (id_pessoa, tipo_documento,documento,nome,data_nascimento,nome_pais_origem) VALUES ('4114','PASS','000561640','Engleby','19791207','France');
INSERT INTO emprega_gravacao (id_gravacao, id_pessoa) VALUES ('27','4114');
INSERT INTO pessoa (id_pessoa, tipo_documento,documento,nome,data_nascimento,nome_pais_origem) VALUES ('4115','PASS','000683990','Brabham','19750613','Argentina');
INSERT INTO emprega_gravacao (id_gravacao, id_pessoa) VALUES ('27','4115');
INSERT INTO equipe_de_gravacao (id_gravacao,nome_empresa) VALUES ('28','ULSCOAM');
INSERT INTO pessoa (id_pessoa, tipo_documento,documento,nome,data_nascimento,nome_pais_origem) VALUES ('4116','PASS','000681209','Barnacle','19700321','Monaco');
INSERT INTO emprega_gravacao (id_gravacao, id_pessoa) VALUES ('28','4116');
INSERT INTO pessoa (id_pessoa, tipo_documento,documento,nome,data_nascimento,nome_pais_origem) VALUES ('4117','PASS','000466172','Butsch','19770527','Bangladesh');
INSERT INTO emprega_gravacao (id_gravacao, id_pessoa) VALUES ('28','4117');
INSERT INTO pessoa (id_pessoa, tipo_documento,documento,nome,data_nascimento,nome_pais_origem) VALUES ('4118','PASS','000555810','Angelson','19850520','Egypt');
INSERT INTO emprega_gravacao (id_gravacao, id_pessoa) VALUES ('28','4118');
INSERT INTO pessoa (id_pessoa, tipo_documento,documento,nome,data_nascimento,nome_pais_origem) VALUES ('4119','PASS','000498340','Fadely','19700713','Chad');
INSERT INTO emprega_gravacao (id_gravacao, id_pessoa) VALUES ('28','4119');
INSERT INTO pessoa (id_pessoa, tipo_documento,documento,nome,data_nascimento,nome_pais_origem) VALUES ('4120','PASS','000935934','Bishop','19870608','Syria');
INSERT INTO emprega_gravacao (id_gravacao, id_pessoa) VALUES ('28','4120');
INSERT INTO pessoa (id_pessoa, tipo_documento,documento,nome,data_nascimento,nome_pais_origem) VALUES ('4121','PASS','000773404','Dudak','19860811','Slovakia');
INSERT INTO emprega_gravacao (id_gravacao, id_pessoa) VALUES ('28','4121');
INSERT INTO pessoa (id_pessoa, tipo_documento,documento,nome,data_nascimento,nome_pais_origem) VALUES ('4122','PASS','000136203','Defranceschi','19880421','Albania');
INSERT INTO emprega_gravacao (id_gravacao, id_pessoa) VALUES ('28','4122');
INSERT INTO pessoa (id_pessoa, tipo_documento,documento,nome,data_nascimento,nome_pais_origem) VALUES ('4123','PASS','000487039','Callicoat','19711012','Austria');
INSERT INTO emprega_gravacao (id_gravacao, id_pessoa) VALUES ('28','4123');
INSERT INTO pessoa (id_pessoa, tipo_documento,documento,nome,data_nascimento,nome_pais_origem) VALUES ('4124','PASS','000948026','Breier','19811010','India');
INSERT INTO emprega_gravacao (id_gravacao, id_pessoa) VALUES ('28','4124');
INSERT INTO pessoa (id_pessoa, tipo_documento,documento,nome,data_nascimento,nome_pais_origem) VALUES ('4125','PASS','000418463','Bowline','19870826','Angola');
INSERT INTO emprega_gravacao (id_gravacao, id_pessoa) VALUES ('28','4125');
INSERT INTO pessoa (id_pessoa, tipo_documento,documento,nome,data_nascimento,nome_pais_origem) VALUES ('4126','PASS','000905329','Freeley','19810610','Belgium');
INSERT INTO emprega_gravacao (id_gravacao, id_pessoa) VALUES ('28','4126');
INSERT INTO equipe_de_gravacao (id_gravacao,nome_empresa) VALUES ('29','KRFSIPR');
INSERT INTO pessoa (id_pessoa, tipo_documento,documento,nome,data_nascimento,nome_pais_origem) VALUES ('4127','PASS','000695039','Altmark','19870618','Angola');
INSERT INTO emprega_gravacao (id_gravacao, id_pessoa) VALUES ('29','4127');
INSERT INTO pessoa (id_pessoa, tipo_documento,documento,nome,data_nascimento,nome_pais_origem) VALUES ('4128','PASS','000937359','Cusmano','19850613','Barbados');
INSERT INTO emprega_gravacao (id_gravacao, id_pessoa) VALUES ('29','4128');
INSERT INTO pessoa (id_pessoa, tipo_documento,documento,nome,data_nascimento,nome_pais_origem) VALUES ('4129','PASS','000664723','Coryell','19780503','Singapore');
INSERT INTO emprega_gravacao (id_gravacao, id_pessoa) VALUES ('29','4129');
INSERT INTO pessoa (id_pessoa, tipo_documento,documento,nome,data_nascimento,nome_pais_origem) VALUES ('4130','PASS','000880430','Funez','19751018','Romania');
INSERT INTO emprega_gravacao (id_gravacao, id_pessoa) VALUES ('29','4130');
INSERT INTO pessoa (id_pessoa, tipo_documento,documento,nome,data_nascimento,nome_pais_origem) VALUES ('4131','PASS','000723114','Bone','19871113','Liechtenstein');
INSERT INTO emprega_gravacao (id_gravacao, id_pessoa) VALUES ('29','4131');
INSERT INTO pessoa (id_pessoa, tipo_documento,documento,nome,data_nascimento,nome_pais_origem) VALUES ('4132','PASS','000288937','Dayne','19711114','Bulgaria');
INSERT INTO emprega_gravacao (id_gravacao, id_pessoa) VALUES ('29','4132');
INSERT INTO pessoa (id_pessoa, tipo_documento,documento,nome,data_nascimento,nome_pais_origem) VALUES ('4133','PASS','000615495','Ballagh','19760410','Austria');
INSERT INTO emprega_gravacao (id_gravacao, id_pessoa) VALUES ('29','4133');
INSERT INTO pessoa (id_pessoa, tipo_documento,documento,nome,data_nascimento,nome_pais_origem) VALUES ('4134','PASS','000640788','Colan','19770211','Uzbekistan');
INSERT INTO emprega_gravacao (id_gravacao, id_pessoa) VALUES ('29','4134');
INSERT INTO pessoa (id_pessoa, tipo_documento,documento,nome,data_nascimento,nome_pais_origem) VALUES ('4135','PASS','000206325','Clinkingbeard','19860303','Bahrain');
INSERT INTO emprega_gravacao (id_gravacao, id_pessoa) VALUES ('29','4135');
INSERT INTO equipe_de_gravacao (id_gravacao,nome_empresa) VALUES ('30','EANLKEY');
INSERT INTO pessoa (id_pessoa, tipo_documento,documento,nome,data_nascimento,nome_pais_origem) VALUES ('4136','PASS','000509846','Gaslin','19810125','Saudi');
INSERT INTO emprega_gravacao (id_gravacao, id_pessoa) VALUES ('30','4136');
INSERT INTO pessoa (id_pessoa, tipo_documento,documento,nome,data_nascimento,nome_pais_origem) VALUES ('4137','PASS','000472039','Borzea','19750817','Mozambique');
INSERT INTO emprega_gravacao (id_gravacao, id_pessoa) VALUES ('30','4137');
INSERT INTO pessoa (id_pessoa, tipo_documento,documento,nome,data_nascimento,nome_pais_origem) VALUES ('4138','PASS','000492460','Germani','19760204','Italy');
INSERT INTO emprega_gravacao (id_gravacao, id_pessoa) VALUES ('30','4138');
INSERT INTO pessoa (id_pessoa, tipo_documento,documento,nome,data_nascimento,nome_pais_origem) VALUES ('4139','PASS','000735389','Crume','19740106','Angola');
INSERT INTO emprega_gravacao (id_gravacao, id_pessoa) VALUES ('30','4139');
INSERT INTO pessoa (id_pessoa, tipo_documento,documento,nome,data_nascimento,nome_pais_origem) VALUES ('4140','PASS','000377784','Aguada','19800414','Philippines');
INSERT INTO emprega_gravacao (id_gravacao, id_pessoa) VALUES ('30','4140');
INSERT INTO pessoa (id_pessoa, tipo_documento,documento,nome,data_nascimento,nome_pais_origem) VALUES ('4141','PASS','000852704','Dennen','19770726','Indonesia');
INSERT INTO emprega_gravacao (id_gravacao, id_pessoa) VALUES ('30','4141');
INSERT INTO pessoa (id_pessoa, tipo_documento,documento,nome,data_nascimento,nome_pais_origem) VALUES ('4142','PASS','000954797','Grantz','19800815','Slovakia');
INSERT INTO emprega_gravacao (id_gravacao, id_pessoa) VALUES ('30','4142');
INSERT INTO pessoa (id_pessoa, tipo_documento,documento,nome,data_nascimento,nome_pais_origem) VALUES ('4143','PASS','000876695','Dekalb','19730212','Afghanistan');
INSERT INTO emprega_gravacao (id_gravacao, id_pessoa) VALUES ('30','4143');
INSERT INTO pessoa (id_pessoa, tipo_documento,documento,nome,data_nascimento,nome_pais_origem) VALUES ('4144','PASS','000729597','Ciarletta','19750709','Thailand');
INSERT INTO emprega_gravacao (id_gravacao, id_pessoa) VALUES ('30','4144');
INSERT INTO pessoa (id_pessoa, tipo_documento,documento,nome,data_nascimento,nome_pais_origem) VALUES ('4145','PASS','000389596','Crisafulli','19840213','Nepal');
INSERT INTO emprega_gravacao (id_gravacao, id_pessoa) VALUES ('30','4145');
INSERT INTO pessoa (id_pessoa, tipo_documento,documento,nome,data_nascimento,nome_pais_origem) VALUES ('4146','PASS','000645751','Dardashti','19790326','Bangladesh');
INSERT INTO emprega_gravacao (id_gravacao, id_pessoa) VALUES ('30','4146');
INSERT INTO pessoa (id_pessoa, tipo_documento,documento,nome,data_nascimento,nome_pais_origem) VALUES ('4147','PASS','000283053','Bignell','19780110','Georgia');
INSERT INTO emprega_gravacao (id_gravacao, id_pessoa) VALUES ('30','4147');
INSERT INTO pessoa (id_pessoa, tipo_documento,documento,nome,data_nascimento,nome_pais_origem) VALUES ('4148','PASS','000830825','Deromer','19780703','Australia');
INSERT INTO emprega_gravacao (id_gravacao, id_pessoa) VALUES ('30','4148');
INSERT INTO pessoa (id_pessoa, tipo_documento,documento,nome,data_nascimento,nome_pais_origem) VALUES ('4149','PASS','000196884','Bollich','19731207','Cuba');
INSERT INTO emprega_gravacao (id_gravacao, id_pessoa) VALUES ('30','4149');
INSERT INTO pessoa (id_pessoa, tipo_documento,documento,nome,data_nascimento,nome_pais_origem) VALUES ('4150','PASS','000480702','Ettie','19810122','Denmark');
INSERT INTO emprega_gravacao (id_gravacao, id_pessoa) VALUES ('30','4150');
INSERT INTO pessoa (id_pessoa, tipo_documento,documento,nome,data_nascimento,nome_pais_origem) VALUES ('4151','PASS','000258033','Domianus','19890309','Thailand');
INSERT INTO emprega_gravacao (id_gravacao, id_pessoa) VALUES ('30','4151');
INSERT INTO pessoa (id_pessoa, tipo_documento,documento,nome,data_nascimento,nome_pais_origem) VALUES ('4152','PASS','000101006','Andel','19840523','Hungary');
INSERT INTO emprega_gravacao (id_gravacao, id_pessoa) VALUES ('30','4152');
INSERT INTO pessoa (id_pessoa, tipo_documento,documento,nome,data_nascimento,nome_pais_origem) VALUES ('4153','PASS','000849343','Chretien','19800202','Angola');
INSERT INTO emprega_gravacao (id_gravacao, id_pessoa) VALUES ('30','4153');
INSERT INTO equipe_de_gravacao (id_gravacao,nome_empresa) VALUES ('31','YLEGHTJ');
INSERT INTO pessoa (id_pessoa, tipo_documento,documento,nome,data_nascimento,nome_pais_origem) VALUES ('4154','PASS','000670821','Dorsay','19740627','Uzbekistan');
INSERT INTO emprega_gravacao (id_gravacao, id_pessoa) VALUES ('31','4154');
INSERT INTO pessoa (id_pessoa, tipo_documento,documento,nome,data_nascimento,nome_pais_origem) VALUES ('4155','PASS','000142798','Grussendorf','19700607','Croatia');
INSERT INTO emprega_gravacao (id_gravacao, id_pessoa) VALUES ('31','4155');
INSERT INTO pessoa (id_pessoa, tipo_documento,documento,nome,data_nascimento,nome_pais_origem) VALUES ('4156','PASS','000599533','Glassford','19771204','Peru');
INSERT INTO emprega_gravacao (id_gravacao, id_pessoa) VALUES ('31','4156');
INSERT INTO pessoa (id_pessoa, tipo_documento,documento,nome,data_nascimento,nome_pais_origem) VALUES ('4157','PASS','000856184','Darnold','19761216','Netherlands');
INSERT INTO emprega_gravacao (id_gravacao, id_pessoa) VALUES ('31','4157');
INSERT INTO pessoa (id_pessoa, tipo_documento,documento,nome,data_nascimento,nome_pais_origem) VALUES ('4158','PASS','000232044','Buchheim','19810708','Croatia');
INSERT INTO emprega_gravacao (id_gravacao, id_pessoa) VALUES ('31','4158');
INSERT INTO pessoa (id_pessoa, tipo_documento,documento,nome,data_nascimento,nome_pais_origem) VALUES ('4159','PASS','000914666','Chilton','19820521','Chile');
INSERT INTO emprega_gravacao (id_gravacao, id_pessoa) VALUES ('31','4159');
INSERT INTO pessoa (id_pessoa, tipo_documento,documento,nome,data_nascimento,nome_pais_origem) VALUES ('4160','PASS','000494963','Brier','19741204','Croatia');
INSERT INTO emprega_gravacao (id_gravacao, id_pessoa) VALUES ('31','4160');
INSERT INTO pessoa (id_pessoa, tipo_documento,documento,nome,data_nascimento,nome_pais_origem) VALUES ('4161','PASS','000270860','Dormanen','19850815','Mexico');
INSERT INTO emprega_gravacao (id_gravacao, id_pessoa) VALUES ('31','4161');
INSERT INTO pessoa (id_pessoa, tipo_documento,documento,nome,data_nascimento,nome_pais_origem) VALUES ('4162','PASS','000197074','Duva','19751201','Syria');
INSERT INTO emprega_gravacao (id_gravacao, id_pessoa) VALUES ('31','4162');
INSERT INTO pessoa (id_pessoa, tipo_documento,documento,nome,data_nascimento,nome_pais_origem) VALUES ('4163','PASS','000945016','Dykes','19840204','Barbados');
INSERT INTO emprega_gravacao (id_gravacao, id_pessoa) VALUES ('31','4163');
INSERT INTO pessoa (id_pessoa, tipo_documento,documento,nome,data_nascimento,nome_pais_origem) VALUES ('4164','PASS','000425042','Brandeland','19700705','Luxembourg');
INSERT INTO emprega_gravacao (id_gravacao, id_pessoa) VALUES ('31','4164');
INSERT INTO pessoa (id_pessoa, tipo_documento,documento,nome,data_nascimento,nome_pais_origem) VALUES ('4165','PASS','000557709','Calendine','19740608','Colombia');
INSERT INTO emprega_gravacao (id_gravacao, id_pessoa) VALUES ('31','4165');
INSERT INTO pessoa (id_pessoa, tipo_documento,documento,nome,data_nascimento,nome_pais_origem) VALUES ('4166','PASS','000310306','Gramajo','19780913','Serbia');
INSERT INTO emprega_gravacao (id_gravacao, id_pessoa) VALUES ('31','4166');
INSERT INTO equipe_de_gravacao (id_gravacao,nome_empresa) VALUES ('32','LTGWDIR');
INSERT INTO pessoa (id_pessoa, tipo_documento,documento,nome,data_nascimento,nome_pais_origem) VALUES ('4167','PASS','000832595','Delzell','19730701','Philippines');
INSERT INTO emprega_gravacao (id_gravacao, id_pessoa) VALUES ('32','4167');
INSERT INTO pessoa (id_pessoa, tipo_documento,documento,nome,data_nascimento,nome_pais_origem) VALUES ('4168','PASS','000349417','Bloem','19840519','Greece');
INSERT INTO emprega_gravacao (id_gravacao, id_pessoa) VALUES ('32','4168');
INSERT INTO pessoa (id_pessoa, tipo_documento,documento,nome,data_nascimento,nome_pais_origem) VALUES ('4169','PASS','000407783','Brogdon','19700311','Zealand');
INSERT INTO emprega_gravacao (id_gravacao, id_pessoa) VALUES ('32','4169');
INSERT INTO pessoa (id_pessoa, tipo_documento,documento,nome,data_nascimento,nome_pais_origem) VALUES ('4170','PASS','000496589','Bratton','19800514','Mongolia');
INSERT INTO emprega_gravacao (id_gravacao, id_pessoa) VALUES ('32','4170');
INSERT INTO pessoa (id_pessoa, tipo_documento,documento,nome,data_nascimento,nome_pais_origem) VALUES ('4171','PASS','000607603','Boniello','19740324','Bahamas');
INSERT INTO emprega_gravacao (id_gravacao, id_pessoa) VALUES ('32','4171');
INSERT INTO pessoa (id_pessoa, tipo_documento,documento,nome,data_nascimento,nome_pais_origem) VALUES ('4172','PASS','000312920','Biever','19760706','Peru');
INSERT INTO emprega_gravacao (id_gravacao, id_pessoa) VALUES ('32','4172');
INSERT INTO pessoa (id_pessoa, tipo_documento,documento,nome,data_nascimento,nome_pais_origem) VALUES ('4173','PASS','000810079','Edgerly','19740919','Zealand');
INSERT INTO emprega_gravacao (id_gravacao, id_pessoa) VALUES ('32','4173');
INSERT INTO pessoa (id_pessoa, tipo_documento,documento,nome,data_nascimento,nome_pais_origem) VALUES ('4174','PASS','000217559','Gomoran','19831222','Georgia');
INSERT INTO emprega_gravacao (id_gravacao, id_pessoa) VALUES ('32','4174');
INSERT INTO pessoa (id_pessoa, tipo_documento,documento,nome,data_nascimento,nome_pais_origem) VALUES ('4175','PASS','000396943','Gaudet','19790901','Sweden');
INSERT INTO emprega_gravacao (id_gravacao, id_pessoa) VALUES ('32','4175');
INSERT INTO pessoa (id_pessoa, tipo_documento,documento,nome,data_nascimento,nome_pais_origem) VALUES ('4176','PASS','000450938','Anctil','19770305','Brazil');
INSERT INTO emprega_gravacao (id_gravacao, id_pessoa) VALUES ('32','4176');
INSERT INTO pessoa (id_pessoa, tipo_documento,documento,nome,data_nascimento,nome_pais_origem) VALUES ('4177','PASS','000976680','Dacunha','19760715','Albania');
INSERT INTO emprega_gravacao (id_gravacao, id_pessoa) VALUES ('32','4177');
INSERT INTO pessoa (id_pessoa, tipo_documento,documento,nome,data_nascimento,nome_pais_origem) VALUES ('4178','PASS','000188661','Bathke','19850301','Argentina');
INSERT INTO emprega_gravacao (id_gravacao, id_pessoa) VALUES ('32','4178');
INSERT INTO pessoa (id_pessoa, tipo_documento,documento,nome,data_nascimento,nome_pais_origem) VALUES ('4179','PASS','000166597','Curle','19830218','Zealand');
INSERT INTO emprega_gravacao (id_gravacao, id_pessoa) VALUES ('32','4179');
INSERT INTO pessoa (id_pessoa, tipo_documento,documento,nome,data_nascimento,nome_pais_origem) VALUES ('4180','PASS','000719421','Eyman','19850626','Denmark');
INSERT INTO emprega_gravacao (id_gravacao, id_pessoa) VALUES ('32','4180');
INSERT INTO equipe_de_gravacao (id_gravacao,nome_empresa) VALUES ('33','WZXJEOO');
INSERT INTO pessoa (id_pessoa, tipo_documento,documento,nome,data_nascimento,nome_pais_origem) VALUES ('4181','PASS','000666870','Dunnings','19700218','France');
INSERT INTO emprega_gravacao (id_gravacao, id_pessoa) VALUES ('33','4181');
INSERT INTO pessoa (id_pessoa, tipo_documento,documento,nome,data_nascimento,nome_pais_origem) VALUES ('4182','PASS','000695966','Edholm','19740906','Germany');
INSERT INTO emprega_gravacao (id_gravacao, id_pessoa) VALUES ('33','4182');
INSERT INTO pessoa (id_pessoa, tipo_documento,documento,nome,data_nascimento,nome_pais_origem) VALUES ('4183','PASS','000865447','Felicien','19870912','Slovakia');
INSERT INTO emprega_gravacao (id_gravacao, id_pessoa) VALUES ('33','4183');
INSERT INTO pessoa (id_pessoa, tipo_documento,documento,nome,data_nascimento,nome_pais_origem) VALUES ('4184','PASS','000889323','Camden','19751220','Iran');
INSERT INTO emprega_gravacao (id_gravacao, id_pessoa) VALUES ('33','4184');
INSERT INTO pessoa (id_pessoa, tipo_documento,documento,nome,data_nascimento,nome_pais_origem) VALUES ('4185','PASS','000533285','Blacksher','19821123','Mongolia');
INSERT INTO emprega_gravacao (id_gravacao, id_pessoa) VALUES ('33','4185');
INSERT INTO pessoa (id_pessoa, tipo_documento,documento,nome,data_nascimento,nome_pais_origem) VALUES ('4186','PASS','000347787','Bolander','19770715','Arabia');
INSERT INTO emprega_gravacao (id_gravacao, id_pessoa) VALUES ('33','4186');
INSERT INTO pessoa (id_pessoa, tipo_documento,documento,nome,data_nascimento,nome_pais_origem) VALUES ('4187','PASS','000255884','Germon','19780108','Poland');
INSERT INTO emprega_gravacao (id_gravacao, id_pessoa) VALUES ('33','4187');
INSERT INTO pessoa (id_pessoa, tipo_documento,documento,nome,data_nascimento,nome_pais_origem) VALUES ('4188','PASS','000899811','Finklea','19710716','Netherlands');
INSERT INTO emprega_gravacao (id_gravacao, id_pessoa) VALUES ('33','4188');
INSERT INTO pessoa (id_pessoa, tipo_documento,documento,nome,data_nascimento,nome_pais_origem) VALUES ('4189','PASS','000750953','Delta','19800615','Chile');
INSERT INTO emprega_gravacao (id_gravacao, id_pessoa) VALUES ('33','4189');
INSERT INTO pessoa (id_pessoa, tipo_documento,documento,nome,data_nascimento,nome_pais_origem) VALUES ('4190','PASS','000863595','Foersterling','19850216','Syria');
INSERT INTO emprega_gravacao (id_gravacao, id_pessoa) VALUES ('33','4190');
INSERT INTO pessoa (id_pessoa, tipo_documento,documento,nome,data_nascimento,nome_pais_origem) VALUES ('4191','PASS','000144050','Goldfeld','19850113','Senegal');
INSERT INTO emprega_gravacao (id_gravacao, id_pessoa) VALUES ('33','4191');
INSERT INTO pessoa (id_pessoa, tipo_documento,documento,nome,data_nascimento,nome_pais_origem) VALUES ('4192','PASS','000140515','Bakkala','19730118','Colombia');
INSERT INTO emprega_gravacao (id_gravacao, id_pessoa) VALUES ('33','4192');
INSERT INTO pessoa (id_pessoa, tipo_documento,documento,nome,data_nascimento,nome_pais_origem) VALUES ('4193','PASS','000666583','Fallert','19830520','Switzerland');
INSERT INTO emprega_gravacao (id_gravacao, id_pessoa) VALUES ('33','4193');
INSERT INTO pessoa (id_pessoa, tipo_documento,documento,nome,data_nascimento,nome_pais_origem) VALUES ('4194','PASS','000317241','Croissant','19810124','Serbia');
INSERT INTO emprega_gravacao (id_gravacao, id_pessoa) VALUES ('33','4194');
INSERT INTO pessoa (id_pessoa, tipo_documento,documento,nome,data_nascimento,nome_pais_origem) VALUES ('4195','PASS','000602800','Christopoulos','19760221','Vietnam');
INSERT INTO emprega_gravacao (id_gravacao, id_pessoa) VALUES ('33','4195');
INSERT INTO pessoa (id_pessoa, tipo_documento,documento,nome,data_nascimento,nome_pais_origem) VALUES ('4196','PASS','000182586','Greaser','19840517','Denmark');
INSERT INTO emprega_gravacao (id_gravacao, id_pessoa) VALUES ('33','4196');
INSERT INTO pessoa (id_pessoa, tipo_documento,documento,nome,data_nascimento,nome_pais_origem) VALUES ('4197','PASS','000992484','Fahner','19761117','Argentina');
INSERT INTO emprega_gravacao (id_gravacao, id_pessoa) VALUES ('33','4197');
INSERT INTO pessoa (id_pessoa, tipo_documento,documento,nome,data_nascimento,nome_pais_origem) VALUES ('4198','PASS','000482571','Fedd','19770103','Saudi');
INSERT INTO emprega_gravacao (id_gravacao, id_pessoa) VALUES ('33','4198');
INSERT INTO pessoa (id_pessoa, tipo_documento,documento,nome,data_nascimento,nome_pais_origem) VALUES ('4199','PASS','000708824','Brittni','19761020','Bangladesh');
INSERT INTO emprega_gravacao (id_gravacao, id_pessoa) VALUES ('33','4199');
INSERT INTO pessoa (id_pessoa, tipo_documento,documento,nome,data_nascimento,nome_pais_origem) VALUES ('4200','PASS','000894429','Bilton','19721014','Iran');
INSERT INTO emprega_gravacao (id_gravacao, id_pessoa) VALUES ('33','4200');
INSERT INTO pessoa (id_pessoa, tipo_documento,documento,nome,data_nascimento,nome_pais_origem) VALUES ('4201','PASS','000840263','Colop','19771022','Liechtenstein');
INSERT INTO emprega_gravacao (id_gravacao, id_pessoa) VALUES ('33','4201');
INSERT INTO pessoa (id_pessoa, tipo_documento,documento,nome,data_nascimento,nome_pais_origem) VALUES ('4202','PASS','000369977','Davalos','19840627','Lithuania');
INSERT INTO emprega_gravacao (id_gravacao, id_pessoa) VALUES ('33','4202');
INSERT INTO pessoa (id_pessoa, tipo_documento,documento,nome,data_nascimento,nome_pais_origem) VALUES ('4203','PASS','000764647','Blazon','19800501','Morocco');
INSERT INTO emprega_gravacao (id_gravacao, id_pessoa) VALUES ('33','4203');
INSERT INTO pessoa (id_pessoa, tipo_documento,documento,nome,data_nascimento,nome_pais_origem) VALUES ('4204','PASS','000443785','Clemmon','19760317','Luxembourg');
INSERT INTO emprega_gravacao (id_gravacao, id_pessoa) VALUES ('33','4204');
INSERT INTO pessoa (id_pessoa, tipo_documento,documento,nome,data_nascimento,nome_pais_origem) VALUES ('4205','PASS','000818872','Duley','19820523','Angola');
INSERT INTO emprega_gravacao (id_gravacao, id_pessoa) VALUES ('33','4205');
INSERT INTO pessoa (id_pessoa, tipo_documento,documento,nome,data_nascimento,nome_pais_origem) VALUES ('4206','PASS','000141380','Goedken','19800415','Vietnam');
INSERT INTO emprega_gravacao (id_gravacao, id_pessoa) VALUES ('33','4206');
INSERT INTO pessoa (id_pessoa, tipo_documento,documento,nome,data_nascimento,nome_pais_origem) VALUES ('4207','PASS','000613099','Corbet','19760318','Slovakia');
INSERT INTO emprega_gravacao (id_gravacao, id_pessoa) VALUES ('33','4207');
INSERT INTO pessoa (id_pessoa, tipo_documento,documento,nome,data_nascimento,nome_pais_origem) VALUES ('4208','PASS','000422336','Bawner','19710207','Lithuania');
INSERT INTO emprega_gravacao (id_gravacao, id_pessoa) VALUES ('33','4208');
INSERT INTO pessoa (id_pessoa, tipo_documento,documento,nome,data_nascimento,nome_pais_origem) VALUES ('4209','PASS','000143025','Dearring','19730801','Chile');
INSERT INTO emprega_gravacao (id_gravacao, id_pessoa) VALUES ('33','4209');
INSERT INTO pessoa (id_pessoa, tipo_documento,documento,nome,data_nascimento,nome_pais_origem) VALUES ('4210','PASS','000269732','Donilon','19730319','Japan');
INSERT INTO emprega_gravacao (id_gravacao, id_pessoa) VALUES ('33','4210');
INSERT INTO pessoa (id_pessoa, tipo_documento,documento,nome,data_nascimento,nome_pais_origem) VALUES ('4211','PASS','000284711','Dana','19710226','Serbia');
INSERT INTO emprega_gravacao (id_gravacao, id_pessoa) VALUES ('33','4211');
INSERT INTO equipe_de_gravacao (id_gravacao,nome_empresa) VALUES ('34','CJCNNHT');
INSERT INTO pessoa (id_pessoa, tipo_documento,documento,nome,data_nascimento,nome_pais_origem) VALUES ('4212','PASS','000271784','Grustas','19891220','Bulgaria');
INSERT INTO emprega_gravacao (id_gravacao, id_pessoa) VALUES ('34','4212');
INSERT INTO pessoa (id_pessoa, tipo_documento,documento,nome,data_nascimento,nome_pais_origem) VALUES ('4213','PASS','000414570','Banister','19830619','Georgia');
INSERT INTO emprega_gravacao (id_gravacao, id_pessoa) VALUES ('34','4213');
INSERT INTO pessoa (id_pessoa, tipo_documento,documento,nome,data_nascimento,nome_pais_origem) VALUES ('4214','PASS','000700423','Denni','19841114','Belarus');
INSERT INTO emprega_gravacao (id_gravacao, id_pessoa) VALUES ('34','4214');
INSERT INTO pessoa (id_pessoa, tipo_documento,documento,nome,data_nascimento,nome_pais_origem) VALUES ('4215','PASS','000742453','Crumpler','19761004','Indonesia');
INSERT INTO emprega_gravacao (id_gravacao, id_pessoa) VALUES ('34','4215');
INSERT INTO pessoa (id_pessoa, tipo_documento,documento,nome,data_nascimento,nome_pais_origem) VALUES ('4216','PASS','000360889','Goold','19830408','Peru');
INSERT INTO emprega_gravacao (id_gravacao, id_pessoa) VALUES ('34','4216');
INSERT INTO pessoa (id_pessoa, tipo_documento,documento,nome,data_nascimento,nome_pais_origem) VALUES ('4217','PASS','000517544','Gehrlein','19720208','Australia');
INSERT INTO emprega_gravacao (id_gravacao, id_pessoa) VALUES ('34','4217');
INSERT INTO pessoa (id_pessoa, tipo_documento,documento,nome,data_nascimento,nome_pais_origem) VALUES ('4218','PASS','000602438','Dering','19890327','Finland');
INSERT INTO emprega_gravacao (id_gravacao, id_pessoa) VALUES ('34','4218');
INSERT INTO pessoa (id_pessoa, tipo_documento,documento,nome,data_nascimento,nome_pais_origem) VALUES ('4219','PASS','000783025','Gerena','19701122','Austria');
INSERT INTO emprega_gravacao (id_gravacao, id_pessoa) VALUES ('34','4219');
INSERT INTO pessoa (id_pessoa, tipo_documento,documento,nome,data_nascimento,nome_pais_origem) VALUES ('4220','PASS','000575975','Gerst','19810426','Algeria');
INSERT INTO emprega_gravacao (id_gravacao, id_pessoa) VALUES ('34','4220');
INSERT INTO pessoa (id_pessoa, tipo_documento,documento,nome,data_nascimento,nome_pais_origem) VALUES ('4221','PASS','000228000','Chillo','19870905','Philippines');
INSERT INTO emprega_gravacao (id_gravacao, id_pessoa) VALUES ('34','4221');
INSERT INTO pessoa (id_pessoa, tipo_documento,documento,nome,data_nascimento,nome_pais_origem) VALUES ('4222','PASS','000978483','Gorence','19780511','Mexico');
INSERT INTO emprega_gravacao (id_gravacao, id_pessoa) VALUES ('34','4222');
INSERT INTO pessoa (id_pessoa, tipo_documento,documento,nome,data_nascimento,nome_pais_origem) VALUES ('4223','PASS','000979747','Cinotto','19860501','Iran');
INSERT INTO emprega_gravacao (id_gravacao, id_pessoa) VALUES ('34','4223');
INSERT INTO pessoa (id_pessoa, tipo_documento,documento,nome,data_nascimento,nome_pais_origem) VALUES ('4224','PASS','000569532','Geigle','19860406','Bahamas');
INSERT INTO emprega_gravacao (id_gravacao, id_pessoa) VALUES ('34','4224');
INSERT INTO pessoa (id_pessoa, tipo_documento,documento,nome,data_nascimento,nome_pais_origem) VALUES ('4225','PASS','000725825','Giacomo','19820209','Mozambique');
INSERT INTO emprega_gravacao (id_gravacao, id_pessoa) VALUES ('34','4225');
INSERT INTO pessoa (id_pessoa, tipo_documento,documento,nome,data_nascimento,nome_pais_origem) VALUES ('4226','PASS','000721336','Chadsey','19810405','Brazil');
INSERT INTO emprega_gravacao (id_gravacao, id_pessoa) VALUES ('34','4226');
INSERT INTO pessoa (id_pessoa, tipo_documento,documento,nome,data_nascimento,nome_pais_origem) VALUES ('4227','PASS','000873006','Gonsalues','19870923','Bangladesh');
INSERT INTO emprega_gravacao (id_gravacao, id_pessoa) VALUES ('34','4227');
INSERT INTO pessoa (id_pessoa, tipo_documento,documento,nome,data_nascimento,nome_pais_origem) VALUES ('4228','PASS','000515188','Cancer','19781116','Brazil');
INSERT INTO emprega_gravacao (id_gravacao, id_pessoa) VALUES ('34','4228');
INSERT INTO pessoa (id_pessoa, tipo_documento,documento,nome,data_nascimento,nome_pais_origem) VALUES ('4229','PASS','000604949','Criton','19880721','Zealand');
INSERT INTO emprega_gravacao (id_gravacao, id_pessoa) VALUES ('34','4229');
INSERT INTO pessoa (id_pessoa, tipo_documento,documento,nome,data_nascimento,nome_pais_origem) VALUES ('4230','PASS','000259148','Dequattro','19710308','Iraq');
INSERT INTO emprega_gravacao (id_gravacao, id_pessoa) VALUES ('34','4230');
INSERT INTO pessoa (id_pessoa, tipo_documento,documento,nome,data_nascimento,nome_pais_origem) VALUES ('4231','PASS','000563057','Arlington','19870527','Liechtenstein');
INSERT INTO emprega_gravacao (id_gravacao, id_pessoa) VALUES ('34','4231');
INSERT INTO pessoa (id_pessoa, tipo_documento,documento,nome,data_nascimento,nome_pais_origem) VALUES ('4232','PASS','000838344','Blada','19760308','Mongolia');
INSERT INTO emprega_gravacao (id_gravacao, id_pessoa) VALUES ('34','4232');
INSERT INTO pessoa (id_pessoa, tipo_documento,documento,nome,data_nascimento,nome_pais_origem) VALUES ('4233','PASS','000584303','Bridjmohan','19850806','Georgia');
INSERT INTO emprega_gravacao (id_gravacao, id_pessoa) VALUES ('34','4233');
INSERT INTO pessoa (id_pessoa, tipo_documento,documento,nome,data_nascimento,nome_pais_origem) VALUES ('4234','PASS','000606061','Alberta','19790219','Egypt');
INSERT INTO emprega_gravacao (id_gravacao, id_pessoa) VALUES ('34','4234');
INSERT INTO pessoa (id_pessoa, tipo_documento,documento,nome,data_nascimento,nome_pais_origem) VALUES ('4235','PASS','000598895','Bunce','19870615','Italy');
INSERT INTO emprega_gravacao (id_gravacao, id_pessoa) VALUES ('34','4235');
INSERT INTO pessoa (id_pessoa, tipo_documento,documento,nome,data_nascimento,nome_pais_origem) VALUES ('4236','PASS','000248682','Bastidos','19721025','Sweden');
INSERT INTO emprega_gravacao (id_gravacao, id_pessoa) VALUES ('34','4236');
INSERT INTO pessoa (id_pessoa, tipo_documento,documento,nome,data_nascimento,nome_pais_origem) VALUES ('4237','PASS','000984069','Creach','19830310','Serbia');
INSERT INTO emprega_gravacao (id_gravacao, id_pessoa) VALUES ('34','4237');
INSERT INTO pessoa (id_pessoa, tipo_documento,documento,nome,data_nascimento,nome_pais_origem) VALUES ('4238','PASS','000480093','Bolig','19800708','Bahrain');
INSERT INTO emprega_gravacao (id_gravacao, id_pessoa) VALUES ('34','4238');
INSERT INTO pessoa (id_pessoa, tipo_documento,documento,nome,data_nascimento,nome_pais_origem) VALUES ('4239','PASS','000607505','Bushrod','19730225','Georgia');
INSERT INTO emprega_gravacao (id_gravacao, id_pessoa) VALUES ('34','4239');
INSERT INTO pessoa (id_pessoa, tipo_documento,documento,nome,data_nascimento,nome_pais_origem) VALUES ('4240','PASS','000738701','Arnell','19740504','Portugal');
INSERT INTO emprega_gravacao (id_gravacao, id_pessoa) VALUES ('34','4240');
INSERT INTO pessoa (id_pessoa, tipo_documento,documento,nome,data_nascimento,nome_pais_origem) VALUES ('4241','PASS','000514843','Freeberg','19770913','Bangladesh');
INSERT INTO emprega_gravacao (id_gravacao, id_pessoa) VALUES ('34','4241');
INSERT INTO pessoa (id_pessoa, tipo_documento,documento,nome,data_nascimento,nome_pais_origem) VALUES ('4242','PASS','000195035','Cadiz','19760613','Uruguay');
INSERT INTO emprega_gravacao (id_gravacao, id_pessoa) VALUES ('34','4242');
INSERT INTO equipe_de_gravacao (id_gravacao,nome_empresa) VALUES ('35','USLENOI');
INSERT INTO pessoa (id_pessoa, tipo_documento,documento,nome,data_nascimento,nome_pais_origem) VALUES ('4243','PASS','000114331','Gidwani','19801022','Austria');
INSERT INTO emprega_gravacao (id_gravacao, id_pessoa) VALUES ('35','4243');
INSERT INTO pessoa (id_pessoa, tipo_documento,documento,nome,data_nascimento,nome_pais_origem) VALUES ('4244','PASS','000873989','Ellebracht','19780702','Albania');
INSERT INTO emprega_gravacao (id_gravacao, id_pessoa) VALUES ('35','4244');
INSERT INTO pessoa (id_pessoa, tipo_documento,documento,nome,data_nascimento,nome_pais_origem) VALUES ('4245','PASS','000801547','Frusciante','19820625','Croatia');
INSERT INTO emprega_gravacao (id_gravacao, id_pessoa) VALUES ('35','4245');
INSERT INTO pessoa (id_pessoa, tipo_documento,documento,nome,data_nascimento,nome_pais_origem) VALUES ('4246','PASS','000138562','Griffin','19850103','Armenia');
INSERT INTO emprega_gravacao (id_gravacao, id_pessoa) VALUES ('35','4246');
INSERT INTO pessoa (id_pessoa, tipo_documento,documento,nome,data_nascimento,nome_pais_origem) VALUES ('4247','PASS','000446938','Acly','19821008','Chile');
INSERT INTO emprega_gravacao (id_gravacao, id_pessoa) VALUES ('35','4247');
INSERT INTO pessoa (id_pessoa, tipo_documento,documento,nome,data_nascimento,nome_pais_origem) VALUES ('4248','PASS','000723304','Casareno','19820720','Portugal');
INSERT INTO emprega_gravacao (id_gravacao, id_pessoa) VALUES ('35','4248');
INSERT INTO pessoa (id_pessoa, tipo_documento,documento,nome,data_nascimento,nome_pais_origem) VALUES ('4249','PASS','000969353','Bolante','19720809','Iraq');
INSERT INTO emprega_gravacao (id_gravacao, id_pessoa) VALUES ('35','4249');
INSERT INTO pessoa (id_pessoa, tipo_documento,documento,nome,data_nascimento,nome_pais_origem) VALUES ('4250','PASS','000312655','Ensey','19780506','Romania');
INSERT INTO emprega_gravacao (id_gravacao, id_pessoa) VALUES ('35','4250');
INSERT INTO pessoa (id_pessoa, tipo_documento,documento,nome,data_nascimento,nome_pais_origem) VALUES ('4251','PASS','000746678','Adachi','19800321','Thailand');
INSERT INTO emprega_gravacao (id_gravacao, id_pessoa) VALUES ('35','4251');
INSERT INTO pessoa (id_pessoa, tipo_documento,documento,nome,data_nascimento,nome_pais_origem) VALUES ('4252','PASS','000292245','Armor','19711210','Angola');
INSERT INTO emprega_gravacao (id_gravacao, id_pessoa) VALUES ('35','4252');
INSERT INTO pessoa (id_pessoa, tipo_documento,documento,nome,data_nascimento,nome_pais_origem) VALUES ('4253','PASS','000184517','Ainsworth','19740703','Indonesia');
INSERT INTO emprega_gravacao (id_gravacao, id_pessoa) VALUES ('35','4253');
INSERT INTO pessoa (id_pessoa, tipo_documento,documento,nome,data_nascimento,nome_pais_origem) VALUES ('4254','PASS','000510485','Fuest','19820608','Italy');
INSERT INTO emprega_gravacao (id_gravacao, id_pessoa) VALUES ('35','4254');
INSERT INTO pessoa (id_pessoa, tipo_documento,documento,nome,data_nascimento,nome_pais_origem) VALUES ('4255','PASS','000887290','Brendel','19700612','Hungary');
INSERT INTO emprega_gravacao (id_gravacao, id_pessoa) VALUES ('35','4255');
INSERT INTO pessoa (id_pessoa, tipo_documento,documento,nome,data_nascimento,nome_pais_origem) VALUES ('4256','PASS','000871475','Burrow','19761121','Mozambique');
INSERT INTO emprega_gravacao (id_gravacao, id_pessoa) VALUES ('35','4256');
INSERT INTO pessoa (id_pessoa, tipo_documento,documento,nome,data_nascimento,nome_pais_origem) VALUES ('4257','PASS','000167853','Daquilante','19870111','Egypt');
INSERT INTO emprega_gravacao (id_gravacao, id_pessoa) VALUES ('35','4257');
INSERT INTO pessoa (id_pessoa, tipo_documento,documento,nome,data_nascimento,nome_pais_origem) VALUES ('4258','PASS','000614583','Grala','19720426','New');
INSERT INTO emprega_gravacao (id_gravacao, id_pessoa) VALUES ('35','4258');
INSERT INTO pessoa (id_pessoa, tipo_documento,documento,nome,data_nascimento,nome_pais_origem) VALUES ('4259','PASS','000543301','Debenedittis','19890522','Romania');
INSERT INTO emprega_gravacao (id_gravacao, id_pessoa) VALUES ('35','4259');
INSERT INTO pessoa (id_pessoa, tipo_documento,documento,nome,data_nascimento,nome_pais_origem) VALUES ('4260','PASS','000154402','Crehan','19740820','Bangladesh');
INSERT INTO emprega_gravacao (id_gravacao, id_pessoa) VALUES ('35','4260');
INSERT INTO pessoa (id_pessoa, tipo_documento,documento,nome,data_nascimento,nome_pais_origem) VALUES ('4261','PASS','000110493','Deneen','19710414','Arabia');
INSERT INTO emprega_gravacao (id_gravacao, id_pessoa) VALUES ('35','4261');
INSERT INTO pessoa (id_pessoa, tipo_documento,documento,nome,data_nascimento,nome_pais_origem) VALUES ('4262','PASS','000379486','Brachle','19890212','Egypt');
INSERT INTO emprega_gravacao (id_gravacao, id_pessoa) VALUES ('35','4262');
INSERT INTO pessoa (id_pessoa, tipo_documento,documento,nome,data_nascimento,nome_pais_origem) VALUES ('4263','PASS','000491672','Bennerman','19840319','Argentina');
INSERT INTO emprega_gravacao (id_gravacao, id_pessoa) VALUES ('35','4263');
INSERT INTO equipe_de_gravacao (id_gravacao,nome_empresa) VALUES ('36','XJIXUAO');
INSERT INTO pessoa (id_pessoa, tipo_documento,documento,nome,data_nascimento,nome_pais_origem) VALUES ('4264','PASS','000401172','Charles','19840715','Philippines');
INSERT INTO emprega_gravacao (id_gravacao, id_pessoa) VALUES ('36','4264');
INSERT INTO pessoa (id_pessoa, tipo_documento,documento,nome,data_nascimento,nome_pais_origem) VALUES ('4265','PASS','000180273','Bemer','19750304','Denmark');
INSERT INTO emprega_gravacao (id_gravacao, id_pessoa) VALUES ('36','4265');
INSERT INTO pessoa (id_pessoa, tipo_documento,documento,nome,data_nascimento,nome_pais_origem) VALUES ('4266','PASS','000893577','Benejan','19890105','Indonesia');
INSERT INTO emprega_gravacao (id_gravacao, id_pessoa) VALUES ('36','4266');
INSERT INTO pessoa (id_pessoa, tipo_documento,documento,nome,data_nascimento,nome_pais_origem) VALUES ('4267','PASS','000696160','Filgo','19761205','Nepal');
INSERT INTO emprega_gravacao (id_gravacao, id_pessoa) VALUES ('36','4267');
INSERT INTO pessoa (id_pessoa, tipo_documento,documento,nome,data_nascimento,nome_pais_origem) VALUES ('4268','PASS','000950845','Campas','19781121','Singapore');
INSERT INTO emprega_gravacao (id_gravacao, id_pessoa) VALUES ('36','4268');
INSERT INTO pessoa (id_pessoa, tipo_documento,documento,nome,data_nascimento,nome_pais_origem) VALUES ('4269','PASS','000599308','Carles','19810814','Barbados');
INSERT INTO emprega_gravacao (id_gravacao, id_pessoa) VALUES ('36','4269');
INSERT INTO pessoa (id_pessoa, tipo_documento,documento,nome,data_nascimento,nome_pais_origem) VALUES ('4270','PASS','000797811','Christia','19810511','Italy');
INSERT INTO emprega_gravacao (id_gravacao, id_pessoa) VALUES ('36','4270');
INSERT INTO pessoa (id_pessoa, tipo_documento,documento,nome,data_nascimento,nome_pais_origem) VALUES ('4271','PASS','000236486','Backhaus','19780621','Slovakia');
INSERT INTO emprega_gravacao (id_gravacao, id_pessoa) VALUES ('36','4271');
INSERT INTO pessoa (id_pessoa, tipo_documento,documento,nome,data_nascimento,nome_pais_origem) VALUES ('4272','PASS','000619990','Deibler','19700622','Azerbaijan');
INSERT INTO emprega_gravacao (id_gravacao, id_pessoa) VALUES ('36','4272');
INSERT INTO pessoa (id_pessoa, tipo_documento,documento,nome,data_nascimento,nome_pais_origem) VALUES ('4273','PASS','000866548','Batzli','19750518','Slovakia');
INSERT INTO emprega_gravacao (id_gravacao, id_pessoa) VALUES ('36','4273');
INSERT INTO pessoa (id_pessoa, tipo_documento,documento,nome,data_nascimento,nome_pais_origem) VALUES ('4274','PASS','000828093','Flether','19821201','Mozambique');
INSERT INTO emprega_gravacao (id_gravacao, id_pessoa) VALUES ('36','4274');
INSERT INTO pessoa (id_pessoa, tipo_documento,documento,nome,data_nascimento,nome_pais_origem) VALUES ('4275','PASS','000610468','Burrough','19710818','Nicaragua');
INSERT INTO emprega_gravacao (id_gravacao, id_pessoa) VALUES ('36','4275');
INSERT INTO pessoa (id_pessoa, tipo_documento,documento,nome,data_nascimento,nome_pais_origem) VALUES ('4276','PASS','000538396','Alexandre','19781001','Serbia');
INSERT INTO emprega_gravacao (id_gravacao, id_pessoa) VALUES ('36','4276');
INSERT INTO pessoa (id_pessoa, tipo_documento,documento,nome,data_nascimento,nome_pais_origem) VALUES ('4277','PASS','000338637','Grennan','19761006','Chad');
INSERT INTO emprega_gravacao (id_gravacao, id_pessoa) VALUES ('36','4277');
INSERT INTO pessoa (id_pessoa, tipo_documento,documento,nome,data_nascimento,nome_pais_origem) VALUES ('4278','PASS','000412122','Fout','19740415','Norway');
INSERT INTO emprega_gravacao (id_gravacao, id_pessoa) VALUES ('36','4278');
INSERT INTO pessoa (id_pessoa, tipo_documento,documento,nome,data_nascimento,nome_pais_origem) VALUES ('4279','PASS','000125284','Casuat','19741017','Rica');
INSERT INTO emprega_gravacao (id_gravacao, id_pessoa) VALUES ('36','4279');
INSERT INTO pessoa (id_pessoa, tipo_documento,documento,nome,data_nascimento,nome_pais_origem) VALUES ('4280','PASS','000151152','Greason','19701013','Egypt');
INSERT INTO emprega_gravacao (id_gravacao, id_pessoa) VALUES ('36','4280');
INSERT INTO pessoa (id_pessoa, tipo_documento,documento,nome,data_nascimento,nome_pais_origem) VALUES ('4281','PASS','000834813','Grismore','19820708','Mexico');
INSERT INTO emprega_gravacao (id_gravacao, id_pessoa) VALUES ('36','4281');
INSERT INTO pessoa (id_pessoa, tipo_documento,documento,nome,data_nascimento,nome_pais_origem) VALUES ('4282','PASS','000300966','Callinan','19710115','Slovakia');
INSERT INTO emprega_gravacao (id_gravacao, id_pessoa) VALUES ('36','4282');
INSERT INTO pessoa (id_pessoa, tipo_documento,documento,nome,data_nascimento,nome_pais_origem) VALUES ('4283','PASS','000548487','Amauty','19891224','Portugal');
INSERT INTO emprega_gravacao (id_gravacao, id_pessoa) VALUES ('36','4283');
INSERT INTO pessoa (id_pessoa, tipo_documento,documento,nome,data_nascimento,nome_pais_origem) VALUES ('4284','PASS','000324828','Fleitman','19790227','Spain');
INSERT INTO emprega_gravacao (id_gravacao, id_pessoa) VALUES ('36','4284');
INSERT INTO pessoa (id_pessoa, tipo_documento,documento,nome,data_nascimento,nome_pais_origem) VALUES ('4285','PASS','000803269','Gogel','19741123','Albania');
INSERT INTO emprega_gravacao (id_gravacao, id_pessoa) VALUES ('36','4285');
INSERT INTO pessoa (id_pessoa, tipo_documento,documento,nome,data_nascimento,nome_pais_origem) VALUES ('4286','PASS','000120341','Angulo','19850227','France');
INSERT INTO emprega_gravacao (id_gravacao, id_pessoa) VALUES ('36','4286');
INSERT INTO pessoa (id_pessoa, tipo_documento,documento,nome,data_nascimento,nome_pais_origem) VALUES ('4287','PASS','000766146','Armendarez','19710401','Mozambique');
INSERT INTO emprega_gravacao (id_gravacao, id_pessoa) VALUES ('36','4287');
INSERT INTO pessoa (id_pessoa, tipo_documento,documento,nome,data_nascimento,nome_pais_origem) VALUES ('4288','PASS','000718135','Banh','19700116','Mexico');
INSERT INTO emprega_gravacao (id_gravacao, id_pessoa) VALUES ('36','4288');
INSERT INTO pessoa (id_pessoa, tipo_documento,documento,nome,data_nascimento,nome_pais_origem) VALUES ('4289','PASS','000286156','Gingery','19721213','Belarus');
INSERT INTO emprega_gravacao (id_gravacao, id_pessoa) VALUES ('36','4289');
INSERT INTO pessoa (id_pessoa, tipo_documento,documento,nome,data_nascimento,nome_pais_origem) VALUES ('4290','PASS','000194208','Ellyson','19740327','Uzbekistan');
INSERT INTO emprega_gravacao (id_gravacao, id_pessoa) VALUES ('36','4290');
INSERT INTO pessoa (id_pessoa, tipo_documento,documento,nome,data_nascimento,nome_pais_origem) VALUES ('4291','PASS','000293335','Breiling','19720410','Brazil');
INSERT INTO emprega_gravacao (id_gravacao, id_pessoa) VALUES ('36','4291');
INSERT INTO equipe_de_gravacao (id_gravacao,nome_empresa) VALUES ('37','VXBGQUE');
INSERT INTO pessoa (id_pessoa, tipo_documento,documento,nome,data_nascimento,nome_pais_origem) VALUES ('4292','PASS','000715982','Beynon','19730807','Vietnam');
INSERT INTO emprega_gravacao (id_gravacao, id_pessoa) VALUES ('37','4292');
INSERT INTO pessoa (id_pessoa, tipo_documento,documento,nome,data_nascimento,nome_pais_origem) VALUES ('4293','PASS','000796602','Barrell','19861224','Bahamas');
INSERT INTO emprega_gravacao (id_gravacao, id_pessoa) VALUES ('37','4293');
INSERT INTO pessoa (id_pessoa, tipo_documento,documento,nome,data_nascimento,nome_pais_origem) VALUES ('4294','PASS','000792401','Brantly','19801211','Romania');
INSERT INTO emprega_gravacao (id_gravacao, id_pessoa) VALUES ('37','4294');
INSERT INTO pessoa (id_pessoa, tipo_documento,documento,nome,data_nascimento,nome_pais_origem) VALUES ('4295','PASS','000442298','Earl','19850112','Monaco');
INSERT INTO emprega_gravacao (id_gravacao, id_pessoa) VALUES ('37','4295');
INSERT INTO equipe_de_gravacao (id_gravacao,nome_empresa) VALUES ('38','XQFAOAC');
INSERT INTO pessoa (id_pessoa, tipo_documento,documento,nome,data_nascimento,nome_pais_origem) VALUES ('4296','PASS','000740455','Garczynski','19801115','Georgia');
INSERT INTO emprega_gravacao (id_gravacao, id_pessoa) VALUES ('38','4296');
INSERT INTO equipe_de_gravacao (id_gravacao,nome_empresa) VALUES ('39','FAACTWV');
INSERT INTO pessoa (id_pessoa, tipo_documento,documento,nome,data_nascimento,nome_pais_origem) VALUES ('4297','PASS','000456741','Dedier','19860627','Slovakia');
INSERT INTO emprega_gravacao (id_gravacao, id_pessoa) VALUES ('39','4297');
INSERT INTO pessoa (id_pessoa, tipo_documento,documento,nome,data_nascimento,nome_pais_origem) VALUES ('4298','PASS','000424672','Avella','19700522','Austria');
INSERT INTO emprega_gravacao (id_gravacao, id_pessoa) VALUES ('39','4298');
INSERT INTO pessoa (id_pessoa, tipo_documento,documento,nome,data_nascimento,nome_pais_origem) VALUES ('4299','PASS','000187734','Erker','19750301','China');
INSERT INTO emprega_gravacao (id_gravacao, id_pessoa) VALUES ('39','4299');
INSERT INTO pessoa (id_pessoa, tipo_documento,documento,nome,data_nascimento,nome_pais_origem) VALUES ('4300','PASS','000821942','Champine','19811002','Monaco');
INSERT INTO emprega_gravacao (id_gravacao, id_pessoa) VALUES ('39','4300');
INSERT INTO pessoa (id_pessoa, tipo_documento,documento,nome,data_nascimento,nome_pais_origem) VALUES ('4301','PASS','000738044','Glade','19760213','Australia');
INSERT INTO emprega_gravacao (id_gravacao, id_pessoa) VALUES ('39','4301');
INSERT INTO pessoa (id_pessoa, tipo_documento,documento,nome,data_nascimento,nome_pais_origem) VALUES ('4302','PASS','000859139','Collaer','19831210','Lithuania');
INSERT INTO emprega_gravacao (id_gravacao, id_pessoa) VALUES ('39','4302');
INSERT INTO pessoa (id_pessoa, tipo_documento,documento,nome,data_nascimento,nome_pais_origem) VALUES ('4303','PASS','000613851','Derouin','19790401','Mozambique');
INSERT INTO emprega_gravacao (id_gravacao, id_pessoa) VALUES ('39','4303');
INSERT INTO pessoa (id_pessoa, tipo_documento,documento,nome,data_nascimento,nome_pais_origem) VALUES ('4304','PASS','000402928','Cerda','19751122','Bahrain');
INSERT INTO emprega_gravacao (id_gravacao, id_pessoa) VALUES ('39','4304');
INSERT INTO pessoa (id_pessoa, tipo_documento,documento,nome,data_nascimento,nome_pais_origem) VALUES ('4305','PASS','000764945','Brees','19731105','Nepal');
INSERT INTO emprega_gravacao (id_gravacao, id_pessoa) VALUES ('39','4305');
INSERT INTO pessoa (id_pessoa, tipo_documento,documento,nome,data_nascimento,nome_pais_origem) VALUES ('4306','PASS','000930672','Belloma','19761114','Mexico');
INSERT INTO emprega_gravacao (id_gravacao, id_pessoa) VALUES ('39','4306');
INSERT INTO pessoa (id_pessoa, tipo_documento,documento,nome,data_nascimento,nome_pais_origem) VALUES ('4307','PASS','000272071','Antionette','19890823','Cuba');
INSERT INTO emprega_gravacao (id_gravacao, id_pessoa) VALUES ('39','4307');
INSERT INTO pessoa (id_pessoa, tipo_documento,documento,nome,data_nascimento,nome_pais_origem) VALUES ('4308','PASS','000314201','Bournes','19730618','Argentina');
INSERT INTO emprega_gravacao (id_gravacao, id_pessoa) VALUES ('39','4308');
INSERT INTO pessoa (id_pessoa, tipo_documento,documento,nome,data_nascimento,nome_pais_origem) VALUES ('4309','PASS','000664946','Colford','19890111','Cuba');
INSERT INTO emprega_gravacao (id_gravacao, id_pessoa) VALUES ('39','4309');
INSERT INTO pessoa (id_pessoa, tipo_documento,documento,nome,data_nascimento,nome_pais_origem) VALUES ('4310','PASS','000688453','Follmer','19730702','Afghanistan');
INSERT INTO emprega_gravacao (id_gravacao, id_pessoa) VALUES ('39','4310');
INSERT INTO pessoa (id_pessoa, tipo_documento,documento,nome,data_nascimento,nome_pais_origem) VALUES ('4311','PASS','000693187','Dezan','19790807','Mexico');
INSERT INTO emprega_gravacao (id_gravacao, id_pessoa) VALUES ('39','4311');
INSERT INTO pessoa (id_pessoa, tipo_documento,documento,nome,data_nascimento,nome_pais_origem) VALUES ('4312','PASS','000870374','Brashear','19740308','Luxembourg');
INSERT INTO emprega_gravacao (id_gravacao, id_pessoa) VALUES ('39','4312');
INSERT INTO pessoa (id_pessoa, tipo_documento,documento,nome,data_nascimento,nome_pais_origem) VALUES ('4313','PASS','000577246','Condo','19700920','Arabia');
INSERT INTO emprega_gravacao (id_gravacao, id_pessoa) VALUES ('39','4313');
INSERT INTO pessoa (id_pessoa, tipo_documento,documento,nome,data_nascimento,nome_pais_origem) VALUES ('4314','PASS','000894668','Desautels','19760604','Slovakia');
INSERT INTO emprega_gravacao (id_gravacao, id_pessoa) VALUES ('39','4314');
INSERT INTO pessoa (id_pessoa, tipo_documento,documento,nome,data_nascimento,nome_pais_origem) VALUES ('4315','PASS','000399736','Bruker','19771208','Mexico');
INSERT INTO emprega_gravacao (id_gravacao, id_pessoa) VALUES ('39','4315');
INSERT INTO pessoa (id_pessoa, tipo_documento,documento,nome,data_nascimento,nome_pais_origem) VALUES ('4316','PASS','000437636','Dinius','19710518','Arabia');
INSERT INTO emprega_gravacao (id_gravacao, id_pessoa) VALUES ('39','4316');
INSERT INTO pessoa (id_pessoa, tipo_documento,documento,nome,data_nascimento,nome_pais_origem) VALUES ('4317','PASS','000430255','Balsis','19820601','Peru');
INSERT INTO emprega_gravacao (id_gravacao, id_pessoa) VALUES ('39','4317');
INSERT INTO pessoa (id_pessoa, tipo_documento,documento,nome,data_nascimento,nome_pais_origem) VALUES ('4318','PASS','000626126','Glodo','19820112','Uruguay');
INSERT INTO emprega_gravacao (id_gravacao, id_pessoa) VALUES ('39','4318');
INSERT INTO equipe_de_gravacao (id_gravacao,nome_empresa) VALUES ('40','ZCRWHXV');
INSERT INTO pessoa (id_pessoa, tipo_documento,documento,nome,data_nascimento,nome_pais_origem) VALUES ('4319','PASS','000733211','Cacciola','19740813','Barbados');
INSERT INTO emprega_gravacao (id_gravacao, id_pessoa) VALUES ('40','4319');
INSERT INTO pessoa (id_pessoa, tipo_documento,documento,nome,data_nascimento,nome_pais_origem) VALUES ('4320','PASS','000222205','Ackison','19720127','Mongolia');
INSERT INTO emprega_gravacao (id_gravacao, id_pessoa) VALUES ('40','4320');
INSERT INTO equipe_de_gravacao (id_gravacao,nome_empresa) VALUES ('41','QGAXGUX');
INSERT INTO pessoa (id_pessoa, tipo_documento,documento,nome,data_nascimento,nome_pais_origem) VALUES ('4321','PASS','000461908','Dicello','19851108','Switzerland');
INSERT INTO emprega_gravacao (id_gravacao, id_pessoa) VALUES ('41','4321');
INSERT INTO pessoa (id_pessoa, tipo_documento,documento,nome,data_nascimento,nome_pais_origem) VALUES ('4322','PASS','000415579','Fitzner','19870305','Armenia');
INSERT INTO emprega_gravacao (id_gravacao, id_pessoa) VALUES ('41','4322');
INSERT INTO pessoa (id_pessoa, tipo_documento,documento,nome,data_nascimento,nome_pais_origem) VALUES ('4323','PASS','000210942','Albea','19860520','France');
INSERT INTO emprega_gravacao (id_gravacao, id_pessoa) VALUES ('41','4323');
INSERT INTO pessoa (id_pessoa, tipo_documento,documento,nome,data_nascimento,nome_pais_origem) VALUES ('4324','PASS','000423652','Edelen','19750821','Mongolia');
INSERT INTO emprega_gravacao (id_gravacao, id_pessoa) VALUES ('41','4324');
INSERT INTO pessoa (id_pessoa, tipo_documento,documento,nome,data_nascimento,nome_pais_origem) VALUES ('4325','PASS','000377346','Bortignon','19890127','Thailand');
INSERT INTO emprega_gravacao (id_gravacao, id_pessoa) VALUES ('41','4325');
INSERT INTO pessoa (id_pessoa, tipo_documento,documento,nome,data_nascimento,nome_pais_origem) VALUES ('4326','PASS','000641446','Botting','19720503','Chile');
INSERT INTO emprega_gravacao (id_gravacao, id_pessoa) VALUES ('41','4326');
INSERT INTO pessoa (id_pessoa, tipo_documento,documento,nome,data_nascimento,nome_pais_origem) VALUES ('4327','PASS','000435154','Becerra','19811215','Nepal');
INSERT INTO emprega_gravacao (id_gravacao, id_pessoa) VALUES ('41','4327');
INSERT INTO pessoa (id_pessoa, tipo_documento,documento,nome,data_nascimento,nome_pais_origem) VALUES ('4328','PASS','000647843','Dirosa','19870202','Azerbaijan');
INSERT INTO emprega_gravacao (id_gravacao, id_pessoa) VALUES ('41','4328');
INSERT INTO pessoa (id_pessoa, tipo_documento,documento,nome,data_nascimento,nome_pais_origem) VALUES ('4329','PASS','000824924','Colesar','19890622','Lithuania');
INSERT INTO emprega_gravacao (id_gravacao, id_pessoa) VALUES ('41','4329');
INSERT INTO pessoa (id_pessoa, tipo_documento,documento,nome,data_nascimento,nome_pais_origem) VALUES ('4330','PASS','000139855','Ebel','19820923','Finland');
INSERT INTO emprega_gravacao (id_gravacao, id_pessoa) VALUES ('41','4330');
INSERT INTO pessoa (id_pessoa, tipo_documento,documento,nome,data_nascimento,nome_pais_origem) VALUES ('4331','PASS','000747256','Affeltranger','19850920','Germany');
INSERT INTO emprega_gravacao (id_gravacao, id_pessoa) VALUES ('41','4331');
INSERT INTO pessoa (id_pessoa, tipo_documento,documento,nome,data_nascimento,nome_pais_origem) VALUES ('4332','PASS','000374727','Ahlquist','19730221','Azerbaijan');
INSERT INTO emprega_gravacao (id_gravacao, id_pessoa) VALUES ('41','4332');
INSERT INTO pessoa (id_pessoa, tipo_documento,documento,nome,data_nascimento,nome_pais_origem) VALUES ('4333','PASS','000944838','Castellon','19820913','Philippines');
INSERT INTO emprega_gravacao (id_gravacao, id_pessoa) VALUES ('41','4333');
INSERT INTO pessoa (id_pessoa, tipo_documento,documento,nome,data_nascimento,nome_pais_origem) VALUES ('4334','PASS','000654625','Alberg','19730219','Peru');
INSERT INTO emprega_gravacao (id_gravacao, id_pessoa) VALUES ('41','4334');
INSERT INTO pessoa (id_pessoa, tipo_documento,documento,nome,data_nascimento,nome_pais_origem) VALUES ('4335','PASS','000430157','Acosto','19770804','Mexico');
INSERT INTO emprega_gravacao (id_gravacao, id_pessoa) VALUES ('41','4335');
INSERT INTO pessoa (id_pessoa, tipo_documento,documento,nome,data_nascimento,nome_pais_origem) VALUES ('4336','PASS','000405786','Bliske','19711221','Mexico');
INSERT INTO emprega_gravacao (id_gravacao, id_pessoa) VALUES ('41','4336');
INSERT INTO pessoa (id_pessoa, tipo_documento,documento,nome,data_nascimento,nome_pais_origem) VALUES ('4337','PASS','000600491','Benedict','19750110','Chile');
INSERT INTO emprega_gravacao (id_gravacao, id_pessoa) VALUES ('41','4337');
INSERT INTO pessoa (id_pessoa, tipo_documento,documento,nome,data_nascimento,nome_pais_origem) VALUES ('4338','PASS','000124072','Guedes','19840413','Iraq');
INSERT INTO emprega_gravacao (id_gravacao, id_pessoa) VALUES ('41','4338');
INSERT INTO pessoa (id_pessoa, tipo_documento,documento,nome,data_nascimento,nome_pais_origem) VALUES ('4339','PASS','000378259','Abalos','19791117','Bulgaria');
INSERT INTO emprega_gravacao (id_gravacao, id_pessoa) VALUES ('41','4339');
INSERT INTO pessoa (id_pessoa, tipo_documento,documento,nome,data_nascimento,nome_pais_origem) VALUES ('4340','PASS','000371213','Arlia','19750401','Italy');
INSERT INTO emprega_gravacao (id_gravacao, id_pessoa) VALUES ('41','4340');
INSERT INTO pessoa (id_pessoa, tipo_documento,documento,nome,data_nascimento,nome_pais_origem) VALUES ('4341','PASS','000880069','Dikens','19721122','Monaco');
INSERT INTO emprega_gravacao (id_gravacao, id_pessoa) VALUES ('41','4341');
INSERT INTO pessoa (id_pessoa, tipo_documento,documento,nome,data_nascimento,nome_pais_origem) VALUES ('4342','PASS','000375829','Drorbaugh','19880627','Iraq');
INSERT INTO emprega_gravacao (id_gravacao, id_pessoa) VALUES ('41','4342');
INSERT INTO pessoa (id_pessoa, tipo_documento,documento,nome,data_nascimento,nome_pais_origem) VALUES ('4343','PASS','000886154','Gayles','19830601','Uzbekistan');
INSERT INTO emprega_gravacao (id_gravacao, id_pessoa) VALUES ('41','4343');
INSERT INTO pessoa (id_pessoa, tipo_documento,documento,nome,data_nascimento,nome_pais_origem) VALUES ('4344','PASS','000412893','Agarwal','19840623','Rica');
INSERT INTO emprega_gravacao (id_gravacao, id_pessoa) VALUES ('41','4344');
INSERT INTO pessoa (id_pessoa, tipo_documento,documento,nome,data_nascimento,nome_pais_origem) VALUES ('4345','PASS','000800520','Cannuli','19740807','Croatia');
INSERT INTO emprega_gravacao (id_gravacao, id_pessoa) VALUES ('41','4345');
INSERT INTO pessoa (id_pessoa, tipo_documento,documento,nome,data_nascimento,nome_pais_origem) VALUES ('4346','PASS','000464093','Biedrzycki','19820424','Slovakia');
INSERT INTO emprega_gravacao (id_gravacao, id_pessoa) VALUES ('41','4346');
INSERT INTO pessoa (id_pessoa, tipo_documento,documento,nome,data_nascimento,nome_pais_origem) VALUES ('4347','PASS','000998431','Absalon','19740402','Zealand');
INSERT INTO emprega_gravacao (id_gravacao, id_pessoa) VALUES ('41','4347');
INSERT INTO equipe_de_gravacao (id_gravacao,nome_empresa) VALUES ('42','ORLUCYV');
INSERT INTO pessoa (id_pessoa, tipo_documento,documento,nome,data_nascimento,nome_pais_origem) VALUES ('4348','PASS','000784775','Fondow','19721224','Turkey');
INSERT INTO emprega_gravacao (id_gravacao, id_pessoa) VALUES ('42','4348');
INSERT INTO pessoa (id_pessoa, tipo_documento,documento,nome,data_nascimento,nome_pais_origem) VALUES ('4349','PASS','000249515','Ally','19761205','Thailand');
INSERT INTO emprega_gravacao (id_gravacao, id_pessoa) VALUES ('42','4349');
INSERT INTO pessoa (id_pessoa, tipo_documento,documento,nome,data_nascimento,nome_pais_origem) VALUES ('4350','PASS','000691713','Brettschneide','19760107','Spain');
INSERT INTO emprega_gravacao (id_gravacao, id_pessoa) VALUES ('42','4350');
INSERT INTO pessoa (id_pessoa, tipo_documento,documento,nome,data_nascimento,nome_pais_origem) VALUES ('4351','PASS','000328150','Danison','19860502','Chile');
INSERT INTO emprega_gravacao (id_gravacao, id_pessoa) VALUES ('42','4351');
INSERT INTO pessoa (id_pessoa, tipo_documento,documento,nome,data_nascimento,nome_pais_origem) VALUES ('4352','PASS','000640275','Callicott','19820423','Argentina');
INSERT INTO emprega_gravacao (id_gravacao, id_pessoa) VALUES ('42','4352');
INSERT INTO pessoa (id_pessoa, tipo_documento,documento,nome,data_nascimento,nome_pais_origem) VALUES ('4353','PASS','000490262','Carrao','19740625','Brazil');
INSERT INTO emprega_gravacao (id_gravacao, id_pessoa) VALUES ('42','4353');
INSERT INTO pessoa (id_pessoa, tipo_documento,documento,nome,data_nascimento,nome_pais_origem) VALUES ('4354','PASS','000935858','Amburn','19700816','Estonia');
INSERT INTO emprega_gravacao (id_gravacao, id_pessoa) VALUES ('42','4354');
INSERT INTO pessoa (id_pessoa, tipo_documento,documento,nome,data_nascimento,nome_pais_origem) VALUES ('4355','PASS','000166085','Generalao','19861107','Uzbekistan');
INSERT INTO emprega_gravacao (id_gravacao, id_pessoa) VALUES ('42','4355');
INSERT INTO pessoa (id_pessoa, tipo_documento,documento,nome,data_nascimento,nome_pais_origem) VALUES ('4356','PASS','000188360','Dryman','19880414','Bangladesh');
INSERT INTO emprega_gravacao (id_gravacao, id_pessoa) VALUES ('42','4356');
INSERT INTO pessoa (id_pessoa, tipo_documento,documento,nome,data_nascimento,nome_pais_origem) VALUES ('4357','PASS','000208707','Felzien','19840322','Finland');
INSERT INTO emprega_gravacao (id_gravacao, id_pessoa) VALUES ('42','4357');
INSERT INTO pessoa (id_pessoa, tipo_documento,documento,nome,data_nascimento,nome_pais_origem) VALUES ('4358','PASS','000225444','Geagan','19730425','Turkey');
INSERT INTO emprega_gravacao (id_gravacao, id_pessoa) VALUES ('42','4358');
INSERT INTO pessoa (id_pessoa, tipo_documento,documento,nome,data_nascimento,nome_pais_origem) VALUES ('4359','PASS','000607053','Ami','19760124','Nepal');
INSERT INTO emprega_gravacao (id_gravacao, id_pessoa) VALUES ('42','4359');
INSERT INTO pessoa (id_pessoa, tipo_documento,documento,nome,data_nascimento,nome_pais_origem) VALUES ('4360','PASS','000154093','Eppert','19781004','Barbados');
INSERT INTO emprega_gravacao (id_gravacao, id_pessoa) VALUES ('42','4360');
INSERT INTO pessoa (id_pessoa, tipo_documento,documento,nome,data_nascimento,nome_pais_origem) VALUES ('4361','PASS','000246414','Flinn','19800910','Colombia');
INSERT INTO emprega_gravacao (id_gravacao, id_pessoa) VALUES ('42','4361');
INSERT INTO pessoa (id_pessoa, tipo_documento,documento,nome,data_nascimento,nome_pais_origem) VALUES ('4362','PASS','000879507','Fetterly','19880316','Arabia');
INSERT INTO emprega_gravacao (id_gravacao, id_pessoa) VALUES ('42','4362');
INSERT INTO pessoa (id_pessoa, tipo_documento,documento,nome,data_nascimento,nome_pais_origem) VALUES ('4363','PASS','000282641','Esquer','19850127','Poland');
INSERT INTO emprega_gravacao (id_gravacao, id_pessoa) VALUES ('42','4363');
INSERT INTO pessoa (id_pessoa, tipo_documento,documento,nome,data_nascimento,nome_pais_origem) VALUES ('4364','PASS','000204388','Gaetano','19770517','Poland');
INSERT INTO emprega_gravacao (id_gravacao, id_pessoa) VALUES ('42','4364');
INSERT INTO pessoa (id_pessoa, tipo_documento,documento,nome,data_nascimento,nome_pais_origem) VALUES ('4365','PASS','000970562','Fennessey','19820123','Lithuania');
INSERT INTO emprega_gravacao (id_gravacao, id_pessoa) VALUES ('42','4365');
INSERT INTO pessoa (id_pessoa, tipo_documento,documento,nome,data_nascimento,nome_pais_origem) VALUES ('4366','PASS','000274518','Fingado','19790727','Iran');
INSERT INTO emprega_gravacao (id_gravacao, id_pessoa) VALUES ('42','4366');
INSERT INTO pessoa (id_pessoa, tipo_documento,documento,nome,data_nascimento,nome_pais_origem) VALUES ('4367','PASS','000929528','Afzal','19750401','France');
INSERT INTO emprega_gravacao (id_gravacao, id_pessoa) VALUES ('42','4367');
INSERT INTO pessoa (id_pessoa, tipo_documento,documento,nome,data_nascimento,nome_pais_origem) VALUES ('4368','PASS','000793637','Bejcek','19810607','Japan');
INSERT INTO emprega_gravacao (id_gravacao, id_pessoa) VALUES ('42','4368');
INSERT INTO pessoa (id_pessoa, tipo_documento,documento,nome,data_nascimento,nome_pais_origem) VALUES ('4369','PASS','000592133','Bazinet','19880606','Portugal');
INSERT INTO emprega_gravacao (id_gravacao, id_pessoa) VALUES ('42','4369');
INSERT INTO pessoa (id_pessoa, tipo_documento,documento,nome,data_nascimento,nome_pais_origem) VALUES ('4370','PASS','000599364','Faidley','19840310','Afghanistan');
INSERT INTO emprega_gravacao (id_gravacao, id_pessoa) VALUES ('42','4370');
INSERT INTO pessoa (id_pessoa, tipo_documento,documento,nome,data_nascimento,nome_pais_origem) VALUES ('4371','PASS','000547602','Groehler','19891107','Singapore');
INSERT INTO emprega_gravacao (id_gravacao, id_pessoa) VALUES ('42','4371');
INSERT INTO pessoa (id_pessoa, tipo_documento,documento,nome,data_nascimento,nome_pais_origem) VALUES ('4372','PASS','000564604','Blandon','19710609','Saudi');
INSERT INTO emprega_gravacao (id_gravacao, id_pessoa) VALUES ('42','4372');
INSERT INTO pessoa (id_pessoa, tipo_documento,documento,nome,data_nascimento,nome_pais_origem) VALUES ('4373','PASS','000772840','Fremin','19830925','Mongolia');
INSERT INTO emprega_gravacao (id_gravacao, id_pessoa) VALUES ('42','4373');
INSERT INTO pessoa (id_pessoa, tipo_documento,documento,nome,data_nascimento,nome_pais_origem) VALUES ('4374','PASS','000256968','Ahl','19830505','Algeria');
INSERT INTO emprega_gravacao (id_gravacao, id_pessoa) VALUES ('42','4374');
INSERT INTO pessoa (id_pessoa, tipo_documento,documento,nome,data_nascimento,nome_pais_origem) VALUES ('4375','PASS','000916965','Dwana','19781014','Angola');
INSERT INTO emprega_gravacao (id_gravacao, id_pessoa) VALUES ('42','4375');
INSERT INTO equipe_de_gravacao (id_gravacao,nome_empresa) VALUES ('43','DRDSJWK');
INSERT INTO pessoa (id_pessoa, tipo_documento,documento,nome,data_nascimento,nome_pais_origem) VALUES ('4376','PASS','000570957','Bade','19741127','Albania');
INSERT INTO emprega_gravacao (id_gravacao, id_pessoa) VALUES ('43','4376');
INSERT INTO pessoa (id_pessoa, tipo_documento,documento,nome,data_nascimento,nome_pais_origem) VALUES ('4377','PASS','000538407','Coggin','19710824','Austria');
INSERT INTO emprega_gravacao (id_gravacao, id_pessoa) VALUES ('43','4377');
INSERT INTO pessoa (id_pessoa, tipo_documento,documento,nome,data_nascimento,nome_pais_origem) VALUES ('4378','PASS','000756370','Bedeker','19880626','China');
INSERT INTO emprega_gravacao (id_gravacao, id_pessoa) VALUES ('43','4378');
INSERT INTO pessoa (id_pessoa, tipo_documento,documento,nome,data_nascimento,nome_pais_origem) VALUES ('4379','PASS','000117009','Cervenka','19740424','Iraq');
INSERT INTO emprega_gravacao (id_gravacao, id_pessoa) VALUES ('43','4379');
INSERT INTO pessoa (id_pessoa, tipo_documento,documento,nome,data_nascimento,nome_pais_origem) VALUES ('4380','PASS','000483855','Deetta','19750612','Serbia');
INSERT INTO emprega_gravacao (id_gravacao, id_pessoa) VALUES ('43','4380');
INSERT INTO pessoa (id_pessoa, tipo_documento,documento,nome,data_nascimento,nome_pais_origem) VALUES ('4381','PASS','000291173','Beachell','19750406','Belarus');
INSERT INTO emprega_gravacao (id_gravacao, id_pessoa) VALUES ('43','4381');
INSERT INTO pessoa (id_pessoa, tipo_documento,documento,nome,data_nascimento,nome_pais_origem) VALUES ('4382','PASS','000272715','Baria','19810804','Slovakia');
INSERT INTO emprega_gravacao (id_gravacao, id_pessoa) VALUES ('43','4382');
INSERT INTO pessoa (id_pessoa, tipo_documento,documento,nome,data_nascimento,nome_pais_origem) VALUES ('4383','PASS','000555463','Corgiat','19830221','Switzerland');
INSERT INTO emprega_gravacao (id_gravacao, id_pessoa) VALUES ('43','4383');
INSERT INTO pessoa (id_pessoa, tipo_documento,documento,nome,data_nascimento,nome_pais_origem) VALUES ('4384','PASS','000599862','Eshenbrenner','19820611','Azerbaijan');
INSERT INTO emprega_gravacao (id_gravacao, id_pessoa) VALUES ('43','4384');
INSERT INTO pessoa (id_pessoa, tipo_documento,documento,nome,data_nascimento,nome_pais_origem) VALUES ('4385','PASS','000310549','Bleininger','19730722','Serbia');
INSERT INTO emprega_gravacao (id_gravacao, id_pessoa) VALUES ('43','4385');
INSERT INTO pessoa (id_pessoa, tipo_documento,documento,nome,data_nascimento,nome_pais_origem) VALUES ('4386','PASS','000764184','Chadsey','19820414','Australia');
INSERT INTO emprega_gravacao (id_gravacao, id_pessoa) VALUES ('43','4386');
INSERT INTO pessoa (id_pessoa, tipo_documento,documento,nome,data_nascimento,nome_pais_origem) VALUES ('4387','PASS','000185099','Blose','19800318','Croatia');
INSERT INTO emprega_gravacao (id_gravacao, id_pessoa) VALUES ('43','4387');
INSERT INTO pessoa (id_pessoa, tipo_documento,documento,nome,data_nascimento,nome_pais_origem) VALUES ('4388','PASS','000689072','Badey','19780309','Switzerland');
INSERT INTO emprega_gravacao (id_gravacao, id_pessoa) VALUES ('43','4388');
INSERT INTO pessoa (id_pessoa, tipo_documento,documento,nome,data_nascimento,nome_pais_origem) VALUES ('4389','PASS','000731346','Essinger','19760105','China');
INSERT INTO emprega_gravacao (id_gravacao, id_pessoa) VALUES ('43','4389');
INSERT INTO pessoa (id_pessoa, tipo_documento,documento,nome,data_nascimento,nome_pais_origem) VALUES ('4390','PASS','000299710','Brighton','19790719','Paraguay');
INSERT INTO emprega_gravacao (id_gravacao, id_pessoa) VALUES ('43','4390');
INSERT INTO pessoa (id_pessoa, tipo_documento,documento,nome,data_nascimento,nome_pais_origem) VALUES ('4391','PASS','000609532','Gonsar','19770913','Singapore');
INSERT INTO emprega_gravacao (id_gravacao, id_pessoa) VALUES ('43','4391');
INSERT INTO pessoa (id_pessoa, tipo_documento,documento,nome,data_nascimento,nome_pais_origem) VALUES ('4392','PASS','000545935','Eunice','19710220','Spain');
INSERT INTO emprega_gravacao (id_gravacao, id_pessoa) VALUES ('43','4392');
INSERT INTO pessoa (id_pessoa, tipo_documento,documento,nome,data_nascimento,nome_pais_origem) VALUES ('4393','PASS','000422670','Attanasio','19851015','India');
INSERT INTO emprega_gravacao (id_gravacao, id_pessoa) VALUES ('43','4393');
INSERT INTO pessoa (id_pessoa, tipo_documento,documento,nome,data_nascimento,nome_pais_origem) VALUES ('4394','PASS','000595580','Eichberg','19810103','Albania');
INSERT INTO emprega_gravacao (id_gravacao, id_pessoa) VALUES ('43','4394');
INSERT INTO equipe_de_gravacao (id_gravacao,nome_empresa) VALUES ('44','XQPIGRS');
INSERT INTO pessoa (id_pessoa, tipo_documento,documento,nome,data_nascimento,nome_pais_origem) VALUES ('4395','PASS','000363833','Birdie','19811019','Mexico');
INSERT INTO emprega_gravacao (id_gravacao, id_pessoa) VALUES ('44','4395');
INSERT INTO pessoa (id_pessoa, tipo_documento,documento,nome,data_nascimento,nome_pais_origem) VALUES ('4396','PASS','000680142','Boyl','19770709','Austria');
INSERT INTO emprega_gravacao (id_gravacao, id_pessoa) VALUES ('44','4396');
INSERT INTO pessoa (id_pessoa, tipo_documento,documento,nome,data_nascimento,nome_pais_origem) VALUES ('4397','PASS','000544904','Cartin','19780827','Belarus');
INSERT INTO emprega_gravacao (id_gravacao, id_pessoa) VALUES ('44','4397');
INSERT INTO pessoa (id_pessoa, tipo_documento,documento,nome,data_nascimento,nome_pais_origem) VALUES ('4398','PASS','000412661','Folker','19880504','Egypt');
INSERT INTO emprega_gravacao (id_gravacao, id_pessoa) VALUES ('44','4398');
INSERT INTO pessoa (id_pessoa, tipo_documento,documento,nome,data_nascimento,nome_pais_origem) VALUES ('4399','PASS','000948421','Chatterson','19850310','Turkey');
INSERT INTO emprega_gravacao (id_gravacao, id_pessoa) VALUES ('44','4399');
INSERT INTO pessoa (id_pessoa, tipo_documento,documento,nome,data_nascimento,nome_pais_origem) VALUES ('4400','PASS','000465501','Bacayo','19820922','Sweden');
INSERT INTO emprega_gravacao (id_gravacao, id_pessoa) VALUES ('44','4400');
INSERT INTO pessoa (id_pessoa, tipo_documento,documento,nome,data_nascimento,nome_pais_origem) VALUES ('4401','PASS','000371236','Felberbaum','19760601','Rica');
INSERT INTO emprega_gravacao (id_gravacao, id_pessoa) VALUES ('44','4401');
INSERT INTO pessoa (id_pessoa, tipo_documento,documento,nome,data_nascimento,nome_pais_origem) VALUES ('4402','PASS','000955746','Baires','19891206','New');
INSERT INTO emprega_gravacao (id_gravacao, id_pessoa) VALUES ('44','4402');
INSERT INTO pessoa (id_pessoa, tipo_documento,documento,nome,data_nascimento,nome_pais_origem) VALUES ('4403','PASS','000328366','Chiappetta','19700720','Mexico');
INSERT INTO emprega_gravacao (id_gravacao, id_pessoa) VALUES ('44','4403');
INSERT INTO pessoa (id_pessoa, tipo_documento,documento,nome,data_nascimento,nome_pais_origem) VALUES ('4404','PASS','000217693','Glick','19811117','Monaco');
INSERT INTO emprega_gravacao (id_gravacao, id_pessoa) VALUES ('44','4404');
INSERT INTO pessoa (id_pessoa, tipo_documento,documento,nome,data_nascimento,nome_pais_origem) VALUES ('4405','PASS','000408763','Fullilove','19890701','Barbados');
INSERT INTO emprega_gravacao (id_gravacao, id_pessoa) VALUES ('44','4405');
INSERT INTO pessoa (id_pessoa, tipo_documento,documento,nome,data_nascimento,nome_pais_origem) VALUES ('4406','PASS','000605017','Beeching','19800915','Rica');
INSERT INTO emprega_gravacao (id_gravacao, id_pessoa) VALUES ('44','4406');
INSERT INTO pessoa (id_pessoa, tipo_documento,documento,nome,data_nascimento,nome_pais_origem) VALUES ('4407','PASS','000824833','Glore','19890224','Japan');
INSERT INTO emprega_gravacao (id_gravacao, id_pessoa) VALUES ('44','4407');
INSERT INTO equipe_de_gravacao (id_gravacao,nome_empresa) VALUES ('45','DJSUQRI');
INSERT INTO pessoa (id_pessoa, tipo_documento,documento,nome,data_nascimento,nome_pais_origem) VALUES ('4408','PASS','000417719','Fanner','19741002','Finland');
INSERT INTO emprega_gravacao (id_gravacao, id_pessoa) VALUES ('45','4408');
INSERT INTO pessoa (id_pessoa, tipo_documento,documento,nome,data_nascimento,nome_pais_origem) VALUES ('4409','PASS','000572278','Elin','19810110','Lithuania');
INSERT INTO emprega_gravacao (id_gravacao, id_pessoa) VALUES ('45','4409');
INSERT INTO pessoa (id_pessoa, tipo_documento,documento,nome,data_nascimento,nome_pais_origem) VALUES ('4410','PASS','000271274','Bechthold','19861121','Ukraine');
INSERT INTO emprega_gravacao (id_gravacao, id_pessoa) VALUES ('45','4410');
INSERT INTO pessoa (id_pessoa, tipo_documento,documento,nome,data_nascimento,nome_pais_origem) VALUES ('4411','PASS','000540795','Egersdorf','19730303','Barbados');
INSERT INTO emprega_gravacao (id_gravacao, id_pessoa) VALUES ('45','4411');
INSERT INTO equipe_de_gravacao (id_gravacao,nome_empresa) VALUES ('46','GQVVDOK');
INSERT INTO pessoa (id_pessoa, tipo_documento,documento,nome,data_nascimento,nome_pais_origem) VALUES ('4412','PASS','000936585','Guerinot','19770421','France');
INSERT INTO emprega_gravacao (id_gravacao, id_pessoa) VALUES ('46','4412');
INSERT INTO pessoa (id_pessoa, tipo_documento,documento,nome,data_nascimento,nome_pais_origem) VALUES ('4413','PASS','000347055','Beetz','19770209','Turkey');
INSERT INTO emprega_gravacao (id_gravacao, id_pessoa) VALUES ('46','4413');
INSERT INTO equipe_de_gravacao (id_gravacao,nome_empresa) VALUES ('47','VVSUQBD');
INSERT INTO pessoa (id_pessoa, tipo_documento,documento,nome,data_nascimento,nome_pais_origem) VALUES ('4414','PASS','000786466','Eckles','19810327','Georgia');
INSERT INTO emprega_gravacao (id_gravacao, id_pessoa) VALUES ('47','4414');
INSERT INTO pessoa (id_pessoa, tipo_documento,documento,nome,data_nascimento,nome_pais_origem) VALUES ('4415','PASS','000656049','Gilio','19701013','Vietnam');
INSERT INTO emprega_gravacao (id_gravacao, id_pessoa) VALUES ('47','4415');
INSERT INTO pessoa (id_pessoa, tipo_documento,documento,nome,data_nascimento,nome_pais_origem) VALUES ('4416','PASS','000638365','Fetterly','19831123','Iraq');
INSERT INTO emprega_gravacao (id_gravacao, id_pessoa) VALUES ('47','4416');
INSERT INTO pessoa (id_pessoa, tipo_documento,documento,nome,data_nascimento,nome_pais_origem) VALUES ('4417','PASS','000920326','Bergstedt','19880115','Lithuania');
INSERT INTO emprega_gravacao (id_gravacao, id_pessoa) VALUES ('47','4417');
INSERT INTO pessoa (id_pessoa, tipo_documento,documento,nome,data_nascimento,nome_pais_origem) VALUES ('4418','PASS','000835973','Gattis','19801222','Slovakia');
INSERT INTO emprega_gravacao (id_gravacao, id_pessoa) VALUES ('47','4418');
INSERT INTO pessoa (id_pessoa, tipo_documento,documento,nome,data_nascimento,nome_pais_origem) VALUES ('4419','PASS','000567853','Dickson','19710125','Uruguay');
INSERT INTO emprega_gravacao (id_gravacao, id_pessoa) VALUES ('47','4419');
INSERT INTO equipe_de_gravacao (id_gravacao,nome_empresa) VALUES ('48','TJMAKWQ');
INSERT INTO pessoa (id_pessoa, tipo_documento,documento,nome,data_nascimento,nome_pais_origem) VALUES ('4420','PASS','000111294','Colom','19790221','Uruguay');
INSERT INTO emprega_gravacao (id_gravacao, id_pessoa) VALUES ('48','4420');
INSERT INTO pessoa (id_pessoa, tipo_documento,documento,nome,data_nascimento,nome_pais_origem) VALUES ('4421','PASS','000316012','Cianciulli','19810711','Serbia');
INSERT INTO emprega_gravacao (id_gravacao, id_pessoa) VALUES ('48','4421');
INSERT INTO pessoa (id_pessoa, tipo_documento,documento,nome,data_nascimento,nome_pais_origem) VALUES ('4422','PASS','000298369','Fiume','19740104','Romania');
INSERT INTO emprega_gravacao (id_gravacao, id_pessoa) VALUES ('48','4422');
INSERT INTO pessoa (id_pessoa, tipo_documento,documento,nome,data_nascimento,nome_pais_origem) VALUES ('4423','PASS','000428832','Derga','19870216','Costa');
INSERT INTO emprega_gravacao (id_gravacao, id_pessoa) VALUES ('48','4423');
INSERT INTO pessoa (id_pessoa, tipo_documento,documento,nome,data_nascimento,nome_pais_origem) VALUES ('4424','PASS','000849354','Colschen','19830115','Brazil');
INSERT INTO emprega_gravacao (id_gravacao, id_pessoa) VALUES ('48','4424');
INSERT INTO pessoa (id_pessoa, tipo_documento,documento,nome,data_nascimento,nome_pais_origem) VALUES ('4425','PASS','000477111','Chartrand','19761217','Costa');
INSERT INTO emprega_gravacao (id_gravacao, id_pessoa) VALUES ('48','4425');
INSERT INTO pessoa (id_pessoa, tipo_documento,documento,nome,data_nascimento,nome_pais_origem) VALUES ('4426','PASS','000965139','Colcher','19841109','Mexico');
INSERT INTO emprega_gravacao (id_gravacao, id_pessoa) VALUES ('48','4426');
INSERT INTO pessoa (id_pessoa, tipo_documento,documento,nome,data_nascimento,nome_pais_origem) VALUES ('4427','PASS','000771388','Alanis','19740818','Thailand');
INSERT INTO emprega_gravacao (id_gravacao, id_pessoa) VALUES ('48','4427');
INSERT INTO pessoa (id_pessoa, tipo_documento,documento,nome,data_nascimento,nome_pais_origem) VALUES ('4428','PASS','000430485','Grosman','19771207','Slovakia');
INSERT INTO emprega_gravacao (id_gravacao, id_pessoa) VALUES ('48','4428');
INSERT INTO pessoa (id_pessoa, tipo_documento,documento,nome,data_nascimento,nome_pais_origem) VALUES ('4429','PASS','000264591','Foux','19830303','Bahrain');
INSERT INTO emprega_gravacao (id_gravacao, id_pessoa) VALUES ('48','4429');
INSERT INTO pessoa (id_pessoa, tipo_documento,documento,nome,data_nascimento,nome_pais_origem) VALUES ('4430','PASS','000635420','Gloor','19730805','Algeria');
INSERT INTO emprega_gravacao (id_gravacao, id_pessoa) VALUES ('48','4430');
INSERT INTO pessoa (id_pessoa, tipo_documento,documento,nome,data_nascimento,nome_pais_origem) VALUES ('4431','PASS','000776685','Gates','19770707','Egypt');
INSERT INTO emprega_gravacao (id_gravacao, id_pessoa) VALUES ('48','4431');
INSERT INTO pessoa (id_pessoa, tipo_documento,documento,nome,data_nascimento,nome_pais_origem) VALUES ('4432','PASS','000460426','Brumlow','19780721','Lithuania');
INSERT INTO emprega_gravacao (id_gravacao, id_pessoa) VALUES ('48','4432');
INSERT INTO equipe_de_gravacao (id_gravacao,nome_empresa) VALUES ('49','NKEJUJB');
INSERT INTO pessoa (id_pessoa, tipo_documento,documento,nome,data_nascimento,nome_pais_origem) VALUES ('4433','PASS','000954338','Berringer','19840106','Cuba');
INSERT INTO emprega_gravacao (id_gravacao, id_pessoa) VALUES ('49','4433');
INSERT INTO pessoa (id_pessoa, tipo_documento,documento,nome,data_nascimento,nome_pais_origem) VALUES ('4434','PASS','000357850','Dame','19820719','Denmark');
INSERT INTO emprega_gravacao (id_gravacao, id_pessoa) VALUES ('49','4434');
INSERT INTO pessoa (id_pessoa, tipo_documento,documento,nome,data_nascimento,nome_pais_origem) VALUES ('4435','PASS','000283318','Bodovsky','19710903','Sweden');
INSERT INTO emprega_gravacao (id_gravacao, id_pessoa) VALUES ('49','4435');
INSERT INTO pessoa (id_pessoa, tipo_documento,documento,nome,data_nascimento,nome_pais_origem) VALUES ('4436','PASS','000641038','Covert','19880507','Greece');
INSERT INTO emprega_gravacao (id_gravacao, id_pessoa) VALUES ('49','4436');
INSERT INTO pessoa (id_pessoa, tipo_documento,documento,nome,data_nascimento,nome_pais_origem) VALUES ('4437','PASS','000430603','Aboulissan','19721123','Monaco');
INSERT INTO emprega_gravacao (id_gravacao, id_pessoa) VALUES ('49','4437');
INSERT INTO pessoa (id_pessoa, tipo_documento,documento,nome,data_nascimento,nome_pais_origem) VALUES ('4438','PASS','000117063','Cogdill','19850906','Croatia');
INSERT INTO emprega_gravacao (id_gravacao, id_pessoa) VALUES ('49','4438');
INSERT INTO pessoa (id_pessoa, tipo_documento,documento,nome,data_nascimento,nome_pais_origem) VALUES ('4439','PASS','000169950','Felonia','19730805','Angola');
INSERT INTO emprega_gravacao (id_gravacao, id_pessoa) VALUES ('49','4439');
INSERT INTO pessoa (id_pessoa, tipo_documento,documento,nome,data_nascimento,nome_pais_origem) VALUES ('4440','PASS','000387761','Coyt','19790903','China');
INSERT INTO emprega_gravacao (id_gravacao, id_pessoa) VALUES ('49','4440');
INSERT INTO pessoa (id_pessoa, tipo_documento,documento,nome,data_nascimento,nome_pais_origem) VALUES ('4441','PASS','000597126','Billafuerte','19770724','Peru');
INSERT INTO emprega_gravacao (id_gravacao, id_pessoa) VALUES ('49','4441');
INSERT INTO pessoa (id_pessoa, tipo_documento,documento,nome,data_nascimento,nome_pais_origem) VALUES ('4442','PASS','000808482','Eilertson','19750505','Monaco');
INSERT INTO emprega_gravacao (id_gravacao, id_pessoa) VALUES ('49','4442');
INSERT INTO equipe_de_gravacao (id_gravacao,nome_empresa) VALUES ('50','YBSGHGC');
INSERT INTO pessoa (id_pessoa, tipo_documento,documento,nome,data_nascimento,nome_pais_origem) VALUES ('4443','PASS','000100100','Bighorse','19850623','Japan');
INSERT INTO emprega_gravacao (id_gravacao, id_pessoa) VALUES ('50','4443');
INSERT INTO pessoa (id_pessoa, tipo_documento,documento,nome,data_nascimento,nome_pais_origem) VALUES ('4444','PASS','000809573','Guarriello','19880626','India');
INSERT INTO emprega_gravacao (id_gravacao, id_pessoa) VALUES ('50','4444');
INSERT INTO pessoa (id_pessoa, tipo_documento,documento,nome,data_nascimento,nome_pais_origem) VALUES ('4445','PASS','000769496','Grodin','19740720','Syria');
INSERT INTO emprega_gravacao (id_gravacao, id_pessoa) VALUES ('50','4445');
INSERT INTO pessoa (id_pessoa, tipo_documento,documento,nome,data_nascimento,nome_pais_origem) VALUES ('4446','PASS','000468508','Cliff','19711114','Bangladesh');
INSERT INTO emprega_gravacao (id_gravacao, id_pessoa) VALUES ('50','4446');
INSERT INTO pessoa (id_pessoa, tipo_documento,documento,nome,data_nascimento,nome_pais_origem) VALUES ('4447','PASS','000162672','Fagen','19710321','Germany');
INSERT INTO emprega_gravacao (id_gravacao, id_pessoa) VALUES ('50','4447');
INSERT INTO pessoa (id_pessoa, tipo_documento,documento,nome,data_nascimento,nome_pais_origem) VALUES ('4448','PASS','000563421','Fones','19790307','Uzbekistan');
INSERT INTO emprega_gravacao (id_gravacao, id_pessoa) VALUES ('50','4448');
INSERT INTO pessoa (id_pessoa, tipo_documento,documento,nome,data_nascimento,nome_pais_origem) VALUES ('4449','PASS','000285861','Crater','19791022','Norway');
INSERT INTO emprega_gravacao (id_gravacao, id_pessoa) VALUES ('50','4449');
INSERT INTO pessoa (id_pessoa, tipo_documento,documento,nome,data_nascimento,nome_pais_origem) VALUES ('4450','PASS','000813739','Bidstrup','19730803','Ukraine');
INSERT INTO emprega_gravacao (id_gravacao, id_pessoa) VALUES ('50','4450');
INSERT INTO pessoa (id_pessoa, tipo_documento,documento,nome,data_nascimento,nome_pais_origem) VALUES ('4451','PASS','000741837','Allred','19850427','Chad');
INSERT INTO emprega_gravacao (id_gravacao, id_pessoa) VALUES ('50','4451');
INSERT INTO pessoa (id_pessoa, tipo_documento,documento,nome,data_nascimento,nome_pais_origem) VALUES ('4452','PASS','000780064','Appleby','19860604','France');
INSERT INTO emprega_gravacao (id_gravacao, id_pessoa) VALUES ('50','4452');
INSERT INTO pessoa (id_pessoa, tipo_documento,documento,nome,data_nascimento,nome_pais_origem) VALUES ('4453','PASS','000343611','Caridad','19780221','Senegal');
INSERT INTO emprega_gravacao (id_gravacao, id_pessoa) VALUES ('50','4453');
INSERT INTO pessoa (id_pessoa, tipo_documento,documento,nome,data_nascimento,nome_pais_origem) VALUES ('4454','PASS','000434762','Chmelik','19880510','Philippines');
INSERT INTO emprega_gravacao (id_gravacao, id_pessoa) VALUES ('50','4454');
INSERT INTO pessoa (id_pessoa, tipo_documento,documento,nome,data_nascimento,nome_pais_origem) VALUES ('4455','PASS','000445239','Cal','19740113','Monaco');
INSERT INTO emprega_gravacao (id_gravacao, id_pessoa) VALUES ('50','4455');
INSERT INTO pessoa (id_pessoa, tipo_documento,documento,nome,data_nascimento,nome_pais_origem) VALUES ('4456','PASS','000811422','Genevie','19730427','Uzbekistan');
INSERT INTO emprega_gravacao (id_gravacao, id_pessoa) VALUES ('50','4456');
INSERT INTO pessoa (id_pessoa, tipo_documento,documento,nome,data_nascimento,nome_pais_origem) VALUES ('4457','PASS','000575788','Bromberek','19880124','Nepal');
INSERT INTO emprega_gravacao (id_gravacao, id_pessoa) VALUES ('50','4457');
INSERT INTO pessoa (id_pessoa, tipo_documento,documento,nome,data_nascimento,nome_pais_origem) VALUES ('4458','PASS','000968032','Borquez','19730316','Finland');
INSERT INTO emprega_gravacao (id_gravacao, id_pessoa) VALUES ('50','4458');
INSERT INTO pessoa (id_pessoa, tipo_documento,documento,nome,data_nascimento,nome_pais_origem) VALUES ('4459','PASS','000466371','Donatien','19730607','Bahamas');
INSERT INTO emprega_gravacao (id_gravacao, id_pessoa) VALUES ('50','4459');
INSERT INTO pessoa (id_pessoa, tipo_documento,documento,nome,data_nascimento,nome_pais_origem) VALUES ('4460','PASS','000988769','Czyz','19731222','Uzbekistan');
INSERT INTO emprega_gravacao (id_gravacao, id_pessoa) VALUES ('50','4460');
INSERT INTO pessoa (id_pessoa, tipo_documento,documento,nome,data_nascimento,nome_pais_origem) VALUES ('4461','PASS','000689677','Bershadsky','19720122','Netherlands');
INSERT INTO emprega_gravacao (id_gravacao, id_pessoa) VALUES ('50','4461');
INSERT INTO pessoa (id_pessoa, tipo_documento,documento,nome,data_nascimento,nome_pais_origem) VALUES ('4462','PASS','000415292','Dornbrook','19860527','Italy');
INSERT INTO emprega_gravacao (id_gravacao, id_pessoa) VALUES ('50','4462');
INSERT INTO pessoa (id_pessoa, tipo_documento,documento,nome,data_nascimento,nome_pais_origem) VALUES ('4463','PASS','000320522','Dannecker','19800908','Norway');
INSERT INTO emprega_gravacao (id_gravacao, id_pessoa) VALUES ('50','4463');
INSERT INTO pessoa (id_pessoa, tipo_documento,documento,nome,data_nascimento,nome_pais_origem) VALUES ('4464','PASS','000712998','Gleghorn','19780717','Netherlands');
INSERT INTO emprega_gravacao (id_gravacao, id_pessoa) VALUES ('50','4464');
INSERT INTO pessoa (id_pessoa, tipo_documento,documento,nome,data_nascimento,nome_pais_origem) VALUES ('4465','PASS','000496205','Flakne','19890125','France');
INSERT INTO emprega_gravacao (id_gravacao, id_pessoa) VALUES ('50','4465');
INSERT INTO pessoa (id_pessoa, tipo_documento,documento,nome,data_nascimento,nome_pais_origem) VALUES ('4466','PASS','000578236','Barrale','19720307','Belgium');
INSERT INTO emprega_gravacao (id_gravacao, id_pessoa) VALUES ('50','4466');
INSERT INTO pessoa (id_pessoa, tipo_documento,documento,nome,data_nascimento,nome_pais_origem) VALUES ('4467','PASS','000163978','Bevel','19720110','Ukraine');
INSERT INTO emprega_gravacao (id_gravacao, id_pessoa) VALUES ('50','4467');
INSERT INTO equipe_de_gravacao (id_gravacao,nome_empresa) VALUES ('51','SDNUXLC');
INSERT INTO pessoa (id_pessoa, tipo_documento,documento,nome,data_nascimento,nome_pais_origem) VALUES ('4468','PASS','000665875','Erich','19880315','Senegal');
INSERT INTO emprega_gravacao (id_gravacao, id_pessoa) VALUES ('51','4468');
INSERT INTO pessoa (id_pessoa, tipo_documento,documento,nome,data_nascimento,nome_pais_origem) VALUES ('4469','PASS','000909153','Cecila','19700824','Chile');
INSERT INTO emprega_gravacao (id_gravacao, id_pessoa) VALUES ('51','4469');
INSERT INTO pessoa (id_pessoa, tipo_documento,documento,nome,data_nascimento,nome_pais_origem) VALUES ('4470','PASS','000322241','Fernstrom','19750521','Uruguay');
INSERT INTO emprega_gravacao (id_gravacao, id_pessoa) VALUES ('51','4470');
INSERT INTO pessoa (id_pessoa, tipo_documento,documento,nome,data_nascimento,nome_pais_origem) VALUES ('4471','PASS','000950282','Caldarone','19881118','Singapore');
INSERT INTO emprega_gravacao (id_gravacao, id_pessoa) VALUES ('51','4471');
INSERT INTO pessoa (id_pessoa, tipo_documento,documento,nome,data_nascimento,nome_pais_origem) VALUES ('4472','PASS','000878425','Chisnall','19890109','Georgia');
INSERT INTO emprega_gravacao (id_gravacao, id_pessoa) VALUES ('51','4472');
INSERT INTO pessoa (id_pessoa, tipo_documento,documento,nome,data_nascimento,nome_pais_origem) VALUES ('4473','PASS','000977146','Gomes','19790613','Sweden');
INSERT INTO emprega_gravacao (id_gravacao, id_pessoa) VALUES ('51','4473');
INSERT INTO pessoa (id_pessoa, tipo_documento,documento,nome,data_nascimento,nome_pais_origem) VALUES ('4474','PASS','000432285','Forlivio','19730427','Bahrain');
INSERT INTO emprega_gravacao (id_gravacao, id_pessoa) VALUES ('51','4474');
INSERT INTO pessoa (id_pessoa, tipo_documento,documento,nome,data_nascimento,nome_pais_origem) VALUES ('4475','PASS','000727983','Carlan','19740709','Ukraine');
INSERT INTO emprega_gravacao (id_gravacao, id_pessoa) VALUES ('51','4475');
INSERT INTO pessoa (id_pessoa, tipo_documento,documento,nome,data_nascimento,nome_pais_origem) VALUES ('4476','PASS','000552890','Bang','19710304','Denmark');
INSERT INTO emprega_gravacao (id_gravacao, id_pessoa) VALUES ('51','4476');
INSERT INTO pessoa (id_pessoa, tipo_documento,documento,nome,data_nascimento,nome_pais_origem) VALUES ('4477','PASS','000485890','Anselm','19840326','Poland');
INSERT INTO emprega_gravacao (id_gravacao, id_pessoa) VALUES ('51','4477');
INSERT INTO pessoa (id_pessoa, tipo_documento,documento,nome,data_nascimento,nome_pais_origem) VALUES ('4478','PASS','000268554','Follansbee','19810814','Brazil');
INSERT INTO emprega_gravacao (id_gravacao, id_pessoa) VALUES ('51','4478');
INSERT INTO pessoa (id_pessoa, tipo_documento,documento,nome,data_nascimento,nome_pais_origem) VALUES ('4479','PASS','000525896','Diaco','19740216','Arabia');
INSERT INTO emprega_gravacao (id_gravacao, id_pessoa) VALUES ('51','4479');
INSERT INTO pessoa (id_pessoa, tipo_documento,documento,nome,data_nascimento,nome_pais_origem) VALUES ('4480','PASS','000779869','Gandhi','19861201','Indonesia');
INSERT INTO emprega_gravacao (id_gravacao, id_pessoa) VALUES ('51','4480');
INSERT INTO pessoa (id_pessoa, tipo_documento,documento,nome,data_nascimento,nome_pais_origem) VALUES ('4481','PASS','000938937','Granzella','19770312','Serbia');
INSERT INTO emprega_gravacao (id_gravacao, id_pessoa) VALUES ('51','4481');
INSERT INTO pessoa (id_pessoa, tipo_documento,documento,nome,data_nascimento,nome_pais_origem) VALUES ('4482','PASS','000285953','Grandjean','19881020','Iraq');
INSERT INTO emprega_gravacao (id_gravacao, id_pessoa) VALUES ('51','4482');
INSERT INTO pessoa (id_pessoa, tipo_documento,documento,nome,data_nascimento,nome_pais_origem) VALUES ('4483','PASS','000610229','Ermert','19830212','Austria');
INSERT INTO emprega_gravacao (id_gravacao, id_pessoa) VALUES ('51','4483');
INSERT INTO pessoa (id_pessoa, tipo_documento,documento,nome,data_nascimento,nome_pais_origem) VALUES ('4484','PASS','000726886','Dedaj','19730708','Algeria');
INSERT INTO emprega_gravacao (id_gravacao, id_pessoa) VALUES ('51','4484');
INSERT INTO pessoa (id_pessoa, tipo_documento,documento,nome,data_nascimento,nome_pais_origem) VALUES ('4485','PASS','000587383','Dauteuil','19850613','Georgia');
INSERT INTO emprega_gravacao (id_gravacao, id_pessoa) VALUES ('51','4485');
INSERT INTO pessoa (id_pessoa, tipo_documento,documento,nome,data_nascimento,nome_pais_origem) VALUES ('4486','PASS','000591718','Chanler','19750719','Angola');
INSERT INTO emprega_gravacao (id_gravacao, id_pessoa) VALUES ('51','4486');
INSERT INTO pessoa (id_pessoa, tipo_documento,documento,nome,data_nascimento,nome_pais_origem) VALUES ('4487','PASS','000704019','Guenthner','19760502','Brazil');
INSERT INTO emprega_gravacao (id_gravacao, id_pessoa) VALUES ('51','4487');
INSERT INTO pessoa (id_pessoa, tipo_documento,documento,nome,data_nascimento,nome_pais_origem) VALUES ('4488','PASS','000535467','Beltrame','19730206','Zealand');
INSERT INTO emprega_gravacao (id_gravacao, id_pessoa) VALUES ('51','4488');
INSERT INTO pessoa (id_pessoa, tipo_documento,documento,nome,data_nascimento,nome_pais_origem) VALUES ('4489','PASS','000860266','Gobin','19880425','Japan');
INSERT INTO emprega_gravacao (id_gravacao, id_pessoa) VALUES ('51','4489');
INSERT INTO pessoa (id_pessoa, tipo_documento,documento,nome,data_nascimento,nome_pais_origem) VALUES ('4490','PASS','000370093','Frawkin','19850918','Arabia');
INSERT INTO emprega_gravacao (id_gravacao, id_pessoa) VALUES ('51','4490');
INSERT INTO pessoa (id_pessoa, tipo_documento,documento,nome,data_nascimento,nome_pais_origem) VALUES ('4491','PASS','000219435','Christopherso','19850904','Slovakia');
INSERT INTO emprega_gravacao (id_gravacao, id_pessoa) VALUES ('51','4491');
INSERT INTO pessoa (id_pessoa, tipo_documento,documento,nome,data_nascimento,nome_pais_origem) VALUES ('4492','PASS','000140445','Bast','19720821','Ukraine');
INSERT INTO emprega_gravacao (id_gravacao, id_pessoa) VALUES ('51','4492');
INSERT INTO pessoa (id_pessoa, tipo_documento,documento,nome,data_nascimento,nome_pais_origem) VALUES ('4493','PASS','000794711','Ewell','19750121','Iran');
INSERT INTO emprega_gravacao (id_gravacao, id_pessoa) VALUES ('51','4493');
INSERT INTO equipe_de_gravacao (id_gravacao,nome_empresa) VALUES ('52','AFYSAXW');
INSERT INTO pessoa (id_pessoa, tipo_documento,documento,nome,data_nascimento,nome_pais_origem) VALUES ('4494','PASS','000238924','Blovin','19791101','Philippines');
INSERT INTO emprega_gravacao (id_gravacao, id_pessoa) VALUES ('52','4494');
INSERT INTO equipe_de_gravacao (id_gravacao,nome_empresa) VALUES ('53','KMCWXHQ');
INSERT INTO pessoa (id_pessoa, tipo_documento,documento,nome,data_nascimento,nome_pais_origem) VALUES ('4495','PASS','000299653','Chacko','19770223','Bangladesh');
INSERT INTO emprega_gravacao (id_gravacao, id_pessoa) VALUES ('53','4495');
INSERT INTO pessoa (id_pessoa, tipo_documento,documento,nome,data_nascimento,nome_pais_origem) VALUES ('4496','PASS','000507155','Borucki','19760102','Mexico');
INSERT INTO emprega_gravacao (id_gravacao, id_pessoa) VALUES ('53','4496');
INSERT INTO pessoa (id_pessoa, tipo_documento,documento,nome,data_nascimento,nome_pais_origem) VALUES ('4497','PASS','000635451','Ellinger','19870223','Germany');
INSERT INTO emprega_gravacao (id_gravacao, id_pessoa) VALUES ('53','4497');
INSERT INTO pessoa (id_pessoa, tipo_documento,documento,nome,data_nascimento,nome_pais_origem) VALUES ('4498','PASS','000489912','Bonker','19711219','Morocco');
INSERT INTO emprega_gravacao (id_gravacao, id_pessoa) VALUES ('53','4498');
INSERT INTO pessoa (id_pessoa, tipo_documento,documento,nome,data_nascimento,nome_pais_origem) VALUES ('4499','PASS','000483869','Cuperus','19890602','Brazil');
INSERT INTO emprega_gravacao (id_gravacao, id_pessoa) VALUES ('53','4499');
INSERT INTO pessoa (id_pessoa, tipo_documento,documento,nome,data_nascimento,nome_pais_origem) VALUES ('4500','PASS','000936365','Drawy','19791006','Singapore');
INSERT INTO emprega_gravacao (id_gravacao, id_pessoa) VALUES ('53','4500');
INSERT INTO equipe_de_gravacao (id_gravacao,nome_empresa) VALUES ('54','LGGDXPN');
INSERT INTO pessoa (id_pessoa, tipo_documento,documento,nome,data_nascimento,nome_pais_origem) VALUES ('4501','PASS','000968698','Bar','19800408','Romania');
INSERT INTO emprega_gravacao (id_gravacao, id_pessoa) VALUES ('54','4501');
INSERT INTO pessoa (id_pessoa, tipo_documento,documento,nome,data_nascimento,nome_pais_origem) VALUES ('4502','PASS','000400727','Auclair','19840620','Finland');
INSERT INTO emprega_gravacao (id_gravacao, id_pessoa) VALUES ('54','4502');
INSERT INTO pessoa (id_pessoa, tipo_documento,documento,nome,data_nascimento,nome_pais_origem) VALUES ('4503','PASS','000135215','Bettye','19740514','Egypt');
INSERT INTO emprega_gravacao (id_gravacao, id_pessoa) VALUES ('54','4503');
INSERT INTO pessoa (id_pessoa, tipo_documento,documento,nome,data_nascimento,nome_pais_origem) VALUES ('4504','PASS','000228735','Beauvais','19810525','Ukraine');
INSERT INTO emprega_gravacao (id_gravacao, id_pessoa) VALUES ('54','4504');
INSERT INTO equipe_de_gravacao (id_gravacao,nome_empresa) VALUES ('55','KOEAAPC');
INSERT INTO pessoa (id_pessoa, tipo_documento,documento,nome,data_nascimento,nome_pais_origem) VALUES ('4505','PASS','000478756','Brownley','19771024','Argentina');
INSERT INTO emprega_gravacao (id_gravacao, id_pessoa) VALUES ('55','4505');
INSERT INTO pessoa (id_pessoa, tipo_documento,documento,nome,data_nascimento,nome_pais_origem) VALUES ('4506','PASS','000956132','Dowdell','19891103','Albania');
INSERT INTO emprega_gravacao (id_gravacao, id_pessoa) VALUES ('55','4506');
INSERT INTO pessoa (id_pessoa, tipo_documento,documento,nome,data_nascimento,nome_pais_origem) VALUES ('4507','PASS','000295648','Greto','19770112','Austria');
INSERT INTO emprega_gravacao (id_gravacao, id_pessoa) VALUES ('55','4507');
INSERT INTO pessoa (id_pessoa, tipo_documento,documento,nome,data_nascimento,nome_pais_origem) VALUES ('4508','PASS','000237356','Doderer','19890109','Hungary');
INSERT INTO emprega_gravacao (id_gravacao, id_pessoa) VALUES ('55','4508');
INSERT INTO pessoa (id_pessoa, tipo_documento,documento,nome,data_nascimento,nome_pais_origem) VALUES ('4509','PASS','000863991','Barrios','19780919','Albania');
INSERT INTO emprega_gravacao (id_gravacao, id_pessoa) VALUES ('55','4509');
INSERT INTO pessoa (id_pessoa, tipo_documento,documento,nome,data_nascimento,nome_pais_origem) VALUES ('4510','PASS','000773913','Bhagat','19831008','Paraguay');
INSERT INTO emprega_gravacao (id_gravacao, id_pessoa) VALUES ('55','4510');
INSERT INTO pessoa (id_pessoa, tipo_documento,documento,nome,data_nascimento,nome_pais_origem) VALUES ('4511','PASS','000222537','Gallaty','19710207','Netherlands');
INSERT INTO emprega_gravacao (id_gravacao, id_pessoa) VALUES ('55','4511');
INSERT INTO pessoa (id_pessoa, tipo_documento,documento,nome,data_nascimento,nome_pais_origem) VALUES ('4512','PASS','000289238','Elkan','19770215','Poland');
INSERT INTO emprega_gravacao (id_gravacao, id_pessoa) VALUES ('55','4512');
INSERT INTO pessoa (id_pessoa, tipo_documento,documento,nome,data_nascimento,nome_pais_origem) VALUES ('4513','PASS','000150941','Dawkins','19790709','Philippines');
INSERT INTO emprega_gravacao (id_gravacao, id_pessoa) VALUES ('55','4513');
INSERT INTO pessoa (id_pessoa, tipo_documento,documento,nome,data_nascimento,nome_pais_origem) VALUES ('4514','PASS','000967503','Garverick','19740712','Nicaragua');
INSERT INTO emprega_gravacao (id_gravacao, id_pessoa) VALUES ('55','4514');
INSERT INTO pessoa (id_pessoa, tipo_documento,documento,nome,data_nascimento,nome_pais_origem) VALUES ('4515','PASS','000714200','Alphonso','19730327','Chile');
INSERT INTO emprega_gravacao (id_gravacao, id_pessoa) VALUES ('55','4515');
INSERT INTO pessoa (id_pessoa, tipo_documento,documento,nome,data_nascimento,nome_pais_origem) VALUES ('4516','PASS','000156325','Furry','19850414','Singapore');
INSERT INTO emprega_gravacao (id_gravacao, id_pessoa) VALUES ('55','4516');
INSERT INTO pessoa (id_pessoa, tipo_documento,documento,nome,data_nascimento,nome_pais_origem) VALUES ('4517','PASS','000512662','Grev','19780715','New');
INSERT INTO emprega_gravacao (id_gravacao, id_pessoa) VALUES ('55','4517');
INSERT INTO pessoa (id_pessoa, tipo_documento,documento,nome,data_nascimento,nome_pais_origem) VALUES ('4518','PASS','000431479','Chough','19820607','Vietnam');
INSERT INTO emprega_gravacao (id_gravacao, id_pessoa) VALUES ('55','4518');
INSERT INTO pessoa (id_pessoa, tipo_documento,documento,nome,data_nascimento,nome_pais_origem) VALUES ('4519','PASS','000854156','Blankship','19871217','Zealand');
INSERT INTO emprega_gravacao (id_gravacao, id_pessoa) VALUES ('55','4519');
INSERT INTO pessoa (id_pessoa, tipo_documento,documento,nome,data_nascimento,nome_pais_origem) VALUES ('4520','PASS','000357965','Ciano','19840216','Luxembourg');
INSERT INTO emprega_gravacao (id_gravacao, id_pessoa) VALUES ('55','4520');
INSERT INTO pessoa (id_pessoa, tipo_documento,documento,nome,data_nascimento,nome_pais_origem) VALUES ('4521','PASS','000372672','Disch','19821210','Armenia');
INSERT INTO emprega_gravacao (id_gravacao, id_pessoa) VALUES ('55','4521');
INSERT INTO pessoa (id_pessoa, tipo_documento,documento,nome,data_nascimento,nome_pais_origem) VALUES ('4522','PASS','000216768','Braunsdorf','19850705','France');
INSERT INTO emprega_gravacao (id_gravacao, id_pessoa) VALUES ('55','4522');
INSERT INTO pessoa (id_pessoa, tipo_documento,documento,nome,data_nascimento,nome_pais_origem) VALUES ('4523','PASS','000828536','Clesca','19860821','Egypt');
INSERT INTO emprega_gravacao (id_gravacao, id_pessoa) VALUES ('55','4523');
INSERT INTO pessoa (id_pessoa, tipo_documento,documento,nome,data_nascimento,nome_pais_origem) VALUES ('4524','PASS','000111758','Foucha','19720814','France');
INSERT INTO emprega_gravacao (id_gravacao, id_pessoa) VALUES ('55','4524');
INSERT INTO pessoa (id_pessoa, tipo_documento,documento,nome,data_nascimento,nome_pais_origem) VALUES ('4525','PASS','000655221','Buescher','19720123','Nicaragua');
INSERT INTO emprega_gravacao (id_gravacao, id_pessoa) VALUES ('55','4525');
INSERT INTO pessoa (id_pessoa, tipo_documento,documento,nome,data_nascimento,nome_pais_origem) VALUES ('4526','PASS','000815853','Dena','19771201','Georgia');
INSERT INTO emprega_gravacao (id_gravacao, id_pessoa) VALUES ('55','4526');
INSERT INTO pessoa (id_pessoa, tipo_documento,documento,nome,data_nascimento,nome_pais_origem) VALUES ('4527','PASS','000250733','Cullison','19870518','Bulgaria');
INSERT INTO emprega_gravacao (id_gravacao, id_pessoa) VALUES ('55','4527');
INSERT INTO pessoa (id_pessoa, tipo_documento,documento,nome,data_nascimento,nome_pais_origem) VALUES ('4528','PASS','000932513','Beltran','19771110','Senegal');
INSERT INTO emprega_gravacao (id_gravacao, id_pessoa) VALUES ('55','4528');
INSERT INTO pessoa (id_pessoa, tipo_documento,documento,nome,data_nascimento,nome_pais_origem) VALUES ('4529','PASS','000708062','Geissel','19811210','Spain');
INSERT INTO emprega_gravacao (id_gravacao, id_pessoa) VALUES ('55','4529');
INSERT INTO pessoa (id_pessoa, tipo_documento,documento,nome,data_nascimento,nome_pais_origem) VALUES ('4530','PASS','000929621','Cromeans','19870508','Sweden');
INSERT INTO emprega_gravacao (id_gravacao, id_pessoa) VALUES ('55','4530');
INSERT INTO equipe_de_gravacao (id_gravacao,nome_empresa) VALUES ('56','VZTLWHB');
INSERT INTO pessoa (id_pessoa, tipo_documento,documento,nome,data_nascimento,nome_pais_origem) VALUES ('4531','PASS','000431904','Casterline','19870417','Mozambique');
INSERT INTO emprega_gravacao (id_gravacao, id_pessoa) VALUES ('56','4531');
INSERT INTO pessoa (id_pessoa, tipo_documento,documento,nome,data_nascimento,nome_pais_origem) VALUES ('4532','PASS','000308046','Bleiweiss','19781024','Belgium');
INSERT INTO emprega_gravacao (id_gravacao, id_pessoa) VALUES ('56','4532');
INSERT INTO pessoa (id_pessoa, tipo_documento,documento,nome,data_nascimento,nome_pais_origem) VALUES ('4533','PASS','000164414','Christena','19850703','Cuba');
INSERT INTO emprega_gravacao (id_gravacao, id_pessoa) VALUES ('56','4533');
INSERT INTO pessoa (id_pessoa, tipo_documento,documento,nome,data_nascimento,nome_pais_origem) VALUES ('4534','PASS','000323061','Granelli','19801004','Ukraine');
INSERT INTO emprega_gravacao (id_gravacao, id_pessoa) VALUES ('56','4534');
INSERT INTO pessoa (id_pessoa, tipo_documento,documento,nome,data_nascimento,nome_pais_origem) VALUES ('4535','PASS','000927527','Duka','19790214','Indonesia');
INSERT INTO emprega_gravacao (id_gravacao, id_pessoa) VALUES ('56','4535');
INSERT INTO pessoa (id_pessoa, tipo_documento,documento,nome,data_nascimento,nome_pais_origem) VALUES ('4536','PASS','000218315','Abare','19890923','Nepal');
INSERT INTO emprega_gravacao (id_gravacao, id_pessoa) VALUES ('56','4536');
INSERT INTO pessoa (id_pessoa, tipo_documento,documento,nome,data_nascimento,nome_pais_origem) VALUES ('4537','PASS','000754272','Aleyandrez','19880213','Ukraine');
INSERT INTO emprega_gravacao (id_gravacao, id_pessoa) VALUES ('56','4537');
INSERT INTO pessoa (id_pessoa, tipo_documento,documento,nome,data_nascimento,nome_pais_origem) VALUES ('4538','PASS','000892015','Akhavan','19830326','Chile');
INSERT INTO emprega_gravacao (id_gravacao, id_pessoa) VALUES ('56','4538');
INSERT INTO pessoa (id_pessoa, tipo_documento,documento,nome,data_nascimento,nome_pais_origem) VALUES ('4539','PASS','000966334','Crespin','19811202','Syria');
INSERT INTO emprega_gravacao (id_gravacao, id_pessoa) VALUES ('56','4539');
INSERT INTO pessoa (id_pessoa, tipo_documento,documento,nome,data_nascimento,nome_pais_origem) VALUES ('4540','PASS','000302822','Cheely','19711216','Senegal');
INSERT INTO emprega_gravacao (id_gravacao, id_pessoa) VALUES ('56','4540');
INSERT INTO pessoa (id_pessoa, tipo_documento,documento,nome,data_nascimento,nome_pais_origem) VALUES ('4541','PASS','000220352','Derosier','19780820','Finland');
INSERT INTO emprega_gravacao (id_gravacao, id_pessoa) VALUES ('56','4541');
INSERT INTO pessoa (id_pessoa, tipo_documento,documento,nome,data_nascimento,nome_pais_origem) VALUES ('4542','PASS','000495444','Becklin','19760503','Albania');
INSERT INTO emprega_gravacao (id_gravacao, id_pessoa) VALUES ('56','4542');
INSERT INTO pessoa (id_pessoa, tipo_documento,documento,nome,data_nascimento,nome_pais_origem) VALUES ('4543','PASS','000313684','Elland','19861016','Mozambique');
INSERT INTO emprega_gravacao (id_gravacao, id_pessoa) VALUES ('56','4543');
INSERT INTO pessoa (id_pessoa, tipo_documento,documento,nome,data_nascimento,nome_pais_origem) VALUES ('4544','PASS','000160360','Carberry','19740822','Peru');
INSERT INTO emprega_gravacao (id_gravacao, id_pessoa) VALUES ('56','4544');
INSERT INTO pessoa (id_pessoa, tipo_documento,documento,nome,data_nascimento,nome_pais_origem) VALUES ('4545','PASS','000235935','Bachand','19830719','Uruguay');
INSERT INTO emprega_gravacao (id_gravacao, id_pessoa) VALUES ('56','4545');
INSERT INTO pessoa (id_pessoa, tipo_documento,documento,nome,data_nascimento,nome_pais_origem) VALUES ('4546','PASS','000391052','Barshaw','19780824','Romania');
INSERT INTO emprega_gravacao (id_gravacao, id_pessoa) VALUES ('56','4546');
INSERT INTO pessoa (id_pessoa, tipo_documento,documento,nome,data_nascimento,nome_pais_origem) VALUES ('4547','PASS','000222118','Deppe','19820909','Belarus');
INSERT INTO emprega_gravacao (id_gravacao, id_pessoa) VALUES ('56','4547');
INSERT INTO pessoa (id_pessoa, tipo_documento,documento,nome,data_nascimento,nome_pais_origem) VALUES ('4548','PASS','000404277','Eliopoulos','19801114','Germany');
INSERT INTO emprega_gravacao (id_gravacao, id_pessoa) VALUES ('56','4548');
INSERT INTO pessoa (id_pessoa, tipo_documento,documento,nome,data_nascimento,nome_pais_origem) VALUES ('4549','PASS','000237381','Delfavero','19871020','Zealand');
INSERT INTO emprega_gravacao (id_gravacao, id_pessoa) VALUES ('56','4549');
INSERT INTO pessoa (id_pessoa, tipo_documento,documento,nome,data_nascimento,nome_pais_origem) VALUES ('4550','PASS','000390376','Butkowski','19741102','Mozambique');
INSERT INTO emprega_gravacao (id_gravacao, id_pessoa) VALUES ('56','4550');
INSERT INTO pessoa (id_pessoa, tipo_documento,documento,nome,data_nascimento,nome_pais_origem) VALUES ('4551','PASS','000101846','Ganiban','19860606','Austria');
INSERT INTO emprega_gravacao (id_gravacao, id_pessoa) VALUES ('56','4551');
INSERT INTO pessoa (id_pessoa, tipo_documento,documento,nome,data_nascimento,nome_pais_origem) VALUES ('4552','PASS','000640711','Chass','19820805','Philippines');
INSERT INTO emprega_gravacao (id_gravacao, id_pessoa) VALUES ('56','4552');
INSERT INTO pessoa (id_pessoa, tipo_documento,documento,nome,data_nascimento,nome_pais_origem) VALUES ('4553','PASS','000851380','Engram','19710524','Colombia');
INSERT INTO emprega_gravacao (id_gravacao, id_pessoa) VALUES ('56','4553');
INSERT INTO pessoa (id_pessoa, tipo_documento,documento,nome,data_nascimento,nome_pais_origem) VALUES ('4554','PASS','000797654','Furrer','19720624','Slovakia');
INSERT INTO emprega_gravacao (id_gravacao, id_pessoa) VALUES ('56','4554');
INSERT INTO pessoa (id_pessoa, tipo_documento,documento,nome,data_nascimento,nome_pais_origem) VALUES ('4555','PASS','000444341','Boumthavee','19780922','Liechtenstein');
INSERT INTO emprega_gravacao (id_gravacao, id_pessoa) VALUES ('56','4555');
INSERT INTO pessoa (id_pessoa, tipo_documento,documento,nome,data_nascimento,nome_pais_origem) VALUES ('4556','PASS','000519274','Gramham','19790706','Nepal');
INSERT INTO emprega_gravacao (id_gravacao, id_pessoa) VALUES ('56','4556');
INSERT INTO equipe_de_gravacao (id_gravacao,nome_empresa) VALUES ('57','XLRHPEP');
INSERT INTO pessoa (id_pessoa, tipo_documento,documento,nome,data_nascimento,nome_pais_origem) VALUES ('4557','PASS','000272377','Davies','19710421','Vietnam');
INSERT INTO emprega_gravacao (id_gravacao, id_pessoa) VALUES ('57','4557');
INSERT INTO pessoa (id_pessoa, tipo_documento,documento,nome,data_nascimento,nome_pais_origem) VALUES ('4558','PASS','000632991','Crebs','19740718','Finland');
INSERT INTO emprega_gravacao (id_gravacao, id_pessoa) VALUES ('57','4558');
INSERT INTO pessoa (id_pessoa, tipo_documento,documento,nome,data_nascimento,nome_pais_origem) VALUES ('4559','PASS','000122111','Fradkin','19740608','Vietnam');
INSERT INTO emprega_gravacao (id_gravacao, id_pessoa) VALUES ('57','4559');
INSERT INTO pessoa (id_pessoa, tipo_documento,documento,nome,data_nascimento,nome_pais_origem) VALUES ('4560','PASS','000443424','Gottke','19790817','Hungary');
INSERT INTO emprega_gravacao (id_gravacao, id_pessoa) VALUES ('57','4560');
INSERT INTO pessoa (id_pessoa, tipo_documento,documento,nome,data_nascimento,nome_pais_origem) VALUES ('4561','PASS','000727213','Allshouse','19760401','Mozambique');
INSERT INTO emprega_gravacao (id_gravacao, id_pessoa) VALUES ('57','4561');
INSERT INTO pessoa (id_pessoa, tipo_documento,documento,nome,data_nascimento,nome_pais_origem) VALUES ('4562','PASS','000909027','Artley','19861020','Indonesia');
INSERT INTO emprega_gravacao (id_gravacao, id_pessoa) VALUES ('57','4562');
INSERT INTO pessoa (id_pessoa, tipo_documento,documento,nome,data_nascimento,nome_pais_origem) VALUES ('4563','PASS','000788906','Barona','19721121','Spain');
INSERT INTO emprega_gravacao (id_gravacao, id_pessoa) VALUES ('57','4563');
INSERT INTO pessoa (id_pessoa, tipo_documento,documento,nome,data_nascimento,nome_pais_origem) VALUES ('4564','PASS','000228257','Blaskovich','19710725','Greece');
INSERT INTO emprega_gravacao (id_gravacao, id_pessoa) VALUES ('57','4564');
INSERT INTO pessoa (id_pessoa, tipo_documento,documento,nome,data_nascimento,nome_pais_origem) VALUES ('4565','PASS','000489510','Colla','19830720','Azerbaijan');
INSERT INTO emprega_gravacao (id_gravacao, id_pessoa) VALUES ('57','4565');
INSERT INTO pessoa (id_pessoa, tipo_documento,documento,nome,data_nascimento,nome_pais_origem) VALUES ('4566','PASS','000417001','Bon','19740715','China');
INSERT INTO emprega_gravacao (id_gravacao, id_pessoa) VALUES ('57','4566');
INSERT INTO pessoa (id_pessoa, tipo_documento,documento,nome,data_nascimento,nome_pais_origem) VALUES ('4567','PASS','000776818','Glau','19700526','Uruguay');
INSERT INTO emprega_gravacao (id_gravacao, id_pessoa) VALUES ('57','4567');
INSERT INTO equipe_de_gravacao (id_gravacao,nome_empresa) VALUES ('58','LSZHWKP');
INSERT INTO pessoa (id_pessoa, tipo_documento,documento,nome,data_nascimento,nome_pais_origem) VALUES ('4568','PASS','000112050','Boyster','19860905','Hungary');
INSERT INTO emprega_gravacao (id_gravacao, id_pessoa) VALUES ('58','4568');
INSERT INTO pessoa (id_pessoa, tipo_documento,documento,nome,data_nascimento,nome_pais_origem) VALUES ('4569','PASS','000271642','Bocskor','19780111','Liechtenstein');
INSERT INTO emprega_gravacao (id_gravacao, id_pessoa) VALUES ('58','4569');
INSERT INTO pessoa (id_pessoa, tipo_documento,documento,nome,data_nascimento,nome_pais_origem) VALUES ('4570','PASS','000232315','Erker','19730912','Nicaragua');
INSERT INTO emprega_gravacao (id_gravacao, id_pessoa) VALUES ('58','4570');
INSERT INTO pessoa (id_pessoa, tipo_documento,documento,nome,data_nascimento,nome_pais_origem) VALUES ('4571','PASS','000238447','Azar','19840427','Iran');
INSERT INTO emprega_gravacao (id_gravacao, id_pessoa) VALUES ('58','4571');
INSERT INTO pessoa (id_pessoa, tipo_documento,documento,nome,data_nascimento,nome_pais_origem) VALUES ('4572','PASS','000590180','Benkosky','19711015','Rica');
INSERT INTO emprega_gravacao (id_gravacao, id_pessoa) VALUES ('58','4572');
INSERT INTO pessoa (id_pessoa, tipo_documento,documento,nome,data_nascimento,nome_pais_origem) VALUES ('4573','PASS','000403859','Catherine','19800906','New');
INSERT INTO emprega_gravacao (id_gravacao, id_pessoa) VALUES ('58','4573');
INSERT INTO pessoa (id_pessoa, tipo_documento,documento,nome,data_nascimento,nome_pais_origem) VALUES ('4574','PASS','000616389','Grosskopf','19831207','Morocco');
INSERT INTO emprega_gravacao (id_gravacao, id_pessoa) VALUES ('58','4574');
INSERT INTO pessoa (id_pessoa, tipo_documento,documento,nome,data_nascimento,nome_pais_origem) VALUES ('4575','PASS','000256440','Gazza','19870414','Albania');
INSERT INTO emprega_gravacao (id_gravacao, id_pessoa) VALUES ('58','4575');
INSERT INTO pessoa (id_pessoa, tipo_documento,documento,nome,data_nascimento,nome_pais_origem) VALUES ('4576','PASS','000488470','Bambrick','19710109','Argentina');
INSERT INTO emprega_gravacao (id_gravacao, id_pessoa) VALUES ('58','4576');
INSERT INTO pessoa (id_pessoa, tipo_documento,documento,nome,data_nascimento,nome_pais_origem) VALUES ('4577','PASS','000595231','Alfandre','19721211','Albania');
INSERT INTO emprega_gravacao (id_gravacao, id_pessoa) VALUES ('58','4577');
INSERT INTO pessoa (id_pessoa, tipo_documento,documento,nome,data_nascimento,nome_pais_origem) VALUES ('4578','PASS','000817333','Crittenden','19840607','Morocco');
INSERT INTO emprega_gravacao (id_gravacao, id_pessoa) VALUES ('58','4578');
INSERT INTO pessoa (id_pessoa, tipo_documento,documento,nome,data_nascimento,nome_pais_origem) VALUES ('4579','PASS','000242360','Falkiewicz','19780506','Thailand');
INSERT INTO emprega_gravacao (id_gravacao, id_pessoa) VALUES ('58','4579');
INSERT INTO pessoa (id_pessoa, tipo_documento,documento,nome,data_nascimento,nome_pais_origem) VALUES ('4580','PASS','000867542','Carrara','19840201','Denmark');
INSERT INTO emprega_gravacao (id_gravacao, id_pessoa) VALUES ('58','4580');
INSERT INTO pessoa (id_pessoa, tipo_documento,documento,nome,data_nascimento,nome_pais_origem) VALUES ('4581','PASS','000894902','Bolding','19840409','Barbados');
INSERT INTO emprega_gravacao (id_gravacao, id_pessoa) VALUES ('58','4581');
INSERT INTO pessoa (id_pessoa, tipo_documento,documento,nome,data_nascimento,nome_pais_origem) VALUES ('4582','PASS','000271656','Beardsley','19820812','Iraq');
INSERT INTO emprega_gravacao (id_gravacao, id_pessoa) VALUES ('58','4582');
INSERT INTO pessoa (id_pessoa, tipo_documento,documento,nome,data_nascimento,nome_pais_origem) VALUES ('4583','PASS','000401274','Barrows','19741126','Peru');
INSERT INTO emprega_gravacao (id_gravacao, id_pessoa) VALUES ('58','4583');
INSERT INTO pessoa (id_pessoa, tipo_documento,documento,nome,data_nascimento,nome_pais_origem) VALUES ('4584','PASS','000483008','Cabrero','19870911','Arabia');
INSERT INTO emprega_gravacao (id_gravacao, id_pessoa) VALUES ('58','4584');
INSERT INTO pessoa (id_pessoa, tipo_documento,documento,nome,data_nascimento,nome_pais_origem) VALUES ('4585','PASS','000683590','Gedo','19840703','Peru');
INSERT INTO emprega_gravacao (id_gravacao, id_pessoa) VALUES ('58','4585');
INSERT INTO pessoa (id_pessoa, tipo_documento,documento,nome,data_nascimento,nome_pais_origem) VALUES ('4586','PASS','000925098','Gischer','19741118','Switzerland');
INSERT INTO emprega_gravacao (id_gravacao, id_pessoa) VALUES ('58','4586');
INSERT INTO pessoa (id_pessoa, tipo_documento,documento,nome,data_nascimento,nome_pais_origem) VALUES ('4587','PASS','000144415','Getchell','19720119','Spain');
INSERT INTO emprega_gravacao (id_gravacao, id_pessoa) VALUES ('58','4587');
INSERT INTO pessoa (id_pessoa, tipo_documento,documento,nome,data_nascimento,nome_pais_origem) VALUES ('4588','PASS','000804878','Dronen','19770816','Syria');
INSERT INTO emprega_gravacao (id_gravacao, id_pessoa) VALUES ('58','4588');
INSERT INTO equipe_de_gravacao (id_gravacao,nome_empresa) VALUES ('59','IMRSVUU');
INSERT INTO pessoa (id_pessoa, tipo_documento,documento,nome,data_nascimento,nome_pais_origem) VALUES ('4589','PASS','000675410','Blatchford','19741219','Senegal');
INSERT INTO emprega_gravacao (id_gravacao, id_pessoa) VALUES ('59','4589');
INSERT INTO pessoa (id_pessoa, tipo_documento,documento,nome,data_nascimento,nome_pais_origem) VALUES ('4590','PASS','000688004','Golian','19840103','Singapore');
INSERT INTO emprega_gravacao (id_gravacao, id_pessoa) VALUES ('59','4590');
INSERT INTO pessoa (id_pessoa, tipo_documento,documento,nome,data_nascimento,nome_pais_origem) VALUES ('4591','PASS','000101749','Bonn','19780711','Australia');
INSERT INTO emprega_gravacao (id_gravacao, id_pessoa) VALUES ('59','4591');
INSERT INTO pessoa (id_pessoa, tipo_documento,documento,nome,data_nascimento,nome_pais_origem) VALUES ('4592','PASS','000282295','Bleecker','19820314','Philippines');
INSERT INTO emprega_gravacao (id_gravacao, id_pessoa) VALUES ('59','4592');
INSERT INTO pessoa (id_pessoa, tipo_documento,documento,nome,data_nascimento,nome_pais_origem) VALUES ('4593','PASS','000870723','Barriere','19750502','China');
INSERT INTO emprega_gravacao (id_gravacao, id_pessoa) VALUES ('59','4593');
INSERT INTO pessoa (id_pessoa, tipo_documento,documento,nome,data_nascimento,nome_pais_origem) VALUES ('4594','PASS','000708145','Barkalow','19891209','Colombia');
INSERT INTO emprega_gravacao (id_gravacao, id_pessoa) VALUES ('59','4594');
INSERT INTO pessoa (id_pessoa, tipo_documento,documento,nome,data_nascimento,nome_pais_origem) VALUES ('4595','PASS','000989640','Gransberry','19791205','Mozambique');
INSERT INTO emprega_gravacao (id_gravacao, id_pessoa) VALUES ('59','4595');
INSERT INTO pessoa (id_pessoa, tipo_documento,documento,nome,data_nascimento,nome_pais_origem) VALUES ('4596','PASS','000748549','Alverta','19750102','Slovakia');
INSERT INTO emprega_gravacao (id_gravacao, id_pessoa) VALUES ('59','4596');
INSERT INTO pessoa (id_pessoa, tipo_documento,documento,nome,data_nascimento,nome_pais_origem) VALUES ('4597','PASS','000955012','Chinen','19730816','Uruguay');
INSERT INTO emprega_gravacao (id_gravacao, id_pessoa) VALUES ('59','4597');
INSERT INTO pessoa (id_pessoa, tipo_documento,documento,nome,data_nascimento,nome_pais_origem) VALUES ('4598','PASS','000533396','Barvosa','19870426','Chile');
INSERT INTO emprega_gravacao (id_gravacao, id_pessoa) VALUES ('59','4598');
INSERT INTO pessoa (id_pessoa, tipo_documento,documento,nome,data_nascimento,nome_pais_origem) VALUES ('4599','PASS','000130754','Arlinghaus','19890618','Bangladesh');
INSERT INTO emprega_gravacao (id_gravacao, id_pessoa) VALUES ('59','4599');
INSERT INTO pessoa (id_pessoa, tipo_documento,documento,nome,data_nascimento,nome_pais_origem) VALUES ('4600','PASS','000252103','Colbaugh','19790407','Germany');
INSERT INTO emprega_gravacao (id_gravacao, id_pessoa) VALUES ('59','4600');
INSERT INTO pessoa (id_pessoa, tipo_documento,documento,nome,data_nascimento,nome_pais_origem) VALUES ('4601','PASS','000140604','Ferandez','19710409','Mongolia');
INSERT INTO emprega_gravacao (id_gravacao, id_pessoa) VALUES ('59','4601');
INSERT INTO pessoa (id_pessoa, tipo_documento,documento,nome,data_nascimento,nome_pais_origem) VALUES ('4602','PASS','000498891','Belfy','19790420','Norway');
INSERT INTO emprega_gravacao (id_gravacao, id_pessoa) VALUES ('59','4602');
INSERT INTO pessoa (id_pessoa, tipo_documento,documento,nome,data_nascimento,nome_pais_origem) VALUES ('4603','PASS','000192729','Dertinger','19880216','Turkey');
INSERT INTO emprega_gravacao (id_gravacao, id_pessoa) VALUES ('59','4603');
INSERT INTO pessoa (id_pessoa, tipo_documento,documento,nome,data_nascimento,nome_pais_origem) VALUES ('4604','PASS','000488039','Eschenburg','19701014','New');
INSERT INTO emprega_gravacao (id_gravacao, id_pessoa) VALUES ('59','4604');
INSERT INTO pessoa (id_pessoa, tipo_documento,documento,nome,data_nascimento,nome_pais_origem) VALUES ('4605','PASS','000652776','Caskey','19820519','Arabia');
INSERT INTO emprega_gravacao (id_gravacao, id_pessoa) VALUES ('59','4605');
INSERT INTO pessoa (id_pessoa, tipo_documento,documento,nome,data_nascimento,nome_pais_origem) VALUES ('4606','PASS','000386609','Achin','19740722','Belarus');
INSERT INTO emprega_gravacao (id_gravacao, id_pessoa) VALUES ('59','4606');
INSERT INTO pessoa (id_pessoa, tipo_documento,documento,nome,data_nascimento,nome_pais_origem) VALUES ('4607','PASS','000340398','Chaddock','19751019','Morocco');
INSERT INTO emprega_gravacao (id_gravacao, id_pessoa) VALUES ('59','4607');
INSERT INTO equipe_de_gravacao (id_gravacao,nome_empresa) VALUES ('60','UMIAJYS');
INSERT INTO pessoa (id_pessoa, tipo_documento,documento,nome,data_nascimento,nome_pais_origem) VALUES ('4608','PASS','000156133','Cauffman','19710222','Australia');
INSERT INTO emprega_gravacao (id_gravacao, id_pessoa) VALUES ('60','4608');
INSERT INTO pessoa (id_pessoa, tipo_documento,documento,nome,data_nascimento,nome_pais_origem) VALUES ('4609','PASS','000679998','Carras','19840417','Uruguay');
INSERT INTO emprega_gravacao (id_gravacao, id_pessoa) VALUES ('60','4609');
INSERT INTO pessoa (id_pessoa, tipo_documento,documento,nome,data_nascimento,nome_pais_origem) VALUES ('4610','PASS','000315084','Eitniear','19811222','Sweden');
INSERT INTO emprega_gravacao (id_gravacao, id_pessoa) VALUES ('60','4610');
INSERT INTO pessoa (id_pessoa, tipo_documento,documento,nome,data_nascimento,nome_pais_origem) VALUES ('4611','PASS','000765933','Conrady','19760902','India');
INSERT INTO emprega_gravacao (id_gravacao, id_pessoa) VALUES ('60','4611');
INSERT INTO pessoa (id_pessoa, tipo_documento,documento,nome,data_nascimento,nome_pais_origem) VALUES ('4612','PASS','000621890','Coltrin','19880218','Poland');
INSERT INTO emprega_gravacao (id_gravacao, id_pessoa) VALUES ('60','4612');
INSERT INTO pessoa (id_pessoa, tipo_documento,documento,nome,data_nascimento,nome_pais_origem) VALUES ('4613','PASS','000153255','Barre','19721126','Netherlands');
INSERT INTO emprega_gravacao (id_gravacao, id_pessoa) VALUES ('60','4613');
INSERT INTO pessoa (id_pessoa, tipo_documento,documento,nome,data_nascimento,nome_pais_origem) VALUES ('4614','PASS','000922887','Cervenak','19750108','Netherlands');
INSERT INTO emprega_gravacao (id_gravacao, id_pessoa) VALUES ('60','4614');
INSERT INTO pessoa (id_pessoa, tipo_documento,documento,nome,data_nascimento,nome_pais_origem) VALUES ('4615','PASS','000708876','Gookin','19831201','Zealand');
INSERT INTO emprega_gravacao (id_gravacao, id_pessoa) VALUES ('60','4615');
INSERT INTO pessoa (id_pessoa, tipo_documento,documento,nome,data_nascimento,nome_pais_origem) VALUES ('4616','PASS','000724363','Finland','19800315','Liechtenstein');
INSERT INTO emprega_gravacao (id_gravacao, id_pessoa) VALUES ('60','4616');
INSERT INTO pessoa (id_pessoa, tipo_documento,documento,nome,data_nascimento,nome_pais_origem) VALUES ('4617','PASS','000429922','Forts','19841220','Nepal');
INSERT INTO emprega_gravacao (id_gravacao, id_pessoa) VALUES ('60','4617');
INSERT INTO equipe_de_gravacao (id_gravacao,nome_empresa) VALUES ('61','QMNIOMX');
INSERT INTO pessoa (id_pessoa, tipo_documento,documento,nome,data_nascimento,nome_pais_origem) VALUES ('4618','PASS','000324310','Francisca','19700623','Bahamas');
INSERT INTO emprega_gravacao (id_gravacao, id_pessoa) VALUES ('61','4618');
INSERT INTO pessoa (id_pessoa, tipo_documento,documento,nome,data_nascimento,nome_pais_origem) VALUES ('4619','PASS','000618496','Dahlstedt','19850819','Armenia');
INSERT INTO emprega_gravacao (id_gravacao, id_pessoa) VALUES ('61','4619');
INSERT INTO pessoa (id_pessoa, tipo_documento,documento,nome,data_nascimento,nome_pais_origem) VALUES ('4620','PASS','000489053','Delashmit','19820711','France');
INSERT INTO emprega_gravacao (id_gravacao, id_pessoa) VALUES ('61','4620');
INSERT INTO pessoa (id_pessoa, tipo_documento,documento,nome,data_nascimento,nome_pais_origem) VALUES ('4621','PASS','000188735','Afflick','19860118','Senegal');
INSERT INTO emprega_gravacao (id_gravacao, id_pessoa) VALUES ('61','4621');
INSERT INTO pessoa (id_pessoa, tipo_documento,documento,nome,data_nascimento,nome_pais_origem) VALUES ('4622','PASS','000618766','Farran','19791024','Indonesia');
INSERT INTO emprega_gravacao (id_gravacao, id_pessoa) VALUES ('61','4622');
INSERT INTO pessoa (id_pessoa, tipo_documento,documento,nome,data_nascimento,nome_pais_origem) VALUES ('4623','PASS','000461305','Chum','19800903','Indonesia');
INSERT INTO emprega_gravacao (id_gravacao, id_pessoa) VALUES ('61','4623');
INSERT INTO pessoa (id_pessoa, tipo_documento,documento,nome,data_nascimento,nome_pais_origem) VALUES ('4624','PASS','000959407','Casewell','19870124','Switzerland');
INSERT INTO emprega_gravacao (id_gravacao, id_pessoa) VALUES ('61','4624');
INSERT INTO pessoa (id_pessoa, tipo_documento,documento,nome,data_nascimento,nome_pais_origem) VALUES ('4625','PASS','000965294','Friedl','19880207','Iraq');
INSERT INTO emprega_gravacao (id_gravacao, id_pessoa) VALUES ('61','4625');
INSERT INTO pessoa (id_pessoa, tipo_documento,documento,nome,data_nascimento,nome_pais_origem) VALUES ('4626','PASS','000140879','Bastress','19850323','Egypt');
INSERT INTO emprega_gravacao (id_gravacao, id_pessoa) VALUES ('61','4626');
INSERT INTO pessoa (id_pessoa, tipo_documento,documento,nome,data_nascimento,nome_pais_origem) VALUES ('4627','PASS','000549484','Fillhart','19840920','Bulgaria');
INSERT INTO emprega_gravacao (id_gravacao, id_pessoa) VALUES ('61','4627');
INSERT INTO pessoa (id_pessoa, tipo_documento,documento,nome,data_nascimento,nome_pais_origem) VALUES ('4628','PASS','000869559','Golson','19830412','Estonia');
INSERT INTO emprega_gravacao (id_gravacao, id_pessoa) VALUES ('61','4628');
INSERT INTO pessoa (id_pessoa, tipo_documento,documento,nome,data_nascimento,nome_pais_origem) VALUES ('4629','PASS','000758625','Filippelli','19880919','Sweden');
INSERT INTO emprega_gravacao (id_gravacao, id_pessoa) VALUES ('61','4629');
INSERT INTO pessoa (id_pessoa, tipo_documento,documento,nome,data_nascimento,nome_pais_origem) VALUES ('4630','PASS','000873694','Celestino','19810713','Saudi');
INSERT INTO emprega_gravacao (id_gravacao, id_pessoa) VALUES ('61','4630');
INSERT INTO pessoa (id_pessoa, tipo_documento,documento,nome,data_nascimento,nome_pais_origem) VALUES ('4631','PASS','000564801','Ankrapp','19870923','Austria');
INSERT INTO emprega_gravacao (id_gravacao, id_pessoa) VALUES ('61','4631');
INSERT INTO pessoa (id_pessoa, tipo_documento,documento,nome,data_nascimento,nome_pais_origem) VALUES ('4632','PASS','000968645','Bowell','19830125','Uruguay');
INSERT INTO emprega_gravacao (id_gravacao, id_pessoa) VALUES ('61','4632');
INSERT INTO pessoa (id_pessoa, tipo_documento,documento,nome,data_nascimento,nome_pais_origem) VALUES ('4633','PASS','000571743','Fleenor','19840724','Arabia');
INSERT INTO emprega_gravacao (id_gravacao, id_pessoa) VALUES ('61','4633');
INSERT INTO pessoa (id_pessoa, tipo_documento,documento,nome,data_nascimento,nome_pais_origem) VALUES ('4634','PASS','000419405','Days','19880301','Liechtenstein');
INSERT INTO emprega_gravacao (id_gravacao, id_pessoa) VALUES ('61','4634');
INSERT INTO pessoa (id_pessoa, tipo_documento,documento,nome,data_nascimento,nome_pais_origem) VALUES ('4635','PASS','000921846','Barriga','19890104','Hungary');
INSERT INTO emprega_gravacao (id_gravacao, id_pessoa) VALUES ('61','4635');
INSERT INTO pessoa (id_pessoa, tipo_documento,documento,nome,data_nascimento,nome_pais_origem) VALUES ('4636','PASS','000649468','Bolser','19711001','Belgium');
INSERT INTO emprega_gravacao (id_gravacao, id_pessoa) VALUES ('61','4636');
INSERT INTO pessoa (id_pessoa, tipo_documento,documento,nome,data_nascimento,nome_pais_origem) VALUES ('4637','PASS','000459972','Chrabasz','19710519','Italy');
INSERT INTO emprega_gravacao (id_gravacao, id_pessoa) VALUES ('61','4637');
INSERT INTO pessoa (id_pessoa, tipo_documento,documento,nome,data_nascimento,nome_pais_origem) VALUES ('4638','PASS','000263555','Donahoo','19720618','Denmark');
INSERT INTO emprega_gravacao (id_gravacao, id_pessoa) VALUES ('61','4638');
INSERT INTO pessoa (id_pessoa, tipo_documento,documento,nome,data_nascimento,nome_pais_origem) VALUES ('4639','PASS','000683559','Bianchi','19730521','Netherlands');
INSERT INTO emprega_gravacao (id_gravacao, id_pessoa) VALUES ('61','4639');
INSERT INTO pessoa (id_pessoa, tipo_documento,documento,nome,data_nascimento,nome_pais_origem) VALUES ('4640','PASS','000148872','Dunham','19870723','Indonesia');
INSERT INTO emprega_gravacao (id_gravacao, id_pessoa) VALUES ('61','4640');
INSERT INTO pessoa (id_pessoa, tipo_documento,documento,nome,data_nascimento,nome_pais_origem) VALUES ('4641','PASS','000924604','Fannings','19851113','Luxembourg');
INSERT INTO emprega_gravacao (id_gravacao, id_pessoa) VALUES ('61','4641');
INSERT INTO pessoa (id_pessoa, tipo_documento,documento,nome,data_nascimento,nome_pais_origem) VALUES ('4642','PASS','000958924','Geronimo','19731002','Croatia');
INSERT INTO emprega_gravacao (id_gravacao, id_pessoa) VALUES ('61','4642');
INSERT INTO pessoa (id_pessoa, tipo_documento,documento,nome,data_nascimento,nome_pais_origem) VALUES ('4643','PASS','000457735','Gihring','19720825','New');
INSERT INTO emprega_gravacao (id_gravacao, id_pessoa) VALUES ('61','4643');
INSERT INTO pessoa (id_pessoa, tipo_documento,documento,nome,data_nascimento,nome_pais_origem) VALUES ('4644','PASS','000656270','Appleyard','19830823','Belgium');
INSERT INTO emprega_gravacao (id_gravacao, id_pessoa) VALUES ('61','4644');
INSERT INTO pessoa (id_pessoa, tipo_documento,documento,nome,data_nascimento,nome_pais_origem) VALUES ('4645','PASS','000623898','Argote','19770508','Mozambique');
INSERT INTO emprega_gravacao (id_gravacao, id_pessoa) VALUES ('61','4645');
INSERT INTO pessoa (id_pessoa, tipo_documento,documento,nome,data_nascimento,nome_pais_origem) VALUES ('4646','PASS','000501664','Beckel','19840218','Bulgaria');
INSERT INTO emprega_gravacao (id_gravacao, id_pessoa) VALUES ('61','4646');
INSERT INTO pessoa (id_pessoa, tipo_documento,documento,nome,data_nascimento,nome_pais_origem) VALUES ('4647','PASS','000370052','Flem','19830407','Albania');
INSERT INTO emprega_gravacao (id_gravacao, id_pessoa) VALUES ('61','4647');
INSERT INTO pessoa (id_pessoa, tipo_documento,documento,nome,data_nascimento,nome_pais_origem) VALUES ('4648','PASS','000829440','Farver','19750508','Uzbekistan');
INSERT INTO emprega_gravacao (id_gravacao, id_pessoa) VALUES ('61','4648');
INSERT INTO equipe_de_gravacao (id_gravacao,nome_empresa) VALUES ('62','HAEVRCY');
INSERT INTO pessoa (id_pessoa, tipo_documento,documento,nome,data_nascimento,nome_pais_origem) VALUES ('4649','PASS','000589576','Bartlette','19790107','Lithuania');
INSERT INTO emprega_gravacao (id_gravacao, id_pessoa) VALUES ('62','4649');
INSERT INTO pessoa (id_pessoa, tipo_documento,documento,nome,data_nascimento,nome_pais_origem) VALUES ('4650','PASS','000512977','Dura','19830803','Uzbekistan');
INSERT INTO emprega_gravacao (id_gravacao, id_pessoa) VALUES ('62','4650');
INSERT INTO pessoa (id_pessoa, tipo_documento,documento,nome,data_nascimento,nome_pais_origem) VALUES ('4651','PASS','000630886','Arceo','19820917','Chile');
INSERT INTO emprega_gravacao (id_gravacao, id_pessoa) VALUES ('62','4651');
INSERT INTO pessoa (id_pessoa, tipo_documento,documento,nome,data_nascimento,nome_pais_origem) VALUES ('4652','PASS','000360558','Cusanelli','19800619','Chad');
INSERT INTO emprega_gravacao (id_gravacao, id_pessoa) VALUES ('62','4652');
INSERT INTO pessoa (id_pessoa, tipo_documento,documento,nome,data_nascimento,nome_pais_origem) VALUES ('4653','PASS','000952732','Averhart','19820425','Peru');
INSERT INTO emprega_gravacao (id_gravacao, id_pessoa) VALUES ('62','4653');
INSERT INTO pessoa (id_pessoa, tipo_documento,documento,nome,data_nascimento,nome_pais_origem) VALUES ('4654','PASS','000605443','Biscahall','19820404','Portugal');
INSERT INTO emprega_gravacao (id_gravacao, id_pessoa) VALUES ('62','4654');
INSERT INTO pessoa (id_pessoa, tipo_documento,documento,nome,data_nascimento,nome_pais_origem) VALUES ('4655','PASS','000735975','Cliett','19870921','Austria');
INSERT INTO emprega_gravacao (id_gravacao, id_pessoa) VALUES ('62','4655');
INSERT INTO pessoa (id_pessoa, tipo_documento,documento,nome,data_nascimento,nome_pais_origem) VALUES ('4656','PASS','000902566','Coar','19710825','Nicaragua');
INSERT INTO emprega_gravacao (id_gravacao, id_pessoa) VALUES ('62','4656');
INSERT INTO pessoa (id_pessoa, tipo_documento,documento,nome,data_nascimento,nome_pais_origem) VALUES ('4657','PASS','000901962','Dobrushin','19730803','France');
INSERT INTO emprega_gravacao (id_gravacao, id_pessoa) VALUES ('62','4657');
INSERT INTO pessoa (id_pessoa, tipo_documento,documento,nome,data_nascimento,nome_pais_origem) VALUES ('4658','PASS','000230169','Defaria','19810114','Spain');
INSERT INTO emprega_gravacao (id_gravacao, id_pessoa) VALUES ('62','4658');
INSERT INTO pessoa (id_pessoa, tipo_documento,documento,nome,data_nascimento,nome_pais_origem) VALUES ('4659','PASS','000258012','Desmeules','19751020','Algeria');
INSERT INTO emprega_gravacao (id_gravacao, id_pessoa) VALUES ('62','4659');
INSERT INTO pessoa (id_pessoa, tipo_documento,documento,nome,data_nascimento,nome_pais_origem) VALUES ('4660','PASS','000606489','Cossin','19720221','Belgium');
INSERT INTO emprega_gravacao (id_gravacao, id_pessoa) VALUES ('62','4660');
INSERT INTO pessoa (id_pessoa, tipo_documento,documento,nome,data_nascimento,nome_pais_origem) VALUES ('4661','PASS','000389290','Dohrmann','19871108','Slovakia');
INSERT INTO emprega_gravacao (id_gravacao, id_pessoa) VALUES ('62','4661');
INSERT INTO pessoa (id_pessoa, tipo_documento,documento,nome,data_nascimento,nome_pais_origem) VALUES ('4662','PASS','000162388','Espaillat','19850508','Mozambique');
INSERT INTO emprega_gravacao (id_gravacao, id_pessoa) VALUES ('62','4662');
INSERT INTO equipe_de_gravacao (id_gravacao,nome_empresa) VALUES ('63','IDZYJRU');
INSERT INTO pessoa (id_pessoa, tipo_documento,documento,nome,data_nascimento,nome_pais_origem) VALUES ('4663','PASS','000161624','Dolence','19800518','Portugal');
INSERT INTO emprega_gravacao (id_gravacao, id_pessoa) VALUES ('63','4663');
INSERT INTO pessoa (id_pessoa, tipo_documento,documento,nome,data_nascimento,nome_pais_origem) VALUES ('4664','PASS','000447559','Berdugo','19741101','Syria');
INSERT INTO emprega_gravacao (id_gravacao, id_pessoa) VALUES ('63','4664');
INSERT INTO pessoa (id_pessoa, tipo_documento,documento,nome,data_nascimento,nome_pais_origem) VALUES ('4665','PASS','000445238','Edrington','19850608','Portugal');
INSERT INTO emprega_gravacao (id_gravacao, id_pessoa) VALUES ('63','4665');
INSERT INTO pessoa (id_pessoa, tipo_documento,documento,nome,data_nascimento,nome_pais_origem) VALUES ('4666','PASS','000956242','Elois','19840924','Australia');
INSERT INTO emprega_gravacao (id_gravacao, id_pessoa) VALUES ('63','4666');
INSERT INTO pessoa (id_pessoa, tipo_documento,documento,nome,data_nascimento,nome_pais_origem) VALUES ('4667','PASS','000352427','Cannella','19890814','Estonia');
INSERT INTO emprega_gravacao (id_gravacao, id_pessoa) VALUES ('63','4667');
INSERT INTO pessoa (id_pessoa, tipo_documento,documento,nome,data_nascimento,nome_pais_origem) VALUES ('4668','PASS','000941626','Edie','19840716','Georgia');
INSERT INTO emprega_gravacao (id_gravacao, id_pessoa) VALUES ('63','4668');
INSERT INTO pessoa (id_pessoa, tipo_documento,documento,nome,data_nascimento,nome_pais_origem) VALUES ('4669','PASS','000443887','Gudat','19810403','Colombia');
INSERT INTO emprega_gravacao (id_gravacao, id_pessoa) VALUES ('63','4669');
INSERT INTO pessoa (id_pessoa, tipo_documento,documento,nome,data_nascimento,nome_pais_origem) VALUES ('4670','PASS','000715051','Beyerlein','19850320','Georgia');
INSERT INTO emprega_gravacao (id_gravacao, id_pessoa) VALUES ('63','4670');
INSERT INTO pessoa (id_pessoa, tipo_documento,documento,nome,data_nascimento,nome_pais_origem) VALUES ('4671','PASS','000927098','Abington','19880607','Peru');
INSERT INTO emprega_gravacao (id_gravacao, id_pessoa) VALUES ('63','4671');
INSERT INTO pessoa (id_pessoa, tipo_documento,documento,nome,data_nascimento,nome_pais_origem) VALUES ('4672','PASS','000867065','Beathe','19880504','Algeria');
INSERT INTO emprega_gravacao (id_gravacao, id_pessoa) VALUES ('63','4672');
INSERT INTO pessoa (id_pessoa, tipo_documento,documento,nome,data_nascimento,nome_pais_origem) VALUES ('4673','PASS','000245191','Baldrige','19880518','Luxembourg');
INSERT INTO emprega_gravacao (id_gravacao, id_pessoa) VALUES ('63','4673');
INSERT INTO pessoa (id_pessoa, tipo_documento,documento,nome,data_nascimento,nome_pais_origem) VALUES ('4674','PASS','000856865','Bertone','19850302','Zealand');
INSERT INTO emprega_gravacao (id_gravacao, id_pessoa) VALUES ('63','4674');
INSERT INTO pessoa (id_pessoa, tipo_documento,documento,nome,data_nascimento,nome_pais_origem) VALUES ('4675','PASS','000613826','Corf','19730525','France');
INSERT INTO emprega_gravacao (id_gravacao, id_pessoa) VALUES ('63','4675');
INSERT INTO pessoa (id_pessoa, tipo_documento,documento,nome,data_nascimento,nome_pais_origem) VALUES ('4676','PASS','000192550','Farruggio','19761207','Thailand');
INSERT INTO emprega_gravacao (id_gravacao, id_pessoa) VALUES ('63','4676');
INSERT INTO equipe_de_gravacao (id_gravacao,nome_empresa) VALUES ('64','XAKNCXY');
INSERT INTO pessoa (id_pessoa, tipo_documento,documento,nome,data_nascimento,nome_pais_origem) VALUES ('4677','PASS','000863132','Dolly','19851126','Nepal');
INSERT INTO emprega_gravacao (id_gravacao, id_pessoa) VALUES ('64','4677');
INSERT INTO pessoa (id_pessoa, tipo_documento,documento,nome,data_nascimento,nome_pais_origem) VALUES ('4678','PASS','000109813','Cinelli','19890823','Costa');
INSERT INTO emprega_gravacao (id_gravacao, id_pessoa) VALUES ('64','4678');
INSERT INTO pessoa (id_pessoa, tipo_documento,documento,nome,data_nascimento,nome_pais_origem) VALUES ('4679','PASS','000607188','Barlow','19860509','Japan');
INSERT INTO emprega_gravacao (id_gravacao, id_pessoa) VALUES ('64','4679');
INSERT INTO pessoa (id_pessoa, tipo_documento,documento,nome,data_nascimento,nome_pais_origem) VALUES ('4680','PASS','000373498','Delevik','19711111','Monaco');
INSERT INTO emprega_gravacao (id_gravacao, id_pessoa) VALUES ('64','4680');
INSERT INTO pessoa (id_pessoa, tipo_documento,documento,nome,data_nascimento,nome_pais_origem) VALUES ('4681','PASS','000537292','Bedward','19701024','Brazil');
INSERT INTO emprega_gravacao (id_gravacao, id_pessoa) VALUES ('64','4681');
INSERT INTO pessoa (id_pessoa, tipo_documento,documento,nome,data_nascimento,nome_pais_origem) VALUES ('4682','PASS','000735772','Bernson','19811211','Mexico');
INSERT INTO emprega_gravacao (id_gravacao, id_pessoa) VALUES ('64','4682');
INSERT INTO pessoa (id_pessoa, tipo_documento,documento,nome,data_nascimento,nome_pais_origem) VALUES ('4683','PASS','000712248','Dvorak','19740520','Afghanistan');
INSERT INTO emprega_gravacao (id_gravacao, id_pessoa) VALUES ('64','4683');
INSERT INTO pessoa (id_pessoa, tipo_documento,documento,nome,data_nascimento,nome_pais_origem) VALUES ('4684','PASS','000240819','Doorley','19730401','Japan');
INSERT INTO emprega_gravacao (id_gravacao, id_pessoa) VALUES ('64','4684');
INSERT INTO pessoa (id_pessoa, tipo_documento,documento,nome,data_nascimento,nome_pais_origem) VALUES ('4685','PASS','000445976','Bornmann','19770617','Vietnam');
INSERT INTO emprega_gravacao (id_gravacao, id_pessoa) VALUES ('64','4685');
INSERT INTO equipe_de_gravacao (id_gravacao,nome_empresa) VALUES ('65','VLOMLSJ');
INSERT INTO pessoa (id_pessoa, tipo_documento,documento,nome,data_nascimento,nome_pais_origem) VALUES ('4686','PASS','000242560','Benita','19800714','Bulgaria');
INSERT INTO emprega_gravacao (id_gravacao, id_pessoa) VALUES ('65','4686');
INSERT INTO pessoa (id_pessoa, tipo_documento,documento,nome,data_nascimento,nome_pais_origem) VALUES ('4687','PASS','000617370','Dunham','19710817','Rica');
INSERT INTO emprega_gravacao (id_gravacao, id_pessoa) VALUES ('65','4687');
INSERT INTO pessoa (id_pessoa, tipo_documento,documento,nome,data_nascimento,nome_pais_origem) VALUES ('4688','PASS','000423270','Govan','19850314','Switzerland');
INSERT INTO emprega_gravacao (id_gravacao, id_pessoa) VALUES ('65','4688');
INSERT INTO pessoa (id_pessoa, tipo_documento,documento,nome,data_nascimento,nome_pais_origem) VALUES ('4689','PASS','000750818','Crotteau','19860824','Indonesia');
INSERT INTO emprega_gravacao (id_gravacao, id_pessoa) VALUES ('65','4689');
INSERT INTO pessoa (id_pessoa, tipo_documento,documento,nome,data_nascimento,nome_pais_origem) VALUES ('4690','PASS','000577109','Cherian','19880801','Ukraine');
INSERT INTO emprega_gravacao (id_gravacao, id_pessoa) VALUES ('65','4690');
INSERT INTO pessoa (id_pessoa, tipo_documento,documento,nome,data_nascimento,nome_pais_origem) VALUES ('4691','PASS','000264656','Aulds','19850220','Albania');
INSERT INTO emprega_gravacao (id_gravacao, id_pessoa) VALUES ('65','4691');
INSERT INTO pessoa (id_pessoa, tipo_documento,documento,nome,data_nascimento,nome_pais_origem) VALUES ('4692','PASS','000430346','Ganas','19780110','Germany');
INSERT INTO emprega_gravacao (id_gravacao, id_pessoa) VALUES ('65','4692');
INSERT INTO pessoa (id_pessoa, tipo_documento,documento,nome,data_nascimento,nome_pais_origem) VALUES ('4693','PASS','000248215','Gojmerac','19710321','Slovakia');
INSERT INTO emprega_gravacao (id_gravacao, id_pessoa) VALUES ('65','4693');
INSERT INTO pessoa (id_pessoa, tipo_documento,documento,nome,data_nascimento,nome_pais_origem) VALUES ('4694','PASS','000353933','Fiscel','19840722','Albania');
INSERT INTO emprega_gravacao (id_gravacao, id_pessoa) VALUES ('65','4694');
INSERT INTO pessoa (id_pessoa, tipo_documento,documento,nome,data_nascimento,nome_pais_origem) VALUES ('4695','PASS','000603271','Annable','19870312','Cuba');
INSERT INTO emprega_gravacao (id_gravacao, id_pessoa) VALUES ('65','4695');
INSERT INTO pessoa (id_pessoa, tipo_documento,documento,nome,data_nascimento,nome_pais_origem) VALUES ('4696','PASS','000984584','Gottshall','19831007','Albania');
INSERT INTO emprega_gravacao (id_gravacao, id_pessoa) VALUES ('65','4696');
INSERT INTO pessoa (id_pessoa, tipo_documento,documento,nome,data_nascimento,nome_pais_origem) VALUES ('4697','PASS','000420077','Egeland','19740827','Estonia');
INSERT INTO emprega_gravacao (id_gravacao, id_pessoa) VALUES ('65','4697');
INSERT INTO pessoa (id_pessoa, tipo_documento,documento,nome,data_nascimento,nome_pais_origem) VALUES ('4698','PASS','000415535','Fusha','19750807','China');
INSERT INTO emprega_gravacao (id_gravacao, id_pessoa) VALUES ('65','4698');
INSERT INTO pessoa (id_pessoa, tipo_documento,documento,nome,data_nascimento,nome_pais_origem) VALUES ('4699','PASS','000367056','Castrejon','19770303','Lithuania');
INSERT INTO emprega_gravacao (id_gravacao, id_pessoa) VALUES ('65','4699');
INSERT INTO pessoa (id_pessoa, tipo_documento,documento,nome,data_nascimento,nome_pais_origem) VALUES ('4700','PASS','000636435','Demateo','19860515','Thailand');
INSERT INTO emprega_gravacao (id_gravacao, id_pessoa) VALUES ('65','4700');
INSERT INTO pessoa (id_pessoa, tipo_documento,documento,nome,data_nascimento,nome_pais_origem) VALUES ('4701','PASS','000968613','Callison','19760202','Chile');
INSERT INTO emprega_gravacao (id_gravacao, id_pessoa) VALUES ('65','4701');
INSERT INTO pessoa (id_pessoa, tipo_documento,documento,nome,data_nascimento,nome_pais_origem) VALUES ('4702','PASS','000431911','All','19770322','Costa');
INSERT INTO emprega_gravacao (id_gravacao, id_pessoa) VALUES ('65','4702');
INSERT INTO pessoa (id_pessoa, tipo_documento,documento,nome,data_nascimento,nome_pais_origem) VALUES ('4703','PASS','000461604','Dwellingham','19890625','Australia');
INSERT INTO emprega_gravacao (id_gravacao, id_pessoa) VALUES ('65','4703');
INSERT INTO pessoa (id_pessoa, tipo_documento,documento,nome,data_nascimento,nome_pais_origem) VALUES ('4704','PASS','000216948','Crawford','19890824','Iraq');
INSERT INTO emprega_gravacao (id_gravacao, id_pessoa) VALUES ('65','4704');
INSERT INTO pessoa (id_pessoa, tipo_documento,documento,nome,data_nascimento,nome_pais_origem) VALUES ('4705','PASS','000692076','Carella','19700406','New');
INSERT INTO emprega_gravacao (id_gravacao, id_pessoa) VALUES ('65','4705');
INSERT INTO pessoa (id_pessoa, tipo_documento,documento,nome,data_nascimento,nome_pais_origem) VALUES ('4706','PASS','000678097','Arseneau','19820303','Morocco');
INSERT INTO emprega_gravacao (id_gravacao, id_pessoa) VALUES ('65','4706');
INSERT INTO pessoa (id_pessoa, tipo_documento,documento,nome,data_nascimento,nome_pais_origem) VALUES ('4707','PASS','000320880','Gess','19770224','Peru');
INSERT INTO emprega_gravacao (id_gravacao, id_pessoa) VALUES ('65','4707');
INSERT INTO pessoa (id_pessoa, tipo_documento,documento,nome,data_nascimento,nome_pais_origem) VALUES ('4708','PASS','000991400','Grossenbacher','19810413','Mozambique');
INSERT INTO emprega_gravacao (id_gravacao, id_pessoa) VALUES ('65','4708');
INSERT INTO pessoa (id_pessoa, tipo_documento,documento,nome,data_nascimento,nome_pais_origem) VALUES ('4709','PASS','000906754','Gerke','19890711','Saudi');
INSERT INTO emprega_gravacao (id_gravacao, id_pessoa) VALUES ('65','4709');
INSERT INTO pessoa (id_pessoa, tipo_documento,documento,nome,data_nascimento,nome_pais_origem) VALUES ('4710','PASS','000894357','Cademartori','19711226','Slovakia');
INSERT INTO emprega_gravacao (id_gravacao, id_pessoa) VALUES ('65','4710');
INSERT INTO pessoa (id_pessoa, tipo_documento,documento,nome,data_nascimento,nome_pais_origem) VALUES ('4711','PASS','000449186','Applebaum','19740412','Syria');
INSERT INTO emprega_gravacao (id_gravacao, id_pessoa) VALUES ('65','4711');
INSERT INTO pessoa (id_pessoa, tipo_documento,documento,nome,data_nascimento,nome_pais_origem) VALUES ('4712','PASS','000194704','Carlsley','19720524','Ukraine');
INSERT INTO emprega_gravacao (id_gravacao, id_pessoa) VALUES ('65','4712');
INSERT INTO pessoa (id_pessoa, tipo_documento,documento,nome,data_nascimento,nome_pais_origem) VALUES ('4713','PASS','000149401','Attig','19751116','Brazil');
INSERT INTO emprega_gravacao (id_gravacao, id_pessoa) VALUES ('65','4713');
INSERT INTO pessoa (id_pessoa, tipo_documento,documento,nome,data_nascimento,nome_pais_origem) VALUES ('4714','PASS','000459877','Collozo','19711108','Colombia');
INSERT INTO emprega_gravacao (id_gravacao, id_pessoa) VALUES ('65','4714');
INSERT INTO pessoa (id_pessoa, tipo_documento,documento,nome,data_nascimento,nome_pais_origem) VALUES ('4715','PASS','000254379','Catching','19701120','Paraguay');
INSERT INTO emprega_gravacao (id_gravacao, id_pessoa) VALUES ('65','4715');
INSERT INTO pessoa (id_pessoa, tipo_documento,documento,nome,data_nascimento,nome_pais_origem) VALUES ('4716','PASS','000272415','Griselda','19720925','Bulgaria');
INSERT INTO emprega_gravacao (id_gravacao, id_pessoa) VALUES ('65','4716');
INSERT INTO equipe_de_gravacao (id_gravacao,nome_empresa) VALUES ('66','UVHRWQI');
INSERT INTO pessoa (id_pessoa, tipo_documento,documento,nome,data_nascimento,nome_pais_origem) VALUES ('4717','PASS','000141179','Demange','19730216','Sweden');
INSERT INTO emprega_gravacao (id_gravacao, id_pessoa) VALUES ('66','4717');
INSERT INTO pessoa (id_pessoa, tipo_documento,documento,nome,data_nascimento,nome_pais_origem) VALUES ('4718','PASS','000401392','Bundy','19760926','Italy');
INSERT INTO emprega_gravacao (id_gravacao, id_pessoa) VALUES ('66','4718');
INSERT INTO pessoa (id_pessoa, tipo_documento,documento,nome,data_nascimento,nome_pais_origem) VALUES ('4719','PASS','000628241','Curles','19870103','Algeria');
INSERT INTO emprega_gravacao (id_gravacao, id_pessoa) VALUES ('66','4719');
INSERT INTO pessoa (id_pessoa, tipo_documento,documento,nome,data_nascimento,nome_pais_origem) VALUES ('4720','PASS','000458730','Galavis','19770401','Norway');
INSERT INTO emprega_gravacao (id_gravacao, id_pessoa) VALUES ('66','4720');
INSERT INTO pessoa (id_pessoa, tipo_documento,documento,nome,data_nascimento,nome_pais_origem) VALUES ('4721','PASS','000221669','Dammad','19870315','New');
INSERT INTO emprega_gravacao (id_gravacao, id_pessoa) VALUES ('66','4721');
INSERT INTO pessoa (id_pessoa, tipo_documento,documento,nome,data_nascimento,nome_pais_origem) VALUES ('4722','PASS','000447554','Erving','19730320','Belgium');
INSERT INTO emprega_gravacao (id_gravacao, id_pessoa) VALUES ('66','4722');
INSERT INTO pessoa (id_pessoa, tipo_documento,documento,nome,data_nascimento,nome_pais_origem) VALUES ('4723','PASS','000727556','Bredy','19810804','Nepal');
INSERT INTO emprega_gravacao (id_gravacao, id_pessoa) VALUES ('66','4723');
INSERT INTO pessoa (id_pessoa, tipo_documento,documento,nome,data_nascimento,nome_pais_origem) VALUES ('4724','PASS','000260056','Cousey','19761110','Australia');
INSERT INTO emprega_gravacao (id_gravacao, id_pessoa) VALUES ('66','4724');
INSERT INTO pessoa (id_pessoa, tipo_documento,documento,nome,data_nascimento,nome_pais_origem) VALUES ('4725','PASS','000312891','Cordon','19781005','Spain');
INSERT INTO emprega_gravacao (id_gravacao, id_pessoa) VALUES ('66','4725');
INSERT INTO pessoa (id_pessoa, tipo_documento,documento,nome,data_nascimento,nome_pais_origem) VALUES ('4726','PASS','000994585','Divelbiss','19801226','Liechtenstein');
INSERT INTO emprega_gravacao (id_gravacao, id_pessoa) VALUES ('66','4726');
INSERT INTO pessoa (id_pessoa, tipo_documento,documento,nome,data_nascimento,nome_pais_origem) VALUES ('4727','PASS','000985957','Fauver','19820712','Denmark');
INSERT INTO emprega_gravacao (id_gravacao, id_pessoa) VALUES ('66','4727');
INSERT INTO pessoa (id_pessoa, tipo_documento,documento,nome,data_nascimento,nome_pais_origem) VALUES ('4728','PASS','000404857','Buetow','19860726','Romania');
INSERT INTO emprega_gravacao (id_gravacao, id_pessoa) VALUES ('66','4728');
INSERT INTO equipe_de_gravacao (id_gravacao,nome_empresa) VALUES ('67','SWCUSVV');
INSERT INTO pessoa (id_pessoa, tipo_documento,documento,nome,data_nascimento,nome_pais_origem) VALUES ('4729','PASS','000577862','Brits','19700321','Costa');
INSERT INTO emprega_gravacao (id_gravacao, id_pessoa) VALUES ('67','4729');
INSERT INTO pessoa (id_pessoa, tipo_documento,documento,nome,data_nascimento,nome_pais_origem) VALUES ('4730','PASS','000481602','Grey','19780716','Mozambique');
INSERT INTO emprega_gravacao (id_gravacao, id_pessoa) VALUES ('67','4730');
INSERT INTO pessoa (id_pessoa, tipo_documento,documento,nome,data_nascimento,nome_pais_origem) VALUES ('4731','PASS','000978575','Cantley','19810119','Turkey');
INSERT INTO emprega_gravacao (id_gravacao, id_pessoa) VALUES ('67','4731');
INSERT INTO pessoa (id_pessoa, tipo_documento,documento,nome,data_nascimento,nome_pais_origem) VALUES ('4732','PASS','000410612','Christena','19891116','Azerbaijan');
INSERT INTO emprega_gravacao (id_gravacao, id_pessoa) VALUES ('67','4732');
INSERT INTO pessoa (id_pessoa, tipo_documento,documento,nome,data_nascimento,nome_pais_origem) VALUES ('4733','PASS','000457949','Ciarletta','19861005','Iraq');
INSERT INTO emprega_gravacao (id_gravacao, id_pessoa) VALUES ('67','4733');
INSERT INTO pessoa (id_pessoa, tipo_documento,documento,nome,data_nascimento,nome_pais_origem) VALUES ('4734','PASS','000872534','Cardenas','19870712','New');
INSERT INTO emprega_gravacao (id_gravacao, id_pessoa) VALUES ('67','4734');
INSERT INTO pessoa (id_pessoa, tipo_documento,documento,nome,data_nascimento,nome_pais_origem) VALUES ('4735','PASS','000280851','Fleurilus','19781217','Australia');
INSERT INTO emprega_gravacao (id_gravacao, id_pessoa) VALUES ('67','4735');
INSERT INTO pessoa (id_pessoa, tipo_documento,documento,nome,data_nascimento,nome_pais_origem) VALUES ('4736','PASS','000880427','Gillaspie','19771001','Paraguay');
INSERT INTO emprega_gravacao (id_gravacao, id_pessoa) VALUES ('67','4736');
INSERT INTO pessoa (id_pessoa, tipo_documento,documento,nome,data_nascimento,nome_pais_origem) VALUES ('4737','PASS','000360665','Aalund','19891012','Switzerland');
INSERT INTO emprega_gravacao (id_gravacao, id_pessoa) VALUES ('67','4737');
INSERT INTO pessoa (id_pessoa, tipo_documento,documento,nome,data_nascimento,nome_pais_origem) VALUES ('4738','PASS','000433698','Facchine','19830520','Slovakia');
INSERT INTO emprega_gravacao (id_gravacao, id_pessoa) VALUES ('67','4738');
INSERT INTO pessoa (id_pessoa, tipo_documento,documento,nome,data_nascimento,nome_pais_origem) VALUES ('4739','PASS','000507719','Chez','19760508','New');
INSERT INTO emprega_gravacao (id_gravacao, id_pessoa) VALUES ('67','4739');
INSERT INTO pessoa (id_pessoa, tipo_documento,documento,nome,data_nascimento,nome_pais_origem) VALUES ('4740','PASS','000701034','Ancell','19711127','Liechtenstein');
INSERT INTO emprega_gravacao (id_gravacao, id_pessoa) VALUES ('67','4740');
INSERT INTO pessoa (id_pessoa, tipo_documento,documento,nome,data_nascimento,nome_pais_origem) VALUES ('4741','PASS','000403469','Agcaoili','19740911','Mozambique');
INSERT INTO emprega_gravacao (id_gravacao, id_pessoa) VALUES ('67','4741');
INSERT INTO pessoa (id_pessoa, tipo_documento,documento,nome,data_nascimento,nome_pais_origem) VALUES ('4742','PASS','000231369','Allstott','19840210','Arabia');
INSERT INTO emprega_gravacao (id_gravacao, id_pessoa) VALUES ('67','4742');
INSERT INTO pessoa (id_pessoa, tipo_documento,documento,nome,data_nascimento,nome_pais_origem) VALUES ('4743','PASS','000398699','Ester','19881014','France');
INSERT INTO emprega_gravacao (id_gravacao, id_pessoa) VALUES ('67','4743');
INSERT INTO pessoa (id_pessoa, tipo_documento,documento,nome,data_nascimento,nome_pais_origem) VALUES ('4744','PASS','000276417','Grivas','19791206','Armenia');
INSERT INTO emprega_gravacao (id_gravacao, id_pessoa) VALUES ('67','4744');
INSERT INTO pessoa (id_pessoa, tipo_documento,documento,nome,data_nascimento,nome_pais_origem) VALUES ('4745','PASS','000109257','Brackman','19760316','Vietnam');
INSERT INTO emprega_gravacao (id_gravacao, id_pessoa) VALUES ('67','4745');
INSERT INTO pessoa (id_pessoa, tipo_documento,documento,nome,data_nascimento,nome_pais_origem) VALUES ('4746','PASS','000384286','Beshore','19750408','Cuba');
INSERT INTO emprega_gravacao (id_gravacao, id_pessoa) VALUES ('67','4746');
INSERT INTO pessoa (id_pessoa, tipo_documento,documento,nome,data_nascimento,nome_pais_origem) VALUES ('4747','PASS','000631870','Chauffe','19710107','Slovakia');
INSERT INTO emprega_gravacao (id_gravacao, id_pessoa) VALUES ('67','4747');
INSERT INTO pessoa (id_pessoa, tipo_documento,documento,nome,data_nascimento,nome_pais_origem) VALUES ('4748','PASS','000957248','Blacher','19701123','Japan');
INSERT INTO emprega_gravacao (id_gravacao, id_pessoa) VALUES ('67','4748');
INSERT INTO pessoa (id_pessoa, tipo_documento,documento,nome,data_nascimento,nome_pais_origem) VALUES ('4749','PASS','000590083','Beene','19730223','Iran');
INSERT INTO emprega_gravacao (id_gravacao, id_pessoa) VALUES ('67','4749');
INSERT INTO pessoa (id_pessoa, tipo_documento,documento,nome,data_nascimento,nome_pais_origem) VALUES ('4750','PASS','000369420','Eno','19880213','Slovakia');
INSERT INTO emprega_gravacao (id_gravacao, id_pessoa) VALUES ('67','4750');
INSERT INTO pessoa (id_pessoa, tipo_documento,documento,nome,data_nascimento,nome_pais_origem) VALUES ('4751','PASS','000186146','Dejager','19740205','Romania');
INSERT INTO emprega_gravacao (id_gravacao, id_pessoa) VALUES ('67','4751');
INSERT INTO pessoa (id_pessoa, tipo_documento,documento,nome,data_nascimento,nome_pais_origem) VALUES ('4752','PASS','000526147','Gerton','19890223','Poland');
INSERT INTO emprega_gravacao (id_gravacao, id_pessoa) VALUES ('67','4752');
INSERT INTO pessoa (id_pessoa, tipo_documento,documento,nome,data_nascimento,nome_pais_origem) VALUES ('4753','PASS','000564704','Costello','19860201','Spain');
INSERT INTO emprega_gravacao (id_gravacao, id_pessoa) VALUES ('67','4753');
INSERT INTO pessoa (id_pessoa, tipo_documento,documento,nome,data_nascimento,nome_pais_origem) VALUES ('4754','PASS','000821742','Fahey','19841124','Angola');
INSERT INTO emprega_gravacao (id_gravacao, id_pessoa) VALUES ('67','4754');
INSERT INTO pessoa (id_pessoa, tipo_documento,documento,nome,data_nascimento,nome_pais_origem) VALUES ('4755','PASS','000207150','Barswell','19810906','Belarus');
INSERT INTO emprega_gravacao (id_gravacao, id_pessoa) VALUES ('67','4755');
INSERT INTO pessoa (id_pessoa, tipo_documento,documento,nome,data_nascimento,nome_pais_origem) VALUES ('4756','PASS','000528277','Bornman','19790319','Afghanistan');
INSERT INTO emprega_gravacao (id_gravacao, id_pessoa) VALUES ('67','4756');
INSERT INTO equipe_de_gravacao (id_gravacao,nome_empresa) VALUES ('68','MVGNCMY');
INSERT INTO pessoa (id_pessoa, tipo_documento,documento,nome,data_nascimento,nome_pais_origem) VALUES ('4757','PASS','000115658','Bilodeau','19730115','France');
INSERT INTO emprega_gravacao (id_gravacao, id_pessoa) VALUES ('68','4757');
INSERT INTO pessoa (id_pessoa, tipo_documento,documento,nome,data_nascimento,nome_pais_origem) VALUES ('4758','PASS','000741854','Florkowski','19850920','Brazil');
INSERT INTO emprega_gravacao (id_gravacao, id_pessoa) VALUES ('68','4758');
INSERT INTO pessoa (id_pessoa, tipo_documento,documento,nome,data_nascimento,nome_pais_origem) VALUES ('4759','PASS','000613554','Earlean','19870621','New');
INSERT INTO emprega_gravacao (id_gravacao, id_pessoa) VALUES ('68','4759');
INSERT INTO pessoa (id_pessoa, tipo_documento,documento,nome,data_nascimento,nome_pais_origem) VALUES ('4760','PASS','000386722','Greely','19880216','Lithuania');
INSERT INTO emprega_gravacao (id_gravacao, id_pessoa) VALUES ('68','4760');
INSERT INTO pessoa (id_pessoa, tipo_documento,documento,nome,data_nascimento,nome_pais_origem) VALUES ('4761','PASS','000514897','Frisbey','19700102','Uzbekistan');
INSERT INTO emprega_gravacao (id_gravacao, id_pessoa) VALUES ('68','4761');
INSERT INTO pessoa (id_pessoa, tipo_documento,documento,nome,data_nascimento,nome_pais_origem) VALUES ('4762','PASS','000591828','Antonakos','19840120','Netherlands');
INSERT INTO emprega_gravacao (id_gravacao, id_pessoa) VALUES ('68','4762');
INSERT INTO pessoa (id_pessoa, tipo_documento,documento,nome,data_nascimento,nome_pais_origem) VALUES ('4763','PASS','000942955','Balbuena','19831016','Sweden');
INSERT INTO emprega_gravacao (id_gravacao, id_pessoa) VALUES ('68','4763');
INSERT INTO pessoa (id_pessoa, tipo_documento,documento,nome,data_nascimento,nome_pais_origem) VALUES ('4764','PASS','000892574','Brunskill','19820310','Switzerland');
INSERT INTO emprega_gravacao (id_gravacao, id_pessoa) VALUES ('68','4764');
INSERT INTO pessoa (id_pessoa, tipo_documento,documento,nome,data_nascimento,nome_pais_origem) VALUES ('4765','PASS','000911220','Duryea','19841127','Uzbekistan');
INSERT INTO emprega_gravacao (id_gravacao, id_pessoa) VALUES ('68','4765');
INSERT INTO pessoa (id_pessoa, tipo_documento,documento,nome,data_nascimento,nome_pais_origem) VALUES ('4766','PASS','000512985','Fan','19750301','Mongolia');
INSERT INTO emprega_gravacao (id_gravacao, id_pessoa) VALUES ('68','4766');
INSERT INTO pessoa (id_pessoa, tipo_documento,documento,nome,data_nascimento,nome_pais_origem) VALUES ('4767','PASS','000683148','Cardoza','19881006','Mongolia');
INSERT INTO emprega_gravacao (id_gravacao, id_pessoa) VALUES ('68','4767');
INSERT INTO pessoa (id_pessoa, tipo_documento,documento,nome,data_nascimento,nome_pais_origem) VALUES ('4768','PASS','000885822','Anstett','19731222','Armenia');
INSERT INTO emprega_gravacao (id_gravacao, id_pessoa) VALUES ('68','4768');
INSERT INTO pessoa (id_pessoa, tipo_documento,documento,nome,data_nascimento,nome_pais_origem) VALUES ('4769','PASS','000690686','Garigen','19730212','Nicaragua');
INSERT INTO emprega_gravacao (id_gravacao, id_pessoa) VALUES ('68','4769');
INSERT INTO pessoa (id_pessoa, tipo_documento,documento,nome,data_nascimento,nome_pais_origem) VALUES ('4770','PASS','000881466','Elton','19731105','Iran');
INSERT INTO emprega_gravacao (id_gravacao, id_pessoa) VALUES ('68','4770');
INSERT INTO pessoa (id_pessoa, tipo_documento,documento,nome,data_nascimento,nome_pais_origem) VALUES ('4771','PASS','000813892','Deluna','19890807','Uzbekistan');
INSERT INTO emprega_gravacao (id_gravacao, id_pessoa) VALUES ('68','4771');
INSERT INTO pessoa (id_pessoa, tipo_documento,documento,nome,data_nascimento,nome_pais_origem) VALUES ('4772','PASS','000276589','Billiar','19721105','Colombia');
INSERT INTO emprega_gravacao (id_gravacao, id_pessoa) VALUES ('68','4772');
INSERT INTO pessoa (id_pessoa, tipo_documento,documento,nome,data_nascimento,nome_pais_origem) VALUES ('4773','PASS','000718293','Clanton','19820901','Rica');
INSERT INTO emprega_gravacao (id_gravacao, id_pessoa) VALUES ('68','4773');
INSERT INTO pessoa (id_pessoa, tipo_documento,documento,nome,data_nascimento,nome_pais_origem) VALUES ('4774','PASS','000941155','Domhoff','19881204','Morocco');
INSERT INTO emprega_gravacao (id_gravacao, id_pessoa) VALUES ('68','4774');
INSERT INTO pessoa (id_pessoa, tipo_documento,documento,nome,data_nascimento,nome_pais_origem) VALUES ('4775','PASS','000350768','Arslan','19820213','Costa');
INSERT INTO emprega_gravacao (id_gravacao, id_pessoa) VALUES ('68','4775');
INSERT INTO pessoa (id_pessoa, tipo_documento,documento,nome,data_nascimento,nome_pais_origem) VALUES ('4776','PASS','000919767','Devary','19830919','Estonia');
INSERT INTO emprega_gravacao (id_gravacao, id_pessoa) VALUES ('68','4776');
INSERT INTO pessoa (id_pessoa, tipo_documento,documento,nome,data_nascimento,nome_pais_origem) VALUES ('4777','PASS','000281926','Amparan','19770313','Bangladesh');
INSERT INTO emprega_gravacao (id_gravacao, id_pessoa) VALUES ('68','4777');
INSERT INTO pessoa (id_pessoa, tipo_documento,documento,nome,data_nascimento,nome_pais_origem) VALUES ('4778','PASS','000535518','Boe','19760604','Chile');
INSERT INTO emprega_gravacao (id_gravacao, id_pessoa) VALUES ('68','4778');
INSERT INTO pessoa (id_pessoa, tipo_documento,documento,nome,data_nascimento,nome_pais_origem) VALUES ('4779','PASS','000625461','Garrels','19800308','Indonesia');
INSERT INTO emprega_gravacao (id_gravacao, id_pessoa) VALUES ('68','4779');
INSERT INTO pessoa (id_pessoa, tipo_documento,documento,nome,data_nascimento,nome_pais_origem) VALUES ('4780','PASS','000168626','Bures','19700926','Singapore');
INSERT INTO emprega_gravacao (id_gravacao, id_pessoa) VALUES ('68','4780');
INSERT INTO pessoa (id_pessoa, tipo_documento,documento,nome,data_nascimento,nome_pais_origem) VALUES ('4781','PASS','000800716','Burzlaff','19700703','Austria');
INSERT INTO emprega_gravacao (id_gravacao, id_pessoa) VALUES ('68','4781');
INSERT INTO pessoa (id_pessoa, tipo_documento,documento,nome,data_nascimento,nome_pais_origem) VALUES ('4782','PASS','000853064','Abelson','19701109','Greece');
INSERT INTO emprega_gravacao (id_gravacao, id_pessoa) VALUES ('68','4782');
INSERT INTO pessoa (id_pessoa, tipo_documento,documento,nome,data_nascimento,nome_pais_origem) VALUES ('4783','PASS','000342114','Gouse','19771016','Spain');
INSERT INTO emprega_gravacao (id_gravacao, id_pessoa) VALUES ('68','4783');
INSERT INTO pessoa (id_pessoa, tipo_documento,documento,nome,data_nascimento,nome_pais_origem) VALUES ('4784','PASS','000232093','Bustillo','19860122','Indonesia');
INSERT INTO emprega_gravacao (id_gravacao, id_pessoa) VALUES ('68','4784');
INSERT INTO pessoa (id_pessoa, tipo_documento,documento,nome,data_nascimento,nome_pais_origem) VALUES ('4785','PASS','000704781','Fagle','19890809','Iran');
INSERT INTO emprega_gravacao (id_gravacao, id_pessoa) VALUES ('68','4785');
INSERT INTO equipe_de_gravacao (id_gravacao,nome_empresa) VALUES ('69','KFLATYI');
INSERT INTO pessoa (id_pessoa, tipo_documento,documento,nome,data_nascimento,nome_pais_origem) VALUES ('4786','PASS','000928454','Brink','19871018','Zealand');
INSERT INTO emprega_gravacao (id_gravacao, id_pessoa) VALUES ('69','4786');
INSERT INTO pessoa (id_pessoa, tipo_documento,documento,nome,data_nascimento,nome_pais_origem) VALUES ('4787','PASS','000584607','Ayoub','19751221','Belarus');
INSERT INTO emprega_gravacao (id_gravacao, id_pessoa) VALUES ('69','4787');
INSERT INTO pessoa (id_pessoa, tipo_documento,documento,nome,data_nascimento,nome_pais_origem) VALUES ('4788','PASS','000588316','Dottie','19820226','Belgium');
INSERT INTO emprega_gravacao (id_gravacao, id_pessoa) VALUES ('69','4788');
INSERT INTO pessoa (id_pessoa, tipo_documento,documento,nome,data_nascimento,nome_pais_origem) VALUES ('4789','PASS','000397305','Frampton','19891017','Monaco');
INSERT INTO emprega_gravacao (id_gravacao, id_pessoa) VALUES ('69','4789');
INSERT INTO equipe_de_gravacao (id_gravacao,nome_empresa) VALUES ('70','FLQLBBV');
INSERT INTO pessoa (id_pessoa, tipo_documento,documento,nome,data_nascimento,nome_pais_origem) VALUES ('4790','PASS','000660701','Domingues','19830611','Greece');
INSERT INTO emprega_gravacao (id_gravacao, id_pessoa) VALUES ('70','4790');
INSERT INTO equipe_de_gravacao (id_gravacao,nome_empresa) VALUES ('71','ONBNFTF');
INSERT INTO pessoa (id_pessoa, tipo_documento,documento,nome,data_nascimento,nome_pais_origem) VALUES ('4791','PASS','000301409','Carmichael','19880404','Egypt');
INSERT INTO emprega_gravacao (id_gravacao, id_pessoa) VALUES ('71','4791');
INSERT INTO pessoa (id_pessoa, tipo_documento,documento,nome,data_nascimento,nome_pais_origem) VALUES ('4792','PASS','000100672','Frappier','19700305','Croatia');
INSERT INTO emprega_gravacao (id_gravacao, id_pessoa) VALUES ('71','4792');
INSERT INTO pessoa (id_pessoa, tipo_documento,documento,nome,data_nascimento,nome_pais_origem) VALUES ('4793','PASS','000633212','Frisbee','19840401','Belgium');
INSERT INTO emprega_gravacao (id_gravacao, id_pessoa) VALUES ('71','4793');
INSERT INTO pessoa (id_pessoa, tipo_documento,documento,nome,data_nascimento,nome_pais_origem) VALUES ('4794','PASS','000978004','Bardach','19830309','Sweden');
INSERT INTO emprega_gravacao (id_gravacao, id_pessoa) VALUES ('71','4794');
INSERT INTO pessoa (id_pessoa, tipo_documento,documento,nome,data_nascimento,nome_pais_origem) VALUES ('4795','PASS','000303253','Funez','19711104','Singapore');
INSERT INTO emprega_gravacao (id_gravacao, id_pessoa) VALUES ('71','4795');
INSERT INTO pessoa (id_pessoa, tipo_documento,documento,nome,data_nascimento,nome_pais_origem) VALUES ('4796','PASS','000544589','Emling','19801211','Colombia');
INSERT INTO emprega_gravacao (id_gravacao, id_pessoa) VALUES ('71','4796');
INSERT INTO pessoa (id_pessoa, tipo_documento,documento,nome,data_nascimento,nome_pais_origem) VALUES ('4797','PASS','000210746','Adolphson','19710111','Costa');
INSERT INTO emprega_gravacao (id_gravacao, id_pessoa) VALUES ('71','4797');
INSERT INTO pessoa (id_pessoa, tipo_documento,documento,nome,data_nascimento,nome_pais_origem) VALUES ('4798','PASS','000522336','Conry','19811223','Arabia');
INSERT INTO emprega_gravacao (id_gravacao, id_pessoa) VALUES ('71','4798');
INSERT INTO pessoa (id_pessoa, tipo_documento,documento,nome,data_nascimento,nome_pais_origem) VALUES ('4799','PASS','000286677','Ciolli','19751205','Egypt');
INSERT INTO emprega_gravacao (id_gravacao, id_pessoa) VALUES ('71','4799');
INSERT INTO pessoa (id_pessoa, tipo_documento,documento,nome,data_nascimento,nome_pais_origem) VALUES ('4800','PASS','000469723','Beckel','19811123','Chad');
INSERT INTO emprega_gravacao (id_gravacao, id_pessoa) VALUES ('71','4800');
INSERT INTO pessoa (id_pessoa, tipo_documento,documento,nome,data_nascimento,nome_pais_origem) VALUES ('4801','PASS','000572467','Deshon','19730613','Saudi');
INSERT INTO emprega_gravacao (id_gravacao, id_pessoa) VALUES ('71','4801');
INSERT INTO pessoa (id_pessoa, tipo_documento,documento,nome,data_nascimento,nome_pais_origem) VALUES ('4802','PASS','000506680','Doerr','19790126','Switzerland');
INSERT INTO emprega_gravacao (id_gravacao, id_pessoa) VALUES ('71','4802');
INSERT INTO pessoa (id_pessoa, tipo_documento,documento,nome,data_nascimento,nome_pais_origem) VALUES ('4803','PASS','000879822','Grandison','19790203','Thailand');
INSERT INTO emprega_gravacao (id_gravacao, id_pessoa) VALUES ('71','4803');
INSERT INTO pessoa (id_pessoa, tipo_documento,documento,nome,data_nascimento,nome_pais_origem) VALUES ('4804','PASS','000686285','Chittum','19840408','Romania');
INSERT INTO emprega_gravacao (id_gravacao, id_pessoa) VALUES ('71','4804');
INSERT INTO pessoa (id_pessoa, tipo_documento,documento,nome,data_nascimento,nome_pais_origem) VALUES ('4805','PASS','000627147','Clothey','19741012','China');
INSERT INTO emprega_gravacao (id_gravacao, id_pessoa) VALUES ('71','4805');
INSERT INTO pessoa (id_pessoa, tipo_documento,documento,nome,data_nascimento,nome_pais_origem) VALUES ('4806','PASS','000311617','Chichester','19820309','Colombia');
INSERT INTO emprega_gravacao (id_gravacao, id_pessoa) VALUES ('71','4806');
INSERT INTO pessoa (id_pessoa, tipo_documento,documento,nome,data_nascimento,nome_pais_origem) VALUES ('4807','PASS','000980035','Bookhart','19860422','Colombia');
INSERT INTO emprega_gravacao (id_gravacao, id_pessoa) VALUES ('71','4807');
INSERT INTO pessoa (id_pessoa, tipo_documento,documento,nome,data_nascimento,nome_pais_origem) VALUES ('4808','PASS','000953088','Gehris','19780111','Argentina');
INSERT INTO emprega_gravacao (id_gravacao, id_pessoa) VALUES ('71','4808');
INSERT INTO pessoa (id_pessoa, tipo_documento,documento,nome,data_nascimento,nome_pais_origem) VALUES ('4809','PASS','000392410','Dar','19701015','Switzerland');
INSERT INTO emprega_gravacao (id_gravacao, id_pessoa) VALUES ('71','4809');
INSERT INTO pessoa (id_pessoa, tipo_documento,documento,nome,data_nascimento,nome_pais_origem) VALUES ('4810','PASS','000993807','Gaufusi','19790816','Argentina');
INSERT INTO emprega_gravacao (id_gravacao, id_pessoa) VALUES ('71','4810');
INSERT INTO pessoa (id_pessoa, tipo_documento,documento,nome,data_nascimento,nome_pais_origem) VALUES ('4811','PASS','000721783','Chitrik','19711106','New');
INSERT INTO emprega_gravacao (id_gravacao, id_pessoa) VALUES ('71','4811');
INSERT INTO pessoa (id_pessoa, tipo_documento,documento,nome,data_nascimento,nome_pais_origem) VALUES ('4812','PASS','000711421','Chauez','19850120','Turkey');
INSERT INTO emprega_gravacao (id_gravacao, id_pessoa) VALUES ('71','4812');
INSERT INTO pessoa (id_pessoa, tipo_documento,documento,nome,data_nascimento,nome_pais_origem) VALUES ('4813','PASS','000246864','Dalaq','19770723','Hungary');
INSERT INTO emprega_gravacao (id_gravacao, id_pessoa) VALUES ('71','4813');
INSERT INTO pessoa (id_pessoa, tipo_documento,documento,nome,data_nascimento,nome_pais_origem) VALUES ('4814','PASS','000690827','Dezarn','19890619','Arabia');
INSERT INTO emprega_gravacao (id_gravacao, id_pessoa) VALUES ('71','4814');
INSERT INTO pessoa (id_pessoa, tipo_documento,documento,nome,data_nascimento,nome_pais_origem) VALUES ('4815','PASS','000254290','Gotter','19890127','Brazil');
INSERT INTO emprega_gravacao (id_gravacao, id_pessoa) VALUES ('71','4815');
INSERT INTO equipe_de_gravacao (id_gravacao,nome_empresa) VALUES ('72','RUGDISB');
INSERT INTO pessoa (id_pessoa, tipo_documento,documento,nome,data_nascimento,nome_pais_origem) VALUES ('4816','PASS','000374771','Gidney','19850119','Syria');
INSERT INTO emprega_gravacao (id_gravacao, id_pessoa) VALUES ('72','4816');
INSERT INTO pessoa (id_pessoa, tipo_documento,documento,nome,data_nascimento,nome_pais_origem) VALUES ('4817','PASS','000234166','Baile','19791116','Brazil');
INSERT INTO emprega_gravacao (id_gravacao, id_pessoa) VALUES ('72','4817');
INSERT INTO pessoa (id_pessoa, tipo_documento,documento,nome,data_nascimento,nome_pais_origem) VALUES ('4818','PASS','000858061','Duenez','19801207','Serbia');
INSERT INTO emprega_gravacao (id_gravacao, id_pessoa) VALUES ('72','4818');
INSERT INTO pessoa (id_pessoa, tipo_documento,documento,nome,data_nascimento,nome_pais_origem) VALUES ('4819','PASS','000254989','Giorgini','19860818','India');
INSERT INTO emprega_gravacao (id_gravacao, id_pessoa) VALUES ('72','4819');
INSERT INTO pessoa (id_pessoa, tipo_documento,documento,nome,data_nascimento,nome_pais_origem) VALUES ('4820','PASS','000945253','Berwick','19800204','Ukraine');
INSERT INTO emprega_gravacao (id_gravacao, id_pessoa) VALUES ('72','4820');
INSERT INTO pessoa (id_pessoa, tipo_documento,documento,nome,data_nascimento,nome_pais_origem) VALUES ('4821','PASS','000316953','Egbert','19751117','Nepal');
INSERT INTO emprega_gravacao (id_gravacao, id_pessoa) VALUES ('72','4821');
INSERT INTO pessoa (id_pessoa, tipo_documento,documento,nome,data_nascimento,nome_pais_origem) VALUES ('4822','PASS','000979860','Bromwell','19821214','Lithuania');
INSERT INTO emprega_gravacao (id_gravacao, id_pessoa) VALUES ('72','4822');
INSERT INTO pessoa (id_pessoa, tipo_documento,documento,nome,data_nascimento,nome_pais_origem) VALUES ('4823','PASS','000916022','Farago','19850104','Armenia');
INSERT INTO emprega_gravacao (id_gravacao, id_pessoa) VALUES ('72','4823');
INSERT INTO pessoa (id_pessoa, tipo_documento,documento,nome,data_nascimento,nome_pais_origem) VALUES ('4824','PASS','000886415','Baisey','19810308','Nepal');
INSERT INTO emprega_gravacao (id_gravacao, id_pessoa) VALUES ('72','4824');
INSERT INTO pessoa (id_pessoa, tipo_documento,documento,nome,data_nascimento,nome_pais_origem) VALUES ('4825','PASS','000523946','Camellia','19751006','Spain');
INSERT INTO emprega_gravacao (id_gravacao, id_pessoa) VALUES ('72','4825');
INSERT INTO pessoa (id_pessoa, tipo_documento,documento,nome,data_nascimento,nome_pais_origem) VALUES ('4826','PASS','000172669','Bonawitz','19751226','Zealand');
INSERT INTO emprega_gravacao (id_gravacao, id_pessoa) VALUES ('72','4826');
INSERT INTO pessoa (id_pessoa, tipo_documento,documento,nome,data_nascimento,nome_pais_origem) VALUES ('4827','PASS','000296964','Argote','19720313','Austria');
INSERT INTO emprega_gravacao (id_gravacao, id_pessoa) VALUES ('72','4827');
INSERT INTO pessoa (id_pessoa, tipo_documento,documento,nome,data_nascimento,nome_pais_origem) VALUES ('4828','PASS','000784955','Gilyard','19751106','Sweden');
INSERT INTO emprega_gravacao (id_gravacao, id_pessoa) VALUES ('72','4828');
INSERT INTO pessoa (id_pessoa, tipo_documento,documento,nome,data_nascimento,nome_pais_origem) VALUES ('4829','PASS','000289944','Dunnahoo','19861222','Switzerland');
INSERT INTO emprega_gravacao (id_gravacao, id_pessoa) VALUES ('72','4829');
INSERT INTO pessoa (id_pessoa, tipo_documento,documento,nome,data_nascimento,nome_pais_origem) VALUES ('4830','PASS','000933960','Brule','19791220','Peru');
INSERT INTO emprega_gravacao (id_gravacao, id_pessoa) VALUES ('72','4830');
INSERT INTO pessoa (id_pessoa, tipo_documento,documento,nome,data_nascimento,nome_pais_origem) VALUES ('4831','PASS','000489949','Baltrip','19781126','Norway');
INSERT INTO emprega_gravacao (id_gravacao, id_pessoa) VALUES ('72','4831');
INSERT INTO pessoa (id_pessoa, tipo_documento,documento,nome,data_nascimento,nome_pais_origem) VALUES ('4832','PASS','000267363','Casuat','19800314','Nepal');
INSERT INTO emprega_gravacao (id_gravacao, id_pessoa) VALUES ('72','4832');
INSERT INTO equipe_de_gravacao (id_gravacao,nome_empresa) VALUES ('73','ZLNJICY');
INSERT INTO pessoa (id_pessoa, tipo_documento,documento,nome,data_nascimento,nome_pais_origem) VALUES ('4833','PASS','000472941','Defreitas','19810717','Mozambique');
INSERT INTO emprega_gravacao (id_gravacao, id_pessoa) VALUES ('73','4833');
INSERT INTO pessoa (id_pessoa, tipo_documento,documento,nome,data_nascimento,nome_pais_origem) VALUES ('4834','PASS','000643568','Dalke','19770502','Mexico');
INSERT INTO emprega_gravacao (id_gravacao, id_pessoa) VALUES ('73','4834');
INSERT INTO pessoa (id_pessoa, tipo_documento,documento,nome,data_nascimento,nome_pais_origem) VALUES ('4835','PASS','000259314','Creasman','19740413','Senegal');
INSERT INTO emprega_gravacao (id_gravacao, id_pessoa) VALUES ('73','4835');
INSERT INTO pessoa (id_pessoa, tipo_documento,documento,nome,data_nascimento,nome_pais_origem) VALUES ('4836','PASS','000699177','Cunha','19831121','Arabia');
INSERT INTO emprega_gravacao (id_gravacao, id_pessoa) VALUES ('73','4836');
INSERT INTO pessoa (id_pessoa, tipo_documento,documento,nome,data_nascimento,nome_pais_origem) VALUES ('4837','PASS','000218977','Artman','19790416','Australia');
INSERT INTO emprega_gravacao (id_gravacao, id_pessoa) VALUES ('73','4837');
INSERT INTO pessoa (id_pessoa, tipo_documento,documento,nome,data_nascimento,nome_pais_origem) VALUES ('4838','PASS','000579274','Bussard','19791119','Bahamas');
INSERT INTO emprega_gravacao (id_gravacao, id_pessoa) VALUES ('73','4838');
INSERT INTO pessoa (id_pessoa, tipo_documento,documento,nome,data_nascimento,nome_pais_origem) VALUES ('4839','PASS','000203269','Crawford','19710921','Hungary');
INSERT INTO emprega_gravacao (id_gravacao, id_pessoa) VALUES ('73','4839');
INSERT INTO pessoa (id_pessoa, tipo_documento,documento,nome,data_nascimento,nome_pais_origem) VALUES ('4840','PASS','000975436','Bauch','19710717','Algeria');
INSERT INTO emprega_gravacao (id_gravacao, id_pessoa) VALUES ('73','4840');
INSERT INTO pessoa (id_pessoa, tipo_documento,documento,nome,data_nascimento,nome_pais_origem) VALUES ('4841','PASS','000161826','Glassing','19730216','Australia');
INSERT INTO emprega_gravacao (id_gravacao, id_pessoa) VALUES ('73','4841');
INSERT INTO pessoa (id_pessoa, tipo_documento,documento,nome,data_nascimento,nome_pais_origem) VALUES ('4842','PASS','000762599','Ammerman','19811023','Colombia');
INSERT INTO emprega_gravacao (id_gravacao, id_pessoa) VALUES ('73','4842');
INSERT INTO equipe_de_gravacao (id_gravacao,nome_empresa) VALUES ('74','MLRMVRJ');
INSERT INTO pessoa (id_pessoa, tipo_documento,documento,nome,data_nascimento,nome_pais_origem) VALUES ('4843','PASS','000795420','Collison','19831214','Nepal');
INSERT INTO emprega_gravacao (id_gravacao, id_pessoa) VALUES ('74','4843');
INSERT INTO pessoa (id_pessoa, tipo_documento,documento,nome,data_nascimento,nome_pais_origem) VALUES ('4844','PASS','000611492','Beyerl','19700416','Mongolia');
INSERT INTO emprega_gravacao (id_gravacao, id_pessoa) VALUES ('74','4844');
INSERT INTO pessoa (id_pessoa, tipo_documento,documento,nome,data_nascimento,nome_pais_origem) VALUES ('4845','PASS','000342369','Bernal','19731107','Barbados');
INSERT INTO emprega_gravacao (id_gravacao, id_pessoa) VALUES ('74','4845');
INSERT INTO pessoa (id_pessoa, tipo_documento,documento,nome,data_nascimento,nome_pais_origem) VALUES ('4846','PASS','000750100','Calista','19750515','Liechtenstein');
INSERT INTO emprega_gravacao (id_gravacao, id_pessoa) VALUES ('74','4846');
INSERT INTO pessoa (id_pessoa, tipo_documento,documento,nome,data_nascimento,nome_pais_origem) VALUES ('4847','PASS','000878191','Erlebach','19710205','Belgium');
INSERT INTO emprega_gravacao (id_gravacao, id_pessoa) VALUES ('74','4847');
INSERT INTO pessoa (id_pessoa, tipo_documento,documento,nome,data_nascimento,nome_pais_origem) VALUES ('4848','PASS','000455140','Glassburn','19790604','Greece');
INSERT INTO emprega_gravacao (id_gravacao, id_pessoa) VALUES ('74','4848');
INSERT INTO pessoa (id_pessoa, tipo_documento,documento,nome,data_nascimento,nome_pais_origem) VALUES ('4849','PASS','000737530','Brasswell','19741106','Rica');
INSERT INTO emprega_gravacao (id_gravacao, id_pessoa) VALUES ('74','4849');
INSERT INTO pessoa (id_pessoa, tipo_documento,documento,nome,data_nascimento,nome_pais_origem) VALUES ('4850','PASS','000543623','Brachle','19881206','Armenia');
INSERT INTO emprega_gravacao (id_gravacao, id_pessoa) VALUES ('74','4850');
INSERT INTO pessoa (id_pessoa, tipo_documento,documento,nome,data_nascimento,nome_pais_origem) VALUES ('4851','PASS','000305741','Barket','19840624','Austria');
INSERT INTO emprega_gravacao (id_gravacao, id_pessoa) VALUES ('74','4851');
INSERT INTO pessoa (id_pessoa, tipo_documento,documento,nome,data_nascimento,nome_pais_origem) VALUES ('4852','PASS','000561132','Bradey','19740816','India');
INSERT INTO emprega_gravacao (id_gravacao, id_pessoa) VALUES ('74','4852');
INSERT INTO pessoa (id_pessoa, tipo_documento,documento,nome,data_nascimento,nome_pais_origem) VALUES ('4853','PASS','000885521','Douthitt','19861219','Paraguay');
INSERT INTO emprega_gravacao (id_gravacao, id_pessoa) VALUES ('74','4853');
INSERT INTO pessoa (id_pessoa, tipo_documento,documento,nome,data_nascimento,nome_pais_origem) VALUES ('4854','PASS','000456010','Gerber','19871025','Japan');
INSERT INTO emprega_gravacao (id_gravacao, id_pessoa) VALUES ('74','4854');
INSERT INTO pessoa (id_pessoa, tipo_documento,documento,nome,data_nascimento,nome_pais_origem) VALUES ('4855','PASS','000501846','Frayser','19811127','Singapore');
INSERT INTO emprega_gravacao (id_gravacao, id_pessoa) VALUES ('74','4855');
INSERT INTO equipe_de_gravacao (id_gravacao,nome_empresa) VALUES ('75','KVHANFX');
INSERT INTO pessoa (id_pessoa, tipo_documento,documento,nome,data_nascimento,nome_pais_origem) VALUES ('4856','PASS','000475673','Domangue','19820727','India');
INSERT INTO emprega_gravacao (id_gravacao, id_pessoa) VALUES ('75','4856');
INSERT INTO pessoa (id_pessoa, tipo_documento,documento,nome,data_nascimento,nome_pais_origem) VALUES ('4857','PASS','000509318','Amescua','19760522','Egypt');
INSERT INTO emprega_gravacao (id_gravacao, id_pessoa) VALUES ('75','4857');
INSERT INTO pessoa (id_pessoa, tipo_documento,documento,nome,data_nascimento,nome_pais_origem) VALUES ('4858','PASS','000368891','Bucci','19800123','Thailand');
INSERT INTO emprega_gravacao (id_gravacao, id_pessoa) VALUES ('75','4858');
INSERT INTO pessoa (id_pessoa, tipo_documento,documento,nome,data_nascimento,nome_pais_origem) VALUES ('4859','PASS','000146334','Arriano','19760113','Uzbekistan');
INSERT INTO emprega_gravacao (id_gravacao, id_pessoa) VALUES ('75','4859');
INSERT INTO pessoa (id_pessoa, tipo_documento,documento,nome,data_nascimento,nome_pais_origem) VALUES ('4860','PASS','000492721','Billips','19760125','Morocco');
INSERT INTO emprega_gravacao (id_gravacao, id_pessoa) VALUES ('75','4860');
INSERT INTO pessoa (id_pessoa, tipo_documento,documento,nome,data_nascimento,nome_pais_origem) VALUES ('4861','PASS','000254254','Castellana','19840508','Hungary');
INSERT INTO emprega_gravacao (id_gravacao, id_pessoa) VALUES ('75','4861');
INSERT INTO pessoa (id_pessoa, tipo_documento,documento,nome,data_nascimento,nome_pais_origem) VALUES ('4862','PASS','000741812','Grosland','19771005','Iran');
INSERT INTO emprega_gravacao (id_gravacao, id_pessoa) VALUES ('75','4862');
INSERT INTO pessoa (id_pessoa, tipo_documento,documento,nome,data_nascimento,nome_pais_origem) VALUES ('4863','PASS','000487040','Beatley','19841114','Nepal');
INSERT INTO emprega_gravacao (id_gravacao, id_pessoa) VALUES ('75','4863');
INSERT INTO pessoa (id_pessoa, tipo_documento,documento,nome,data_nascimento,nome_pais_origem) VALUES ('4864','PASS','000749857','Carns','19880124','Algeria');
INSERT INTO emprega_gravacao (id_gravacao, id_pessoa) VALUES ('75','4864');
INSERT INTO pessoa (id_pessoa, tipo_documento,documento,nome,data_nascimento,nome_pais_origem) VALUES ('4865','PASS','000401271','Corporon','19881210','France');
INSERT INTO emprega_gravacao (id_gravacao, id_pessoa) VALUES ('75','4865');
INSERT INTO pessoa (id_pessoa, tipo_documento,documento,nome,data_nascimento,nome_pais_origem) VALUES ('4866','PASS','000851296','Chiarito','19870109','Vietnam');
INSERT INTO emprega_gravacao (id_gravacao, id_pessoa) VALUES ('75','4866');
INSERT INTO pessoa (id_pessoa, tipo_documento,documento,nome,data_nascimento,nome_pais_origem) VALUES ('4867','PASS','000592971','Amarian','19861227','Angola');
INSERT INTO emprega_gravacao (id_gravacao, id_pessoa) VALUES ('75','4867');
INSERT INTO pessoa (id_pessoa, tipo_documento,documento,nome,data_nascimento,nome_pais_origem) VALUES ('4868','PASS','000180597','Beraun','19830921','Romania');
INSERT INTO emprega_gravacao (id_gravacao, id_pessoa) VALUES ('75','4868');
INSERT INTO pessoa (id_pessoa, tipo_documento,documento,nome,data_nascimento,nome_pais_origem) VALUES ('4869','PASS','000683923','Dearo','19870507','Lithuania');
INSERT INTO emprega_gravacao (id_gravacao, id_pessoa) VALUES ('75','4869');
INSERT INTO pessoa (id_pessoa, tipo_documento,documento,nome,data_nascimento,nome_pais_origem) VALUES ('4870','PASS','000552164','Crigger','19790518','Norway');
INSERT INTO emprega_gravacao (id_gravacao, id_pessoa) VALUES ('75','4870');
INSERT INTO pessoa (id_pessoa, tipo_documento,documento,nome,data_nascimento,nome_pais_origem) VALUES ('4871','PASS','000804107','Crimmins','19720421','Rica');
INSERT INTO emprega_gravacao (id_gravacao, id_pessoa) VALUES ('75','4871');
INSERT INTO pessoa (id_pessoa, tipo_documento,documento,nome,data_nascimento,nome_pais_origem) VALUES ('4872','PASS','000989600','Corr','19770611','Algeria');
INSERT INTO emprega_gravacao (id_gravacao, id_pessoa) VALUES ('75','4872');
INSERT INTO equipe_de_gravacao (id_gravacao,nome_empresa) VALUES ('76','PQAHFQB');
INSERT INTO pessoa (id_pessoa, tipo_documento,documento,nome,data_nascimento,nome_pais_origem) VALUES ('4873','PASS','000346108','Duttry','19740219','France');
INSERT INTO emprega_gravacao (id_gravacao, id_pessoa) VALUES ('76','4873');
INSERT INTO pessoa (id_pessoa, tipo_documento,documento,nome,data_nascimento,nome_pais_origem) VALUES ('4874','PASS','000233025','Elicker','19820117','France');
INSERT INTO emprega_gravacao (id_gravacao, id_pessoa) VALUES ('76','4874');
INSERT INTO pessoa (id_pessoa, tipo_documento,documento,nome,data_nascimento,nome_pais_origem) VALUES ('4875','PASS','000871110','Foose','19770616','Estonia');
INSERT INTO emprega_gravacao (id_gravacao, id_pessoa) VALUES ('76','4875');
INSERT INTO pessoa (id_pessoa, tipo_documento,documento,nome,data_nascimento,nome_pais_origem) VALUES ('4876','PASS','000843566','Asner','19841014','Estonia');
INSERT INTO emprega_gravacao (id_gravacao, id_pessoa) VALUES ('76','4876');
INSERT INTO pessoa (id_pessoa, tipo_documento,documento,nome,data_nascimento,nome_pais_origem) VALUES ('4877','PASS','000996828','Birch','19830113','Chad');
INSERT INTO emprega_gravacao (id_gravacao, id_pessoa) VALUES ('76','4877');
INSERT INTO pessoa (id_pessoa, tipo_documento,documento,nome,data_nascimento,nome_pais_origem) VALUES ('4878','PASS','000340122','Epps','19870722','Romania');
INSERT INTO emprega_gravacao (id_gravacao, id_pessoa) VALUES ('76','4878');
INSERT INTO pessoa (id_pessoa, tipo_documento,documento,nome,data_nascimento,nome_pais_origem) VALUES ('4879','PASS','000733267','Ferell','19810608','Costa');
INSERT INTO emprega_gravacao (id_gravacao, id_pessoa) VALUES ('76','4879');
INSERT INTO pessoa (id_pessoa, tipo_documento,documento,nome,data_nascimento,nome_pais_origem) VALUES ('4880','PASS','000565986','Elizondo','19700927','Philippines');
INSERT INTO emprega_gravacao (id_gravacao, id_pessoa) VALUES ('76','4880');
INSERT INTO pessoa (id_pessoa, tipo_documento,documento,nome,data_nascimento,nome_pais_origem) VALUES ('4881','PASS','000919855','Batrum','19730610','Bahamas');
INSERT INTO emprega_gravacao (id_gravacao, id_pessoa) VALUES ('76','4881');
INSERT INTO pessoa (id_pessoa, tipo_documento,documento,nome,data_nascimento,nome_pais_origem) VALUES ('4882','PASS','000572121','Borson','19780122','Denmark');
INSERT INTO emprega_gravacao (id_gravacao, id_pessoa) VALUES ('76','4882');
INSERT INTO pessoa (id_pessoa, tipo_documento,documento,nome,data_nascimento,nome_pais_origem) VALUES ('4883','PASS','000917844','Dulberg','19870613','Estonia');
INSERT INTO emprega_gravacao (id_gravacao, id_pessoa) VALUES ('76','4883');
INSERT INTO pessoa (id_pessoa, tipo_documento,documento,nome,data_nascimento,nome_pais_origem) VALUES ('4884','PASS','000423629','Griswald','19740812','Bulgaria');
INSERT INTO emprega_gravacao (id_gravacao, id_pessoa) VALUES ('76','4884');
INSERT INTO pessoa (id_pessoa, tipo_documento,documento,nome,data_nascimento,nome_pais_origem) VALUES ('4885','PASS','000937406','Biesenthal','19841023','Thailand');
INSERT INTO emprega_gravacao (id_gravacao, id_pessoa) VALUES ('76','4885');
INSERT INTO pessoa (id_pessoa, tipo_documento,documento,nome,data_nascimento,nome_pais_origem) VALUES ('4886','PASS','000227267','Giaquinto','19780726','Netherlands');
INSERT INTO emprega_gravacao (id_gravacao, id_pessoa) VALUES ('76','4886');
INSERT INTO pessoa (id_pessoa, tipo_documento,documento,nome,data_nascimento,nome_pais_origem) VALUES ('4887','PASS','000952399','Gallager','19810409','Ukraine');
INSERT INTO emprega_gravacao (id_gravacao, id_pessoa) VALUES ('76','4887');
INSERT INTO pessoa (id_pessoa, tipo_documento,documento,nome,data_nascimento,nome_pais_origem) VALUES ('4888','PASS','000395431','Cobos','19800822','Bulgaria');
INSERT INTO emprega_gravacao (id_gravacao, id_pessoa) VALUES ('76','4888');
INSERT INTO pessoa (id_pessoa, tipo_documento,documento,nome,data_nascimento,nome_pais_origem) VALUES ('4889','PASS','000501248','Cookman','19721226','Romania');
INSERT INTO emprega_gravacao (id_gravacao, id_pessoa) VALUES ('76','4889');
INSERT INTO pessoa (id_pessoa, tipo_documento,documento,nome,data_nascimento,nome_pais_origem) VALUES ('4890','PASS','000204719','Grable','19830212','Netherlands');
INSERT INTO emprega_gravacao (id_gravacao, id_pessoa) VALUES ('76','4890');
INSERT INTO pessoa (id_pessoa, tipo_documento,documento,nome,data_nascimento,nome_pais_origem) VALUES ('4891','PASS','000176359','Furnish','19851006','Turkey');
INSERT INTO emprega_gravacao (id_gravacao, id_pessoa) VALUES ('76','4891');
INSERT INTO pessoa (id_pessoa, tipo_documento,documento,nome,data_nascimento,nome_pais_origem) VALUES ('4892','PASS','000952646','Burruel','19710525','China');
INSERT INTO emprega_gravacao (id_gravacao, id_pessoa) VALUES ('76','4892');
INSERT INTO pessoa (id_pessoa, tipo_documento,documento,nome,data_nascimento,nome_pais_origem) VALUES ('4893','PASS','000914912','Bergsma','19810610','Hungary');
INSERT INTO emprega_gravacao (id_gravacao, id_pessoa) VALUES ('76','4893');
INSERT INTO equipe_de_gravacao (id_gravacao,nome_empresa) VALUES ('77','CEDZDUS');
INSERT INTO pessoa (id_pessoa, tipo_documento,documento,nome,data_nascimento,nome_pais_origem) VALUES ('4894','PASS','000675585','Balak','19820615','Uruguay');
INSERT INTO emprega_gravacao (id_gravacao, id_pessoa) VALUES ('77','4894');
INSERT INTO pessoa (id_pessoa, tipo_documento,documento,nome,data_nascimento,nome_pais_origem) VALUES ('4895','PASS','000195100','Gergen','19790727','Argentina');
INSERT INTO emprega_gravacao (id_gravacao, id_pessoa) VALUES ('77','4895');
INSERT INTO pessoa (id_pessoa, tipo_documento,documento,nome,data_nascimento,nome_pais_origem) VALUES ('4896','PASS','000390233','Chaves','19731018','Greece');
INSERT INTO emprega_gravacao (id_gravacao, id_pessoa) VALUES ('77','4896');
INSERT INTO pessoa (id_pessoa, tipo_documento,documento,nome,data_nascimento,nome_pais_origem) VALUES ('4897','PASS','000430284','Dimpfl','19750920','Bahamas');
INSERT INTO emprega_gravacao (id_gravacao, id_pessoa) VALUES ('77','4897');
INSERT INTO pessoa (id_pessoa, tipo_documento,documento,nome,data_nascimento,nome_pais_origem) VALUES ('4898','PASS','000724175','Cuculich','19730210','Paraguay');
INSERT INTO emprega_gravacao (id_gravacao, id_pessoa) VALUES ('77','4898');
INSERT INTO pessoa (id_pessoa, tipo_documento,documento,nome,data_nascimento,nome_pais_origem) VALUES ('4899','PASS','000214385','Gaumont','19710115','Saudi');
INSERT INTO emprega_gravacao (id_gravacao, id_pessoa) VALUES ('77','4899');
INSERT INTO pessoa (id_pessoa, tipo_documento,documento,nome,data_nascimento,nome_pais_origem) VALUES ('4900','PASS','000715517','Garcon','19730715','Saudi');
INSERT INTO emprega_gravacao (id_gravacao, id_pessoa) VALUES ('77','4900');
INSERT INTO pessoa (id_pessoa, tipo_documento,documento,nome,data_nascimento,nome_pais_origem) VALUES ('4901','PASS','000896929','Alce','19741211','Finland');
INSERT INTO emprega_gravacao (id_gravacao, id_pessoa) VALUES ('77','4901');
INSERT INTO pessoa (id_pessoa, tipo_documento,documento,nome,data_nascimento,nome_pais_origem) VALUES ('4902','PASS','000490597','Grant','19821222','Indonesia');
INSERT INTO emprega_gravacao (id_gravacao, id_pessoa) VALUES ('77','4902');
INSERT INTO pessoa (id_pessoa, tipo_documento,documento,nome,data_nascimento,nome_pais_origem) VALUES ('4903','PASS','000900528','Carinio','19740824','Arabia');
INSERT INTO emprega_gravacao (id_gravacao, id_pessoa) VALUES ('77','4903');
INSERT INTO pessoa (id_pessoa, tipo_documento,documento,nome,data_nascimento,nome_pais_origem) VALUES ('4904','PASS','000776777','Buol','19800909','Germany');
INSERT INTO emprega_gravacao (id_gravacao, id_pessoa) VALUES ('77','4904');
INSERT INTO pessoa (id_pessoa, tipo_documento,documento,nome,data_nascimento,nome_pais_origem) VALUES ('4905','PASS','000406284','Dubourg','19740408','Paraguay');
INSERT INTO emprega_gravacao (id_gravacao, id_pessoa) VALUES ('77','4905');
INSERT INTO pessoa (id_pessoa, tipo_documento,documento,nome,data_nascimento,nome_pais_origem) VALUES ('4906','PASS','000389253','Brookskennedy','19800421','Uzbekistan');
INSERT INTO emprega_gravacao (id_gravacao, id_pessoa) VALUES ('77','4906');
INSERT INTO pessoa (id_pessoa, tipo_documento,documento,nome,data_nascimento,nome_pais_origem) VALUES ('4907','PASS','000248309','Cournoyer','19711224','Uzbekistan');
INSERT INTO emprega_gravacao (id_gravacao, id_pessoa) VALUES ('77','4907');
INSERT INTO pessoa (id_pessoa, tipo_documento,documento,nome,data_nascimento,nome_pais_origem) VALUES ('4908','PASS','000386448','Fuller','19780926','Sweden');
INSERT INTO emprega_gravacao (id_gravacao, id_pessoa) VALUES ('77','4908');
INSERT INTO pessoa (id_pessoa, tipo_documento,documento,nome,data_nascimento,nome_pais_origem) VALUES ('4909','PASS','000237013','Feldt','19790708','Angola');
INSERT INTO emprega_gravacao (id_gravacao, id_pessoa) VALUES ('77','4909');
INSERT INTO pessoa (id_pessoa, tipo_documento,documento,nome,data_nascimento,nome_pais_origem) VALUES ('4910','PASS','000635937','Coldwell','19801126','Senegal');
INSERT INTO emprega_gravacao (id_gravacao, id_pessoa) VALUES ('77','4910');
INSERT INTO pessoa (id_pessoa, tipo_documento,documento,nome,data_nascimento,nome_pais_origem) VALUES ('4911','PASS','000978704','Corburn','19711123','Costa');
INSERT INTO emprega_gravacao (id_gravacao, id_pessoa) VALUES ('77','4911');
INSERT INTO pessoa (id_pessoa, tipo_documento,documento,nome,data_nascimento,nome_pais_origem) VALUES ('4912','PASS','000896526','Behning','19820824','Estonia');
INSERT INTO emprega_gravacao (id_gravacao, id_pessoa) VALUES ('77','4912');
INSERT INTO pessoa (id_pessoa, tipo_documento,documento,nome,data_nascimento,nome_pais_origem) VALUES ('4913','PASS','000440892','Deel','19741105','Slovakia');
INSERT INTO emprega_gravacao (id_gravacao, id_pessoa) VALUES ('77','4913');
INSERT INTO pessoa (id_pessoa, tipo_documento,documento,nome,data_nascimento,nome_pais_origem) VALUES ('4914','PASS','000139091','Eavey','19840102','Poland');
INSERT INTO emprega_gravacao (id_gravacao, id_pessoa) VALUES ('77','4914');
INSERT INTO pessoa (id_pessoa, tipo_documento,documento,nome,data_nascimento,nome_pais_origem) VALUES ('4915','PASS','000287546','Bestwick','19800514','Paraguay');
INSERT INTO emprega_gravacao (id_gravacao, id_pessoa) VALUES ('77','4915');
INSERT INTO pessoa (id_pessoa, tipo_documento,documento,nome,data_nascimento,nome_pais_origem) VALUES ('4916','PASS','000687231','Casaus','19871018','India');
INSERT INTO emprega_gravacao (id_gravacao, id_pessoa) VALUES ('77','4916');
INSERT INTO pessoa (id_pessoa, tipo_documento,documento,nome,data_nascimento,nome_pais_origem) VALUES ('4917','PASS','000701252','Derting','19781011','Poland');
INSERT INTO emprega_gravacao (id_gravacao, id_pessoa) VALUES ('77','4917');
INSERT INTO equipe_de_gravacao (id_gravacao,nome_empresa) VALUES ('78','WNAGNAL');
INSERT INTO pessoa (id_pessoa, tipo_documento,documento,nome,data_nascimento,nome_pais_origem) VALUES ('4918','PASS','000422545','Ello','19781222','Poland');
INSERT INTO emprega_gravacao (id_gravacao, id_pessoa) VALUES ('78','4918');
INSERT INTO pessoa (id_pessoa, tipo_documento,documento,nome,data_nascimento,nome_pais_origem) VALUES ('4919','PASS','000837377','Eyestone','19850602','Mozambique');
INSERT INTO emprega_gravacao (id_gravacao, id_pessoa) VALUES ('78','4919');
INSERT INTO pessoa (id_pessoa, tipo_documento,documento,nome,data_nascimento,nome_pais_origem) VALUES ('4920','PASS','000879425','Collazo','19740406','Azerbaijan');
INSERT INTO emprega_gravacao (id_gravacao, id_pessoa) VALUES ('78','4920');
INSERT INTO pessoa (id_pessoa, tipo_documento,documento,nome,data_nascimento,nome_pais_origem) VALUES ('4921','PASS','000377322','Alden','19730919','Saudi');
INSERT INTO emprega_gravacao (id_gravacao, id_pessoa) VALUES ('78','4921');
INSERT INTO equipe_de_gravacao (id_gravacao,nome_empresa) VALUES ('79','AFWJNIM');
INSERT INTO pessoa (id_pessoa, tipo_documento,documento,nome,data_nascimento,nome_pais_origem) VALUES ('4922','PASS','000113964','Cochell','19851004','Saudi');
INSERT INTO emprega_gravacao (id_gravacao, id_pessoa) VALUES ('79','4922');
INSERT INTO pessoa (id_pessoa, tipo_documento,documento,nome,data_nascimento,nome_pais_origem) VALUES ('4923','PASS','000178810','Cadorette','19880805','Cuba');
INSERT INTO emprega_gravacao (id_gravacao, id_pessoa) VALUES ('79','4923');
INSERT INTO pessoa (id_pessoa, tipo_documento,documento,nome,data_nascimento,nome_pais_origem) VALUES ('4924','PASS','000157840','Aluise','19730505','Norway');
INSERT INTO emprega_gravacao (id_gravacao, id_pessoa) VALUES ('79','4924');
INSERT INTO pessoa (id_pessoa, tipo_documento,documento,nome,data_nascimento,nome_pais_origem) VALUES ('4925','PASS','000185101','Capurro','19851113','Philippines');
INSERT INTO emprega_gravacao (id_gravacao, id_pessoa) VALUES ('79','4925');
INSERT INTO pessoa (id_pessoa, tipo_documento,documento,nome,data_nascimento,nome_pais_origem) VALUES ('4926','PASS','000414324','Cribbs','19750111','Singapore');
INSERT INTO emprega_gravacao (id_gravacao, id_pessoa) VALUES ('79','4926');
INSERT INTO pessoa (id_pessoa, tipo_documento,documento,nome,data_nascimento,nome_pais_origem) VALUES ('4927','PASS','000818828','Delima','19750827','Philippines');
INSERT INTO emprega_gravacao (id_gravacao, id_pessoa) VALUES ('79','4927');
INSERT INTO pessoa (id_pessoa, tipo_documento,documento,nome,data_nascimento,nome_pais_origem) VALUES ('4928','PASS','000256932','Gouthier','19820717','Egypt');
INSERT INTO emprega_gravacao (id_gravacao, id_pessoa) VALUES ('79','4928');
INSERT INTO pessoa (id_pessoa, tipo_documento,documento,nome,data_nascimento,nome_pais_origem) VALUES ('4929','PASS','000400684','Armon','19830724','India');
INSERT INTO emprega_gravacao (id_gravacao, id_pessoa) VALUES ('79','4929');
INSERT INTO pessoa (id_pessoa, tipo_documento,documento,nome,data_nascimento,nome_pais_origem) VALUES ('4930','PASS','000784002','Abella','19730113','Thailand');
INSERT INTO emprega_gravacao (id_gravacao, id_pessoa) VALUES ('79','4930');
INSERT INTO pessoa (id_pessoa, tipo_documento,documento,nome,data_nascimento,nome_pais_origem) VALUES ('4931','PASS','000691868','Burd','19880508','Greece');
INSERT INTO emprega_gravacao (id_gravacao, id_pessoa) VALUES ('79','4931');
INSERT INTO pessoa (id_pessoa, tipo_documento,documento,nome,data_nascimento,nome_pais_origem) VALUES ('4932','PASS','000946143','Failing','19890303','Netherlands');
INSERT INTO emprega_gravacao (id_gravacao, id_pessoa) VALUES ('79','4932');
INSERT INTO pessoa (id_pessoa, tipo_documento,documento,nome,data_nascimento,nome_pais_origem) VALUES ('4933','PASS','000279087','Deramo','19850122','Philippines');
INSERT INTO emprega_gravacao (id_gravacao, id_pessoa) VALUES ('79','4933');
INSERT INTO pessoa (id_pessoa, tipo_documento,documento,nome,data_nascimento,nome_pais_origem) VALUES ('4934','PASS','000550368','Derendal','19750109','Bahrain');
INSERT INTO emprega_gravacao (id_gravacao, id_pessoa) VALUES ('79','4934');
INSERT INTO pessoa (id_pessoa, tipo_documento,documento,nome,data_nascimento,nome_pais_origem) VALUES ('4935','PASS','000790137','Debry','19860703','Algeria');
INSERT INTO emprega_gravacao (id_gravacao, id_pessoa) VALUES ('79','4935');
INSERT INTO pessoa (id_pessoa, tipo_documento,documento,nome,data_nascimento,nome_pais_origem) VALUES ('4936','PASS','000704427','Creecy','19700727','Iraq');
INSERT INTO emprega_gravacao (id_gravacao, id_pessoa) VALUES ('79','4936');
INSERT INTO pessoa (id_pessoa, tipo_documento,documento,nome,data_nascimento,nome_pais_origem) VALUES ('4937','PASS','000704197','Burth','19840407','Liechtenstein');
INSERT INTO emprega_gravacao (id_gravacao, id_pessoa) VALUES ('79','4937');
INSERT INTO pessoa (id_pessoa, tipo_documento,documento,nome,data_nascimento,nome_pais_origem) VALUES ('4938','PASS','000471888','Albair','19871014','Nepal');
INSERT INTO emprega_gravacao (id_gravacao, id_pessoa) VALUES ('79','4938');
INSERT INTO pessoa (id_pessoa, tipo_documento,documento,nome,data_nascimento,nome_pais_origem) VALUES ('4939','PASS','000654755','Bernhardt','19770314','Germany');
INSERT INTO emprega_gravacao (id_gravacao, id_pessoa) VALUES ('79','4939');
INSERT INTO pessoa (id_pessoa, tipo_documento,documento,nome,data_nascimento,nome_pais_origem) VALUES ('4940','PASS','000526941','Damiano','19750324','Afghanistan');
INSERT INTO emprega_gravacao (id_gravacao, id_pessoa) VALUES ('79','4940');
INSERT INTO pessoa (id_pessoa, tipo_documento,documento,nome,data_nascimento,nome_pais_origem) VALUES ('4941','PASS','000242047','Baxtor','19860825','Morocco');
INSERT INTO emprega_gravacao (id_gravacao, id_pessoa) VALUES ('79','4941');
INSERT INTO pessoa (id_pessoa, tipo_documento,documento,nome,data_nascimento,nome_pais_origem) VALUES ('4942','PASS','000460048','Cudan','19750418','China');
INSERT INTO emprega_gravacao (id_gravacao, id_pessoa) VALUES ('79','4942');
INSERT INTO pessoa (id_pessoa, tipo_documento,documento,nome,data_nascimento,nome_pais_origem) VALUES ('4943','PASS','000385251','Czajkowski','19780115','Norway');
INSERT INTO emprega_gravacao (id_gravacao, id_pessoa) VALUES ('79','4943');
INSERT INTO pessoa (id_pessoa, tipo_documento,documento,nome,data_nascimento,nome_pais_origem) VALUES ('4944','PASS','000723219','Browing','19890425','Peru');
INSERT INTO emprega_gravacao (id_gravacao, id_pessoa) VALUES ('79','4944');
INSERT INTO pessoa (id_pessoa, tipo_documento,documento,nome,data_nascimento,nome_pais_origem) VALUES ('4945','PASS','000164571','Deculus','19871122','Denmark');
INSERT INTO emprega_gravacao (id_gravacao, id_pessoa) VALUES ('79','4945');
INSERT INTO pessoa (id_pessoa, tipo_documento,documento,nome,data_nascimento,nome_pais_origem) VALUES ('4946','PASS','000753781','Buris','19851226','Belarus');
INSERT INTO emprega_gravacao (id_gravacao, id_pessoa) VALUES ('79','4946');
INSERT INTO pessoa (id_pessoa, tipo_documento,documento,nome,data_nascimento,nome_pais_origem) VALUES ('4947','PASS','000747001','Growney','19860303','Chad');
INSERT INTO emprega_gravacao (id_gravacao, id_pessoa) VALUES ('79','4947');
INSERT INTO pessoa (id_pessoa, tipo_documento,documento,nome,data_nascimento,nome_pais_origem) VALUES ('4948','PASS','000358429','Galofaro','19700107','Azerbaijan');
INSERT INTO emprega_gravacao (id_gravacao, id_pessoa) VALUES ('79','4948');
INSERT INTO pessoa (id_pessoa, tipo_documento,documento,nome,data_nascimento,nome_pais_origem) VALUES ('4949','PASS','000259511','Famiglietti','19720804','Morocco');
INSERT INTO emprega_gravacao (id_gravacao, id_pessoa) VALUES ('79','4949');
INSERT INTO equipe_de_gravacao (id_gravacao,nome_empresa) VALUES ('80','GGYPBVY');
INSERT INTO pessoa (id_pessoa, tipo_documento,documento,nome,data_nascimento,nome_pais_origem) VALUES ('4950','PASS','000778321','Givan','19800616','Barbados');
INSERT INTO emprega_gravacao (id_gravacao, id_pessoa) VALUES ('80','4950');
INSERT INTO equipe_de_gravacao (id_gravacao,nome_empresa) VALUES ('81','YRRYVLA');
INSERT INTO pessoa (id_pessoa, tipo_documento,documento,nome,data_nascimento,nome_pais_origem) VALUES ('4951','PASS','000359362','Clevette','19831007','New');
INSERT INTO emprega_gravacao (id_gravacao, id_pessoa) VALUES ('81','4951');
INSERT INTO pessoa (id_pessoa, tipo_documento,documento,nome,data_nascimento,nome_pais_origem) VALUES ('4952','PASS','000885879','Flueck','19880611','Uruguay');
INSERT INTO emprega_gravacao (id_gravacao, id_pessoa) VALUES ('81','4952');
INSERT INTO pessoa (id_pessoa, tipo_documento,documento,nome,data_nascimento,nome_pais_origem) VALUES ('4953','PASS','000318976','Dullen','19830725','Poland');
INSERT INTO emprega_gravacao (id_gravacao, id_pessoa) VALUES ('81','4953');
INSERT INTO pessoa (id_pessoa, tipo_documento,documento,nome,data_nascimento,nome_pais_origem) VALUES ('4954','PASS','000592091','Axthelm','19860303','Algeria');
INSERT INTO emprega_gravacao (id_gravacao, id_pessoa) VALUES ('81','4954');
INSERT INTO pessoa (id_pessoa, tipo_documento,documento,nome,data_nascimento,nome_pais_origem) VALUES ('4955','PASS','000358337','Gomez','19710919','Netherlands');
INSERT INTO emprega_gravacao (id_gravacao, id_pessoa) VALUES ('81','4955');
INSERT INTO pessoa (id_pessoa, tipo_documento,documento,nome,data_nascimento,nome_pais_origem) VALUES ('4956','PASS','000490017','Dibari','19821117','Singapore');
INSERT INTO emprega_gravacao (id_gravacao, id_pessoa) VALUES ('81','4956');
INSERT INTO pessoa (id_pessoa, tipo_documento,documento,nome,data_nascimento,nome_pais_origem) VALUES ('4957','PASS','000611788','Cherney','19831211','Vietnam');
INSERT INTO emprega_gravacao (id_gravacao, id_pessoa) VALUES ('81','4957');
INSERT INTO pessoa (id_pessoa, tipo_documento,documento,nome,data_nascimento,nome_pais_origem) VALUES ('4958','PASS','000182925','Barsotti','19761021','Brazil');
INSERT INTO emprega_gravacao (id_gravacao, id_pessoa) VALUES ('81','4958');
INSERT INTO pessoa (id_pessoa, tipo_documento,documento,nome,data_nascimento,nome_pais_origem) VALUES ('4959','PASS','000319072','Forsee','19780421','Iran');
INSERT INTO emprega_gravacao (id_gravacao, id_pessoa) VALUES ('81','4959');
INSERT INTO pessoa (id_pessoa, tipo_documento,documento,nome,data_nascimento,nome_pais_origem) VALUES ('4960','PASS','000764440','Chaires','19781018','India');
INSERT INTO emprega_gravacao (id_gravacao, id_pessoa) VALUES ('81','4960');
INSERT INTO pessoa (id_pessoa, tipo_documento,documento,nome,data_nascimento,nome_pais_origem) VALUES ('4961','PASS','000561310','Grandin','19780319','Austria');
INSERT INTO emprega_gravacao (id_gravacao, id_pessoa) VALUES ('81','4961');
INSERT INTO pessoa (id_pessoa, tipo_documento,documento,nome,data_nascimento,nome_pais_origem) VALUES ('4962','PASS','000690421','Bhat','19800517','Serbia');
INSERT INTO emprega_gravacao (id_gravacao, id_pessoa) VALUES ('81','4962');
INSERT INTO pessoa (id_pessoa, tipo_documento,documento,nome,data_nascimento,nome_pais_origem) VALUES ('4963','PASS','000233557','Grotzinger','19770503','Estonia');
INSERT INTO emprega_gravacao (id_gravacao, id_pessoa) VALUES ('81','4963');
INSERT INTO pessoa (id_pessoa, tipo_documento,documento,nome,data_nascimento,nome_pais_origem) VALUES ('4964','PASS','000519047','Autaubo','19770521','Indonesia');
INSERT INTO emprega_gravacao (id_gravacao, id_pessoa) VALUES ('81','4964');
INSERT INTO pessoa (id_pessoa, tipo_documento,documento,nome,data_nascimento,nome_pais_origem) VALUES ('4965','PASS','000287192','Grivna','19720215','Mexico');
INSERT INTO emprega_gravacao (id_gravacao, id_pessoa) VALUES ('81','4965');
INSERT INTO pessoa (id_pessoa, tipo_documento,documento,nome,data_nascimento,nome_pais_origem) VALUES ('4966','PASS','000636631','Gambone','19891220','Estonia');
INSERT INTO emprega_gravacao (id_gravacao, id_pessoa) VALUES ('81','4966');
INSERT INTO pessoa (id_pessoa, tipo_documento,documento,nome,data_nascimento,nome_pais_origem) VALUES ('4967','PASS','000864605','Corsino','19750516','Argentina');
INSERT INTO emprega_gravacao (id_gravacao, id_pessoa) VALUES ('81','4967');
INSERT INTO pessoa (id_pessoa, tipo_documento,documento,nome,data_nascimento,nome_pais_origem) VALUES ('4968','PASS','000587210','Cordts','19810209','Saudi');
INSERT INTO emprega_gravacao (id_gravacao, id_pessoa) VALUES ('81','4968');
INSERT INTO pessoa (id_pessoa, tipo_documento,documento,nome,data_nascimento,nome_pais_origem) VALUES ('4969','PASS','000506741','Chowhan','19810310','Angola');
INSERT INTO emprega_gravacao (id_gravacao, id_pessoa) VALUES ('81','4969');
INSERT INTO pessoa (id_pessoa, tipo_documento,documento,nome,data_nascimento,nome_pais_origem) VALUES ('4970','PASS','000275482','Barefield','19790704','Barbados');
INSERT INTO emprega_gravacao (id_gravacao, id_pessoa) VALUES ('81','4970');
INSERT INTO pessoa (id_pessoa, tipo_documento,documento,nome,data_nascimento,nome_pais_origem) VALUES ('4971','PASS','000514048','Cheri','19770609','Rica');
INSERT INTO emprega_gravacao (id_gravacao, id_pessoa) VALUES ('81','4971');
INSERT INTO pessoa (id_pessoa, tipo_documento,documento,nome,data_nascimento,nome_pais_origem) VALUES ('4972','PASS','000580521','Abdella','19831023','Ukraine');
INSERT INTO emprega_gravacao (id_gravacao, id_pessoa) VALUES ('81','4972');
INSERT INTO pessoa (id_pessoa, tipo_documento,documento,nome,data_nascimento,nome_pais_origem) VALUES ('4973','PASS','000475812','Atcitty','19850101','Serbia');
INSERT INTO emprega_gravacao (id_gravacao, id_pessoa) VALUES ('81','4973');
INSERT INTO pessoa (id_pessoa, tipo_documento,documento,nome,data_nascimento,nome_pais_origem) VALUES ('4974','PASS','000264785','Brandenberger','19700825','Spain');
INSERT INTO emprega_gravacao (id_gravacao, id_pessoa) VALUES ('81','4974');
INSERT INTO pessoa (id_pessoa, tipo_documento,documento,nome,data_nascimento,nome_pais_origem) VALUES ('4975','PASS','000897956','Eubank','19801008','Norway');
INSERT INTO emprega_gravacao (id_gravacao, id_pessoa) VALUES ('81','4975');
INSERT INTO pessoa (id_pessoa, tipo_documento,documento,nome,data_nascimento,nome_pais_origem) VALUES ('4976','PASS','000525364','Gantzler','19820817','Colombia');
INSERT INTO emprega_gravacao (id_gravacao, id_pessoa) VALUES ('81','4976');
INSERT INTO pessoa (id_pessoa, tipo_documento,documento,nome,data_nascimento,nome_pais_origem) VALUES ('4977','PASS','000988341','Buel','19711120','Norway');
INSERT INTO emprega_gravacao (id_gravacao, id_pessoa) VALUES ('81','4977');
INSERT INTO pessoa (id_pessoa, tipo_documento,documento,nome,data_nascimento,nome_pais_origem) VALUES ('4978','PASS','000167131','Cables','19801120','Portugal');
INSERT INTO emprega_gravacao (id_gravacao, id_pessoa) VALUES ('81','4978');
INSERT INTO pessoa (id_pessoa, tipo_documento,documento,nome,data_nascimento,nome_pais_origem) VALUES ('4979','PASS','000611795','Akers','19891112','Liechtenstein');
INSERT INTO emprega_gravacao (id_gravacao, id_pessoa) VALUES ('81','4979');
INSERT INTO equipe_de_gravacao (id_gravacao,nome_empresa) VALUES ('82','FJHPDZK');
INSERT INTO pessoa (id_pessoa, tipo_documento,documento,nome,data_nascimento,nome_pais_origem) VALUES ('4980','PASS','000678922','Deandre','19700512','Egypt');
INSERT INTO emprega_gravacao (id_gravacao, id_pessoa) VALUES ('82','4980');
INSERT INTO pessoa (id_pessoa, tipo_documento,documento,nome,data_nascimento,nome_pais_origem) VALUES ('4981','PASS','000679744','Geringer','19790517','Iran');
INSERT INTO emprega_gravacao (id_gravacao, id_pessoa) VALUES ('82','4981');
INSERT INTO pessoa (id_pessoa, tipo_documento,documento,nome,data_nascimento,nome_pais_origem) VALUES ('4982','PASS','000297676','Echevarria','19720821','Bahrain');
INSERT INTO emprega_gravacao (id_gravacao, id_pessoa) VALUES ('82','4982');
INSERT INTO pessoa (id_pessoa, tipo_documento,documento,nome,data_nascimento,nome_pais_origem) VALUES ('4983','PASS','000917517','Flegle','19710315','Uruguay');
INSERT INTO emprega_gravacao (id_gravacao, id_pessoa) VALUES ('82','4983');
INSERT INTO equipe_de_gravacao (id_gravacao,nome_empresa) VALUES ('83','GCVTDHA');
INSERT INTO pessoa (id_pessoa, tipo_documento,documento,nome,data_nascimento,nome_pais_origem) VALUES ('4984','PASS','000322089','Grayes','19830426','Philippines');
INSERT INTO emprega_gravacao (id_gravacao, id_pessoa) VALUES ('83','4984');
INSERT INTO pessoa (id_pessoa, tipo_documento,documento,nome,data_nascimento,nome_pais_origem) VALUES ('4985','PASS','000132423','Castin','19750323','Romania');
INSERT INTO emprega_gravacao (id_gravacao, id_pessoa) VALUES ('83','4985');
INSERT INTO equipe_de_gravacao (id_gravacao,nome_empresa) VALUES ('84','DXZVZFA');
INSERT INTO pessoa (id_pessoa, tipo_documento,documento,nome,data_nascimento,nome_pais_origem) VALUES ('4986','PASS','000265666','Basilio','19860107','Australia');
INSERT INTO emprega_gravacao (id_gravacao, id_pessoa) VALUES ('84','4986');
INSERT INTO pessoa (id_pessoa, tipo_documento,documento,nome,data_nascimento,nome_pais_origem) VALUES ('4987','PASS','000522629','Aeschlimann','19720311','Morocco');
INSERT INTO emprega_gravacao (id_gravacao, id_pessoa) VALUES ('84','4987');
INSERT INTO pessoa (id_pessoa, tipo_documento,documento,nome,data_nascimento,nome_pais_origem) VALUES ('4988','PASS','000619406','Baysden','19761025','Nicaragua');
INSERT INTO emprega_gravacao (id_gravacao, id_pessoa) VALUES ('84','4988');
INSERT INTO pessoa (id_pessoa, tipo_documento,documento,nome,data_nascimento,nome_pais_origem) VALUES ('4989','PASS','000985738','Aldrich','19870810','France');
INSERT INTO emprega_gravacao (id_gravacao, id_pessoa) VALUES ('84','4989');
INSERT INTO pessoa (id_pessoa, tipo_documento,documento,nome,data_nascimento,nome_pais_origem) VALUES ('4990','PASS','000688278','Funn','19810105','Argentina');
INSERT INTO emprega_gravacao (id_gravacao, id_pessoa) VALUES ('84','4990');
INSERT INTO pessoa (id_pessoa, tipo_documento,documento,nome,data_nascimento,nome_pais_origem) VALUES ('4991','PASS','000876875','Grunert','19870902','Finland');
INSERT INTO emprega_gravacao (id_gravacao, id_pessoa) VALUES ('84','4991');
INSERT INTO pessoa (id_pessoa, tipo_documento,documento,nome,data_nascimento,nome_pais_origem) VALUES ('4992','PASS','000903937','Aulbach','19780315','Vietnam');
INSERT INTO emprega_gravacao (id_gravacao, id_pessoa) VALUES ('84','4992');
INSERT INTO pessoa (id_pessoa, tipo_documento,documento,nome,data_nascimento,nome_pais_origem) VALUES ('4993','PASS','000736005','Capper','19860501','India');
INSERT INTO emprega_gravacao (id_gravacao, id_pessoa) VALUES ('84','4993');
INSERT INTO pessoa (id_pessoa, tipo_documento,documento,nome,data_nascimento,nome_pais_origem) VALUES ('4994','PASS','000707198','Casillo','19741113','Saudi');
INSERT INTO emprega_gravacao (id_gravacao, id_pessoa) VALUES ('84','4994');
INSERT INTO pessoa (id_pessoa, tipo_documento,documento,nome,data_nascimento,nome_pais_origem) VALUES ('4995','PASS','000601219','Grunwald','19700401','Switzerland');
INSERT INTO emprega_gravacao (id_gravacao, id_pessoa) VALUES ('84','4995');
INSERT INTO pessoa (id_pessoa, tipo_documento,documento,nome,data_nascimento,nome_pais_origem) VALUES ('4996','PASS','000910922','Aldous','19740726','Angola');
INSERT INTO emprega_gravacao (id_gravacao, id_pessoa) VALUES ('84','4996');
INSERT INTO pessoa (id_pessoa, tipo_documento,documento,nome,data_nascimento,nome_pais_origem) VALUES ('4997','PASS','000280886','Caver','19710810','Austria');
INSERT INTO emprega_gravacao (id_gravacao, id_pessoa) VALUES ('84','4997');
INSERT INTO pessoa (id_pessoa, tipo_documento,documento,nome,data_nascimento,nome_pais_origem) VALUES ('4998','PASS','000975215','Bednarski','19720714','Morocco');
INSERT INTO emprega_gravacao (id_gravacao, id_pessoa) VALUES ('84','4998');
INSERT INTO pessoa (id_pessoa, tipo_documento,documento,nome,data_nascimento,nome_pais_origem) VALUES ('4999','PASS','000883352','Fussner','19881224','Belarus');
INSERT INTO emprega_gravacao (id_gravacao, id_pessoa) VALUES ('84','4999');
INSERT INTO pessoa (id_pessoa, tipo_documento,documento,nome,data_nascimento,nome_pais_origem) VALUES ('5000','PASS','000187411','Ardis','19780523','Armenia');
INSERT INTO emprega_gravacao (id_gravacao, id_pessoa) VALUES ('84','5000');
INSERT INTO pessoa (id_pessoa, tipo_documento,documento,nome,data_nascimento,nome_pais_origem) VALUES ('5001','PASS','000143219','Esser','19741110','Cuba');
INSERT INTO emprega_gravacao (id_gravacao, id_pessoa) VALUES ('84','5001');
INSERT INTO pessoa (id_pessoa, tipo_documento,documento,nome,data_nascimento,nome_pais_origem) VALUES ('5002','PASS','000345336','Gaydos','19881220','Morocco');
INSERT INTO emprega_gravacao (id_gravacao, id_pessoa) VALUES ('84','5002');
INSERT INTO pessoa (id_pessoa, tipo_documento,documento,nome,data_nascimento,nome_pais_origem) VALUES ('5003','PASS','000679148','Goodly','19770421','Zealand');
INSERT INTO emprega_gravacao (id_gravacao, id_pessoa) VALUES ('84','5003');
INSERT INTO pessoa (id_pessoa, tipo_documento,documento,nome,data_nascimento,nome_pais_origem) VALUES ('5004','PASS','000659360','Barbati','19740310','Mexico');
INSERT INTO emprega_gravacao (id_gravacao, id_pessoa) VALUES ('84','5004');
INSERT INTO pessoa (id_pessoa, tipo_documento,documento,nome,data_nascimento,nome_pais_origem) VALUES ('5005','PASS','000742280','Dorl','19860117','Norway');
INSERT INTO emprega_gravacao (id_gravacao, id_pessoa) VALUES ('84','5005');
INSERT INTO pessoa (id_pessoa, tipo_documento,documento,nome,data_nascimento,nome_pais_origem) VALUES ('5006','PASS','000753492','Alman','19710625','New');
INSERT INTO emprega_gravacao (id_gravacao, id_pessoa) VALUES ('84','5006');
INSERT INTO pessoa (id_pessoa, tipo_documento,documento,nome,data_nascimento,nome_pais_origem) VALUES ('5007','PASS','000608147','Arenales','19770119','Rica');
INSERT INTO emprega_gravacao (id_gravacao, id_pessoa) VALUES ('84','5007');
INSERT INTO pessoa (id_pessoa, tipo_documento,documento,nome,data_nascimento,nome_pais_origem) VALUES ('5008','PASS','000465762','Arendall','19870709','Greece');
INSERT INTO emprega_gravacao (id_gravacao, id_pessoa) VALUES ('84','5008');
INSERT INTO pessoa (id_pessoa, tipo_documento,documento,nome,data_nascimento,nome_pais_origem) VALUES ('5009','PASS','000622007','Doussan','19710218','Spain');
INSERT INTO emprega_gravacao (id_gravacao, id_pessoa) VALUES ('84','5009');
INSERT INTO pessoa (id_pessoa, tipo_documento,documento,nome,data_nascimento,nome_pais_origem) VALUES ('5010','PASS','000155973','Craighead','19731013','Mexico');
INSERT INTO emprega_gravacao (id_gravacao, id_pessoa) VALUES ('84','5010');
INSERT INTO pessoa (id_pessoa, tipo_documento,documento,nome,data_nascimento,nome_pais_origem) VALUES ('5011','PASS','000759516','Duross','19891118','Mexico');
INSERT INTO emprega_gravacao (id_gravacao, id_pessoa) VALUES ('84','5011');
INSERT INTO pessoa (id_pessoa, tipo_documento,documento,nome,data_nascimento,nome_pais_origem) VALUES ('5012','PASS','000910226','Biby','19881212','Iran');
INSERT INTO emprega_gravacao (id_gravacao, id_pessoa) VALUES ('84','5012');
INSERT INTO pessoa (id_pessoa, tipo_documento,documento,nome,data_nascimento,nome_pais_origem) VALUES ('5013','PASS','000726297','Billiott','19840422','Syria');
INSERT INTO emprega_gravacao (id_gravacao, id_pessoa) VALUES ('84','5013');
INSERT INTO equipe_de_gravacao (id_gravacao,nome_empresa) VALUES ('85','SLTIKVE');
INSERT INTO pessoa (id_pessoa, tipo_documento,documento,nome,data_nascimento,nome_pais_origem) VALUES ('5014','PASS','000131829','Felicetti','19720609','Senegal');
INSERT INTO emprega_gravacao (id_gravacao, id_pessoa) VALUES ('85','5014');
INSERT INTO pessoa (id_pessoa, tipo_documento,documento,nome,data_nascimento,nome_pais_origem) VALUES ('5015','PASS','000357841','Fenske','19850610','Nepal');
INSERT INTO emprega_gravacao (id_gravacao, id_pessoa) VALUES ('85','5015');
INSERT INTO pessoa (id_pessoa, tipo_documento,documento,nome,data_nascimento,nome_pais_origem) VALUES ('5016','PASS','000182261','Drescher','19821215','Poland');
INSERT INTO emprega_gravacao (id_gravacao, id_pessoa) VALUES ('85','5016');
INSERT INTO pessoa (id_pessoa, tipo_documento,documento,nome,data_nascimento,nome_pais_origem) VALUES ('5017','PASS','000860755','Butzke','19820318','Argentina');
INSERT INTO emprega_gravacao (id_gravacao, id_pessoa) VALUES ('85','5017');
INSERT INTO pessoa (id_pessoa, tipo_documento,documento,nome,data_nascimento,nome_pais_origem) VALUES ('5018','PASS','000984440','Byers','19820114','Azerbaijan');
INSERT INTO emprega_gravacao (id_gravacao, id_pessoa) VALUES ('85','5018');
INSERT INTO equipe_de_gravacao (id_gravacao,nome_empresa) VALUES ('86','DJQDOGB');
INSERT INTO pessoa (id_pessoa, tipo_documento,documento,nome,data_nascimento,nome_pais_origem) VALUES ('5019','PASS','000202495','Cantoran','19850206','Iraq');
INSERT INTO emprega_gravacao (id_gravacao, id_pessoa) VALUES ('86','5019');
INSERT INTO pessoa (id_pessoa, tipo_documento,documento,nome,data_nascimento,nome_pais_origem) VALUES ('5020','PASS','000749803','Filer','19820313','Rica');
INSERT INTO emprega_gravacao (id_gravacao, id_pessoa) VALUES ('86','5020');
INSERT INTO pessoa (id_pessoa, tipo_documento,documento,nome,data_nascimento,nome_pais_origem) VALUES ('5021','PASS','000862709','Bordelon','19750627','Belarus');
INSERT INTO emprega_gravacao (id_gravacao, id_pessoa) VALUES ('86','5021');
INSERT INTO pessoa (id_pessoa, tipo_documento,documento,nome,data_nascimento,nome_pais_origem) VALUES ('5022','PASS','000317432','Elshant','19881014','Rica');
INSERT INTO emprega_gravacao (id_gravacao, id_pessoa) VALUES ('86','5022');
INSERT INTO pessoa (id_pessoa, tipo_documento,documento,nome,data_nascimento,nome_pais_origem) VALUES ('5023','PASS','000715625','Deluney','19750903','Estonia');
INSERT INTO emprega_gravacao (id_gravacao, id_pessoa) VALUES ('86','5023');
INSERT INTO pessoa (id_pessoa, tipo_documento,documento,nome,data_nascimento,nome_pais_origem) VALUES ('5024','PASS','000938642','Baroody','19740503','Japan');
INSERT INTO emprega_gravacao (id_gravacao, id_pessoa) VALUES ('86','5024');
INSERT INTO pessoa (id_pessoa, tipo_documento,documento,nome,data_nascimento,nome_pais_origem) VALUES ('5025','PASS','000193492','Beranek','19780106','Azerbaijan');
INSERT INTO emprega_gravacao (id_gravacao, id_pessoa) VALUES ('86','5025');
INSERT INTO pessoa (id_pessoa, tipo_documento,documento,nome,data_nascimento,nome_pais_origem) VALUES ('5026','PASS','000253379','Gisele','19760320','Barbados');
INSERT INTO emprega_gravacao (id_gravacao, id_pessoa) VALUES ('86','5026');
INSERT INTO pessoa (id_pessoa, tipo_documento,documento,nome,data_nascimento,nome_pais_origem) VALUES ('5027','PASS','000368706','Ediger','19820417','Morocco');
INSERT INTO emprega_gravacao (id_gravacao, id_pessoa) VALUES ('86','5027');
INSERT INTO pessoa (id_pessoa, tipo_documento,documento,nome,data_nascimento,nome_pais_origem) VALUES ('5028','PASS','000551891','Brevard','19760423','Albania');
INSERT INTO emprega_gravacao (id_gravacao, id_pessoa) VALUES ('86','5028');
INSERT INTO pessoa (id_pessoa, tipo_documento,documento,nome,data_nascimento,nome_pais_origem) VALUES ('5029','PASS','000224536','Gooley','19811213','Arabia');
INSERT INTO emprega_gravacao (id_gravacao, id_pessoa) VALUES ('86','5029');
INSERT INTO pessoa (id_pessoa, tipo_documento,documento,nome,data_nascimento,nome_pais_origem) VALUES ('5030','PASS','000552489','Claborn','19781117','Armenia');
INSERT INTO emprega_gravacao (id_gravacao, id_pessoa) VALUES ('86','5030');
INSERT INTO equipe_de_gravacao (id_gravacao,nome_empresa) VALUES ('87','AQHWUUZ');
INSERT INTO pessoa (id_pessoa, tipo_documento,documento,nome,data_nascimento,nome_pais_origem) VALUES ('5031','PASS','000434343','Cantre','19770226','Peru');
INSERT INTO emprega_gravacao (id_gravacao, id_pessoa) VALUES ('87','5031');
INSERT INTO pessoa (id_pessoa, tipo_documento,documento,nome,data_nascimento,nome_pais_origem) VALUES ('5032','PASS','000542752','Fahning','19830419','Poland');
INSERT INTO emprega_gravacao (id_gravacao, id_pessoa) VALUES ('87','5032');
INSERT INTO pessoa (id_pessoa, tipo_documento,documento,nome,data_nascimento,nome_pais_origem) VALUES ('5033','PASS','000228687','Decena','19800214','Singapore');
INSERT INTO emprega_gravacao (id_gravacao, id_pessoa) VALUES ('87','5033');
INSERT INTO pessoa (id_pessoa, tipo_documento,documento,nome,data_nascimento,nome_pais_origem) VALUES ('5034','PASS','000672317','Bekhit','19720505','Australia');
INSERT INTO emprega_gravacao (id_gravacao, id_pessoa) VALUES ('87','5034');
INSERT INTO pessoa (id_pessoa, tipo_documento,documento,nome,data_nascimento,nome_pais_origem) VALUES ('5035','PASS','000484182','Degrood','19840201','Mozambique');
INSERT INTO emprega_gravacao (id_gravacao, id_pessoa) VALUES ('87','5035');
INSERT INTO pessoa (id_pessoa, tipo_documento,documento,nome,data_nascimento,nome_pais_origem) VALUES ('5036','PASS','000143915','Chhom','19710813','Belgium');
INSERT INTO emprega_gravacao (id_gravacao, id_pessoa) VALUES ('87','5036');
INSERT INTO pessoa (id_pessoa, tipo_documento,documento,nome,data_nascimento,nome_pais_origem) VALUES ('5037','PASS','000713303','Faragoza','19771011','Saudi');
INSERT INTO emprega_gravacao (id_gravacao, id_pessoa) VALUES ('87','5037');
INSERT INTO pessoa (id_pessoa, tipo_documento,documento,nome,data_nascimento,nome_pais_origem) VALUES ('5038','PASS','000179756','Brittni','19750401','Lithuania');
INSERT INTO emprega_gravacao (id_gravacao, id_pessoa) VALUES ('87','5038');
INSERT INTO equipe_de_gravacao (id_gravacao,nome_empresa) VALUES ('88','WYBQVSY');
INSERT INTO pessoa (id_pessoa, tipo_documento,documento,nome,data_nascimento,nome_pais_origem) VALUES ('5039','PASS','000573705','Dencklau','19881009','Estonia');
INSERT INTO emprega_gravacao (id_gravacao, id_pessoa) VALUES ('88','5039');
INSERT INTO pessoa (id_pessoa, tipo_documento,documento,nome,data_nascimento,nome_pais_origem) VALUES ('5040','PASS','000666346','Broadus','19881222','Vietnam');
INSERT INTO emprega_gravacao (id_gravacao, id_pessoa) VALUES ('88','5040');
INSERT INTO pessoa (id_pessoa, tipo_documento,documento,nome,data_nascimento,nome_pais_origem) VALUES ('5041','PASS','000703433','Gatski','19840808','Argentina');
INSERT INTO emprega_gravacao (id_gravacao, id_pessoa) VALUES ('88','5041');
INSERT INTO pessoa (id_pessoa, tipo_documento,documento,nome,data_nascimento,nome_pais_origem) VALUES ('5042','PASS','000280528','Araque','19851203','Sweden');
INSERT INTO emprega_gravacao (id_gravacao, id_pessoa) VALUES ('88','5042');
INSERT INTO pessoa (id_pessoa, tipo_documento,documento,nome,data_nascimento,nome_pais_origem) VALUES ('5043','PASS','000340836','Borok','19730919','Denmark');
INSERT INTO emprega_gravacao (id_gravacao, id_pessoa) VALUES ('88','5043');
INSERT INTO pessoa (id_pessoa, tipo_documento,documento,nome,data_nascimento,nome_pais_origem) VALUES ('5044','PASS','000697032','Ahlin','19830716','Barbados');
INSERT INTO emprega_gravacao (id_gravacao, id_pessoa) VALUES ('88','5044');
INSERT INTO pessoa (id_pessoa, tipo_documento,documento,nome,data_nascimento,nome_pais_origem) VALUES ('5045','PASS','000443234','Carron','19870604','Bahrain');
INSERT INTO emprega_gravacao (id_gravacao, id_pessoa) VALUES ('88','5045');
INSERT INTO pessoa (id_pessoa, tipo_documento,documento,nome,data_nascimento,nome_pais_origem) VALUES ('5046','PASS','000313273','Areizaga','19800511','Austria');
INSERT INTO emprega_gravacao (id_gravacao, id_pessoa) VALUES ('88','5046');
INSERT INTO pessoa (id_pessoa, tipo_documento,documento,nome,data_nascimento,nome_pais_origem) VALUES ('5047','PASS','000318712','Carrales','19810224','Chile');
INSERT INTO emprega_gravacao (id_gravacao, id_pessoa) VALUES ('88','5047');
INSERT INTO pessoa (id_pessoa, tipo_documento,documento,nome,data_nascimento,nome_pais_origem) VALUES ('5048','PASS','000330048','Caughell','19861213','Serbia');
INSERT INTO emprega_gravacao (id_gravacao, id_pessoa) VALUES ('88','5048');
INSERT INTO pessoa (id_pessoa, tipo_documento,documento,nome,data_nascimento,nome_pais_origem) VALUES ('5049','PASS','000426634','Calliham','19851122','Bahamas');
INSERT INTO emprega_gravacao (id_gravacao, id_pessoa) VALUES ('88','5049');
INSERT INTO pessoa (id_pessoa, tipo_documento,documento,nome,data_nascimento,nome_pais_origem) VALUES ('5050','PASS','000551272','Brouhard','19700509','France');
INSERT INTO emprega_gravacao (id_gravacao, id_pessoa) VALUES ('88','5050');
INSERT INTO pessoa (id_pessoa, tipo_documento,documento,nome,data_nascimento,nome_pais_origem) VALUES ('5051','PASS','000991408','Carley','19780725','Vietnam');
INSERT INTO emprega_gravacao (id_gravacao, id_pessoa) VALUES ('88','5051');
INSERT INTO pessoa (id_pessoa, tipo_documento,documento,nome,data_nascimento,nome_pais_origem) VALUES ('5052','PASS','000611609','Eichorst','19700327','Chile');
INSERT INTO emprega_gravacao (id_gravacao, id_pessoa) VALUES ('88','5052');
INSERT INTO pessoa (id_pessoa, tipo_documento,documento,nome,data_nascimento,nome_pais_origem) VALUES ('5053','PASS','000695201','Filteau','19720226','Iran');
INSERT INTO emprega_gravacao (id_gravacao, id_pessoa) VALUES ('88','5053');
INSERT INTO pessoa (id_pessoa, tipo_documento,documento,nome,data_nascimento,nome_pais_origem) VALUES ('5054','PASS','000699777','Fistler','19750522','Liechtenstein');
INSERT INTO emprega_gravacao (id_gravacao, id_pessoa) VALUES ('88','5054');
INSERT INTO pessoa (id_pessoa, tipo_documento,documento,nome,data_nascimento,nome_pais_origem) VALUES ('5055','PASS','000308029','Bieniek','19820202','Belgium');
INSERT INTO emprega_gravacao (id_gravacao, id_pessoa) VALUES ('88','5055');
INSERT INTO pessoa (id_pessoa, tipo_documento,documento,nome,data_nascimento,nome_pais_origem) VALUES ('5056','PASS','000575456','Diestler','19760926','Germany');
INSERT INTO emprega_gravacao (id_gravacao, id_pessoa) VALUES ('88','5056');
INSERT INTO pessoa (id_pessoa, tipo_documento,documento,nome,data_nascimento,nome_pais_origem) VALUES ('5057','PASS','000328667','Balton','19750206','Syria');
INSERT INTO emprega_gravacao (id_gravacao, id_pessoa) VALUES ('88','5057');
INSERT INTO pessoa (id_pessoa, tipo_documento,documento,nome,data_nascimento,nome_pais_origem) VALUES ('5058','PASS','000854286','Ellenbee','19860224','Greece');
INSERT INTO emprega_gravacao (id_gravacao, id_pessoa) VALUES ('88','5058');
INSERT INTO equipe_de_gravacao (id_gravacao,nome_empresa) VALUES ('89','XOVIIJP');
INSERT INTO pessoa (id_pessoa, tipo_documento,documento,nome,data_nascimento,nome_pais_origem) VALUES ('5059','PASS','000338523','Bintner','19740512','Thailand');
INSERT INTO emprega_gravacao (id_gravacao, id_pessoa) VALUES ('89','5059');
INSERT INTO pessoa (id_pessoa, tipo_documento,documento,nome,data_nascimento,nome_pais_origem) VALUES ('5060','PASS','000188295','Ahrent','19750623','Denmark');
INSERT INTO emprega_gravacao (id_gravacao, id_pessoa) VALUES ('89','5060');
INSERT INTO pessoa (id_pessoa, tipo_documento,documento,nome,data_nascimento,nome_pais_origem) VALUES ('5061','PASS','000788306','Calixtro','19840126','Costa');
INSERT INTO emprega_gravacao (id_gravacao, id_pessoa) VALUES ('89','5061');
INSERT INTO pessoa (id_pessoa, tipo_documento,documento,nome,data_nascimento,nome_pais_origem) VALUES ('5062','PASS','000121110','Bozovich','19810526','Austria');
INSERT INTO emprega_gravacao (id_gravacao, id_pessoa) VALUES ('89','5062');
INSERT INTO pessoa (id_pessoa, tipo_documento,documento,nome,data_nascimento,nome_pais_origem) VALUES ('5063','PASS','000892134','Contreros','19740923','Liechtenstein');
INSERT INTO emprega_gravacao (id_gravacao, id_pessoa) VALUES ('89','5063');
INSERT INTO pessoa (id_pessoa, tipo_documento,documento,nome,data_nascimento,nome_pais_origem) VALUES ('5064','PASS','000942729','Bushard','19741011','Cuba');
INSERT INTO emprega_gravacao (id_gravacao, id_pessoa) VALUES ('89','5064');
INSERT INTO pessoa (id_pessoa, tipo_documento,documento,nome,data_nascimento,nome_pais_origem) VALUES ('5065','PASS','000621006','Barreca','19760501','Argentina');
INSERT INTO emprega_gravacao (id_gravacao, id_pessoa) VALUES ('89','5065');
INSERT INTO pessoa (id_pessoa, tipo_documento,documento,nome,data_nascimento,nome_pais_origem) VALUES ('5066','PASS','000946194','Bratz','19780224','Thailand');
INSERT INTO emprega_gravacao (id_gravacao, id_pessoa) VALUES ('89','5066');
INSERT INTO pessoa (id_pessoa, tipo_documento,documento,nome,data_nascimento,nome_pais_origem) VALUES ('5067','PASS','000256023','Analisa','19760519','New');
INSERT INTO emprega_gravacao (id_gravacao, id_pessoa) VALUES ('89','5067');
INSERT INTO pessoa (id_pessoa, tipo_documento,documento,nome,data_nascimento,nome_pais_origem) VALUES ('5068','PASS','000815205','Cornwall','19831124','Singapore');
INSERT INTO emprega_gravacao (id_gravacao, id_pessoa) VALUES ('89','5068');
INSERT INTO pessoa (id_pessoa, tipo_documento,documento,nome,data_nascimento,nome_pais_origem) VALUES ('5069','PASS','000490803','Falso','19840516','Bangladesh');
INSERT INTO emprega_gravacao (id_gravacao, id_pessoa) VALUES ('89','5069');
INSERT INTO pessoa (id_pessoa, tipo_documento,documento,nome,data_nascimento,nome_pais_origem) VALUES ('5070','PASS','000518618','Brownlow','19810307','Egypt');
INSERT INTO emprega_gravacao (id_gravacao, id_pessoa) VALUES ('89','5070');
INSERT INTO pessoa (id_pessoa, tipo_documento,documento,nome,data_nascimento,nome_pais_origem) VALUES ('5071','PASS','000822702','Ballew','19821019','Ukraine');
INSERT INTO emprega_gravacao (id_gravacao, id_pessoa) VALUES ('89','5071');
INSERT INTO pessoa (id_pessoa, tipo_documento,documento,nome,data_nascimento,nome_pais_origem) VALUES ('5072','PASS','000533437','Erixon','19770711','Nepal');
INSERT INTO emprega_gravacao (id_gravacao, id_pessoa) VALUES ('89','5072');
INSERT INTO pessoa (id_pessoa, tipo_documento,documento,nome,data_nascimento,nome_pais_origem) VALUES ('5073','PASS','000902463','Antigua','19870707','Belgium');
INSERT INTO emprega_gravacao (id_gravacao, id_pessoa) VALUES ('89','5073');
INSERT INTO pessoa (id_pessoa, tipo_documento,documento,nome,data_nascimento,nome_pais_origem) VALUES ('5074','PASS','000785712','Gastelun','19790923','Switzerland');
INSERT INTO emprega_gravacao (id_gravacao, id_pessoa) VALUES ('89','5074');
INSERT INTO pessoa (id_pessoa, tipo_documento,documento,nome,data_nascimento,nome_pais_origem) VALUES ('5075','PASS','000523297','Dutro','19821214','Spain');
INSERT INTO emprega_gravacao (id_gravacao, id_pessoa) VALUES ('89','5075');
INSERT INTO pessoa (id_pessoa, tipo_documento,documento,nome,data_nascimento,nome_pais_origem) VALUES ('5076','PASS','000440772','Antoniewicz','19780907','Algeria');
INSERT INTO emprega_gravacao (id_gravacao, id_pessoa) VALUES ('89','5076');
INSERT INTO pessoa (id_pessoa, tipo_documento,documento,nome,data_nascimento,nome_pais_origem) VALUES ('5077','PASS','000210167','Aughe','19711014','Algeria');
INSERT INTO emprega_gravacao (id_gravacao, id_pessoa) VALUES ('89','5077');
INSERT INTO pessoa (id_pessoa, tipo_documento,documento,nome,data_nascimento,nome_pais_origem) VALUES ('5078','PASS','000752481','Cibula','19740903','Spain');
INSERT INTO emprega_gravacao (id_gravacao, id_pessoa) VALUES ('89','5078');
INSERT INTO equipe_de_gravacao (id_gravacao,nome_empresa) VALUES ('90','PIJDOCD');
INSERT INTO pessoa (id_pessoa, tipo_documento,documento,nome,data_nascimento,nome_pais_origem) VALUES ('5079','PASS','000447563','Bizzard','19801220','Egypt');
INSERT INTO emprega_gravacao (id_gravacao, id_pessoa) VALUES ('90','5079');
INSERT INTO pessoa (id_pessoa, tipo_documento,documento,nome,data_nascimento,nome_pais_origem) VALUES ('5080','PASS','000574108','Bellen','19760217','Monaco');
INSERT INTO emprega_gravacao (id_gravacao, id_pessoa) VALUES ('90','5080');
INSERT INTO pessoa (id_pessoa, tipo_documento,documento,nome,data_nascimento,nome_pais_origem) VALUES ('5081','PASS','000700281','Fargnoli','19770812','Nicaragua');
INSERT INTO emprega_gravacao (id_gravacao, id_pessoa) VALUES ('90','5081');
INSERT INTO pessoa (id_pessoa, tipo_documento,documento,nome,data_nascimento,nome_pais_origem) VALUES ('5082','PASS','000855514','Gilpatric','19890415','Nicaragua');
INSERT INTO emprega_gravacao (id_gravacao, id_pessoa) VALUES ('90','5082');
INSERT INTO pessoa (id_pessoa, tipo_documento,documento,nome,data_nascimento,nome_pais_origem) VALUES ('5083','PASS','000861657','Deis','19811221','China');
INSERT INTO emprega_gravacao (id_gravacao, id_pessoa) VALUES ('90','5083');
INSERT INTO pessoa (id_pessoa, tipo_documento,documento,nome,data_nascimento,nome_pais_origem) VALUES ('5084','PASS','000474503','Dedios','19720601','Romania');
INSERT INTO emprega_gravacao (id_gravacao, id_pessoa) VALUES ('90','5084');
INSERT INTO pessoa (id_pessoa, tipo_documento,documento,nome,data_nascimento,nome_pais_origem) VALUES ('5085','PASS','000558391','Blaszak','19710904','Arabia');
INSERT INTO emprega_gravacao (id_gravacao, id_pessoa) VALUES ('90','5085');
INSERT INTO pessoa (id_pessoa, tipo_documento,documento,nome,data_nascimento,nome_pais_origem) VALUES ('5086','PASS','000770326','Buckel','19771110','Peru');
INSERT INTO emprega_gravacao (id_gravacao, id_pessoa) VALUES ('90','5086');
INSERT INTO pessoa (id_pessoa, tipo_documento,documento,nome,data_nascimento,nome_pais_origem) VALUES ('5087','PASS','000640280','Cohenour','19850607','Iraq');
INSERT INTO emprega_gravacao (id_gravacao, id_pessoa) VALUES ('90','5087');
INSERT INTO pessoa (id_pessoa, tipo_documento,documento,nome,data_nascimento,nome_pais_origem) VALUES ('5088','PASS','000105572','Fredieu','19741017','Sweden');
INSERT INTO emprega_gravacao (id_gravacao, id_pessoa) VALUES ('90','5088');
INSERT INTO pessoa (id_pessoa, tipo_documento,documento,nome,data_nascimento,nome_pais_origem) VALUES ('5089','PASS','000926774','Babeu','19890809','Costa');
INSERT INTO emprega_gravacao (id_gravacao, id_pessoa) VALUES ('90','5089');
INSERT INTO pessoa (id_pessoa, tipo_documento,documento,nome,data_nascimento,nome_pais_origem) VALUES ('5090','PASS','000550561','Alvarengo','19701124','Denmark');
INSERT INTO emprega_gravacao (id_gravacao, id_pessoa) VALUES ('90','5090');
INSERT INTO pessoa (id_pessoa, tipo_documento,documento,nome,data_nascimento,nome_pais_origem) VALUES ('5091','PASS','000817714','Baudry','19720818','Zealand');
INSERT INTO emprega_gravacao (id_gravacao, id_pessoa) VALUES ('90','5091');
INSERT INTO equipe_de_gravacao (id_gravacao,nome_empresa) VALUES ('91','MMNOIUV');
INSERT INTO pessoa (id_pessoa, tipo_documento,documento,nome,data_nascimento,nome_pais_origem) VALUES ('5092','PASS','000245909','Filoteo','19721110','Georgia');
INSERT INTO emprega_gravacao (id_gravacao, id_pessoa) VALUES ('91','5092');
INSERT INTO pessoa (id_pessoa, tipo_documento,documento,nome,data_nascimento,nome_pais_origem) VALUES ('5093','PASS','000399685','Burnaman','19830117','Barbados');
INSERT INTO emprega_gravacao (id_gravacao, id_pessoa) VALUES ('91','5093');
INSERT INTO pessoa (id_pessoa, tipo_documento,documento,nome,data_nascimento,nome_pais_origem) VALUES ('5094','PASS','000496394','Curb','19820313','Georgia');
INSERT INTO emprega_gravacao (id_gravacao, id_pessoa) VALUES ('91','5094');
INSERT INTO pessoa (id_pessoa, tipo_documento,documento,nome,data_nascimento,nome_pais_origem) VALUES ('5095','PASS','000676183','Catarina','19851004','Liechtenstein');
INSERT INTO emprega_gravacao (id_gravacao, id_pessoa) VALUES ('91','5095');
INSERT INTO pessoa (id_pessoa, tipo_documento,documento,nome,data_nascimento,nome_pais_origem) VALUES ('5096','PASS','000632158','Christmann','19790508','Morocco');
INSERT INTO emprega_gravacao (id_gravacao, id_pessoa) VALUES ('91','5096');
INSERT INTO pessoa (id_pessoa, tipo_documento,documento,nome,data_nascimento,nome_pais_origem) VALUES ('5097','PASS','000649425','Daubs','19860411','Hungary');
INSERT INTO emprega_gravacao (id_gravacao, id_pessoa) VALUES ('91','5097');
INSERT INTO pessoa (id_pessoa, tipo_documento,documento,nome,data_nascimento,nome_pais_origem) VALUES ('5098','PASS','000783623','Bonte','19841018','Angola');
INSERT INTO emprega_gravacao (id_gravacao, id_pessoa) VALUES ('91','5098');
INSERT INTO pessoa (id_pessoa, tipo_documento,documento,nome,data_nascimento,nome_pais_origem) VALUES ('5099','PASS','000113523','Flebbe','19740110','Barbados');
INSERT INTO emprega_gravacao (id_gravacao, id_pessoa) VALUES ('91','5099');
INSERT INTO pessoa (id_pessoa, tipo_documento,documento,nome,data_nascimento,nome_pais_origem) VALUES ('5100','PASS','000214278','Bolstad','19830922','Bangladesh');
INSERT INTO emprega_gravacao (id_gravacao, id_pessoa) VALUES ('91','5100');
INSERT INTO pessoa (id_pessoa, tipo_documento,documento,nome,data_nascimento,nome_pais_origem) VALUES ('5101','PASS','000596476','Gabriele','19850918','Bahrain');
INSERT INTO emprega_gravacao (id_gravacao, id_pessoa) VALUES ('91','5101');
INSERT INTO pessoa (id_pessoa, tipo_documento,documento,nome,data_nascimento,nome_pais_origem) VALUES ('5102','PASS','000966752','Aliment','19830317','Afghanistan');
INSERT INTO emprega_gravacao (id_gravacao, id_pessoa) VALUES ('91','5102');
INSERT INTO pessoa (id_pessoa, tipo_documento,documento,nome,data_nascimento,nome_pais_origem) VALUES ('5103','PASS','000947657','Geney','19711103','Turkey');
INSERT INTO emprega_gravacao (id_gravacao, id_pessoa) VALUES ('91','5103');
INSERT INTO pessoa (id_pessoa, tipo_documento,documento,nome,data_nascimento,nome_pais_origem) VALUES ('5104','PASS','000142945','Aulder','19880922','Brazil');
INSERT INTO emprega_gravacao (id_gravacao, id_pessoa) VALUES ('91','5104');
INSERT INTO pessoa (id_pessoa, tipo_documento,documento,nome,data_nascimento,nome_pais_origem) VALUES ('5105','PASS','000734814','Firlit','19700513','Uzbekistan');
INSERT INTO emprega_gravacao (id_gravacao, id_pessoa) VALUES ('91','5105');
INSERT INTO pessoa (id_pessoa, tipo_documento,documento,nome,data_nascimento,nome_pais_origem) VALUES ('5106','PASS','000319303','Dapinto','19841213','Azerbaijan');
INSERT INTO emprega_gravacao (id_gravacao, id_pessoa) VALUES ('91','5106');
INSERT INTO pessoa (id_pessoa, tipo_documento,documento,nome,data_nascimento,nome_pais_origem) VALUES ('5107','PASS','000841325','Donegan','19801216','Australia');
INSERT INTO emprega_gravacao (id_gravacao, id_pessoa) VALUES ('91','5107');
INSERT INTO pessoa (id_pessoa, tipo_documento,documento,nome,data_nascimento,nome_pais_origem) VALUES ('5108','PASS','000211944','Egner','19740208','Costa');
INSERT INTO emprega_gravacao (id_gravacao, id_pessoa) VALUES ('91','5108');
INSERT INTO pessoa (id_pessoa, tipo_documento,documento,nome,data_nascimento,nome_pais_origem) VALUES ('5109','PASS','000320488','Ailene','19830225','New');
INSERT INTO emprega_gravacao (id_gravacao, id_pessoa) VALUES ('91','5109');
INSERT INTO pessoa (id_pessoa, tipo_documento,documento,nome,data_nascimento,nome_pais_origem) VALUES ('5110','PASS','000875685','Foxx','19791205','Iraq');
INSERT INTO emprega_gravacao (id_gravacao, id_pessoa) VALUES ('91','5110');
INSERT INTO pessoa (id_pessoa, tipo_documento,documento,nome,data_nascimento,nome_pais_origem) VALUES ('5111','PASS','000290189','Falkenhagen','19781024','Austria');
INSERT INTO emprega_gravacao (id_gravacao, id_pessoa) VALUES ('91','5111');
INSERT INTO pessoa (id_pessoa, tipo_documento,documento,nome,data_nascimento,nome_pais_origem) VALUES ('5112','PASS','000427586','Baver','19780621','Philippines');
INSERT INTO emprega_gravacao (id_gravacao, id_pessoa) VALUES ('91','5112');
INSERT INTO pessoa (id_pessoa, tipo_documento,documento,nome,data_nascimento,nome_pais_origem) VALUES ('5113','PASS','000650727','Gagnier','19780910','Australia');
INSERT INTO emprega_gravacao (id_gravacao, id_pessoa) VALUES ('91','5113');
INSERT INTO pessoa (id_pessoa, tipo_documento,documento,nome,data_nascimento,nome_pais_origem) VALUES ('5114','PASS','000218960','Alisauskas','19780927','Serbia');
INSERT INTO emprega_gravacao (id_gravacao, id_pessoa) VALUES ('91','5114');
INSERT INTO pessoa (id_pessoa, tipo_documento,documento,nome,data_nascimento,nome_pais_origem) VALUES ('5115','PASS','000915768','Garst','19711225','Slovakia');
INSERT INTO emprega_gravacao (id_gravacao, id_pessoa) VALUES ('91','5115');
INSERT INTO pessoa (id_pessoa, tipo_documento,documento,nome,data_nascimento,nome_pais_origem) VALUES ('5116','PASS','000407838','Danser','19820206','Turkey');
INSERT INTO emprega_gravacao (id_gravacao, id_pessoa) VALUES ('91','5116');
INSERT INTO pessoa (id_pessoa, tipo_documento,documento,nome,data_nascimento,nome_pais_origem) VALUES ('5117','PASS','000395968','Crites','19820315','Egypt');
INSERT INTO emprega_gravacao (id_gravacao, id_pessoa) VALUES ('91','5117');
INSERT INTO pessoa (id_pessoa, tipo_documento,documento,nome,data_nascimento,nome_pais_origem) VALUES ('5118','PASS','000359986','Fahner','19730707','Bangladesh');
INSERT INTO emprega_gravacao (id_gravacao, id_pessoa) VALUES ('91','5118');
INSERT INTO pessoa (id_pessoa, tipo_documento,documento,nome,data_nascimento,nome_pais_origem) VALUES ('5119','PASS','000711881','Carrea','19750203','Paraguay');
INSERT INTO emprega_gravacao (id_gravacao, id_pessoa) VALUES ('91','5119');
INSERT INTO equipe_de_gravacao (id_gravacao,nome_empresa) VALUES ('92','FQFEEVR');
INSERT INTO pessoa (id_pessoa, tipo_documento,documento,nome,data_nascimento,nome_pais_origem) VALUES ('5120','PASS','000204829','Bartko','19731127','Paraguay');
INSERT INTO emprega_gravacao (id_gravacao, id_pessoa) VALUES ('92','5120');
INSERT INTO pessoa (id_pessoa, tipo_documento,documento,nome,data_nascimento,nome_pais_origem) VALUES ('5121','PASS','000683954','Bongiovanni','19720411','Lithuania');
INSERT INTO emprega_gravacao (id_gravacao, id_pessoa) VALUES ('92','5121');
INSERT INTO pessoa (id_pessoa, tipo_documento,documento,nome,data_nascimento,nome_pais_origem) VALUES ('5122','PASS','000226435','Bassuk','19840804','Thailand');
INSERT INTO emprega_gravacao (id_gravacao, id_pessoa) VALUES ('92','5122');
INSERT INTO pessoa (id_pessoa, tipo_documento,documento,nome,data_nascimento,nome_pais_origem) VALUES ('5123','PASS','000160857','Duderstadt','19811209','Georgia');
INSERT INTO emprega_gravacao (id_gravacao, id_pessoa) VALUES ('92','5123');
INSERT INTO pessoa (id_pessoa, tipo_documento,documento,nome,data_nascimento,nome_pais_origem) VALUES ('5124','PASS','000747542','Fulmer','19740527','Bangladesh');
INSERT INTO emprega_gravacao (id_gravacao, id_pessoa) VALUES ('92','5124');
INSERT INTO pessoa (id_pessoa, tipo_documento,documento,nome,data_nascimento,nome_pais_origem) VALUES ('5125','PASS','000641236','Bern','19790424','Belarus');
INSERT INTO emprega_gravacao (id_gravacao, id_pessoa) VALUES ('92','5125');
INSERT INTO pessoa (id_pessoa, tipo_documento,documento,nome,data_nascimento,nome_pais_origem) VALUES ('5126','PASS','000613664','Canetta','19740811','Iran');
INSERT INTO emprega_gravacao (id_gravacao, id_pessoa) VALUES ('92','5126');
INSERT INTO pessoa (id_pessoa, tipo_documento,documento,nome,data_nascimento,nome_pais_origem) VALUES ('5127','PASS','000281818','Cradler','19880503','Egypt');
INSERT INTO emprega_gravacao (id_gravacao, id_pessoa) VALUES ('92','5127');
INSERT INTO equipe_de_gravacao (id_gravacao,nome_empresa) VALUES ('93','ZJYMEIE');
INSERT INTO pessoa (id_pessoa, tipo_documento,documento,nome,data_nascimento,nome_pais_origem) VALUES ('5128','PASS','000630904','Godbey','19771103','Cuba');
INSERT INTO emprega_gravacao (id_gravacao, id_pessoa) VALUES ('93','5128');
INSERT INTO pessoa (id_pessoa, tipo_documento,documento,nome,data_nascimento,nome_pais_origem) VALUES ('5129','PASS','000124430','Callin','19760421','Estonia');
INSERT INTO emprega_gravacao (id_gravacao, id_pessoa) VALUES ('93','5129');
INSERT INTO pessoa (id_pessoa, tipo_documento,documento,nome,data_nascimento,nome_pais_origem) VALUES ('5130','PASS','000997871','Ancrum','19830410','Barbados');
INSERT INTO emprega_gravacao (id_gravacao, id_pessoa) VALUES ('93','5130');
INSERT INTO pessoa (id_pessoa, tipo_documento,documento,nome,data_nascimento,nome_pais_origem) VALUES ('5131','PASS','000199494','Antonopoulos','19890821','Greece');
INSERT INTO emprega_gravacao (id_gravacao, id_pessoa) VALUES ('93','5131');
INSERT INTO pessoa (id_pessoa, tipo_documento,documento,nome,data_nascimento,nome_pais_origem) VALUES ('5132','PASS','000474366','Dellos','19770611','Iran');
INSERT INTO emprega_gravacao (id_gravacao, id_pessoa) VALUES ('93','5132');
INSERT INTO pessoa (id_pessoa, tipo_documento,documento,nome,data_nascimento,nome_pais_origem) VALUES ('5133','PASS','000238006','Enyart','19740316','Mozambique');
INSERT INTO emprega_gravacao (id_gravacao, id_pessoa) VALUES ('93','5133');
INSERT INTO pessoa (id_pessoa, tipo_documento,documento,nome,data_nascimento,nome_pais_origem) VALUES ('5134','PASS','000606867','Gillins','19740119','China');
INSERT INTO emprega_gravacao (id_gravacao, id_pessoa) VALUES ('93','5134');
INSERT INTO pessoa (id_pessoa, tipo_documento,documento,nome,data_nascimento,nome_pais_origem) VALUES ('5135','PASS','000986058','Geyette','19830518','Uruguay');
INSERT INTO emprega_gravacao (id_gravacao, id_pessoa) VALUES ('93','5135');
INSERT INTO pessoa (id_pessoa, tipo_documento,documento,nome,data_nascimento,nome_pais_origem) VALUES ('5136','PASS','000403785','Demmer','19820517','Lithuania');
INSERT INTO emprega_gravacao (id_gravacao, id_pessoa) VALUES ('93','5136');
INSERT INTO pessoa (id_pessoa, tipo_documento,documento,nome,data_nascimento,nome_pais_origem) VALUES ('5137','PASS','000105900','Andreessen','19850703','New');
INSERT INTO emprega_gravacao (id_gravacao, id_pessoa) VALUES ('93','5137');
INSERT INTO pessoa (id_pessoa, tipo_documento,documento,nome,data_nascimento,nome_pais_origem) VALUES ('5138','PASS','000335498','Bel','19830211','Thailand');
INSERT INTO emprega_gravacao (id_gravacao, id_pessoa) VALUES ('93','5138');
INSERT INTO pessoa (id_pessoa, tipo_documento,documento,nome,data_nascimento,nome_pais_origem) VALUES ('5139','PASS','000900369','Fullington','19700521','Indonesia');
INSERT INTO emprega_gravacao (id_gravacao, id_pessoa) VALUES ('93','5139');
INSERT INTO pessoa (id_pessoa, tipo_documento,documento,nome,data_nascimento,nome_pais_origem) VALUES ('5140','PASS','000724585','Constantin','19720626','Bulgaria');
INSERT INTO emprega_gravacao (id_gravacao, id_pessoa) VALUES ('93','5140');
INSERT INTO pessoa (id_pessoa, tipo_documento,documento,nome,data_nascimento,nome_pais_origem) VALUES ('5141','PASS','000413274','Galvani','19810611','Luxembourg');
INSERT INTO emprega_gravacao (id_gravacao, id_pessoa) VALUES ('93','5141');
INSERT INTO pessoa (id_pessoa, tipo_documento,documento,nome,data_nascimento,nome_pais_origem) VALUES ('5142','PASS','000364580','Dunkel','19850812','Finland');
INSERT INTO emprega_gravacao (id_gravacao, id_pessoa) VALUES ('93','5142');
INSERT INTO pessoa (id_pessoa, tipo_documento,documento,nome,data_nascimento,nome_pais_origem) VALUES ('5143','PASS','000740251','Depont','19710502','Germany');
INSERT INTO emprega_gravacao (id_gravacao, id_pessoa) VALUES ('93','5143');
INSERT INTO pessoa (id_pessoa, tipo_documento,documento,nome,data_nascimento,nome_pais_origem) VALUES ('5144','PASS','000151221','Goncalves','19821122','Liechtenstein');
INSERT INTO emprega_gravacao (id_gravacao, id_pessoa) VALUES ('93','5144');
INSERT INTO pessoa (id_pessoa, tipo_documento,documento,nome,data_nascimento,nome_pais_origem) VALUES ('5145','PASS','000135306','Benderman','19880917','Albania');
INSERT INTO emprega_gravacao (id_gravacao, id_pessoa) VALUES ('93','5145');
INSERT INTO pessoa (id_pessoa, tipo_documento,documento,nome,data_nascimento,nome_pais_origem) VALUES ('5146','PASS','000534896','Bouwman','19790223','Bangladesh');
INSERT INTO emprega_gravacao (id_gravacao, id_pessoa) VALUES ('93','5146');
INSERT INTO pessoa (id_pessoa, tipo_documento,documento,nome,data_nascimento,nome_pais_origem) VALUES ('5147','PASS','000299688','Eacret','19861208','Philippines');
INSERT INTO emprega_gravacao (id_gravacao, id_pessoa) VALUES ('93','5147');
INSERT INTO pessoa (id_pessoa, tipo_documento,documento,nome,data_nascimento,nome_pais_origem) VALUES ('5148','PASS','000217652','Demian','19871016','Mozambique');
INSERT INTO emprega_gravacao (id_gravacao, id_pessoa) VALUES ('93','5148');
INSERT INTO pessoa (id_pessoa, tipo_documento,documento,nome,data_nascimento,nome_pais_origem) VALUES ('5149','PASS','000770405','Brundrett','19811010','Nicaragua');
INSERT INTO emprega_gravacao (id_gravacao, id_pessoa) VALUES ('93','5149');
INSERT INTO pessoa (id_pessoa, tipo_documento,documento,nome,data_nascimento,nome_pais_origem) VALUES ('5150','PASS','000700868','Detrick','19810427','Sweden');
INSERT INTO emprega_gravacao (id_gravacao, id_pessoa) VALUES ('93','5150');
INSERT INTO equipe_de_gravacao (id_gravacao,nome_empresa) VALUES ('94','XBONXPM');
INSERT INTO pessoa (id_pessoa, tipo_documento,documento,nome,data_nascimento,nome_pais_origem) VALUES ('5151','PASS','000437519','Claribel','19750612','Sweden');
INSERT INTO emprega_gravacao (id_gravacao, id_pessoa) VALUES ('94','5151');
INSERT INTO pessoa (id_pessoa, tipo_documento,documento,nome,data_nascimento,nome_pais_origem) VALUES ('5152','PASS','000925446','Balko','19761020','Belarus');
INSERT INTO emprega_gravacao (id_gravacao, id_pessoa) VALUES ('94','5152');
INSERT INTO pessoa (id_pessoa, tipo_documento,documento,nome,data_nascimento,nome_pais_origem) VALUES ('5153','PASS','000124568','Canfield','19700603','Azerbaijan');
INSERT INTO emprega_gravacao (id_gravacao, id_pessoa) VALUES ('94','5153');
INSERT INTO pessoa (id_pessoa, tipo_documento,documento,nome,data_nascimento,nome_pais_origem) VALUES ('5154','PASS','000734077','Abbie','19840118','Lithuania');
INSERT INTO emprega_gravacao (id_gravacao, id_pessoa) VALUES ('94','5154');
INSERT INTO pessoa (id_pessoa, tipo_documento,documento,nome,data_nascimento,nome_pais_origem) VALUES ('5155','PASS','000149288','Besch','19730211','Luxembourg');
INSERT INTO emprega_gravacao (id_gravacao, id_pessoa) VALUES ('94','5155');
INSERT INTO equipe_de_gravacao (id_gravacao,nome_empresa) VALUES ('95','SYHYQHJ');
INSERT INTO pessoa (id_pessoa, tipo_documento,documento,nome,data_nascimento,nome_pais_origem) VALUES ('5156','PASS','000601414','Gruen','19740417','Sweden');
INSERT INTO emprega_gravacao (id_gravacao, id_pessoa) VALUES ('95','5156');
INSERT INTO pessoa (id_pessoa, tipo_documento,documento,nome,data_nascimento,nome_pais_origem) VALUES ('5157','PASS','000734189','Gosha','19720504','Netherlands');
INSERT INTO emprega_gravacao (id_gravacao, id_pessoa) VALUES ('95','5157');
INSERT INTO equipe_de_gravacao (id_gravacao,nome_empresa) VALUES ('96','PZSCQLW');
INSERT INTO pessoa (id_pessoa, tipo_documento,documento,nome,data_nascimento,nome_pais_origem) VALUES ('5158','PASS','000472970','Blankenbecler','19861127','Poland');
INSERT INTO emprega_gravacao (id_gravacao, id_pessoa) VALUES ('96','5158');
INSERT INTO pessoa (id_pessoa, tipo_documento,documento,nome,data_nascimento,nome_pais_origem) VALUES ('5159','PASS','000110326','Gatza','19821213','Chad');
INSERT INTO emprega_gravacao (id_gravacao, id_pessoa) VALUES ('96','5159');
INSERT INTO pessoa (id_pessoa, tipo_documento,documento,nome,data_nascimento,nome_pais_origem) VALUES ('5160','PASS','000555702','Ballif','19871219','Germany');
INSERT INTO emprega_gravacao (id_gravacao, id_pessoa) VALUES ('96','5160');
INSERT INTO pessoa (id_pessoa, tipo_documento,documento,nome,data_nascimento,nome_pais_origem) VALUES ('5161','PASS','000379498','Delzell','19710616','Spain');
INSERT INTO emprega_gravacao (id_gravacao, id_pessoa) VALUES ('96','5161');
INSERT INTO equipe_de_gravacao (id_gravacao,nome_empresa) VALUES ('97','BPTWQIF');
INSERT INTO pessoa (id_pessoa, tipo_documento,documento,nome,data_nascimento,nome_pais_origem) VALUES ('5162','PASS','000826384','Allenbaugh','19710213','Zealand');
INSERT INTO emprega_gravacao (id_gravacao, id_pessoa) VALUES ('97','5162');
INSERT INTO pessoa (id_pessoa, tipo_documento,documento,nome,data_nascimento,nome_pais_origem) VALUES ('5163','PASS','000800102','Ballen','19800116','Greece');
INSERT INTO emprega_gravacao (id_gravacao, id_pessoa) VALUES ('97','5163');
INSERT INTO pessoa (id_pessoa, tipo_documento,documento,nome,data_nascimento,nome_pais_origem) VALUES ('5164','PASS','000500766','Fendler','19770514','Bulgaria');
INSERT INTO emprega_gravacao (id_gravacao, id_pessoa) VALUES ('97','5164');
INSERT INTO equipe_de_gravacao (id_gravacao,nome_empresa) VALUES ('98','BZOWFVH');
INSERT INTO pessoa (id_pessoa, tipo_documento,documento,nome,data_nascimento,nome_pais_origem) VALUES ('5165','PASS','000364495','Agib','19770816','Estonia');
INSERT INTO emprega_gravacao (id_gravacao, id_pessoa) VALUES ('98','5165');
INSERT INTO pessoa (id_pessoa, tipo_documento,documento,nome,data_nascimento,nome_pais_origem) VALUES ('5166','PASS','000947847','Cutsinger','19741117','Belarus');
INSERT INTO emprega_gravacao (id_gravacao, id_pessoa) VALUES ('98','5166');
INSERT INTO pessoa (id_pessoa, tipo_documento,documento,nome,data_nascimento,nome_pais_origem) VALUES ('5167','PASS','000236995','Demerchant','19840622','China');
INSERT INTO emprega_gravacao (id_gravacao, id_pessoa) VALUES ('98','5167');
INSERT INTO pessoa (id_pessoa, tipo_documento,documento,nome,data_nascimento,nome_pais_origem) VALUES ('5168','PASS','000200947','Councilman','19751119','Costa');
INSERT INTO emprega_gravacao (id_gravacao, id_pessoa) VALUES ('98','5168');
INSERT INTO pessoa (id_pessoa, tipo_documento,documento,nome,data_nascimento,nome_pais_origem) VALUES ('5169','PASS','000928709','Alalem','19831106','Finland');
INSERT INTO emprega_gravacao (id_gravacao, id_pessoa) VALUES ('98','5169');
INSERT INTO pessoa (id_pessoa, tipo_documento,documento,nome,data_nascimento,nome_pais_origem) VALUES ('5170','PASS','000917136','Burkart','19740708','Liechtenstein');
INSERT INTO emprega_gravacao (id_gravacao, id_pessoa) VALUES ('98','5170');
INSERT INTO pessoa (id_pessoa, tipo_documento,documento,nome,data_nascimento,nome_pais_origem) VALUES ('5171','PASS','000309548','Galimore','19780318','Denmark');
INSERT INTO emprega_gravacao (id_gravacao, id_pessoa) VALUES ('98','5171');
INSERT INTO pessoa (id_pessoa, tipo_documento,documento,nome,data_nascimento,nome_pais_origem) VALUES ('5172','PASS','000323015','Amolsch','19791104','Uzbekistan');
INSERT INTO emprega_gravacao (id_gravacao, id_pessoa) VALUES ('98','5172');
INSERT INTO pessoa (id_pessoa, tipo_documento,documento,nome,data_nascimento,nome_pais_origem) VALUES ('5173','PASS','000180391','Corsello','19850409','Syria');
INSERT INTO emprega_gravacao (id_gravacao, id_pessoa) VALUES ('98','5173');
INSERT INTO pessoa (id_pessoa, tipo_documento,documento,nome,data_nascimento,nome_pais_origem) VALUES ('5174','PASS','000835430','Coltrain','19890303','Ukraine');
INSERT INTO emprega_gravacao (id_gravacao, id_pessoa) VALUES ('98','5174');
INSERT INTO pessoa (id_pessoa, tipo_documento,documento,nome,data_nascimento,nome_pais_origem) VALUES ('5175','PASS','000329748','Dixion','19771122','Algeria');
INSERT INTO emprega_gravacao (id_gravacao, id_pessoa) VALUES ('98','5175');
INSERT INTO pessoa (id_pessoa, tipo_documento,documento,nome,data_nascimento,nome_pais_origem) VALUES ('5176','PASS','000460154','Culley','19760111','Chad');
INSERT INTO emprega_gravacao (id_gravacao, id_pessoa) VALUES ('98','5176');
INSERT INTO pessoa (id_pessoa, tipo_documento,documento,nome,data_nascimento,nome_pais_origem) VALUES ('5177','PASS','000942865','Brando','19800926','China');
INSERT INTO emprega_gravacao (id_gravacao, id_pessoa) VALUES ('98','5177');
INSERT INTO pessoa (id_pessoa, tipo_documento,documento,nome,data_nascimento,nome_pais_origem) VALUES ('5178','PASS','000781605','Feezor','19750925','Senegal');
INSERT INTO emprega_gravacao (id_gravacao, id_pessoa) VALUES ('98','5178');
INSERT INTO pessoa (id_pessoa, tipo_documento,documento,nome,data_nascimento,nome_pais_origem) VALUES ('5179','PASS','000657260','Feil','19881110','Georgia');
INSERT INTO emprega_gravacao (id_gravacao, id_pessoa) VALUES ('98','5179');
INSERT INTO pessoa (id_pessoa, tipo_documento,documento,nome,data_nascimento,nome_pais_origem) VALUES ('5180','PASS','000483074','Delashmutt','19750209','Singapore');
INSERT INTO emprega_gravacao (id_gravacao, id_pessoa) VALUES ('98','5180');
INSERT INTO pessoa (id_pessoa, tipo_documento,documento,nome,data_nascimento,nome_pais_origem) VALUES ('5181','PASS','000411196','Fiumara','19730509','Serbia');
INSERT INTO emprega_gravacao (id_gravacao, id_pessoa) VALUES ('98','5181');
INSERT INTO equipe_de_gravacao (id_gravacao,nome_empresa) VALUES ('99','YQUZVQG');
INSERT INTO pessoa (id_pessoa, tipo_documento,documento,nome,data_nascimento,nome_pais_origem) VALUES ('5182','PASS','000793412','Carico','19890201','Albania');
INSERT INTO emprega_gravacao (id_gravacao, id_pessoa) VALUES ('99','5182');
INSERT INTO pessoa (id_pessoa, tipo_documento,documento,nome,data_nascimento,nome_pais_origem) VALUES ('5183','PASS','000534966','Blommer','19860505','Nicaragua');
INSERT INTO emprega_gravacao (id_gravacao, id_pessoa) VALUES ('99','5183');
INSERT INTO pessoa (id_pessoa, tipo_documento,documento,nome,data_nascimento,nome_pais_origem) VALUES ('5184','PASS','000310195','Devenecia','19870401','Mexico');
INSERT INTO emprega_gravacao (id_gravacao, id_pessoa) VALUES ('99','5184');
INSERT INTO pessoa (id_pessoa, tipo_documento,documento,nome,data_nascimento,nome_pais_origem) VALUES ('5185','PASS','000841103','Endorf','19880709','Mongolia');
INSERT INTO emprega_gravacao (id_gravacao, id_pessoa) VALUES ('99','5185');
INSERT INTO pessoa (id_pessoa, tipo_documento,documento,nome,data_nascimento,nome_pais_origem) VALUES ('5186','PASS','000198744','Brost','19760315','Denmark');
INSERT INTO emprega_gravacao (id_gravacao, id_pessoa) VALUES ('99','5186');
INSERT INTO equipe_de_gravacao (id_gravacao,nome_empresa) VALUES ('100','HIBUKPI');
INSERT INTO pessoa (id_pessoa, tipo_documento,documento,nome,data_nascimento,nome_pais_origem) VALUES ('5187','PASS','000453427','Bernabe','19711024','Bulgaria');
INSERT INTO emprega_gravacao (id_gravacao, id_pessoa) VALUES ('100','5187');
INSERT INTO pessoa (id_pessoa, tipo_documento,documento,nome,data_nascimento,nome_pais_origem) VALUES ('5188','PASS','000979909','Antonetty','19870907','Bahrain');
INSERT INTO emprega_gravacao (id_gravacao, id_pessoa) VALUES ('100','5188');
INSERT INTO pessoa (id_pessoa, tipo_documento,documento,nome,data_nascimento,nome_pais_origem) VALUES ('5189','PASS','000218791','Banwell','19860316','Senegal');
INSERT INTO emprega_gravacao (id_gravacao, id_pessoa) VALUES ('100','5189');
INSERT INTO pessoa (id_pessoa, tipo_documento,documento,nome,data_nascimento,nome_pais_origem) VALUES ('5190','PASS','000394793','Garsia','19870109','Syria');
INSERT INTO emprega_gravacao (id_gravacao, id_pessoa) VALUES ('100','5190');
INSERT INTO pessoa (id_pessoa, tipo_documento,documento,nome,data_nascimento,nome_pais_origem) VALUES ('5191','PASS','000754084','Ambrister','19840413','Switzerland');
INSERT INTO emprega_gravacao (id_gravacao, id_pessoa) VALUES ('100','5191');
INSERT INTO pessoa (id_pessoa, tipo_documento,documento,nome,data_nascimento,nome_pais_origem) VALUES ('5192','PASS','000510132','Colpaert','19890804','Bulgaria');
INSERT INTO emprega_gravacao (id_gravacao, id_pessoa) VALUES ('100','5192');
INSERT INTO pessoa (id_pessoa, tipo_documento,documento,nome,data_nascimento,nome_pais_origem) VALUES ('5193','PASS','000673522','Devora','19830723','Liechtenstein');
INSERT INTO emprega_gravacao (id_gravacao, id_pessoa) VALUES ('100','5193');
INSERT INTO pessoa (id_pessoa, tipo_documento,documento,nome,data_nascimento,nome_pais_origem) VALUES ('5194','PASS','000177778','Bronaugh','19891108','Paraguay');
INSERT INTO emprega_gravacao (id_gravacao, id_pessoa) VALUES ('100','5194');
INSERT INTO pessoa (id_pessoa, tipo_documento,documento,nome,data_nascimento,nome_pais_origem) VALUES ('5195','PASS','000319256','Gracia','19811017','Hungary');
INSERT INTO emprega_gravacao (id_gravacao, id_pessoa) VALUES ('100','5195');
INSERT INTO pessoa (id_pessoa, tipo_documento,documento,nome,data_nascimento,nome_pais_origem) VALUES ('5196','PASS','000591757','Bryan','19710226','Cuba');
INSERT INTO emprega_gravacao (id_gravacao, id_pessoa) VALUES ('100','5196');
INSERT INTO pessoa (id_pessoa, tipo_documento,documento,nome,data_nascimento,nome_pais_origem) VALUES ('5197','PASS','000835617','Catignani','19770610','Slovakia');
INSERT INTO emprega_gravacao (id_gravacao, id_pessoa) VALUES ('100','5197');
INSERT INTO pessoa (id_pessoa, tipo_documento,documento,nome,data_nascimento,nome_pais_origem) VALUES ('5198','PASS','000883388','Edgeman','19840125','Romania');
INSERT INTO emprega_gravacao (id_gravacao, id_pessoa) VALUES ('100','5198');
INSERT INTO pessoa (id_pessoa, tipo_documento,documento,nome,data_nascimento,nome_pais_origem) VALUES ('5199','PASS','000877526','Foell','19830810','Austria');
INSERT INTO emprega_gravacao (id_gravacao, id_pessoa) VALUES ('100','5199');
INSERT INTO pessoa (id_pessoa, tipo_documento,documento,nome,data_nascimento,nome_pais_origem) VALUES ('5200','PASS','000721266','Druckman','19760322','Austria');
INSERT INTO emprega_gravacao (id_gravacao, id_pessoa) VALUES ('100','5200');
INSERT INTO pessoa (id_pessoa, tipo_documento,documento,nome,data_nascimento,nome_pais_origem) VALUES ('5201','PASS','000560020','Colbeck','19820415','Australia');
INSERT INTO emprega_gravacao (id_gravacao, id_pessoa) VALUES ('100','5201');
INSERT INTO pessoa (id_pessoa, tipo_documento,documento,nome,data_nascimento,nome_pais_origem) VALUES ('5202','PASS','000514205','Faggins','19821221','Albania');
INSERT INTO emprega_gravacao (id_gravacao, id_pessoa) VALUES ('100','5202');
INSERT INTO pessoa (id_pessoa, tipo_documento,documento,nome,data_nascimento,nome_pais_origem) VALUES ('5203','PASS','000699821','Filak','19710725','Senegal');
INSERT INTO emprega_gravacao (id_gravacao, id_pessoa) VALUES ('100','5203');
INSERT INTO pessoa (id_pessoa, tipo_documento,documento,nome,data_nascimento,nome_pais_origem) VALUES ('5204','PASS','000171765','Broxton','19780122','Poland');
INSERT INTO emprega_gravacao (id_gravacao, id_pessoa) VALUES ('100','5204');
INSERT INTO pessoa (id_pessoa, tipo_documento,documento,nome,data_nascimento,nome_pais_origem) VALUES ('5205','PASS','000792780','Bellerdine','19820926','Afghanistan');
INSERT INTO emprega_gravacao (id_gravacao, id_pessoa) VALUES ('100','5205');
INSERT INTO pessoa (id_pessoa, tipo_documento,documento,nome,data_nascimento,nome_pais_origem) VALUES ('5206','PASS','000568360','Azure','19850624','Germany');
INSERT INTO emprega_gravacao (id_gravacao, id_pessoa) VALUES ('100','5206');
INSERT INTO pessoa (id_pessoa, tipo_documento,documento,nome,data_nascimento,nome_pais_origem) VALUES ('5207','PASS','000782780','Charnley','19720823','Senegal');
INSERT INTO emprega_gravacao (id_gravacao, id_pessoa) VALUES ('100','5207');
INSERT INTO pessoa (id_pessoa, tipo_documento,documento,nome,data_nascimento,nome_pais_origem) VALUES ('5208','PASS','000654980','Dewinne','19830114','Morocco');
INSERT INTO emprega_gravacao (id_gravacao, id_pessoa) VALUES ('100','5208');

INSERT INTO partida (id_partida, data, horario, fase, numero_grupo, id_estadio) VALUES (1, '20180614', '12:00:00', 'GRUPOS', 1, 1);
INSERT INTO partida (id_partida, data, horario, fase, numero_grupo, id_estadio) VALUES (2, '20180615', '09:00:00', 'GRUPOS', 1, 2);
INSERT INTO partida (id_partida, data, horario, fase, numero_grupo, id_estadio) VALUES (3, '20180615', '12:00:00', 'GRUPOS', 2, 3);
INSERT INTO partida (id_partida, data, horario, fase, numero_grupo, id_estadio) VALUES (4, '20180615', '15:00:00', 'GRUPOS', 2, 4);
INSERT INTO partida (id_partida, data, horario, fase, numero_grupo, id_estadio) VALUES (5, '20180616', '07:00:00', 'GRUPOS', 8, 5);
INSERT INTO partida (id_partida, data, horario, fase, numero_grupo, id_estadio) VALUES (6, '20180616', '10:00:00', 'GRUPOS', 4, 6);
INSERT INTO partida (id_partida, data, horario, fase, numero_grupo, id_estadio) VALUES (7, '20180616', '13:00:00', 'GRUPOS', 3, 7);
INSERT INTO partida (id_partida, data, horario, fase, numero_grupo, id_estadio) VALUES (8, '20180616', '16:00:00', 'GRUPOS', 4, 8);
INSERT INTO partida (id_partida, data, horario, fase, numero_grupo, id_estadio) VALUES (9, '20180617', '09:00:00', 'GRUPOS', 5, 9);
INSERT INTO partida (id_partida, data, horario, fase, numero_grupo, id_estadio) VALUES (10, '20180617', '12:00:00', 'GRUPOS', 6, 1);
INSERT INTO partida (id_partida, data, horario, fase, numero_grupo, id_estadio) VALUES (11, '20180617', '15:00:00', 'GRUPOS', 5, 10);
INSERT INTO partida (id_partida, data, horario, fase, numero_grupo, id_estadio) VALUES (12, '20180618', '09:00:00', 'GRUPOS', 6, 11);
INSERT INTO partida (id_partida, data, horario, fase, numero_grupo, id_estadio) VALUES (13, '20180618', '12:00:00', 'GRUPOS', 7, 4);
INSERT INTO partida (id_partida, data, horario, fase, numero_grupo, id_estadio) VALUES (14, '20180618', '15:00:00', 'GRUPOS', 7, 12);
INSERT INTO partida (id_partida, data, horario, fase, numero_grupo, id_estadio) VALUES (15, '20180619', '09:00:00', 'GRUPOS', 8, 7);
INSERT INTO partida (id_partida, data, horario, fase, numero_grupo, id_estadio) VALUES (16, '20180619', '12:00:00', 'GRUPOS', 8, 6);
INSERT INTO partida (id_partida, data, horario, fase, numero_grupo, id_estadio) VALUES (17, '20180619', '15:00:00', 'GRUPOS', 1, 3);
INSERT INTO partida (id_partida, data, horario, fase, numero_grupo, id_estadio) VALUES (18, '20180620', '09:00:00', 'GRUPOS', 2, 1);
INSERT INTO partida (id_partida, data, horario, fase, numero_grupo, id_estadio) VALUES (19, '20180620', '12:00:00', 'GRUPOS', 1, 10);
INSERT INTO partida (id_partida, data, horario, fase, numero_grupo, id_estadio) VALUES (20, '20180620', '15:00:00', 'GRUPOS', 2, 5);
INSERT INTO partida (id_partida, data, horario, fase, numero_grupo, id_estadio) VALUES (21, '20180621', '09:00:00', 'GRUPOS', 3, 9);
INSERT INTO partida (id_partida, data, horario, fase, numero_grupo, id_estadio) VALUES (22, '20180621', '12:00:00', 'GRUPOS', 3, 2);
INSERT INTO partida (id_partida, data, horario, fase, numero_grupo, id_estadio) VALUES (23, '20180621', '15:00:00', 'GRUPOS', 4, 11);
INSERT INTO partida (id_partida, data, horario, fase, numero_grupo, id_estadio) VALUES (24, '20180622', '09:00:00', 'GRUPOS', 5, 3);
INSERT INTO partida (id_partida, data, horario, fase, numero_grupo, id_estadio) VALUES (25, '20180622', '12:00:00', 'GRUPOS', 4, 12);
INSERT INTO partida (id_partida, data, horario, fase, numero_grupo, id_estadio) VALUES (26, '20180622', '15:00:00', 'GRUPOS', 5, 8);
INSERT INTO partida (id_partida, data, horario, fase, numero_grupo, id_estadio) VALUES (27, '20180623', '09:00:00', 'GRUPOS', 7, 6);
INSERT INTO partida (id_partida, data, horario, fase, numero_grupo, id_estadio) VALUES (28, '20180623', '12:00:00', 'GRUPOS', 6, 10);
INSERT INTO partida (id_partida, data, horario, fase, numero_grupo, id_estadio) VALUES (29, '20180623', '15:00:00', 'GRUPOS', 6, 4);
INSERT INTO partida (id_partida, data, horario, fase, numero_grupo, id_estadio) VALUES (30, '20180624', '09:00:00', 'GRUPOS', 7, 11);
INSERT INTO partida (id_partida, data, horario, fase, numero_grupo, id_estadio) VALUES (31, '20180624', '12:00:00', 'GRUPOS', 8, 2);
INSERT INTO partida (id_partida, data, horario, fase, numero_grupo, id_estadio) VALUES (32, '20180624', '15:00:00', 'GRUPOS', 8, 5);
INSERT INTO partida (id_partida, data, horario, fase, numero_grupo, id_estadio) VALUES (33, '20180625', '11:00:00', 'GRUPOS', 1, 9);
INSERT INTO partida (id_partida, data, horario, fase, numero_grupo, id_estadio) VALUES (34, '20180625', '11:00:00', 'GRUPOS', 1, 12);
INSERT INTO partida (id_partida, data, horario, fase, numero_grupo, id_estadio) VALUES (35, '20180625', '15:00:00', 'GRUPOS', 2, 8);
INSERT INTO partida (id_partida, data, horario, fase, numero_grupo, id_estadio) VALUES (36, '20180625', '15:00:00', 'GRUPOS', 2, 7);
INSERT INTO partida (id_partida, data, horario, fase, numero_grupo, id_estadio) VALUES (37, '20180626', '11:00:00', 'GRUPOS', 3, 4);
INSERT INTO partida (id_partida, data, horario, fase, numero_grupo, id_estadio) VALUES (38, '20180626', '11:00:00', 'GRUPOS', 3, 1);
INSERT INTO partida (id_partida, data, horario, fase, numero_grupo, id_estadio) VALUES (39, '20180626', '15:00:00', 'GRUPOS', 4, 3);
INSERT INTO partida (id_partida, data, horario, fase, numero_grupo, id_estadio) VALUES (40, '20180626', '15:00:00', 'GRUPOS', 4, 10);
INSERT INTO partida (id_partida, data, horario, fase, numero_grupo, id_estadio) VALUES (41, '20180627', '11:00:00', 'GRUPOS', 6, 5);
INSERT INTO partida (id_partida, data, horario, fase, numero_grupo, id_estadio) VALUES (42, '20180627', '11:00:00', 'GRUPOS', 6, 2);
INSERT INTO partida (id_partida, data, horario, fase, numero_grupo, id_estadio) VALUES (43, '20180627', '15:00:00', 'GRUPOS', 5, 6);
INSERT INTO partida (id_partida, data, horario, fase, numero_grupo, id_estadio) VALUES (44, '20180627', '15:00:00', 'GRUPOS', 5, 11);
INSERT INTO partida (id_partida, data, horario, fase, numero_grupo, id_estadio) VALUES (45, '20180628', '11:00:00', 'GRUPOS', 8, 12);
INSERT INTO partida (id_partida, data, horario, fase, numero_grupo, id_estadio) VALUES (46, '20180628', '11:00:00', 'GRUPOS', 8, 9);
INSERT INTO partida (id_partida, data, horario, fase, numero_grupo, id_estadio) VALUES (47, '20180628', '15:00:00', 'GRUPOS', 7, 7);
INSERT INTO partida (id_partida, data, horario, fase, numero_grupo, id_estadio) VALUES (48, '20180628', '15:00:00', 'GRUPOS', 7, 8);
INSERT INTO partida (id_partida, data, horario, fase, id_estadio) VALUES (49, '20180630', '11:00:00', 'ELIMINACAO', 5);
INSERT INTO partida (id_partida, data, horario, fase, id_estadio) VALUES (50, '20180630', '15:00:00', 'ELIMINACAO', 4);
INSERT INTO partida (id_partida, data, horario, fase, id_estadio) VALUES (51, '20180701', '11:00:00', 'ELIMINACAO', 1);
INSERT INTO partida (id_partida, data, horario, fase, id_estadio) VALUES (52, '20180701', '15:00:00', 'ELIMINACAO', 11);
INSERT INTO partida (id_partida, data, horario, fase, id_estadio) VALUES (53, '20180702', '11:00:00', 'ELIMINACAO', 9);
INSERT INTO partida (id_partida, data, horario, fase, id_estadio) VALUES (54, '20180702', '15:00:00', 'ELIMINACAO', 10);
INSERT INTO partida (id_partida, data, horario, fase, id_estadio) VALUES (55, '20180703', '11:00:00', 'ELIMINACAO', 3);
INSERT INTO partida (id_partida, data, horario, fase, id_estadio) VALUES (56, '20180703', '15:00:00', 'ELIMINACAO', 6);
INSERT INTO partida (id_partida, data, horario, fase, id_estadio) VALUES (57, '20180706', '11:00:00', 'ELIMINACAO', 11);
INSERT INTO partida (id_partida, data, horario, fase, id_estadio) VALUES (58, '20180706', '15:00:00', 'ELIMINACAO', 5);
INSERT INTO partida (id_partida, data, horario, fase, id_estadio) VALUES (59, '20180707', '11:00:00', 'ELIMINACAO', 9);
INSERT INTO partida (id_partida, data, horario, fase, id_estadio) VALUES (60, '20180707', '15:00:00', 'ELIMINACAO', 4);
INSERT INTO partida (id_partida, data, horario, fase, id_estadio) VALUES (61, '20180710', '15:00:00', 'ELIMINACAO', 3);
INSERT INTO partida (id_partida, data, horario, fase, id_estadio) VALUES (62, '20180711', '15:00:00', 'ELIMINACAO', 1);
INSERT INTO partida (id_partida, data, horario, fase, id_estadio) VALUES (63, '20180714', '11:00:00', 'ELIMINACAO', 3);
INSERT INTO partida (id_partida, data, horario, fase, id_estadio) VALUES (64, '20180715', '12:00:00', 'ELIMINACAO', 1);

INSERT INTO participacao (id_partida, codigo_pais, gols_feitos) VALUES (1, 'RUS', 0);
INSERT INTO participacao (id_partida, codigo_pais, gols_feitos) VALUES (1, 'SAU', 0);
INSERT INTO participacao (id_partida, codigo_pais, gols_feitos) VALUES (2, 'EGY', 0);
INSERT INTO participacao (id_partida, codigo_pais, gols_feitos) VALUES (2, 'URY', 0);
INSERT INTO participacao (id_partida, codigo_pais, gols_feitos) VALUES (3, 'MAR', 0);
INSERT INTO participacao (id_partida, codigo_pais, gols_feitos) VALUES (3, 'IRN', 0);
INSERT INTO participacao (id_partida, codigo_pais, gols_feitos) VALUES (4, 'POR', 0);
INSERT INTO participacao (id_partida, codigo_pais, gols_feitos) VALUES (4, 'ESP', 0);
INSERT INTO participacao (id_partida, codigo_pais, gols_feitos) VALUES (5, 'FRA', 0);
INSERT INTO participacao (id_partida, codigo_pais, gols_feitos) VALUES (5, 'AUS', 0);
INSERT INTO participacao (id_partida, codigo_pais, gols_feitos) VALUES (6, 'ARG', 0);
INSERT INTO participacao (id_partida, codigo_pais, gols_feitos) VALUES (6, 'ISL', 0);
INSERT INTO participacao (id_partida, codigo_pais, gols_feitos) VALUES (7, 'PER', 0);
INSERT INTO participacao (id_partida, codigo_pais, gols_feitos) VALUES (7, 'DEN', 0);
INSERT INTO participacao (id_partida, codigo_pais, gols_feitos) VALUES (8, 'CRO', 0);
INSERT INTO participacao (id_partida, codigo_pais, gols_feitos) VALUES (8, 'NIG', 0);
INSERT INTO participacao (id_partida, codigo_pais, gols_feitos) VALUES (9, 'CRI', 0);
INSERT INTO participacao (id_partida, codigo_pais, gols_feitos) VALUES (9, 'SRB', 0);
INSERT INTO participacao (id_partida, codigo_pais, gols_feitos) VALUES (10, 'GER', 0);
INSERT INTO participacao (id_partida, codigo_pais, gols_feitos) VALUES (10, 'MEX', 0);
INSERT INTO participacao (id_partida, codigo_pais, gols_feitos) VALUES (11, 'BRA', 0);
INSERT INTO participacao (id_partida, codigo_pais, gols_feitos) VALUES (11, 'SWI', 0);
INSERT INTO participacao (id_partida, codigo_pais, gols_feitos) VALUES (12, 'SWE', 0);
INSERT INTO participacao (id_partida, codigo_pais, gols_feitos) VALUES (12, 'KOR', 0);
INSERT INTO participacao (id_partida, codigo_pais, gols_feitos) VALUES (13, 'BEL', 0);
INSERT INTO participacao (id_partida, codigo_pais, gols_feitos) VALUES (13, 'PAN', 0);
INSERT INTO participacao (id_partida, codigo_pais, gols_feitos) VALUES (14, 'TUN', 0);
INSERT INTO participacao (id_partida, codigo_pais, gols_feitos) VALUES (14, 'ENG', 0);
INSERT INTO participacao (id_partida, codigo_pais, gols_feitos) VALUES (15, 'COL', 0);
INSERT INTO participacao (id_partida, codigo_pais, gols_feitos) VALUES (15, 'JPN', 0);
INSERT INTO participacao (id_partida, codigo_pais, gols_feitos) VALUES (16, 'POL', 0);
INSERT INTO participacao (id_partida, codigo_pais, gols_feitos) VALUES (16, 'SEN', 0);
INSERT INTO participacao (id_partida, codigo_pais, gols_feitos) VALUES (17, 'RUS', 0);
INSERT INTO participacao (id_partida, codigo_pais, gols_feitos) VALUES (17, 'EGY', 0);
INSERT INTO participacao (id_partida, codigo_pais, gols_feitos) VALUES (18, 'POR', 0);
INSERT INTO participacao (id_partida, codigo_pais, gols_feitos) VALUES (18, 'MAR', 0);
INSERT INTO participacao (id_partida, codigo_pais, gols_feitos) VALUES (19, 'URY', 0);
INSERT INTO participacao (id_partida, codigo_pais, gols_feitos) VALUES (19, 'SAU', 0);
INSERT INTO participacao (id_partida, codigo_pais, gols_feitos) VALUES (20, 'IRN', 0);
INSERT INTO participacao (id_partida, codigo_pais, gols_feitos) VALUES (20, 'ESP', 0);
INSERT INTO participacao (id_partida, codigo_pais, gols_feitos) VALUES (21, 'DEN', 0);
INSERT INTO participacao (id_partida, codigo_pais, gols_feitos) VALUES (21, 'AUS', 0);
INSERT INTO participacao (id_partida, codigo_pais, gols_feitos) VALUES (22, 'FRA', 0);
INSERT INTO participacao (id_partida, codigo_pais, gols_feitos) VALUES (22, 'PER', 0);
INSERT INTO participacao (id_partida, codigo_pais, gols_feitos) VALUES (23, 'ARG', 0);
INSERT INTO participacao (id_partida, codigo_pais, gols_feitos) VALUES (23, 'CRO', 0);
INSERT INTO participacao (id_partida, codigo_pais, gols_feitos) VALUES (24, 'BRA', 0);
INSERT INTO participacao (id_partida, codigo_pais, gols_feitos) VALUES (24, 'CRI', 0);
INSERT INTO participacao (id_partida, codigo_pais, gols_feitos) VALUES (25, 'NIG', 0);
INSERT INTO participacao (id_partida, codigo_pais, gols_feitos) VALUES (25, 'ISL', 0);
INSERT INTO participacao (id_partida, codigo_pais, gols_feitos) VALUES (26, 'SRB', 0);
INSERT INTO participacao (id_partida, codigo_pais, gols_feitos) VALUES (26, 'SWI', 0);
INSERT INTO participacao (id_partida, codigo_pais, gols_feitos) VALUES (27, 'BEL', 0);
INSERT INTO participacao (id_partida, codigo_pais, gols_feitos) VALUES (27, 'TUN', 0);
INSERT INTO participacao (id_partida, codigo_pais, gols_feitos) VALUES (28, 'KOR', 0);
INSERT INTO participacao (id_partida, codigo_pais, gols_feitos) VALUES (28, 'MEX', 0);
INSERT INTO participacao (id_partida, codigo_pais, gols_feitos) VALUES (29, 'GER', 0);
INSERT INTO participacao (id_partida, codigo_pais, gols_feitos) VALUES (29, 'SWE', 0);
INSERT INTO participacao (id_partida, codigo_pais, gols_feitos) VALUES (30, 'ENG', 0);
INSERT INTO participacao (id_partida, codigo_pais, gols_feitos) VALUES (30, 'PAN', 0);
INSERT INTO participacao (id_partida, codigo_pais, gols_feitos) VALUES (31, 'JPN', 0);
INSERT INTO participacao (id_partida, codigo_pais, gols_feitos) VALUES (31, 'SEN', 0);
INSERT INTO participacao (id_partida, codigo_pais, gols_feitos) VALUES (32, 'POL', 0);
INSERT INTO participacao (id_partida, codigo_pais, gols_feitos) VALUES (32, 'COL', 0);
INSERT INTO participacao (id_partida, codigo_pais, gols_feitos) VALUES (33, 'URY', 0);
INSERT INTO participacao (id_partida, codigo_pais, gols_feitos) VALUES (33, 'RUS', 0);
INSERT INTO participacao (id_partida, codigo_pais, gols_feitos) VALUES (34, 'SAU', 0);
INSERT INTO participacao (id_partida, codigo_pais, gols_feitos) VALUES (34, 'EGY', 0);
INSERT INTO participacao (id_partida, codigo_pais, gols_feitos) VALUES (35, 'ESP', 0);
INSERT INTO participacao (id_partida, codigo_pais, gols_feitos) VALUES (35, 'MAR', 0);
INSERT INTO participacao (id_partida, codigo_pais, gols_feitos) VALUES (36, 'IRN', 0);
INSERT INTO participacao (id_partida, codigo_pais, gols_feitos) VALUES (36, 'POR', 0);
INSERT INTO participacao (id_partida, codigo_pais, gols_feitos) VALUES (37, 'AUS', 0);
INSERT INTO participacao (id_partida, codigo_pais, gols_feitos) VALUES (37, 'PER', 0);
INSERT INTO participacao (id_partida, codigo_pais, gols_feitos) VALUES (38, 'DEN', 0);
INSERT INTO participacao (id_partida, codigo_pais, gols_feitos) VALUES (38, 'FRA', 0);
INSERT INTO participacao (id_partida, codigo_pais, gols_feitos) VALUES (39, 'NIG', 0);
INSERT INTO participacao (id_partida, codigo_pais, gols_feitos) VALUES (39, 'ARG', 0);
INSERT INTO participacao (id_partida, codigo_pais, gols_feitos) VALUES (40, 'ISL', 0);
INSERT INTO participacao (id_partida, codigo_pais, gols_feitos) VALUES (40, 'CRO', 0);
INSERT INTO participacao (id_partida, codigo_pais, gols_feitos) VALUES (41, 'KOR', 0);
INSERT INTO participacao (id_partida, codigo_pais, gols_feitos) VALUES (41, 'GER', 0);
INSERT INTO participacao (id_partida, codigo_pais, gols_feitos) VALUES (42, 'MEX', 0);
INSERT INTO participacao (id_partida, codigo_pais, gols_feitos) VALUES (42, 'SWE', 0);
INSERT INTO participacao (id_partida, codigo_pais, gols_feitos) VALUES (43, 'SRB', 0);
INSERT INTO participacao (id_partida, codigo_pais, gols_feitos) VALUES (43, 'BRA', 0);
INSERT INTO participacao (id_partida, codigo_pais, gols_feitos) VALUES (44, 'SWI', 0);
INSERT INTO participacao (id_partida, codigo_pais, gols_feitos) VALUES (44, 'CRI', 0);
INSERT INTO participacao (id_partida, codigo_pais, gols_feitos) VALUES (45, 'JPN', 0);
INSERT INTO participacao (id_partida, codigo_pais, gols_feitos) VALUES (45, 'POL', 0);
INSERT INTO participacao (id_partida, codigo_pais, gols_feitos) VALUES (46, 'SEN', 0);
INSERT INTO participacao (id_partida, codigo_pais, gols_feitos) VALUES (46, 'COL', 0);
INSERT INTO participacao (id_partida, codigo_pais, gols_feitos) VALUES (47, 'PAN', 0);
INSERT INTO participacao (id_partida, codigo_pais, gols_feitos) VALUES (47, 'TUN', 0);
INSERT INTO participacao (id_partida, codigo_pais, gols_feitos) VALUES (48, 'ENG', 0);
INSERT INTO participacao (id_partida, codigo_pais, gols_feitos) VALUES (48, 'BEL', 0);
INSERT INTO apita (id_partida, id_pessoa) VALUES(1, 627);
INSERT INTO apita (id_partida, id_pessoa) VALUES(1, 608);
INSERT INTO apita (id_partida, id_pessoa) VALUES(1, 604);
INSERT INTO deslocamento (codigo_pais, id_partida, itinerario, descricao_da_escolta) VALUES('RUS', 1, '9MBP1JQZAA1L1MFVXLYMJ07D08QDPYSF3PSVA8LM853WCBF75AY4VDRJP7Y32NKLSWSL4UVZ9MNN7LBZ3THOAYTZ8JFCKSUVVSDQS3DKP94IZDLD699JF6K4C2MVOSPR211OHVHAP68B3LA47BFLTKQZIJNZQR66UNQ7L76L193I7JA12SYNND7RLCG8HRT', 'ABRQ4CS9F4TURI18IW783TTQP8WJ18EKQ4H61U6Z9YHTUN9CLHZUUUFRRBB6QJIHZJEXB5HY0H9ELA5B8U7TITZ5ZZO0T9JZQA3LJMBQAB4MUAGRF975MY8GTI7LQQE07JXKGU1WSRTHYMLYS7VTCNN1CW2BOZ9U6EPKM5KVIKN5F1SG7J2T4UXU66IU2ZI2R8KT7ALXWAL1ASVLEVEF7QZMR4OQX03SCUNGQ8I67F6');
INSERT INTO deslocamento (codigo_pais, id_partida, itinerario, descricao_da_escolta) VALUES('SAU', 1, 'J5TOL7QGVC5BJ8CDV596H3ZPEO4FNHH1T5CVLAF0KW79YM7S6FLCFAXPGDJ6CK2N5DRO5Q2V0JWU6Z02QLII6FVSHWPH1IX94TEV4TXPNZL6OCTQMQP1CUQZR9GIBU4SVX0MUF77Y34G3YEED84K267JCPD5MON253L1MG5HTSDJZK524BFD0TZZ0QJFCCUJPCK9NN26CW1K3YT2TKALI', 'BLEWA66ZFQ733X95PRJJAD2P6C7RW1BJBEA851M59MRKM9453X5TB9J8TYZ89PDNOX2YXAAYENKYVRC6HBX96SHB5CPGBN6TJD5YHFI3XH');
INSERT INTO lance (id_partida, id_pessoa, time_stamp, tipo_lance, descricao) VALUES(1, 627, '0:45:0', 'FIM DO PRIMEIRO TEMPO', 'Juiz Abasta apita o fim do primeiro tempo!');
INSERT INTO lance (id_partida, id_pessoa, time_stamp, tipo_lance, descricao) VALUES(1, 627, '1:30:0', 'FIM DO JOGO', 'Juiz Abasta apita o fim do jogo!');
INSERT INTO lance (id_partida, id_pessoa, time_stamp, tipo_lance, descricao) VALUES(1, 10, '0:2:5', 'GOL', 'Gol de Aleksandr Golovin!');
INSERT INTO lance (id_partida, id_pessoa, time_stamp, tipo_lance, descricao) VALUES(1, 16, '0:2:16', 'FALTA', 'Falta de Dmitry Poloz em Abdulmalek Al-Khaibri!');
INSERT INTO lance (id_partida, id_pessoa, time_stamp, tipo_lance, descricao) VALUES(1, 29, '0:2:16', 'SOFREU FALTA', 'Abdulmalek Al-Khaibri sofre falta de Dmitry Poloz!');
INSERT INTO lance (id_partida, id_pessoa, time_stamp, tipo_lance, descricao) VALUES(1, 16, '0:2:16', 'CARTAO AMARELO', 'Dmitry Poloz ganhou um cartão amarelo!');
INSERT INTO lance (id_partida, id_pessoa, time_stamp, tipo_lance, descricao) VALUES(1, 33, '0:3:41', 'FALTA', 'Falta de Nawaf Al-Abed em Aleksandr Erokhin!');
INSERT INTO lance (id_partida, id_pessoa, time_stamp, tipo_lance, descricao) VALUES(1, 12, '0:3:41', 'SOFREU FALTA', 'Aleksandr Erokhin sofre falta de Nawaf Al-Abed!');
INSERT INTO lance (id_partida, id_pessoa, time_stamp, tipo_lance, descricao) VALUES(1, 16, '0:3:44', 'FALTA', 'Falta de Dmitry Poloz em Salem Al-Dosari!');
INSERT INTO lance (id_partida, id_pessoa, time_stamp, tipo_lance, descricao) VALUES(1, 32, '0:3:44', 'SOFREU FALTA', 'Salem Al-Dosari sofre falta de Dmitry Poloz!');
INSERT INTO lance (id_partida, id_pessoa, time_stamp, tipo_lance, descricao) VALUES(1, 15, '0:6:35', 'FALTA', 'Falta de Daler Kuzyayev em Salman Al-Moasher!');
INSERT INTO lance (id_partida, id_pessoa, time_stamp, tipo_lance, descricao) VALUES(1, 30, '0:6:35', 'SOFREU FALTA', 'Salman Al-Moasher sofre falta de Daler Kuzyayev!');
INSERT INTO lance (id_partida, id_pessoa, time_stamp, tipo_lance, descricao) VALUES(1, 28, '0:7:28', 'FALTA', 'Falta de Salman Al-Faraj em Daler Kuzyayev!');
INSERT INTO lance (id_partida, id_pessoa, time_stamp, tipo_lance, descricao) VALUES(1, 15, '0:7:28', 'SOFREU FALTA', 'Daler Kuzyayev sofre falta de Salman Al-Faraj!');
INSERT INTO lance (id_partida, id_pessoa, time_stamp, tipo_lance, descricao) VALUES(1, 17, '0:9:53', 'FALTA', 'Falta de Fedor Smolov em Yahya Al-Shehri!');
INSERT INTO lance (id_partida, id_pessoa, time_stamp, tipo_lance, descricao) VALUES(1, 31, '0:9:53', 'SOFREU FALTA', 'Yahya Al-Shehri sofre falta de Fedor Smolov!');
INSERT INTO lance (id_partida, id_pessoa, time_stamp, tipo_lance, descricao) VALUES(1, 32, '0:15:15', 'FALTA', 'Falta de Salem Al-Dosari em Denis Glushakov!');
INSERT INTO lance (id_partida, id_pessoa, time_stamp, tipo_lance, descricao) VALUES(1, 9, '0:15:15', 'SOFREU FALTA', 'Denis Glushakov sofre falta de Salem Al-Dosari!');
INSERT INTO lance (id_partida, id_pessoa, time_stamp, tipo_lance, descricao) VALUES(1, 13, '0:20:24', 'FALTA', 'Falta de Alan Dzagoev em Mohammad Al-Sahlawi!');
INSERT INTO lance (id_partida, id_pessoa, time_stamp, tipo_lance, descricao) VALUES(1, 34, '0:20:24', 'SOFREU FALTA', 'Mohammad Al-Sahlawi sofre falta de Alan Dzagoev!');
INSERT INTO lance (id_partida, id_pessoa, time_stamp, tipo_lance, descricao) VALUES(1, 18, '0:20:37', 'FALTA', 'Falta de Aleksandr Kokorin em Yahya Al-Shehri!');
INSERT INTO lance (id_partida, id_pessoa, time_stamp, tipo_lance, descricao) VALUES(1, 31, '0:20:37', 'SOFREU FALTA', 'Yahya Al-Shehri sofre falta de Aleksandr Kokorin!');
INSERT INTO lance (id_partida, id_pessoa, time_stamp, tipo_lance, descricao) VALUES(1, 18, '0:23:42', 'FALTA', 'Falta de Aleksandr Kokorin em Fahad Al-Muwallad!');
INSERT INTO lance (id_partida, id_pessoa, time_stamp, tipo_lance, descricao) VALUES(1, 36, '0:23:42', 'SOFREU FALTA', 'Fahad Al-Muwallad sofre falta de Aleksandr Kokorin!');
INSERT INTO lance (id_partida, id_pessoa, time_stamp, tipo_lance, descricao) VALUES(1, 9, '0:24:3', 'FALTA', 'Falta de Denis Glushakov em Yahya Al-Shehri!');
INSERT INTO lance (id_partida, id_pessoa, time_stamp, tipo_lance, descricao) VALUES(1, 31, '0:24:3', 'SOFREU FALTA', 'Yahya Al-Shehri sofre falta de Denis Glushakov!');
INSERT INTO lance (id_partida, id_pessoa, time_stamp, tipo_lance, descricao) VALUES(1, 12, '0:25:22', 'SUBSTITUICAO', 'Sai Aleksandr Erokhin!');
INSERT INTO lance (id_partida, id_pessoa, time_stamp, tipo_lance, descricao) VALUES(1, 4, '0:25:22', 'SUBSTITUICAO', 'Entra Mário Fernandes!');
INSERT INTO lance (id_partida, id_pessoa, time_stamp, tipo_lance, descricao) VALUES(1, 16, '0:29:44', 'SUBSTITUICAO', 'Sai Dmitry Poloz!');
INSERT INTO lance (id_partida, id_pessoa, time_stamp, tipo_lance, descricao) VALUES(1, 7, '0:29:44', 'SUBSTITUICAO', 'Entra Dmitri Kombarov!');
INSERT INTO lance (id_partida, id_pessoa, time_stamp, tipo_lance, descricao) VALUES(1, 34, '0:32:2', 'DEFESA', 'Defesa de Fedor Kudrayashov!');
INSERT INTO lance (id_partida, id_pessoa, time_stamp, tipo_lance, descricao) VALUES(1, 33, '0:33:23', 'SUBSTITUICAO', 'Sai Nawaf Al-Abed!');
INSERT INTO lance (id_partida, id_pessoa, time_stamp, tipo_lance, descricao) VALUES(1, 19, '0:33:23', 'SUBSTITUICAO', 'Entra Abdullah Al-Mayouf!');
INSERT INTO lance (id_partida, id_pessoa, time_stamp, tipo_lance, descricao) VALUES(1, 18, '0:37:36', 'ASSISTENCIA', 'Assistencia de Yuri Zhirkov!');
INSERT INTO lance (id_partida, id_pessoa, time_stamp, tipo_lance, descricao) VALUES(1, 18, '0:37:36', 'GOL', 'Gol de Aleksandr Kokorin!');
INSERT INTO lance (id_partida, id_pessoa, time_stamp, tipo_lance, descricao) VALUES(1, 9, '0:37:56', 'DEFESA', 'Defesa de Fedor Kudrayashov!');
INSERT INTO lance (id_partida, id_pessoa, time_stamp, tipo_lance, descricao) VALUES(1, 7, '0:43:58', 'FALTA', 'Falta de Dmitri Kombarov em Salman Al-Moasher!');
INSERT INTO lance (id_partida, id_pessoa, time_stamp, tipo_lance, descricao) VALUES(1, 30, '0:43:58', 'SOFREU FALTA', 'Salman Al-Moasher sofre falta de Dmitri Kombarov!');
INSERT INTO lance (id_partida, id_pessoa, time_stamp, tipo_lance, descricao) VALUES(1, 27, '0:45:36', 'DEFESA', 'Defesa de Fedor Kudrayashov!');
INSERT INTO lance (id_partida, id_pessoa, time_stamp, tipo_lance, descricao) VALUES(1, 26, '0:47:6', 'FALTA', 'Falta de Mohammed Al-Beraik em Mário Fernandes!');
INSERT INTO lance (id_partida, id_pessoa, time_stamp, tipo_lance, descricao) VALUES(1, 4, '0:47:6', 'SOFREU FALTA', 'Mário Fernandes sofre falta de Mohammed Al-Beraik!');
INSERT INTO lance (id_partida, id_pessoa, time_stamp, tipo_lance, descricao) VALUES(1, 10, '0:47:11', 'DEFESA', 'Defesa de Fedor Kudrayashov!');
INSERT INTO lance (id_partida, id_pessoa, time_stamp, tipo_lance, descricao) VALUES(1, 26, '0:49:17', 'SUBSTITUICAO', 'Sai Mohammed Al-Beraik!');
INSERT INTO lance (id_partida, id_pessoa, time_stamp, tipo_lance, descricao) VALUES(1, 24, '0:49:17', 'SUBSTITUICAO', 'Entra Yasser Al-Shahrani!');
INSERT INTO lance (id_partida, id_pessoa, time_stamp, tipo_lance, descricao) VALUES(1, 11, '0:50:19', 'DEFESA', 'Defesa de Fedor Kudrayashov!');
INSERT INTO lance (id_partida, id_pessoa, time_stamp, tipo_lance, descricao) VALUES(1, 30, '0:51:20', 'FALTA', 'Falta de Salman Al-Moasher em Yuri Zhirkov!');
INSERT INTO lance (id_partida, id_pessoa, time_stamp, tipo_lance, descricao) VALUES(1, 11, '0:51:20', 'SOFREU FALTA', 'Yuri Zhirkov sofre falta de Salman Al-Moasher!');
INSERT INTO lance (id_partida, id_pessoa, time_stamp, tipo_lance, descricao) VALUES(1, 36, '0:52:20', 'DEFESA', 'Defesa de Fedor Kudrayashov!');
INSERT INTO lance (id_partida, id_pessoa, time_stamp, tipo_lance, descricao) VALUES(1, 9, '0:52:51', 'FALTA', 'Falta de Denis Glushakov em Salman Al-Moasher!');
INSERT INTO lance (id_partida, id_pessoa, time_stamp, tipo_lance, descricao) VALUES(1, 30, '0:52:51', 'SOFREU FALTA', 'Salman Al-Moasher sofre falta de Denis Glushakov!');
INSERT INTO lance (id_partida, id_pessoa, time_stamp, tipo_lance, descricao) VALUES(1, 10, '0:53:3', 'FALTA', 'Falta de Aleksandr Golovin em Salman Al-Moasher!');
INSERT INTO lance (id_partida, id_pessoa, time_stamp, tipo_lance, descricao) VALUES(1, 30, '0:53:3', 'SOFREU FALTA', 'Salman Al-Moasher sofre falta de Aleksandr Golovin!');
INSERT INTO lance (id_partida, id_pessoa, time_stamp, tipo_lance, descricao) VALUES(1, 34, '0:56:4', 'FALTA', 'Falta de Mohammad Al-Sahlawi em Alan Dzagoev!');
INSERT INTO lance (id_partida, id_pessoa, time_stamp, tipo_lance, descricao) VALUES(1, 13, '0:56:4', 'SOFREU FALTA', 'Alan Dzagoev sofre falta de Mohammad Al-Sahlawi!');
INSERT INTO lance (id_partida, id_pessoa, time_stamp, tipo_lance, descricao) VALUES(1, 14, '0:57:6', 'DEFESA', 'Defesa de Fedor Kudrayashov!');
INSERT INTO lance (id_partida, id_pessoa, time_stamp, tipo_lance, descricao) VALUES(1, 8, '0:58:3', 'FALTA', 'Falta de Aleksei Miranchuk em Salman Al-Moasher!');
INSERT INTO lance (id_partida, id_pessoa, time_stamp, tipo_lance, descricao) VALUES(1, 30, '0:58:3', 'SOFREU FALTA', 'Salman Al-Moasher sofre falta de Aleksei Miranchuk!');
INSERT INTO lance (id_partida, id_pessoa, time_stamp, tipo_lance, descricao) VALUES(1, 24, '1:0:13', 'FALTA', 'Falta de Yasser Al-Shahrani em Denis Glushakov!');
INSERT INTO lance (id_partida, id_pessoa, time_stamp, tipo_lance, descricao) VALUES(1, 9, '1:0:13', 'SOFREU FALTA', 'Denis Glushakov sofre falta de Yasser Al-Shahrani!');
INSERT INTO lance (id_partida, id_pessoa, time_stamp, tipo_lance, descricao) VALUES(1, 31, '1:1:16', 'DEFESA', 'Defesa de Fedor Kudrayashov!');
INSERT INTO lance (id_partida, id_pessoa, time_stamp, tipo_lance, descricao) VALUES(1, 27, '1:3:34', 'DEFESA', 'Defesa de Fedor Kudrayashov!');
INSERT INTO lance (id_partida, id_pessoa, time_stamp, tipo_lance, descricao) VALUES(1, 17, '1:4:59', 'DEFESA', 'Defesa de Fedor Kudrayashov!');
INSERT INTO lance (id_partida, id_pessoa, time_stamp, tipo_lance, descricao) VALUES(1, 28, '1:8:51', 'FALTA', 'Falta de Salman Al-Faraj em Yuri Zhirkov!');
INSERT INTO lance (id_partida, id_pessoa, time_stamp, tipo_lance, descricao) VALUES(1, 11, '1:8:51', 'SOFREU FALTA', 'Yuri Zhirkov sofre falta de Salman Al-Faraj!');
INSERT INTO lance (id_partida, id_pessoa, time_stamp, tipo_lance, descricao) VALUES(1, 35, '1:9:11', 'FALTA', 'Falta de Nasser Al-Shamrani em Alan Dzagoev!');
INSERT INTO lance (id_partida, id_pessoa, time_stamp, tipo_lance, descricao) VALUES(1, 13, '1:9:11', 'SOFREU FALTA', 'Alan Dzagoev sofre falta de Nasser Al-Shamrani!');
INSERT INTO lance (id_partida, id_pessoa, time_stamp, tipo_lance, descricao) VALUES(1, 31, '1:9:47', 'ASSISTENCIA', 'Assistencia de Mohammad Al-Sahlawi!');
INSERT INTO lance (id_partida, id_pessoa, time_stamp, tipo_lance, descricao) VALUES(1, 31, '1:9:47', 'GOL', 'Gol de Yahya Al-Shehri!');
INSERT INTO lance (id_partida, id_pessoa, time_stamp, tipo_lance, descricao) VALUES(1, 24, '1:9:48', 'DEFESA', 'Defesa de Fedor Kudrayashov!');
INSERT INTO lance (id_partida, id_pessoa, time_stamp, tipo_lance, descricao) VALUES(1, 18, '1:10:54', 'FALTA', 'Falta de Aleksandr Kokorin em Taisir Al-Jassim!');
INSERT INTO lance (id_partida, id_pessoa, time_stamp, tipo_lance, descricao) VALUES(1, 27, '1:10:54', 'SOFREU FALTA', 'Taisir Al-Jassim sofre falta de Aleksandr Kokorin!');
INSERT INTO lance (id_partida, id_pessoa, time_stamp, tipo_lance, descricao) VALUES(1, 27, '1:12:39', 'GOL', 'Gol de Taisir Al-Jassim!');
INSERT INTO lance (id_partida, id_pessoa, time_stamp, tipo_lance, descricao) VALUES(1, 14, '1:13:49', 'FALTA', 'Falta de Daler Kuzyayev em Taisir Al-Jassim!');
INSERT INTO lance (id_partida, id_pessoa, time_stamp, tipo_lance, descricao) VALUES(1, 27, '1:13:49', 'SOFREU FALTA', 'Taisir Al-Jassim sofre falta de Daler Kuzyayev!');
INSERT INTO lance (id_partida, id_pessoa, time_stamp, tipo_lance, descricao) VALUES(1, 17, '1:16:33', 'DEFESA', 'Defesa de Fedor Kudrayashov!');
INSERT INTO lance (id_partida, id_pessoa, time_stamp, tipo_lance, descricao) VALUES(1, 27, '1:17:18', 'FALTA', 'Falta de Taisir Al-Jassim em Denis Glushakov!');
INSERT INTO lance (id_partida, id_pessoa, time_stamp, tipo_lance, descricao) VALUES(1, 9, '1:17:18', 'SOFREU FALTA', 'Denis Glushakov sofre falta de Taisir Al-Jassim!');
INSERT INTO lance (id_partida, id_pessoa, time_stamp, tipo_lance, descricao) VALUES(1, 13, '1:23:54', 'DEFESA', 'Defesa de Fedor Kudrayashov!');
INSERT INTO lance (id_partida, id_pessoa, time_stamp, tipo_lance, descricao) VALUES(1, 27, '1:25:26', 'FALTA', 'Falta de Taisir Al-Jassim em Daler Kuzyayev!');
INSERT INTO lance (id_partida, id_pessoa, time_stamp, tipo_lance, descricao) VALUES(1, 15, '1:25:26', 'SOFREU FALTA', 'Daler Kuzyayev sofre falta de Taisir Al-Jassim!');
INSERT INTO lance (id_partida, id_pessoa, time_stamp, tipo_lance, descricao) VALUES(1, 10, '1:26:11', 'FALTA', 'Falta de Aleksandr Golovin em Salman Al-Faraj!');
INSERT INTO lance (id_partida, id_pessoa, time_stamp, tipo_lance, descricao) VALUES(1, 28, '1:26:11', 'SOFREU FALTA', 'Salman Al-Faraj sofre falta de Aleksandr Golovin!');
INSERT INTO lance (id_partida, id_pessoa, time_stamp, tipo_lance, descricao) VALUES(1, 27, '1:29:26', 'FALTA', 'Falta de Taisir Al-Jassim em Aleksandr Kokorin!');
INSERT INTO lance (id_partida, id_pessoa, time_stamp, tipo_lance, descricao) VALUES(1, 18, '1:29:26', 'SOFREU FALTA', 'Aleksandr Kokorin sofre falta de Taisir Al-Jassim!');
INSERT INTO apita (id_partida, id_pessoa) VALUES(2, 607);
INSERT INTO apita (id_partida, id_pessoa) VALUES(2, 603);
INSERT INTO apita (id_partida, id_pessoa) VALUES(2, 593);
INSERT INTO deslocamento (codigo_pais, id_partida, itinerario, descricao_da_escolta) VALUES('EGY', 2, 'X5DG13H0ZJ6AKATN2Y46YCEJDJ8Y8K4ZHWR77FGTNU9JLN0YKSXUNO0V13CR5T2OOG3XSWPWRLTED470TKNPWKL366GDCZY31U4FUCFYCACC4VR66M8UFM1E491WPMU2WZ', 'TA1FRFZNVHJ8KOJGZ0DXO20LULSI0QKPEI86EGRPP9F6UBQIGF4BSC70JQVFWRXF743BPMBTJYHPW40T4KBUVI6CKIXYVL28MA80HO24DL144SDP0CLMPCT');
INSERT INTO deslocamento (codigo_pais, id_partida, itinerario, descricao_da_escolta) VALUES('URY', 2, '701HZN785JDW59LPRHRKQCI2EI7T9QSJQJ3QXVEZN28UORT0054IUJI4S8CQPO9P03FWG426C16XDYOWZH2EVKZHA98ZSXJ93T3UM6U5D7F2NU04UQ1IW43QE8VG6DOOS74U43K2W6AXE63QIEEC6BM80NQNLN9AT0KQ0G91F9VZ4FLHEF828MSQU5', 'RM7RI6AEOVNZCEN66PXEVBIIFPHBHH455MSOISM23A7V1Q5XUPWA70IPEYL3Z87G1R40V9YND4LUEWRZTTR1V38EDCKUGTD4D03JWFCV1I7DPYLRGWJGRFV8TZXSYEGT1QQN2HDOR5AN55ZP13NUJ6M8F506ST6XBNM9H8Y8T4ZWEICX9H150WJ4DSH7RG678NLRT0H3EOBPH0472C6');
INSERT INTO lance (id_partida, id_pessoa, time_stamp, tipo_lance, descricao) VALUES(2, 607, '0:45:0', 'FIM DO PRIMEIRO TEMPO', 'Juiz Fotopoulos apita o fim do primeiro tempo!');
INSERT INTO lance (id_partida, id_pessoa, time_stamp, tipo_lance, descricao) VALUES(2, 607, '1:30:0', 'FIM DO JOGO', 'Juiz Fotopoulos apita o fim do jogo!');
INSERT INTO lance (id_partida, id_pessoa, time_stamp, tipo_lance, descricao) VALUES(2, 69, '0:3:9', 'DEFESA', 'Defesa de Ramy Rabia!');
INSERT INTO lance (id_partida, id_pessoa, time_stamp, tipo_lance, descricao) VALUES(2, 47, '0:3:26', 'FALTA', 'Falta de Mahmoud Kahraba em Egidio Arévalo Ríos!');
INSERT INTO lance (id_partida, id_pessoa, time_stamp, tipo_lance, descricao) VALUES(2, 63, '0:3:26', 'SOFREU FALTA', 'Egidio Arévalo Ríos sofre falta de Mahmoud Kahraba!');
INSERT INTO lance (id_partida, id_pessoa, time_stamp, tipo_lance, descricao) VALUES(2, 64, '0:4:20', 'FALTA', 'Falta de Álvaro González em Mohamed Abdel Shaly!');
INSERT INTO lance (id_partida, id_pessoa, time_stamp, tipo_lance, descricao) VALUES(2, 44, '0:4:20', 'SOFREU FALTA', 'Mohamed Abdel Shaly sofre falta de Álvaro González!');
INSERT INTO lance (id_partida, id_pessoa, time_stamp, tipo_lance, descricao) VALUES(2, 48, '0:5:49', 'GOL', 'Gol de Mohamed Elneny!');
INSERT INTO lance (id_partida, id_pessoa, time_stamp, tipo_lance, descricao) VALUES(2, 67, '0:6:15', 'FALTA', 'Falta de Cristian Rodríguez em Trezeguet!');
INSERT INTO lance (id_partida, id_pessoa, time_stamp, tipo_lance, descricao) VALUES(2, 49, '0:6:15', 'SOFREU FALTA', 'Trezeguet sofre falta de Cristian Rodríguez!');
INSERT INTO lance (id_partida, id_pessoa, time_stamp, tipo_lance, descricao) VALUES(2, 52, '0:9:2', 'ASSISTENCIA', 'Assistencia de Ramadan Sobhi!');
INSERT INTO lance (id_partida, id_pessoa, time_stamp, tipo_lance, descricao) VALUES(2, 52, '0:9:2', 'GOL', 'Gol de Ahmed Hassan!');
INSERT INTO lance (id_partida, id_pessoa, time_stamp, tipo_lance, descricao) VALUES(2, 48, '0:11:31', 'FALTA', 'Falta de Mohamed Elneny em Carlos Sánchez!');
INSERT INTO lance (id_partida, id_pessoa, time_stamp, tipo_lance, descricao) VALUES(2, 66, '0:11:31', 'SOFREU FALTA', 'Carlos Sánchez sofre falta de Mohamed Elneny!');
INSERT INTO lance (id_partida, id_pessoa, time_stamp, tipo_lance, descricao) VALUES(2, 69, '0:15:1', 'FALTA', 'Falta de Edinson Cavani em Ramadan Sobhi!');
INSERT INTO lance (id_partida, id_pessoa, time_stamp, tipo_lance, descricao) VALUES(2, 51, '0:15:1', 'SOFREU FALTA', 'Ramadan Sobhi sofre falta de Edinson Cavani!');
INSERT INTO lance (id_partida, id_pessoa, time_stamp, tipo_lance, descricao) VALUES(2, 48, '0:16:8', 'FALTA', 'Falta de Mohamed Elneny em Álvaro González!');
INSERT INTO lance (id_partida, id_pessoa, time_stamp, tipo_lance, descricao) VALUES(2, 64, '0:16:8', 'SOFREU FALTA', 'Álvaro González sofre falta de Mohamed Elneny!');
INSERT INTO lance (id_partida, id_pessoa, time_stamp, tipo_lance, descricao) VALUES(2, 53, '0:17:19', 'FALTA', 'Falta de Mohamed Salah em Álvaro González!');
INSERT INTO lance (id_partida, id_pessoa, time_stamp, tipo_lance, descricao) VALUES(2, 64, '0:17:19', 'SOFREU FALTA', 'Álvaro González sofre falta de Mohamed Salah!');
INSERT INTO lance (id_partida, id_pessoa, time_stamp, tipo_lance, descricao) VALUES(2, 45, '0:19:28', 'FALTA', 'Falta de Saad El-Din Samir em Cristhian Stuani!');
INSERT INTO lance (id_partida, id_pessoa, time_stamp, tipo_lance, descricao) VALUES(2, 71, '0:19:28', 'SOFREU FALTA', 'Cristhian Stuani sofre falta de Saad El-Din Samir!');
INSERT INTO lance (id_partida, id_pessoa, time_stamp, tipo_lance, descricao) VALUES(2, 52, '0:19:36', 'DEFESA', 'Defesa de Ramy Rabia!');
INSERT INTO lance (id_partida, id_pessoa, time_stamp, tipo_lance, descricao) VALUES(2, 66, '0:21:38', 'DEFESA', 'Defesa de Ramy Rabia!');
INSERT INTO lance (id_partida, id_pessoa, time_stamp, tipo_lance, descricao) VALUES(2, 53, '0:23:14', 'FALTA', 'Falta de Mohamed Salah em Nicolás Lodeiro!');
INSERT INTO lance (id_partida, id_pessoa, time_stamp, tipo_lance, descricao) VALUES(2, 65, '0:23:14', 'SOFREU FALTA', 'Nicolás Lodeiro sofre falta de Mohamed Salah!');
INSERT INTO lance (id_partida, id_pessoa, time_stamp, tipo_lance, descricao) VALUES(2, 64, '0:24:48', 'FALTA', 'Falta de Álvaro González em Ramadan Sobhi!');
INSERT INTO lance (id_partida, id_pessoa, time_stamp, tipo_lance, descricao) VALUES(2, 51, '0:24:48', 'SOFREU FALTA', 'Ramadan Sobhi sofre falta de Álvaro González!');
INSERT INTO lance (id_partida, id_pessoa, time_stamp, tipo_lance, descricao) VALUES(2, 68, '0:25:4', 'SUBSTITUICAO', 'Sai Matías Vecino!');
INSERT INTO lance (id_partida, id_pessoa, time_stamp, tipo_lance, descricao) VALUES(2, 55, '0:25:4', 'SUBSTITUICAO', 'Entra Fernando Muslera!');
INSERT INTO lance (id_partida, id_pessoa, time_stamp, tipo_lance, descricao) VALUES(2, 45, '0:26:25', 'DEFESA', 'Defesa de Ramy Rabia!');
INSERT INTO lance (id_partida, id_pessoa, time_stamp, tipo_lance, descricao) VALUES(2, 62, '0:26:44', 'GOL', 'Gol de Mathías Corujo!');
INSERT INTO lance (id_partida, id_pessoa, time_stamp, tipo_lance, descricao) VALUES(2, 69, '0:27:56', 'FALTA', 'Falta de Edinson Cavani em Mohamed Elneny!');
INSERT INTO lance (id_partida, id_pessoa, time_stamp, tipo_lance, descricao) VALUES(2, 48, '0:27:56', 'SOFREU FALTA', 'Mohamed Elneny sofre falta de Edinson Cavani!');
INSERT INTO lance (id_partida, id_pessoa, time_stamp, tipo_lance, descricao) VALUES(2, 69, '0:28:6', 'FALTA', 'Falta de Edinson Cavani em Ahmed Hassan!');
INSERT INTO lance (id_partida, id_pessoa, time_stamp, tipo_lance, descricao) VALUES(2, 52, '0:28:6', 'SOFREU FALTA', 'Ahmed Hassan sofre falta de Edinson Cavani!');
INSERT INTO lance (id_partida, id_pessoa, time_stamp, tipo_lance, descricao) VALUES(2, 46, '0:29:7', 'SUBSTITUICAO', 'Sai Tarek Hamed!');
INSERT INTO lance (id_partida, id_pessoa, time_stamp, tipo_lance, descricao) VALUES(2, 37, '0:29:7', 'SUBSTITUICAO', 'Entra Essam El Hadary!');
INSERT INTO lance (id_partida, id_pessoa, time_stamp, tipo_lance, descricao) VALUES(2, 66, '0:32:6', 'FALTA', 'Falta de Carlos Sánchez em Mohamed Elneny!');
INSERT INTO lance (id_partida, id_pessoa, time_stamp, tipo_lance, descricao) VALUES(2, 48, '0:32:6', 'SOFREU FALTA', 'Mohamed Elneny sofre falta de Carlos Sánchez!');
INSERT INTO lance (id_partida, id_pessoa, time_stamp, tipo_lance, descricao) VALUES(2, 50, '0:33:13', 'FALTA', 'Falta de Abdallah El Said em Diego Rolán!');
INSERT INTO lance (id_partida, id_pessoa, time_stamp, tipo_lance, descricao) VALUES(2, 72, '0:33:13', 'SOFREU FALTA', 'Diego Rolán sofre falta de Abdallah El Said!');
INSERT INTO lance (id_partida, id_pessoa, time_stamp, tipo_lance, descricao) VALUES(2, 49, '0:36:58', 'FALTA', 'Falta de Trezeguet em Nicolás Lodeiro!');
INSERT INTO lance (id_partida, id_pessoa, time_stamp, tipo_lance, descricao) VALUES(2, 65, '0:36:58', 'SOFREU FALTA', 'Nicolás Lodeiro sofre falta de Trezeguet!');
INSERT INTO lance (id_partida, id_pessoa, time_stamp, tipo_lance, descricao) VALUES(2, 52, '0:37:8', 'SUBSTITUICAO', 'Sai Ahmed Hassan!');
INSERT INTO lance (id_partida, id_pessoa, time_stamp, tipo_lance, descricao) VALUES(2, 39, '0:37:8', 'SUBSTITUICAO', 'Entra Ahmed Elmohamady!');
INSERT INTO lance (id_partida, id_pessoa, time_stamp, tipo_lance, descricao) VALUES(2, 70, '0:37:24', 'FALTA', 'Falta de Luis Suárez em Saad El-Din Samir!');
INSERT INTO lance (id_partida, id_pessoa, time_stamp, tipo_lance, descricao) VALUES(2, 45, '0:37:24', 'SOFREU FALTA', 'Saad El-Din Samir sofre falta de Luis Suárez!');
INSERT INTO lance (id_partida, id_pessoa, time_stamp, tipo_lance, descricao) VALUES(2, 48, '0:37:49', 'FALTA', 'Falta de Mohamed Elneny em Nicolás Lodeiro!');
INSERT INTO lance (id_partida, id_pessoa, time_stamp, tipo_lance, descricao) VALUES(2, 65, '0:37:49', 'SOFREU FALTA', 'Nicolás Lodeiro sofre falta de Mohamed Elneny!');
INSERT INTO lance (id_partida, id_pessoa, time_stamp, tipo_lance, descricao) VALUES(2, 65, '0:39:18', 'FALTA', 'Falta de Nicolás Lodeiro em Essam El Hadary!');
INSERT INTO lance (id_partida, id_pessoa, time_stamp, tipo_lance, descricao) VALUES(2, 37, '0:39:18', 'SOFREU FALTA', 'Essam El Hadary sofre falta de Nicolás Lodeiro!');
INSERT INTO lance (id_partida, id_pessoa, time_stamp, tipo_lance, descricao) VALUES(2, 50, '0:39:19', 'DEFESA', 'Defesa de Ramy Rabia!');
INSERT INTO lance (id_partida, id_pessoa, time_stamp, tipo_lance, descricao) VALUES(2, 69, '0:42:3', 'FALTA', 'Falta de Edinson Cavani em Mohamed Salah!');
INSERT INTO lance (id_partida, id_pessoa, time_stamp, tipo_lance, descricao) VALUES(2, 53, '0:42:3', 'SOFREU FALTA', 'Mohamed Salah sofre falta de Edinson Cavani!');
INSERT INTO lance (id_partida, id_pessoa, time_stamp, tipo_lance, descricao) VALUES(2, 69, '0:42:3', 'CARTAO AMARELO', 'Edinson Cavani ganhou um cartão amarelo!');
INSERT INTO lance (id_partida, id_pessoa, time_stamp, tipo_lance, descricao) VALUES(2, 71, '0:42:23', 'DEFESA', 'Defesa de Ramy Rabia!');
INSERT INTO lance (id_partida, id_pessoa, time_stamp, tipo_lance, descricao) VALUES(2, 63, '0:43:48', 'FALTA', 'Falta de Egidio Arévalo Ríos em Mohamed Abdel Shaly!');
INSERT INTO lance (id_partida, id_pessoa, time_stamp, tipo_lance, descricao) VALUES(2, 44, '0:43:48', 'SOFREU FALTA', 'Mohamed Abdel Shaly sofre falta de Egidio Arévalo Ríos!');
INSERT INTO lance (id_partida, id_pessoa, time_stamp, tipo_lance, descricao) VALUES(2, 55, '0:48:27', 'DEFESA', 'Defesa de Ramy Rabia!');
INSERT INTO lance (id_partida, id_pessoa, time_stamp, tipo_lance, descricao) VALUES(2, 54, '0:48:48', 'FALTA', 'Falta de Amr Gamal em Egidio Arévalo Ríos!');
INSERT INTO lance (id_partida, id_pessoa, time_stamp, tipo_lance, descricao) VALUES(2, 63, '0:48:48', 'SOFREU FALTA', 'Egidio Arévalo Ríos sofre falta de Amr Gamal!');
INSERT INTO lance (id_partida, id_pessoa, time_stamp, tipo_lance, descricao) VALUES(2, 44, '0:51:21', 'DEFESA', 'Defesa de Ramy Rabia!');
INSERT INTO lance (id_partida, id_pessoa, time_stamp, tipo_lance, descricao) VALUES(2, 62, '0:51:50', 'FALTA', 'Falta de Mathías Corujo em Mahmoud Kahraba!');
INSERT INTO lance (id_partida, id_pessoa, time_stamp, tipo_lance, descricao) VALUES(2, 47, '0:51:50', 'SOFREU FALTA', 'Mahmoud Kahraba sofre falta de Mathías Corujo!');
INSERT INTO lance (id_partida, id_pessoa, time_stamp, tipo_lance, descricao) VALUES(2, 49, '0:52:15', 'FALTA', 'Falta de Trezeguet em Egidio Arévalo Ríos!');
INSERT INTO lance (id_partida, id_pessoa, time_stamp, tipo_lance, descricao) VALUES(2, 63, '0:52:15', 'SOFREU FALTA', 'Egidio Arévalo Ríos sofre falta de Trezeguet!');
INSERT INTO lance (id_partida, id_pessoa, time_stamp, tipo_lance, descricao) VALUES(2, 51, '0:56:14', 'FALTA', 'Falta de Ramadan Sobhi em Luis Suárez!');
INSERT INTO lance (id_partida, id_pessoa, time_stamp, tipo_lance, descricao) VALUES(2, 70, '0:56:14', 'SOFREU FALTA', 'Luis Suárez sofre falta de Ramadan Sobhi!');
INSERT INTO lance (id_partida, id_pessoa, time_stamp, tipo_lance, descricao) VALUES(2, 50, '0:58:29', 'FALTA', 'Falta de Abdallah El Said em Cristhian Stuani!');
INSERT INTO lance (id_partida, id_pessoa, time_stamp, tipo_lance, descricao) VALUES(2, 71, '0:58:29', 'SOFREU FALTA', 'Cristhian Stuani sofre falta de Abdallah El Said!');
INSERT INTO lance (id_partida, id_pessoa, time_stamp, tipo_lance, descricao) VALUES(2, 51, '1:0:50', 'FALTA', 'Falta de Ramadan Sobhi em Fernando Muslera!');
INSERT INTO lance (id_partida, id_pessoa, time_stamp, tipo_lance, descricao) VALUES(2, 55, '1:0:50', 'SOFREU FALTA', 'Fernando Muslera sofre falta de Ramadan Sobhi!');
INSERT INTO lance (id_partida, id_pessoa, time_stamp, tipo_lance, descricao) VALUES(2, 54, '1:2:59', 'FALTA', 'Falta de Amr Gamal em Nicolás Lodeiro!');
INSERT INTO lance (id_partida, id_pessoa, time_stamp, tipo_lance, descricao) VALUES(2, 65, '1:2:59', 'SOFREU FALTA', 'Nicolás Lodeiro sofre falta de Amr Gamal!');
INSERT INTO lance (id_partida, id_pessoa, time_stamp, tipo_lance, descricao) VALUES(2, 48, '1:4:40', 'FALTA', 'Falta de Mohamed Elneny em Cristhian Stuani!');
INSERT INTO lance (id_partida, id_pessoa, time_stamp, tipo_lance, descricao) VALUES(2, 71, '1:4:40', 'SOFREU FALTA', 'Cristhian Stuani sofre falta de Mohamed Elneny!');
INSERT INTO lance (id_partida, id_pessoa, time_stamp, tipo_lance, descricao) VALUES(2, 72, '1:5:20', 'FALTA', 'Falta de Diego Rolán em Mahmoud Kahraba!');
INSERT INTO lance (id_partida, id_pessoa, time_stamp, tipo_lance, descricao) VALUES(2, 47, '1:5:20', 'SOFREU FALTA', 'Mahmoud Kahraba sofre falta de Diego Rolán!');
INSERT INTO lance (id_partida, id_pessoa, time_stamp, tipo_lance, descricao) VALUES(2, 62, '1:7:48', 'FALTA', 'Falta de Mathías Corujo em Saad El-Din Samir!');
INSERT INTO lance (id_partida, id_pessoa, time_stamp, tipo_lance, descricao) VALUES(2, 45, '1:7:48', 'SOFREU FALTA', 'Saad El-Din Samir sofre falta de Mathías Corujo!');
INSERT INTO lance (id_partida, id_pessoa, time_stamp, tipo_lance, descricao) VALUES(2, 49, '1:7:58', 'DEFESA', 'Defesa de Ramy Rabia!');
INSERT INTO lance (id_partida, id_pessoa, time_stamp, tipo_lance, descricao) VALUES(2, 55, '1:10:22', 'FALTA', 'Falta de Fernando Muslera em Mohamed Abdel Shaly!');
INSERT INTO lance (id_partida, id_pessoa, time_stamp, tipo_lance, descricao) VALUES(2, 44, '1:10:22', 'SOFREU FALTA', 'Mohamed Abdel Shaly sofre falta de Fernando Muslera!');
INSERT INTO lance (id_partida, id_pessoa, time_stamp, tipo_lance, descricao) VALUES(2, 66, '1:11:40', 'FALTA', 'Falta de Carlos Sánchez em Mohamed Salah!');
INSERT INTO lance (id_partida, id_pessoa, time_stamp, tipo_lance, descricao) VALUES(2, 53, '1:11:40', 'SOFREU FALTA', 'Mohamed Salah sofre falta de Carlos Sánchez!');
INSERT INTO lance (id_partida, id_pessoa, time_stamp, tipo_lance, descricao) VALUES(2, 47, '1:14:22', 'FALTA', 'Falta de Mahmoud Kahraba em Luis Suárez!');
INSERT INTO lance (id_partida, id_pessoa, time_stamp, tipo_lance, descricao) VALUES(2, 70, '1:14:22', 'SOFREU FALTA', 'Luis Suárez sofre falta de Mahmoud Kahraba!');
INSERT INTO lance (id_partida, id_pessoa, time_stamp, tipo_lance, descricao) VALUES(2, 50, '1:18:57', 'FALTA', 'Falta de Abdallah El Said em Diego Rolán!');
INSERT INTO lance (id_partida, id_pessoa, time_stamp, tipo_lance, descricao) VALUES(2, 72, '1:18:57', 'SOFREU FALTA', 'Diego Rolán sofre falta de Abdallah El Said!');
INSERT INTO lance (id_partida, id_pessoa, time_stamp, tipo_lance, descricao) VALUES(2, 62, '1:19:27', 'FALTA', 'Falta de Mathías Corujo em Trezeguet!');
INSERT INTO lance (id_partida, id_pessoa, time_stamp, tipo_lance, descricao) VALUES(2, 49, '1:19:27', 'SOFREU FALTA', 'Trezeguet sofre falta de Mathías Corujo!');
INSERT INTO lance (id_partida, id_pessoa, time_stamp, tipo_lance, descricao) VALUES(2, 47, '1:21:31', 'ASSISTENCIA', 'Assistencia de Saad El-Din Samir!');
INSERT INTO lance (id_partida, id_pessoa, time_stamp, tipo_lance, descricao) VALUES(2, 47, '1:21:31', 'GOL', 'Gol de Mahmoud Kahraba!');
INSERT INTO lance (id_partida, id_pessoa, time_stamp, tipo_lance, descricao) VALUES(2, 48, '1:21:44', 'FALTA', 'Falta de Mohamed Elneny em Egidio Arévalo Ríos!');
INSERT INTO lance (id_partida, id_pessoa, time_stamp, tipo_lance, descricao) VALUES(2, 63, '1:21:44', 'SOFREU FALTA', 'Egidio Arévalo Ríos sofre falta de Mohamed Elneny!');
INSERT INTO lance (id_partida, id_pessoa, time_stamp, tipo_lance, descricao) VALUES(2, 54, '1:25:7', 'FALTA', 'Falta de Amr Gamal em Cristian Rodríguez!');
INSERT INTO lance (id_partida, id_pessoa, time_stamp, tipo_lance, descricao) VALUES(2, 67, '1:25:7', 'SOFREU FALTA', 'Cristian Rodríguez sofre falta de Amr Gamal!');
INSERT INTO lance (id_partida, id_pessoa, time_stamp, tipo_lance, descricao) VALUES(2, 69, '1:26:38', 'DEFESA', 'Defesa de Ramy Rabia!');
INSERT INTO lance (id_partida, id_pessoa, time_stamp, tipo_lance, descricao) VALUES(2, 63, '1:28:21', 'FALTA', 'Falta de Egidio Arévalo Ríos em Abdallah El Said!');
INSERT INTO lance (id_partida, id_pessoa, time_stamp, tipo_lance, descricao) VALUES(2, 50, '1:28:21', 'SOFREU FALTA', 'Abdallah El Said sofre falta de Egidio Arévalo Ríos!');
INSERT INTO apita (id_partida, id_pessoa) VALUES(3, 587);
INSERT INTO apita (id_partida, id_pessoa) VALUES(3, 624);
INSERT INTO apita (id_partida, id_pessoa) VALUES(3, 644);
INSERT INTO deslocamento (codigo_pais, id_partida, itinerario, descricao_da_escolta) VALUES('IRN', 3, 'M4MAO1PZG5NL5L8NZFB507APOEM28U4CBCJBGA0UQY5LC8EDBI1KOJ9O37VKPW1VBLK2B6GYPQPCCZMQ9I0Z2TY2D5HIOPF36JK1XMBFBC5736MEVEKG6C3RXRZGY7J9LVG2PU2XHVX0Y08GSDXKE974Q2EFW4QE25WI0TYAMX9LOC36TSYVK94MYMMXQW', 'MET73EZQ8PW8R9WPN8HWEG532AJTOHBTZXWG4EA13BZGXBNMC68Y');
INSERT INTO deslocamento (codigo_pais, id_partida, itinerario, descricao_da_escolta) VALUES('MAR', 3, 'A6GJZF24GC0NDI3NPVI8P2CQZG0W7RRJNKY1Q6E9H6X982U3T8WLZZ3H3ZUTOF6YVRA2TC7TQJ1TFDR6W7D95GUYRR71MVVB99O', '21JQBD4Q7KCZHX7QC73O7MLCFGH5XZTGZ9E4YW71MD0GPHTYYE8CF9UPPGL5592H16AHTC2QABC3VEX8WSHS1RAZPYPRKC5MKSPTGMFVMSBD714KTNIN1JQJ5K24WKF7FZTDZE1KNVGIP62X4E');
INSERT INTO lance (id_partida, id_pessoa, time_stamp, tipo_lance, descricao) VALUES(3, 587, '0:45:0', 'FIM DO PRIMEIRO TEMPO', 'Juiz Barbarino apita o fim do primeiro tempo!');
INSERT INTO lance (id_partida, id_pessoa, time_stamp, tipo_lance, descricao) VALUES(3, 587, '1:30:0', 'FIM DO JOGO', 'Juiz Barbarino apita o fim do jogo!');
INSERT INTO lance (id_partida, id_pessoa, time_stamp, tipo_lance, descricao) VALUES(3, 122, '0:2:30', 'GOL', 'Gol de Youssef Aït Bennasser!');
INSERT INTO lance (id_partida, id_pessoa, time_stamp, tipo_lance, descricao) VALUES(3, 136, '0:4:38', 'DEFESA', 'Defesa de Milad Mohammadi!');
INSERT INTO lance (id_partida, id_pessoa, time_stamp, tipo_lance, descricao) VALUES(3, 116, '0:9:14', 'FALTA', 'Falta de Mbark Boussoufa em Ashkan Dejagah!');
INSERT INTO lance (id_partida, id_pessoa, time_stamp, tipo_lance, descricao) VALUES(3, 139, '0:9:14', 'SOFREU FALTA', 'Ashkan Dejagah sofre falta de Mbark Boussoufa!');
INSERT INTO lance (id_partida, id_pessoa, time_stamp, tipo_lance, descricao) VALUES(3, 138, '0:10:1', 'GOL', 'Gol de Alireza Jahanbakhsh!');
INSERT INTO lance (id_partida, id_pessoa, time_stamp, tipo_lance, descricao) VALUES(3, 122, '0:11:22', 'FALTA', 'Falta de Youssef Aït Bennasser em Ehsan Hajsafi!');
INSERT INTO lance (id_partida, id_pessoa, time_stamp, tipo_lance, descricao) VALUES(3, 134, '0:11:22', 'SOFREU FALTA', 'Ehsan Hajsafi sofre falta de Youssef Aït Bennasser!');
INSERT INTO lance (id_partida, id_pessoa, time_stamp, tipo_lance, descricao) VALUES(3, 144, '0:11:34', 'FALTA', 'Falta de Sardar Azmoun em Mbark Boussoufa!');
INSERT INTO lance (id_partida, id_pessoa, time_stamp, tipo_lance, descricao) VALUES(3, 116, '0:11:34', 'SOFREU FALTA', 'Mbark Boussoufa sofre falta de Sardar Azmoun!');
INSERT INTO lance (id_partida, id_pessoa, time_stamp, tipo_lance, descricao) VALUES(3, 144, '0:11:34', 'CARTAO AMARELO', 'Sardar Azmoun ganhou um cartão amarelo!');
INSERT INTO lance (id_partida, id_pessoa, time_stamp, tipo_lance, descricao) VALUES(3, 126, '0:12:24', 'FALTA', 'Falta de Youssef En-Nesyri em Reza Ghoochannejhad!');
INSERT INTO lance (id_partida, id_pessoa, time_stamp, tipo_lance, descricao) VALUES(3, 143, '0:12:24', 'SOFREU FALTA', 'Reza Ghoochannejhad sofre falta de Youssef En-Nesyri!');
INSERT INTO lance (id_partida, id_pessoa, time_stamp, tipo_lance, descricao) VALUES(3, 123, '0:15:33', 'ASSISTENCIA', 'Assistencia de Fayçal Fajr!');
INSERT INTO lance (id_partida, id_pessoa, time_stamp, tipo_lance, descricao) VALUES(3, 123, '0:15:33', 'GOL', 'Gol de Khalid Boutaib!');
INSERT INTO lance (id_partida, id_pessoa, time_stamp, tipo_lance, descricao) VALUES(3, 134, '0:16:43', 'FALTA', 'Falta de Ehsan Hajsafi em Aziz Bouhaddouz!');
INSERT INTO lance (id_partida, id_pessoa, time_stamp, tipo_lance, descricao) VALUES(3, 125, '0:16:43', 'SOFREU FALTA', 'Aziz Bouhaddouz sofre falta de Ehsan Hajsafi!');
INSERT INTO lance (id_partida, id_pessoa, time_stamp, tipo_lance, descricao) VALUES(3, 134, '0:16:43', 'CARTAO AMARELO', 'Ehsan Hajsafi ganhou um cartão amarelo!');
INSERT INTO lance (id_partida, id_pessoa, time_stamp, tipo_lance, descricao) VALUES(3, 118, '0:17:16', 'FALTA', 'Falta de Younès Belhanda em Saeid Ezatolahi!');
INSERT INTO lance (id_partida, id_pessoa, time_stamp, tipo_lance, descricao) VALUES(3, 136, '0:17:16', 'SOFREU FALTA', 'Saeid Ezatolahi sofre falta de Younès Belhanda!');
INSERT INTO lance (id_partida, id_pessoa, time_stamp, tipo_lance, descricao) VALUES(3, 124, '0:17:37', 'DEFESA', 'Defesa de Milad Mohammadi!');
INSERT INTO lance (id_partida, id_pessoa, time_stamp, tipo_lance, descricao) VALUES(3, 141, '0:18:8', 'FALTA', 'Falta de Mehdi Taremi em Younès Belhanda!');
INSERT INTO lance (id_partida, id_pessoa, time_stamp, tipo_lance, descricao) VALUES(3, 118, '0:18:8', 'SOFREU FALTA', 'Younès Belhanda sofre falta de Mehdi Taremi!');
INSERT INTO lance (id_partida, id_pessoa, time_stamp, tipo_lance, descricao) VALUES(3, 116, '0:21:7', 'FALTA', 'Falta de Mbark Boussoufa em Ehsan Hajsafi!');
INSERT INTO lance (id_partida, id_pessoa, time_stamp, tipo_lance, descricao) VALUES(3, 134, '0:21:7', 'SOFREU FALTA', 'Ehsan Hajsafi sofre falta de Mbark Boussoufa!');
INSERT INTO lance (id_partida, id_pessoa, time_stamp, tipo_lance, descricao) VALUES(3, 124, '0:21:10', 'FALTA', 'Falta de Rachid Alioui em Omid Ebrahimi!');
INSERT INTO lance (id_partida, id_pessoa, time_stamp, tipo_lance, descricao) VALUES(3, 135, '0:21:10', 'SOFREU FALTA', 'Omid Ebrahimi sofre falta de Rachid Alioui!');
INSERT INTO lance (id_partida, id_pessoa, time_stamp, tipo_lance, descricao) VALUES(3, 124, '0:21:10', 'CARTAO AMARELO', 'Rachid Alioui ganhou um cartão amarelo!');
INSERT INTO lance (id_partida, id_pessoa, time_stamp, tipo_lance, descricao) VALUES(3, 124, '0:21:54', 'FALTA', 'Falta de Rachid Alioui em Mehdi Taremi!');
INSERT INTO lance (id_partida, id_pessoa, time_stamp, tipo_lance, descricao) VALUES(3, 141, '0:21:54', 'SOFREU FALTA', 'Mehdi Taremi sofre falta de Rachid Alioui!');
INSERT INTO lance (id_partida, id_pessoa, time_stamp, tipo_lance, descricao) VALUES(3, 123, '0:22:39', 'FALTA', 'Falta de Khalid Boutaib em Alireza Jahanbakhsh!');
INSERT INTO lance (id_partida, id_pessoa, time_stamp, tipo_lance, descricao) VALUES(3, 138, '0:22:39', 'SOFREU FALTA', 'Alireza Jahanbakhsh sofre falta de Khalid Boutaib!');
INSERT INTO lance (id_partida, id_pessoa, time_stamp, tipo_lance, descricao) VALUES(3, 125, '0:24:29', 'DEFESA', 'Defesa de Milad Mohammadi!');
INSERT INTO lance (id_partida, id_pessoa, time_stamp, tipo_lance, descricao) VALUES(3, 119, '0:27:53', 'DEFESA', 'Defesa de Milad Mohammadi!');
INSERT INTO lance (id_partida, id_pessoa, time_stamp, tipo_lance, descricao) VALUES(3, 139, '0:28:33', 'FALTA', 'Falta de Ashkan Dejagah em Aziz Bouhaddouz!');
INSERT INTO lance (id_partida, id_pessoa, time_stamp, tipo_lance, descricao) VALUES(3, 125, '0:28:33', 'SOFREU FALTA', 'Aziz Bouhaddouz sofre falta de Ashkan Dejagah!');
INSERT INTO lance (id_partida, id_pessoa, time_stamp, tipo_lance, descricao) VALUES(3, 143, '0:30:37', 'FALTA', 'Falta de Reza Ghoochannejhad em Fayçal Fajr!');
INSERT INTO lance (id_partida, id_pessoa, time_stamp, tipo_lance, descricao) VALUES(3, 120, '0:30:37', 'SOFREU FALTA', 'Fayçal Fajr sofre falta de Reza Ghoochannejhad!');
INSERT INTO lance (id_partida, id_pessoa, time_stamp, tipo_lance, descricao) VALUES(3, 139, '0:30:38', 'FALTA', 'Falta de Ashkan Dejagah em Aziz Bouhaddouz!');
INSERT INTO lance (id_partida, id_pessoa, time_stamp, tipo_lance, descricao) VALUES(3, 125, '0:30:38', 'SOFREU FALTA', 'Aziz Bouhaddouz sofre falta de Ashkan Dejagah!');
INSERT INTO lance (id_partida, id_pessoa, time_stamp, tipo_lance, descricao) VALUES(3, 141, '0:31:8', 'SUBSTITUICAO', 'Sai Mehdi Taremi!');
INSERT INTO lance (id_partida, id_pessoa, time_stamp, tipo_lance, descricao) VALUES(3, 130, '0:31:8', 'SUBSTITUICAO', 'Entra Jalal Hosseini!');
INSERT INTO lance (id_partida, id_pessoa, time_stamp, tipo_lance, descricao) VALUES(3, 140, '0:31:26', 'FALTA', 'Falta de Saman Ghoddos em Youssef En-Nesyri!');
INSERT INTO lance (id_partida, id_pessoa, time_stamp, tipo_lance, descricao) VALUES(3, 126, '0:31:26', 'SOFREU FALTA', 'Youssef En-Nesyri sofre falta de Saman Ghoddos!');
INSERT INTO lance (id_partida, id_pessoa, time_stamp, tipo_lance, descricao) VALUES(3, 140, '0:33:46', 'FALTA', 'Falta de Saman Ghoddos em Hakim Ziyech!');
INSERT INTO lance (id_partida, id_pessoa, time_stamp, tipo_lance, descricao) VALUES(3, 121, '0:33:46', 'SOFREU FALTA', 'Hakim Ziyech sofre falta de Saman Ghoddos!');
INSERT INTO lance (id_partida, id_pessoa, time_stamp, tipo_lance, descricao) VALUES(3, 134, '0:35:16', 'DEFESA', 'Defesa de Milad Mohammadi!');
INSERT INTO lance (id_partida, id_pessoa, time_stamp, tipo_lance, descricao) VALUES(3, 125, '0:35:45', 'DEFESA', 'Defesa de Milad Mohammadi!');
INSERT INTO lance (id_partida, id_pessoa, time_stamp, tipo_lance, descricao) VALUES(3, 136, '0:37:15', 'FALTA', 'Falta de Saeid Ezatolahi em Mbark Boussoufa!');
INSERT INTO lance (id_partida, id_pessoa, time_stamp, tipo_lance, descricao) VALUES(3, 116, '0:37:15', 'SOFREU FALTA', 'Mbark Boussoufa sofre falta de Saeid Ezatolahi!');
INSERT INTO lance (id_partida, id_pessoa, time_stamp, tipo_lance, descricao) VALUES(3, 140, '0:37:46', 'SUBSTITUICAO', 'Sai Saman Ghoddos!');
INSERT INTO lance (id_partida, id_pessoa, time_stamp, tipo_lance, descricao) VALUES(3, 132, '0:37:46', 'SUBSTITUICAO', 'Entra Morteza Pouraliganji!');
INSERT INTO lance (id_partida, id_pessoa, time_stamp, tipo_lance, descricao) VALUES(3, 118, '0:39:34', 'FALTA', 'Falta de Younès Belhanda em Reza Ghoochannejhad!');
INSERT INTO lance (id_partida, id_pessoa, time_stamp, tipo_lance, descricao) VALUES(3, 143, '0:39:34', 'SOFREU FALTA', 'Reza Ghoochannejhad sofre falta de Younès Belhanda!');
INSERT INTO lance (id_partida, id_pessoa, time_stamp, tipo_lance, descricao) VALUES(3, 135, '0:44:34', 'SUBSTITUICAO', 'Sai Omid Ebrahimi!');
INSERT INTO lance (id_partida, id_pessoa, time_stamp, tipo_lance, descricao) VALUES(3, 128, '0:44:34', 'SUBSTITUICAO', 'Entra Pejman Montazeri!');
INSERT INTO lance (id_partida, id_pessoa, time_stamp, tipo_lance, descricao) VALUES(3, 126, '0:49:41', 'FALTA', 'Falta de Youssef En-Nesyri em Alireza Jahanbakhsh!');
INSERT INTO lance (id_partida, id_pessoa, time_stamp, tipo_lance, descricao) VALUES(3, 138, '0:49:41', 'SOFREU FALTA', 'Alireza Jahanbakhsh sofre falta de Youssef En-Nesyri!');
INSERT INTO lance (id_partida, id_pessoa, time_stamp, tipo_lance, descricao) VALUES(3, 143, '0:51:12', 'FALTA', 'Falta de Reza Ghoochannejhad em Hakim Ziyech!');
INSERT INTO lance (id_partida, id_pessoa, time_stamp, tipo_lance, descricao) VALUES(3, 121, '0:51:12', 'SOFREU FALTA', 'Hakim Ziyech sofre falta de Reza Ghoochannejhad!');
INSERT INTO lance (id_partida, id_pessoa, time_stamp, tipo_lance, descricao) VALUES(3, 139, '0:52:26', 'FALTA', 'Falta de Ashkan Dejagah em Youssef Aït Bennasser!');
INSERT INTO lance (id_partida, id_pessoa, time_stamp, tipo_lance, descricao) VALUES(3, 122, '0:52:26', 'SOFREU FALTA', 'Youssef Aït Bennasser sofre falta de Ashkan Dejagah!');
INSERT INTO lance (id_partida, id_pessoa, time_stamp, tipo_lance, descricao) VALUES(3, 123, '0:52:55', 'SUBSTITUICAO', 'Sai Khalid Boutaib!');
INSERT INTO lance (id_partida, id_pessoa, time_stamp, tipo_lance, descricao) VALUES(3, 109, '0:52:55', 'SUBSTITUICAO', 'Entra Munir Mohamedi!');
INSERT INTO lance (id_partida, id_pessoa, time_stamp, tipo_lance, descricao) VALUES(3, 138, '0:57:17', 'FALTA', 'Falta de Alireza Jahanbakhsh em Youssef En-Nesyri!');
INSERT INTO lance (id_partida, id_pessoa, time_stamp, tipo_lance, descricao) VALUES(3, 126, '0:57:17', 'SOFREU FALTA', 'Youssef En-Nesyri sofre falta de Alireza Jahanbakhsh!');
INSERT INTO lance (id_partida, id_pessoa, time_stamp, tipo_lance, descricao) VALUES(3, 134, '0:57:33', 'FALTA', 'Falta de Ehsan Hajsafi em Munir Mohamedi!');
INSERT INTO lance (id_partida, id_pessoa, time_stamp, tipo_lance, descricao) VALUES(3, 109, '0:57:33', 'SOFREU FALTA', 'Munir Mohamedi sofre falta de Ehsan Hajsafi!');
INSERT INTO lance (id_partida, id_pessoa, time_stamp, tipo_lance, descricao) VALUES(3, 120, '0:58:52', 'GOL', 'Gol de Fayçal Fajr!');
INSERT INTO lance (id_partida, id_pessoa, time_stamp, tipo_lance, descricao) VALUES(3, 134, '1:0:47', 'FALTA', 'Falta de Ehsan Hajsafi em Karim El Ahmadi!');
INSERT INTO lance (id_partida, id_pessoa, time_stamp, tipo_lance, descricao) VALUES(3, 117, '1:0:47', 'SOFREU FALTA', 'Karim El Ahmadi sofre falta de Ehsan Hajsafi!');
INSERT INTO lance (id_partida, id_pessoa, time_stamp, tipo_lance, descricao) VALUES(3, 134, '1:4:59', 'GOL', 'Gol de Ehsan Hajsafi!');
INSERT INTO lance (id_partida, id_pessoa, time_stamp, tipo_lance, descricao) VALUES(3, 130, '1:7:14', 'FALTA', 'Falta de Jalal Hosseini em Munir Mohamedi!');
INSERT INTO lance (id_partida, id_pessoa, time_stamp, tipo_lance, descricao) VALUES(3, 109, '1:7:14', 'SOFREU FALTA', 'Munir Mohamedi sofre falta de Jalal Hosseini!');
INSERT INTO lance (id_partida, id_pessoa, time_stamp, tipo_lance, descricao) VALUES(3, 137, '1:7:37', 'FALTA', 'Falta de Vahid Amiri em Aziz Bouhaddouz!');
INSERT INTO lance (id_partida, id_pessoa, time_stamp, tipo_lance, descricao) VALUES(3, 125, '1:7:37', 'SOFREU FALTA', 'Aziz Bouhaddouz sofre falta de Vahid Amiri!');
INSERT INTO lance (id_partida, id_pessoa, time_stamp, tipo_lance, descricao) VALUES(3, 144, '1:7:41', 'DEFESA', 'Defesa de Milad Mohammadi!');
INSERT INTO lance (id_partida, id_pessoa, time_stamp, tipo_lance, descricao) VALUES(3, 119, '1:8:11', 'FALTA', 'Falta de Nordin Amrabat em Pejman Montazeri!');
INSERT INTO lance (id_partida, id_pessoa, time_stamp, tipo_lance, descricao) VALUES(3, 128, '1:8:11', 'SOFREU FALTA', 'Pejman Montazeri sofre falta de Nordin Amrabat!');
INSERT INTO lance (id_partida, id_pessoa, time_stamp, tipo_lance, descricao) VALUES(3, 120, '1:10:39', 'FALTA', 'Falta de Fayçal Fajr em Ashkan Dejagah!');
INSERT INTO lance (id_partida, id_pessoa, time_stamp, tipo_lance, descricao) VALUES(3, 139, '1:10:39', 'SOFREU FALTA', 'Ashkan Dejagah sofre falta de Fayçal Fajr!');
INSERT INTO lance (id_partida, id_pessoa, time_stamp, tipo_lance, descricao) VALUES(3, 136, '1:11:25', 'FALTA', 'Falta de Saeid Ezatolahi em Youssef En-Nesyri!');
INSERT INTO lance (id_partida, id_pessoa, time_stamp, tipo_lance, descricao) VALUES(3, 126, '1:11:25', 'SOFREU FALTA', 'Youssef En-Nesyri sofre falta de Saeid Ezatolahi!');
INSERT INTO lance (id_partida, id_pessoa, time_stamp, tipo_lance, descricao) VALUES(3, 120, '1:11:33', 'FALTA', 'Falta de Fayçal Fajr em Sardar Azmoun!');
INSERT INTO lance (id_partida, id_pessoa, time_stamp, tipo_lance, descricao) VALUES(3, 144, '1:11:33', 'SOFREU FALTA', 'Sardar Azmoun sofre falta de Fayçal Fajr!');
INSERT INTO lance (id_partida, id_pessoa, time_stamp, tipo_lance, descricao) VALUES(3, 116, '1:12:58', 'FALTA', 'Falta de Mbark Boussoufa em Alireza Jahanbakhsh!');
INSERT INTO lance (id_partida, id_pessoa, time_stamp, tipo_lance, descricao) VALUES(3, 138, '1:12:58', 'SOFREU FALTA', 'Alireza Jahanbakhsh sofre falta de Mbark Boussoufa!');
INSERT INTO lance (id_partida, id_pessoa, time_stamp, tipo_lance, descricao) VALUES(3, 144, '1:14:23', 'FALTA', 'Falta de Sardar Azmoun em Fayçal Fajr!');
INSERT INTO lance (id_partida, id_pessoa, time_stamp, tipo_lance, descricao) VALUES(3, 120, '1:14:23', 'SOFREU FALTA', 'Fayçal Fajr sofre falta de Sardar Azmoun!');
INSERT INTO lance (id_partida, id_pessoa, time_stamp, tipo_lance, descricao) VALUES(3, 119, '1:15:1', 'FALTA', 'Falta de Nordin Amrabat em Jalal Hosseini!');
INSERT INTO lance (id_partida, id_pessoa, time_stamp, tipo_lance, descricao) VALUES(3, 130, '1:15:1', 'SOFREU FALTA', 'Jalal Hosseini sofre falta de Nordin Amrabat!');
INSERT INTO lance (id_partida, id_pessoa, time_stamp, tipo_lance, descricao) VALUES(3, 138, '1:16:8', 'DEFESA', 'Defesa de Milad Mohammadi!');
INSERT INTO lance (id_partida, id_pessoa, time_stamp, tipo_lance, descricao) VALUES(3, 134, '1:16:47', 'DEFESA', 'Defesa de Milad Mohammadi!');
INSERT INTO lance (id_partida, id_pessoa, time_stamp, tipo_lance, descricao) VALUES(3, 136, '1:17:16', 'SUBSTITUICAO', 'Sai Saeid Ezatolahi!');
INSERT INTO lance (id_partida, id_pessoa, time_stamp, tipo_lance, descricao) VALUES(3, 133, '1:17:16', 'SUBSTITUICAO', 'Entra Ramin Rezaeian!');
INSERT INTO lance (id_partida, id_pessoa, time_stamp, tipo_lance, descricao) VALUES(3, 138, '1:21:13', 'FALTA', 'Falta de Alireza Jahanbakhsh em Youssef En-Nesyri!');
INSERT INTO lance (id_partida, id_pessoa, time_stamp, tipo_lance, descricao) VALUES(3, 126, '1:21:13', 'SOFREU FALTA', 'Youssef En-Nesyri sofre falta de Alireza Jahanbakhsh!');
INSERT INTO lance (id_partida, id_pessoa, time_stamp, tipo_lance, descricao) VALUES(3, 120, '1:25:14', 'DEFESA', 'Defesa de Milad Mohammadi!');
INSERT INTO lance (id_partida, id_pessoa, time_stamp, tipo_lance, descricao) VALUES(3, 118, '1:26:23', 'FALTA', 'Falta de Younès Belhanda em Ehsan Hajsafi!');
INSERT INTO lance (id_partida, id_pessoa, time_stamp, tipo_lance, descricao) VALUES(3, 134, '1:26:23', 'SOFREU FALTA', 'Ehsan Hajsafi sofre falta de Younès Belhanda!');
INSERT INTO lance (id_partida, id_pessoa, time_stamp, tipo_lance, descricao) VALUES(3, 119, '1:27:4', 'FALTA', 'Falta de Nordin Amrabat em Ramin Rezaeian!');
INSERT INTO lance (id_partida, id_pessoa, time_stamp, tipo_lance, descricao) VALUES(3, 133, '1:27:4', 'SOFREU FALTA', 'Ramin Rezaeian sofre falta de Nordin Amrabat!');
INSERT INTO lance (id_partida, id_pessoa, time_stamp, tipo_lance, descricao) VALUES(3, 122, '1:28:23', 'FALTA', 'Falta de Youssef Aït Bennasser em Karim Ansarifard!');
INSERT INTO lance (id_partida, id_pessoa, time_stamp, tipo_lance, descricao) VALUES(3, 142, '1:28:23', 'SOFREU FALTA', 'Karim Ansarifard sofre falta de Youssef Aït Bennasser!');
INSERT INTO lance (id_partida, id_pessoa, time_stamp, tipo_lance, descricao) VALUES(3, 137, '1:28:42', 'FALTA', 'Falta de Vahid Amiri em Mbark Boussoufa!');
INSERT INTO lance (id_partida, id_pessoa, time_stamp, tipo_lance, descricao) VALUES(3, 116, '1:28:42', 'SOFREU FALTA', 'Mbark Boussoufa sofre falta de Vahid Amiri!');
INSERT INTO lance (id_partida, id_pessoa, time_stamp, tipo_lance, descricao) VALUES(3, 138, '1:29:5', 'DEFESA', 'Defesa de Milad Mohammadi!');
INSERT INTO apita (id_partida, id_pessoa) VALUES(4, 687);
INSERT INTO apita (id_partida, id_pessoa) VALUES(4, 598);
INSERT INTO apita (id_partida, id_pessoa) VALUES(4, 579);
INSERT INTO deslocamento (codigo_pais, id_partida, itinerario, descricao_da_escolta) VALUES('ESP', 4, 'XMYFF5APLJEOKWOE56F71YP2GFKRF4U1MAQN5KTX983PIAMMI10KABU97699VSKQZNBJFBIVNS7249TF28JOEK0KQRP9LTBRYMZ59CGHSF7SD2E8M4G', 'J6MPW13YWJK3QQESJYF01C58NIGYMRXQMPH2AJJIISUJ5DBXXWYXYQ5HBNCNUFLEV3QBILR9P7RIRVDJHTA02926TA1WH5XDHPYCXAOMEYI09W0PK3GAFUMWAURIU52TJOBB7AVGEXWD0B66KLLNZX7WDBBDSG2I6ZRVUYSJI95S8');
INSERT INTO deslocamento (codigo_pais, id_partida, itinerario, descricao_da_escolta) VALUES('POR', 4, '58XV7ITP3WQP759SY85NHBUKMV3CF01PX5FCP7JTYR54EF1XK0K7WUA4OMJLPRJD5B2CZ6C1ZMZ0FZFG4G1PP42C4KYCY7D', 'H29CNY7NXTHK5KZYHCRJ04YAJZHPH9C2ISSM0C3FIN15WSGUVA5WP4QNE83XQRGYRPCN1M8EILAMC2O1SX3HDQ');
INSERT INTO lance (id_partida, id_pessoa, time_stamp, tipo_lance, descricao) VALUES(4, 687, '0:45:0', 'FIM DO PRIMEIRO TEMPO', 'Juiz Becke apita o fim do primeiro tempo!');
INSERT INTO lance (id_partida, id_pessoa, time_stamp, tipo_lance, descricao) VALUES(4, 687, '1:30:0', 'FIM DO JOGO', 'Juiz Becke apita o fim do jogo!');
INSERT INTO lance (id_partida, id_pessoa, time_stamp, tipo_lance, descricao) VALUES(4, 90, '0:1:56', 'FALTA', 'Falta de Nani em David Silva!');
INSERT INTO lance (id_partida, id_pessoa, time_stamp, tipo_lance, descricao) VALUES(4, 104, '0:1:56', 'SOFREU FALTA', 'David Silva sofre falta de Nani!');
INSERT INTO lance (id_partida, id_pessoa, time_stamp, tipo_lance, descricao) VALUES(4, 104, '0:2:29', 'SUBSTITUICAO', 'Sai David Silva!');
INSERT INTO lance (id_partida, id_pessoa, time_stamp, tipo_lance, descricao) VALUES(4, 94, '0:2:29', 'SUBSTITUICAO', 'Entra Nacho Monreal!');
INSERT INTO lance (id_partida, id_pessoa, time_stamp, tipo_lance, descricao) VALUES(4, 105, '0:3:17', 'FALTA', 'Falta de Saúl Ñíguez em Cristiano Ronaldo!');
INSERT INTO lance (id_partida, id_pessoa, time_stamp, tipo_lance, descricao) VALUES(4, 89, '0:3:17', 'SOFREU FALTA', 'Cristiano Ronaldo sofre falta de Saúl Ñíguez!');
INSERT INTO lance (id_partida, id_pessoa, time_stamp, tipo_lance, descricao) VALUES(4, 82, '0:4:56', 'FALTA', 'Falta de Danilo Pereira em Sergio Buesquets!');
INSERT INTO lance (id_partida, id_pessoa, time_stamp, tipo_lance, descricao) VALUES(4, 98, '0:4:56', 'SOFREU FALTA', 'Sergio Buesquets sofre falta de Danilo Pereira!');
INSERT INTO lance (id_partida, id_pessoa, time_stamp, tipo_lance, descricao) VALUES(4, 88, '0:8:3', 'DEFESA', 'Defesa de Gerard Piqué!');
INSERT INTO lance (id_partida, id_pessoa, time_stamp, tipo_lance, descricao) VALUES(4, 86, '0:8:36', 'FALTA', 'Falta de Bernardo Silva em Sergio Buesquets!');
INSERT INTO lance (id_partida, id_pessoa, time_stamp, tipo_lance, descricao) VALUES(4, 98, '0:8:36', 'SOFREU FALTA', 'Sergio Buesquets sofre falta de Bernardo Silva!');
INSERT INTO lance (id_partida, id_pessoa, time_stamp, tipo_lance, descricao) VALUES(4, 106, '0:9:2', 'SUBSTITUICAO', 'Sai Álvaro Morata!');
INSERT INTO lance (id_partida, id_pessoa, time_stamp, tipo_lance, descricao) VALUES(4, 97, '0:9:2', 'SUBSTITUICAO', 'Entra Daniel Carvajal!');
INSERT INTO lance (id_partida, id_pessoa, time_stamp, tipo_lance, descricao) VALUES(4, 83, '0:9:17', 'FALTA', 'Falta de William Carvalho em Koke!');
INSERT INTO lance (id_partida, id_pessoa, time_stamp, tipo_lance, descricao) VALUES(4, 101, '0:9:17', 'SOFREU FALTA', 'Koke sofre falta de William Carvalho!');
INSERT INTO lance (id_partida, id_pessoa, time_stamp, tipo_lance, descricao) VALUES(4, 99, '0:9:36', 'DEFESA', 'Defesa de Gerard Piqué!');
INSERT INTO lance (id_partida, id_pessoa, time_stamp, tipo_lance, descricao) VALUES(4, 90, '0:10:41', 'FALTA', 'Falta de Nani em Andrés Iniesta!');
INSERT INTO lance (id_partida, id_pessoa, time_stamp, tipo_lance, descricao) VALUES(4, 103, '0:10:41', 'SOFREU FALTA', 'Andrés Iniesta sofre falta de Nani!');
INSERT INTO lance (id_partida, id_pessoa, time_stamp, tipo_lance, descricao) VALUES(4, 99, '0:11:42', 'DEFESA', 'Defesa de Gerard Piqué!');
INSERT INTO lance (id_partida, id_pessoa, time_stamp, tipo_lance, descricao) VALUES(4, 101, '0:13:40', 'FALTA', 'Falta de Koke em André Gomes!');
INSERT INTO lance (id_partida, id_pessoa, time_stamp, tipo_lance, descricao) VALUES(4, 84, '0:13:40', 'SOFREU FALTA', 'André Gomes sofre falta de Koke!');
INSERT INTO lance (id_partida, id_pessoa, time_stamp, tipo_lance, descricao) VALUES(4, 103, '0:18:30', 'FALTA', 'Falta de Andrés Iniesta em Ricardo Quaresma!');
INSERT INTO lance (id_partida, id_pessoa, time_stamp, tipo_lance, descricao) VALUES(4, 85, '0:18:30', 'SOFREU FALTA', 'Ricardo Quaresma sofre falta de Andrés Iniesta!');
INSERT INTO lance (id_partida, id_pessoa, time_stamp, tipo_lance, descricao) VALUES(4, 83, '0:19:31', 'DEFESA', 'Defesa de Gerard Piqué!');
INSERT INTO lance (id_partida, id_pessoa, time_stamp, tipo_lance, descricao) VALUES(4, 85, '0:21:59', 'FALTA', 'Falta de Ricardo Quaresma em Saúl Ñíguez!');
INSERT INTO lance (id_partida, id_pessoa, time_stamp, tipo_lance, descricao) VALUES(4, 105, '0:21:59', 'SOFREU FALTA', 'Saúl Ñíguez sofre falta de Ricardo Quaresma!');
INSERT INTO lance (id_partida, id_pessoa, time_stamp, tipo_lance, descricao) VALUES(4, 97, '0:23:46', 'FALTA', 'Falta de Daniel Carvajal em Nani!');
INSERT INTO lance (id_partida, id_pessoa, time_stamp, tipo_lance, descricao) VALUES(4, 90, '0:23:46', 'SOFREU FALTA', 'Nani sofre falta de Daniel Carvajal!');
INSERT INTO lance (id_partida, id_pessoa, time_stamp, tipo_lance, descricao) VALUES(4, 81, '0:24:4', 'FALTA', 'Falta de João Mário em Andrés Iniesta!');
INSERT INTO lance (id_partida, id_pessoa, time_stamp, tipo_lance, descricao) VALUES(4, 103, '0:24:4', 'SOFREU FALTA', 'Andrés Iniesta sofre falta de João Mário!');
INSERT INTO lance (id_partida, id_pessoa, time_stamp, tipo_lance, descricao) VALUES(4, 85, '0:26:6', 'SUBSTITUICAO', 'Sai Ricardo Quaresma!');
INSERT INTO lance (id_partida, id_pessoa, time_stamp, tipo_lance, descricao) VALUES(4, 78, '0:26:6', 'SUBSTITUICAO', 'Entra Cédric!');
INSERT INTO lance (id_partida, id_pessoa, time_stamp, tipo_lance, descricao) VALUES(4, 82, '0:26:59', 'FALTA', 'Falta de Danilo Pereira em Sergio Buesquets!');
INSERT INTO lance (id_partida, id_pessoa, time_stamp, tipo_lance, descricao) VALUES(4, 98, '0:26:59', 'SOFREU FALTA', 'Sergio Buesquets sofre falta de Danilo Pereira!');
INSERT INTO lance (id_partida, id_pessoa, time_stamp, tipo_lance, descricao) VALUES(4, 108, '0:28:14', 'DEFESA', 'Defesa de Gerard Piqué!');
INSERT INTO lance (id_partida, id_pessoa, time_stamp, tipo_lance, descricao) VALUES(4, 94, '0:33:50', 'FALTA', 'Falta de Nacho Monreal em William Carvalho!');
INSERT INTO lance (id_partida, id_pessoa, time_stamp, tipo_lance, descricao) VALUES(4, 83, '0:33:50', 'SOFREU FALTA', 'William Carvalho sofre falta de Nacho Monreal!');
INSERT INTO lance (id_partida, id_pessoa, time_stamp, tipo_lance, descricao) VALUES(4, 78, '0:35:22', 'FALTA', 'Falta de Cédric em Vitolo!');
INSERT INTO lance (id_partida, id_pessoa, time_stamp, tipo_lance, descricao) VALUES(4, 107, '0:35:22', 'SOFREU FALTA', 'Vitolo sofre falta de Cédric!');
INSERT INTO lance (id_partida, id_pessoa, time_stamp, tipo_lance, descricao) VALUES(4, 83, '0:40:50', 'FALTA', 'Falta de William Carvalho em Nacho Monreal!');
INSERT INTO lance (id_partida, id_pessoa, time_stamp, tipo_lance, descricao) VALUES(4, 94, '0:40:50', 'SOFREU FALTA', 'Nacho Monreal sofre falta de William Carvalho!');
INSERT INTO lance (id_partida, id_pessoa, time_stamp, tipo_lance, descricao) VALUES(4, 90, '0:41:23', 'SUBSTITUICAO', 'Sai Nani!');
INSERT INTO lance (id_partida, id_pessoa, time_stamp, tipo_lance, descricao) VALUES(4, 75, '0:41:23', 'SUBSTITUICAO', 'Entra Pepe!');
INSERT INTO lance (id_partida, id_pessoa, time_stamp, tipo_lance, descricao) VALUES(4, 100, '0:45:28', 'DEFESA', 'Defesa de Gerard Piqué!');
INSERT INTO lance (id_partida, id_pessoa, time_stamp, tipo_lance, descricao) VALUES(4, 78, '0:47:18', 'DEFESA', 'Defesa de Gerard Piqué!');
INSERT INTO lance (id_partida, id_pessoa, time_stamp, tipo_lance, descricao) VALUES(4, 75, '0:49:33', 'FALTA', 'Falta de Pepe em Andrés Iniesta!');
INSERT INTO lance (id_partida, id_pessoa, time_stamp, tipo_lance, descricao) VALUES(4, 103, '0:49:33', 'SOFREU FALTA', 'Andrés Iniesta sofre falta de Pepe!');
INSERT INTO lance (id_partida, id_pessoa, time_stamp, tipo_lance, descricao) VALUES(4, 81, '0:49:55', 'DEFESA', 'Defesa de Gerard Piqué!');
INSERT INTO lance (id_partida, id_pessoa, time_stamp, tipo_lance, descricao) VALUES(4, 99, '0:54:28', 'FALTA', 'Falta de Thiago em André Gomes!');
INSERT INTO lance (id_partida, id_pessoa, time_stamp, tipo_lance, descricao) VALUES(4, 84, '0:54:28', 'SOFREU FALTA', 'André Gomes sofre falta de Thiago!');
INSERT INTO lance (id_partida, id_pessoa, time_stamp, tipo_lance, descricao) VALUES(4, 75, '0:55:43', 'GOL', 'Gol de Pepe!');
INSERT INTO lance (id_partida, id_pessoa, time_stamp, tipo_lance, descricao) VALUES(4, 82, '0:55:51', 'FALTA', 'Falta de Danilo Pereira em Marco Asensio!');
INSERT INTO lance (id_partida, id_pessoa, time_stamp, tipo_lance, descricao) VALUES(4, 102, '0:55:51', 'SOFREU FALTA', 'Marco Asensio sofre falta de Danilo Pereira!');
INSERT INTO lance (id_partida, id_pessoa, time_stamp, tipo_lance, descricao) VALUES(4, 84, '0:56:29', 'FALTA', 'Falta de André Gomes em Saúl Ñíguez!');
INSERT INTO lance (id_partida, id_pessoa, time_stamp, tipo_lance, descricao) VALUES(4, 105, '0:56:29', 'SOFREU FALTA', 'Saúl Ñíguez sofre falta de André Gomes!');
INSERT INTO lance (id_partida, id_pessoa, time_stamp, tipo_lance, descricao) VALUES(4, 86, '0:57:39', 'DEFESA', 'Defesa de Gerard Piqué!');
INSERT INTO lance (id_partida, id_pessoa, time_stamp, tipo_lance, descricao) VALUES(4, 83, '1:2:32', 'FALTA', 'Falta de William Carvalho em Andrés Iniesta!');
INSERT INTO lance (id_partida, id_pessoa, time_stamp, tipo_lance, descricao) VALUES(4, 103, '1:2:32', 'SOFREU FALTA', 'Andrés Iniesta sofre falta de William Carvalho!');
INSERT INTO lance (id_partida, id_pessoa, time_stamp, tipo_lance, descricao) VALUES(4, 78, '1:9:8', 'DEFESA', 'Defesa de Gerard Piqué!');
INSERT INTO lance (id_partida, id_pessoa, time_stamp, tipo_lance, descricao) VALUES(4, 103, '1:12:44', 'FALTA', 'Falta de Andrés Iniesta em João Moutinho!');
INSERT INTO lance (id_partida, id_pessoa, time_stamp, tipo_lance, descricao) VALUES(4, 80, '1:12:44', 'SOFREU FALTA', 'João Moutinho sofre falta de Andrés Iniesta!');
INSERT INTO lance (id_partida, id_pessoa, time_stamp, tipo_lance, descricao) VALUES(4, 100, '1:15:58', 'DEFESA', 'Defesa de Gerard Piqué!');
INSERT INTO lance (id_partida, id_pessoa, time_stamp, tipo_lance, descricao) VALUES(4, 102, '1:17:59', 'GOL', 'Gol de Marco Asensio!');
INSERT INTO lance (id_partida, id_pessoa, time_stamp, tipo_lance, descricao) VALUES(4, 107, '1:19:1', 'FALTA', 'Falta de Vitolo em Pepe!');
INSERT INTO lance (id_partida, id_pessoa, time_stamp, tipo_lance, descricao) VALUES(4, 75, '1:19:1', 'SOFREU FALTA', 'Pepe sofre falta de Vitolo!');
INSERT INTO lance (id_partida, id_pessoa, time_stamp, tipo_lance, descricao) VALUES(4, 103, '1:22:47', 'DEFESA', 'Defesa de Gerard Piqué!');
INSERT INTO lance (id_partida, id_pessoa, time_stamp, tipo_lance, descricao) VALUES(4, 102, '1:24:22', 'DEFESA', 'Defesa de Gerard Piqué!');
INSERT INTO lance (id_partida, id_pessoa, time_stamp, tipo_lance, descricao) VALUES(4, 107, '1:25:24', 'SUBSTITUICAO', 'Sai Vitolo!');
INSERT INTO lance (id_partida, id_pessoa, time_stamp, tipo_lance, descricao) VALUES(4, 93, '1:25:24', 'SUBSTITUICAO', 'Entra Nacho!');
INSERT INTO apita (id_partida, id_pessoa) VALUES(5, 682);
INSERT INTO apita (id_partida, id_pessoa) VALUES(5, 599);
INSERT INTO apita (id_partida, id_pessoa) VALUES(5, 583);
INSERT INTO deslocamento (codigo_pais, id_partida, itinerario, descricao_da_escolta) VALUES('AUS', 5, '16QD80IQ65HIQHWB706UOOFQ1OOKWHIQ6PZQ8ULT96L2A526UYNTKNVN19LTL73YW1LBRGDNONURCNQ6WS083ZGS4MZ8I1HBCWFJT1PNVAF63DKOTO73G547V3HEQEEWGSPPHGN5CMN3TJZ0CLO44N5H1IY0TK7Q5S0KY4GNAC03SANLDRCFZK22XHY9RXL2P68BSPBHEB31WBZ04MWCI10U08WRGH5N18NVCM3YP5AYRAFVR7E', 'BITXFNLT2TA7GQAYXDYSS8XN1CDZ3A9JC0LTP0PYBK564CRAAR7NIVWDVG6DJV01T15PERJ7Y9RIC');
INSERT INTO deslocamento (codigo_pais, id_partida, itinerario, descricao_da_escolta) VALUES('FRA', 5, 'TZUDZMDWAREI8I4MOPTDMCHC6THAZIDNA3XHSG5OY70OL5SADLVBY8PQRSGGEC61N0HEVW3HUFPOM30AAH6NXBYCOGZ9AYKVB8AVXOOQRNRTTAEY2FG6GSELBFZO74H553MN2FNV2Q6KUFTOCAH4SNPS4YTRZASXFWYZX06W2UEZW316WLL6WNNRO3TDW5627IF7', '30MEUB7JZ6A6X5NYVB1JGK4H2A7YL2NY4O2V92BMPIY7SH89SDLHNYLT5EMUDJ77TLCIC2Y39P38V7YUB8FHQGLFDJZ5PRIGK1NGE07ZPSH75N78Q1SFDZQNA7E3D3NSGXX4TRQLBP288NK0');
INSERT INTO lance (id_partida, id_pessoa, time_stamp, tipo_lance, descricao) VALUES(5, 682, '0:45:0', 'FIM DO PRIMEIRO TEMPO', 'Juiz Bredin apita o fim do primeiro tempo!');
INSERT INTO lance (id_partida, id_pessoa, time_stamp, tipo_lance, descricao) VALUES(5, 682, '1:30:0', 'FIM DO JOGO', 'Juiz Bredin apita o fim do jogo!');
INSERT INTO lance (id_partida, id_pessoa, time_stamp, tipo_lance, descricao) VALUES(5, 161, '0:5:24', 'FALTA', 'Falta de Ousmane Dembélé em Mark Milligan!');
INSERT INTO lance (id_partida, id_pessoa, time_stamp, tipo_lance, descricao) VALUES(5, 170, '0:5:24', 'SOFREU FALTA', 'Mark Milligan sofre falta de Ousmane Dembélé!');
INSERT INTO lance (id_partida, id_pessoa, time_stamp, tipo_lance, descricao) VALUES(5, 158, '0:6:14', 'FALTA', 'Falta de Antoine Griezmann em Tom Rogic!');
INSERT INTO lance (id_partida, id_pessoa, time_stamp, tipo_lance, descricao) VALUES(5, 176, '0:6:14', 'SOFREU FALTA', 'Tom Rogic sofre falta de Antoine Griezmann!');
INSERT INTO lance (id_partida, id_pessoa, time_stamp, tipo_lance, descricao) VALUES(5, 152, '0:8:24', 'FALTA', 'Falta de Balise Matuidi em Massimo Luongo!');
INSERT INTO lance (id_partida, id_pessoa, time_stamp, tipo_lance, descricao) VALUES(5, 174, '0:8:24', 'SOFREU FALTA', 'Massimo Luongo sofre falta de Balise Matuidi!');
INSERT INTO lance (id_partida, id_pessoa, time_stamp, tipo_lance, descricao) VALUES(5, 152, '0:8:24', 'CARTAO AMARELO', 'Balise Matuidi ganhou um cartão amarelo!');
INSERT INTO lance (id_partida, id_pessoa, time_stamp, tipo_lance, descricao) VALUES(5, 178, '0:10:28', 'FALTA', 'Falta de Mathew Leckie em Alexandre Lacazette!');
INSERT INTO lance (id_partida, id_pessoa, time_stamp, tipo_lance, descricao) VALUES(5, 159, '0:10:28', 'SOFREU FALTA', 'Alexandre Lacazette sofre falta de Mathew Leckie!');
INSERT INTO lance (id_partida, id_pessoa, time_stamp, tipo_lance, descricao) VALUES(5, 173, '0:11:45', 'SUBSTITUICAO', 'Sai Mile Jedinak!');
INSERT INTO lance (id_partida, id_pessoa, time_stamp, tipo_lance, descricao) VALUES(5, 168, '0:11:45', 'SUBSTITUICAO', 'Entra Trent Sainsbury!');
INSERT INTO lance (id_partida, id_pessoa, time_stamp, tipo_lance, descricao) VALUES(5, 178, '0:12:49', 'FALTA', 'Falta de Mathew Leckie em Olivier Giroud!');
INSERT INTO lance (id_partida, id_pessoa, time_stamp, tipo_lance, descricao) VALUES(5, 157, '0:12:49', 'SOFREU FALTA', 'Olivier Giroud sofre falta de Mathew Leckie!');
INSERT INTO lance (id_partida, id_pessoa, time_stamp, tipo_lance, descricao) VALUES(5, 158, '0:13:22', 'FALTA', 'Falta de Antoine Griezmann em Tim Cahill!');
INSERT INTO lance (id_partida, id_pessoa, time_stamp, tipo_lance, descricao) VALUES(5, 177, '0:13:22', 'SOFREU FALTA', 'Tim Cahill sofre falta de Antoine Griezmann!');
INSERT INTO lance (id_partida, id_pessoa, time_stamp, tipo_lance, descricao) VALUES(5, 154, '0:14:6', 'DEFESA', 'Defesa de Aziz Behich!');
INSERT INTO lance (id_partida, id_pessoa, time_stamp, tipo_lance, descricao) VALUES(5, 179, '0:14:31', 'FALTA', 'Falta de Tomi Juric em N’Golo Kanté!');
INSERT INTO lance (id_partida, id_pessoa, time_stamp, tipo_lance, descricao) VALUES(5, 153, '0:14:31', 'SOFREU FALTA', 'N’Golo Kanté sofre falta de Tomi Juric!');
INSERT INTO lance (id_partida, id_pessoa, time_stamp, tipo_lance, descricao) VALUES(5, 176, '0:15:14', 'FALTA', 'Falta de Tom Rogic em Kylian Mbappé!');
INSERT INTO lance (id_partida, id_pessoa, time_stamp, tipo_lance, descricao) VALUES(5, 160, '0:15:14', 'SOFREU FALTA', 'Kylian Mbappé sofre falta de Tom Rogic!');
INSERT INTO lance (id_partida, id_pessoa, time_stamp, tipo_lance, descricao) VALUES(5, 178, '0:17:7', 'FALTA', 'Falta de Mathew Leckie em Olivier Giroud!');
INSERT INTO lance (id_partida, id_pessoa, time_stamp, tipo_lance, descricao) VALUES(5, 157, '0:17:7', 'SOFREU FALTA', 'Olivier Giroud sofre falta de Mathew Leckie!');
INSERT INTO lance (id_partida, id_pessoa, time_stamp, tipo_lance, descricao) VALUES(5, 157, '0:17:20', 'FALTA', 'Falta de Olivier Giroud em Mathew Leckie!');
INSERT INTO lance (id_partida, id_pessoa, time_stamp, tipo_lance, descricao) VALUES(5, 178, '0:17:20', 'SOFREU FALTA', 'Mathew Leckie sofre falta de Olivier Giroud!');
INSERT INTO lance (id_partida, id_pessoa, time_stamp, tipo_lance, descricao) VALUES(5, 159, '0:17:30', 'FALTA', 'Falta de Alexandre Lacazette em Jackson Irvine!');
INSERT INTO lance (id_partida, id_pessoa, time_stamp, tipo_lance, descricao) VALUES(5, 175, '0:17:30', 'SOFREU FALTA', 'Jackson Irvine sofre falta de Alexandre Lacazette!');
INSERT INTO lance (id_partida, id_pessoa, time_stamp, tipo_lance, descricao) VALUES(5, 180, '0:25:17', 'FALTA', 'Falta de Robbie Kruse em Alexandre Lacazette!');
INSERT INTO lance (id_partida, id_pessoa, time_stamp, tipo_lance, descricao) VALUES(5, 159, '0:25:17', 'SOFREU FALTA', 'Alexandre Lacazette sofre falta de Robbie Kruse!');
INSERT INTO lance (id_partida, id_pessoa, time_stamp, tipo_lance, descricao) VALUES(5, 176, '0:27:29', 'FALTA', 'Falta de Tom Rogic em Olivier Giroud!');
INSERT INTO lance (id_partida, id_pessoa, time_stamp, tipo_lance, descricao) VALUES(5, 157, '0:27:29', 'SOFREU FALTA', 'Olivier Giroud sofre falta de Tom Rogic!');
INSERT INTO lance (id_partida, id_pessoa, time_stamp, tipo_lance, descricao) VALUES(5, 160, '0:29:20', 'FALTA', 'Falta de Kylian Mbappé em Mathew Leckie!');
INSERT INTO lance (id_partida, id_pessoa, time_stamp, tipo_lance, descricao) VALUES(5, 178, '0:29:20', 'SOFREU FALTA', 'Mathew Leckie sofre falta de Kylian Mbappé!');
INSERT INTO lance (id_partida, id_pessoa, time_stamp, tipo_lance, descricao) VALUES(5, 158, '0:33:9', 'DEFESA', 'Defesa de Aziz Behich!');
INSERT INTO lance (id_partida, id_pessoa, time_stamp, tipo_lance, descricao) VALUES(5, 178, '0:36:58', 'FALTA', 'Falta de Mathew Leckie em N’Golo Kanté!');
INSERT INTO lance (id_partida, id_pessoa, time_stamp, tipo_lance, descricao) VALUES(5, 153, '0:36:58', 'SOFREU FALTA', 'N’Golo Kanté sofre falta de Mathew Leckie!');
INSERT INTO lance (id_partida, id_pessoa, time_stamp, tipo_lance, descricao) VALUES(5, 152, '0:39:8', 'FALTA', 'Falta de Balise Matuidi em Trent Sainsbury!');
INSERT INTO lance (id_partida, id_pessoa, time_stamp, tipo_lance, descricao) VALUES(5, 168, '0:39:8', 'SOFREU FALTA', 'Trent Sainsbury sofre falta de Balise Matuidi!');
INSERT INTO lance (id_partida, id_pessoa, time_stamp, tipo_lance, descricao) VALUES(5, 168, '0:39:18', 'FALTA', 'Falta de Trent Sainsbury em Alexandre Lacazette!');
INSERT INTO lance (id_partida, id_pessoa, time_stamp, tipo_lance, descricao) VALUES(5, 159, '0:39:18', 'SOFREU FALTA', 'Alexandre Lacazette sofre falta de Trent Sainsbury!');
INSERT INTO lance (id_partida, id_pessoa, time_stamp, tipo_lance, descricao) VALUES(5, 168, '0:39:18', 'CARTAO AMARELO', 'Trent Sainsbury ganhou um cartão amarelo!');
INSERT INTO lance (id_partida, id_pessoa, time_stamp, tipo_lance, descricao) VALUES(5, 168, '0:46:26', 'ASSISTENCIA', 'Assistencia de Tom Rogic!');
INSERT INTO lance (id_partida, id_pessoa, time_stamp, tipo_lance, descricao) VALUES(5, 168, '0:46:26', 'GOL', 'Gol de Trent Sainsbury!');
INSERT INTO lance (id_partida, id_pessoa, time_stamp, tipo_lance, descricao) VALUES(5, 168, '0:46:37', 'DEFESA', 'Defesa de Aziz Behich!');
INSERT INTO lance (id_partida, id_pessoa, time_stamp, tipo_lance, descricao) VALUES(5, 177, '0:47:24', 'SUBSTITUICAO', 'Sai Tim Cahill!');
INSERT INTO lance (id_partida, id_pessoa, time_stamp, tipo_lance, descricao) VALUES(5, 169, '0:47:24', 'SUBSTITUICAO', 'Entra Ryan McGowan!');
INSERT INTO lance (id_partida, id_pessoa, time_stamp, tipo_lance, descricao) VALUES(5, 156, '0:53:38', 'FALTA', 'Falta de Paul Pogba em Trent Sainsbury!');
INSERT INTO lance (id_partida, id_pessoa, time_stamp, tipo_lance, descricao) VALUES(5, 168, '0:53:38', 'SOFREU FALTA', 'Trent Sainsbury sofre falta de Paul Pogba!');
INSERT INTO lance (id_partida, id_pessoa, time_stamp, tipo_lance, descricao) VALUES(5, 178, '0:56:41', 'SUBSTITUICAO', 'Sai Mathew Leckie!');
INSERT INTO lance (id_partida, id_pessoa, time_stamp, tipo_lance, descricao) VALUES(5, 164, '0:56:41', 'SUBSTITUICAO', 'Entra Mitchell Langerak!');
INSERT INTO lance (id_partida, id_pessoa, time_stamp, tipo_lance, descricao) VALUES(5, 155, '0:57:36', 'FALTA', 'Falta de Adrien Rabiot em Ryan McGowan!');
INSERT INTO lance (id_partida, id_pessoa, time_stamp, tipo_lance, descricao) VALUES(5, 169, '0:57:36', 'SOFREU FALTA', 'Ryan McGowan sofre falta de Adrien Rabiot!');
INSERT INTO lance (id_partida, id_pessoa, time_stamp, tipo_lance, descricao) VALUES(5, 155, '0:57:36', 'CARTAO AMARELO', 'Adrien Rabiot ganhou um cartão amarelo!');
INSERT INTO lance (id_partida, id_pessoa, time_stamp, tipo_lance, descricao) VALUES(5, 175, '0:57:54', 'FALTA', 'Falta de Jackson Irvine em Thomas Lemar!');
INSERT INTO lance (id_partida, id_pessoa, time_stamp, tipo_lance, descricao) VALUES(5, 154, '0:57:54', 'SOFREU FALTA', 'Thomas Lemar sofre falta de Jackson Irvine!');
INSERT INTO lance (id_partida, id_pessoa, time_stamp, tipo_lance, descricao) VALUES(5, 169, '0:58:37', 'FALTA', 'Falta de Ryan McGowan em Adrien Rabiot!');
INSERT INTO lance (id_partida, id_pessoa, time_stamp, tipo_lance, descricao) VALUES(5, 155, '0:58:37', 'SOFREU FALTA', 'Adrien Rabiot sofre falta de Ryan McGowan!');
INSERT INTO lance (id_partida, id_pessoa, time_stamp, tipo_lance, descricao) VALUES(5, 180, '0:59:3', 'SUBSTITUICAO', 'Sai Robbie Kruse!');
INSERT INTO lance (id_partida, id_pessoa, time_stamp, tipo_lance, descricao) VALUES(5, 166, '0:59:3', 'SUBSTITUICAO', 'Entra Bailey Wright!');
INSERT INTO lance (id_partida, id_pessoa, time_stamp, tipo_lance, descricao) VALUES(5, 168, '1:5:43', 'FALTA', 'Falta de Trent Sainsbury em N’Golo Kanté!');
INSERT INTO lance (id_partida, id_pessoa, time_stamp, tipo_lance, descricao) VALUES(5, 153, '1:5:43', 'SOFREU FALTA', 'N’Golo Kanté sofre falta de Trent Sainsbury!');
INSERT INTO lance (id_partida, id_pessoa, time_stamp, tipo_lance, descricao) VALUES(5, 156, '1:7:28', 'FALTA', 'Falta de Paul Pogba em Jackson Irvine!');
INSERT INTO lance (id_partida, id_pessoa, time_stamp, tipo_lance, descricao) VALUES(5, 175, '1:7:28', 'SOFREU FALTA', 'Jackson Irvine sofre falta de Paul Pogba!');
INSERT INTO lance (id_partida, id_pessoa, time_stamp, tipo_lance, descricao) VALUES(5, 166, '1:8:14', 'DEFESA', 'Defesa de Aziz Behich!');
INSERT INTO lance (id_partida, id_pessoa, time_stamp, tipo_lance, descricao) VALUES(5, 161, '1:9:31', 'DEFESA', 'Defesa de Aziz Behich!');
INSERT INTO lance (id_partida, id_pessoa, time_stamp, tipo_lance, descricao) VALUES(5, 160, '1:9:50', 'FALTA', 'Falta de Kylian Mbappé em Tom Rogic!');
INSERT INTO lance (id_partida, id_pessoa, time_stamp, tipo_lance, descricao) VALUES(5, 176, '1:9:50', 'SOFREU FALTA', 'Tom Rogic sofre falta de Kylian Mbappé!');
INSERT INTO lance (id_partida, id_pessoa, time_stamp, tipo_lance, descricao) VALUES(5, 152, '1:11:7', 'FALTA', 'Falta de Balise Matuidi em Massimo Luongo!');
INSERT INTO lance (id_partida, id_pessoa, time_stamp, tipo_lance, descricao) VALUES(5, 174, '1:11:7', 'SOFREU FALTA', 'Massimo Luongo sofre falta de Balise Matuidi!');
INSERT INTO lance (id_partida, id_pessoa, time_stamp, tipo_lance, descricao) VALUES(5, 171, '1:12:54', 'FALTA', 'Falta de Aaron Mooy em Anthony Martial!');
INSERT INTO lance (id_partida, id_pessoa, time_stamp, tipo_lance, descricao) VALUES(5, 162, '1:12:54', 'SOFREU FALTA', 'Anthony Martial sofre falta de Aaron Mooy!');
INSERT INTO lance (id_partida, id_pessoa, time_stamp, tipo_lance, descricao) VALUES(5, 155, '1:13:52', 'SUBSTITUICAO', 'Sai Adrien Rabiot!');
INSERT INTO lance (id_partida, id_pessoa, time_stamp, tipo_lance, descricao) VALUES(5, 149, '1:13:52', 'SUBSTITUICAO', 'Entra Samuel Umtiti!');
INSERT INTO lance (id_partida, id_pessoa, time_stamp, tipo_lance, descricao) VALUES(5, 152, '1:16:33', 'FALTA', 'Falta de Balise Matuidi em Mark Milligan!');
INSERT INTO lance (id_partida, id_pessoa, time_stamp, tipo_lance, descricao) VALUES(5, 170, '1:16:33', 'SOFREU FALTA', 'Mark Milligan sofre falta de Balise Matuidi!');
INSERT INTO lance (id_partida, id_pessoa, time_stamp, tipo_lance, descricao) VALUES(5, 157, '1:18:17', 'FALTA', 'Falta de Olivier Giroud em Tom Rogic!');
INSERT INTO lance (id_partida, id_pessoa, time_stamp, tipo_lance, descricao) VALUES(5, 176, '1:18:17', 'SOFREU FALTA', 'Tom Rogic sofre falta de Olivier Giroud!');
INSERT INTO lance (id_partida, id_pessoa, time_stamp, tipo_lance, descricao) VALUES(5, 169, '1:20:19', 'FALTA', 'Falta de Ryan McGowan em Olivier Giroud!');
INSERT INTO lance (id_partida, id_pessoa, time_stamp, tipo_lance, descricao) VALUES(5, 157, '1:20:19', 'SOFREU FALTA', 'Olivier Giroud sofre falta de Ryan McGowan!');
INSERT INTO lance (id_partida, id_pessoa, time_stamp, tipo_lance, descricao) VALUES(5, 164, '1:24:3', 'FALTA', 'Falta de Mitchell Langerak em Ousmane Dembélé!');
INSERT INTO lance (id_partida, id_pessoa, time_stamp, tipo_lance, descricao) VALUES(5, 161, '1:24:3', 'SOFREU FALTA', 'Ousmane Dembélé sofre falta de Mitchell Langerak!');
INSERT INTO lance (id_partida, id_pessoa, time_stamp, tipo_lance, descricao) VALUES(5, 176, '1:27:30', 'DEFESA', 'Defesa de Aziz Behich!');
INSERT INTO lance (id_partida, id_pessoa, time_stamp, tipo_lance, descricao) VALUES(5, 179, '1:28:55', 'ASSISTENCIA', 'Assistencia de Tom Rogic!');
INSERT INTO lance (id_partida, id_pessoa, time_stamp, tipo_lance, descricao) VALUES(5, 179, '1:28:55', 'GOL', 'Gol de Tomi Juric!');
INSERT INTO lance (id_partida, id_pessoa, time_stamp, tipo_lance, descricao) VALUES(5, 149, '1:29:55', 'FALTA', 'Falta de Samuel Umtiti em Jackson Irvine!');
INSERT INTO lance (id_partida, id_pessoa, time_stamp, tipo_lance, descricao) VALUES(5, 175, '1:29:55', 'SOFREU FALTA', 'Jackson Irvine sofre falta de Samuel Umtiti!');
INSERT INTO apita (id_partida, id_pessoa) VALUES(6, 672);
INSERT INTO apita (id_partida, id_pessoa) VALUES(6, 649);
INSERT INTO apita (id_partida, id_pessoa) VALUES(6, 593);
INSERT INTO deslocamento (codigo_pais, id_partida, itinerario, descricao_da_escolta) VALUES('ARG', 6, '9U3IRWPXKM74ZY3O6DGGIE1SS7OCBBN67DSN1IA7VMEMX6EYDD8UQXD42L0THMVJ9A6WFQXXCJV5AP4V2088D2QK9YUQRQZI04MW9RTXQKRHCH3M', 'F1ROXFGUWWR6GFWTNEFCHVLHLR2KII24H9MZI4DZGCN4B0KF5XYDXKJTPKCFN6LO4XYH27LTBQ6FIQFUHXPUTYG703J717MK08AOCCM8MFCHNEL9FS8ZQ15FQ1Q9XN1DEWOJP0SEKQIN');
INSERT INTO deslocamento (codigo_pais, id_partida, itinerario, descricao_da_escolta) VALUES('ISL', 6, '8UVSJ2J9W39D47KWNK8N8C0ZBTO94P9SRSRH5QNVSES3PFV2IS6GJAY635Q0OJEG3QWMQD066N44U7K68V1LS3JR4VN9AXHI9L98TIME19K5F3L6VU12S2YAGER4Z16IGW5J7LMZJWUSTOLAKRNP6OZGX92O1SP9DBYT8C8JHBS6I', 'R23QUINQL16YV7T781HUPRZ2CHSDH5637RS9VK7GVWZ6XJQA0KC1ZYZ9DAOMZKIQ5C0EPUMY3A8312E');
INSERT INTO lance (id_partida, id_pessoa, time_stamp, tipo_lance, descricao) VALUES(6, 672, '0:45:0', 'FIM DO PRIMEIRO TEMPO', 'Juiz Abati apita o fim do primeiro tempo!');
INSERT INTO lance (id_partida, id_pessoa, time_stamp, tipo_lance, descricao) VALUES(6, 672, '1:30:0', 'FIM DO JOGO', 'Juiz Abati apita o fim do jogo!');
INSERT INTO lance (id_partida, id_pessoa, time_stamp, tipo_lance, descricao) VALUES(6, 231, '0:1:39', 'FALTA', 'Falta de Lionel Messi em Rúrik Gíslason!');
INSERT INTO lance (id_partida, id_pessoa, time_stamp, tipo_lance, descricao) VALUES(6, 247, '0:1:39', 'SOFREU FALTA', 'Rúrik Gíslason sofre falta de Lionel Messi!');
INSERT INTO lance (id_partida, id_pessoa, time_stamp, tipo_lance, descricao) VALUES(6, 244, '0:4:8', 'FALTA', 'Falta de Emil Hallfredsson em Eduardo Salvio!');
INSERT INTO lance (id_partida, id_pessoa, time_stamp, tipo_lance, descricao) VALUES(6, 229, '0:4:8', 'SOFREU FALTA', 'Eduardo Salvio sofre falta de Emil Hallfredsson!');
INSERT INTO lance (id_partida, id_pessoa, time_stamp, tipo_lance, descricao) VALUES(6, 230, '0:12:47', 'FALTA', 'Falta de Mauro Icardi em Emil Hallfredsson!');
INSERT INTO lance (id_partida, id_pessoa, time_stamp, tipo_lance, descricao) VALUES(6, 244, '0:12:47', 'SOFREU FALTA', 'Emil Hallfredsson sofre falta de Mauro Icardi!');
INSERT INTO lance (id_partida, id_pessoa, time_stamp, tipo_lance, descricao) VALUES(6, 246, '0:19:26', 'FALTA', 'Falta de Arnór Ingvi Traustason em Éver Banega!');
INSERT INTO lance (id_partida, id_pessoa, time_stamp, tipo_lance, descricao) VALUES(6, 228, '0:19:26', 'SOFREU FALTA', 'Éver Banega sofre falta de Arnór Ingvi Traustason!');
INSERT INTO lance (id_partida, id_pessoa, time_stamp, tipo_lance, descricao) VALUES(6, 227, '0:20:9', 'FALTA', 'Falta de Marcos Acuña em Vidar Örn Kjartansson!');
INSERT INTO lance (id_partida, id_pessoa, time_stamp, tipo_lance, descricao) VALUES(6, 251, '0:20:9', 'SOFREU FALTA', 'Vidar Örn Kjartansson sofre falta de Marcos Acuña!');
INSERT INTO lance (id_partida, id_pessoa, time_stamp, tipo_lance, descricao) VALUES(6, 246, '0:22:5', 'FALTA', 'Falta de Arnór Ingvi Traustason em Eduardo Salvio!');
INSERT INTO lance (id_partida, id_pessoa, time_stamp, tipo_lance, descricao) VALUES(6, 229, '0:22:5', 'SOFREU FALTA', 'Eduardo Salvio sofre falta de Arnór Ingvi Traustason!');
INSERT INTO lance (id_partida, id_pessoa, time_stamp, tipo_lance, descricao) VALUES(6, 251, '0:25:27', 'DEFESA', 'Defesa de Nicolás Otamendi!');
INSERT INTO lance (id_partida, id_pessoa, time_stamp, tipo_lance, descricao) VALUES(6, 232, '0:32:32', 'DEFESA', 'Defesa de Nicolás Otamendi!');
INSERT INTO lance (id_partida, id_pessoa, time_stamp, tipo_lance, descricao) VALUES(6, 224, '0:36:44', 'SUBSTITUICAO', 'Sai Lucas Biglia!');
INSERT INTO lance (id_partida, id_pessoa, time_stamp, tipo_lance, descricao) VALUES(6, 220, '0:36:44', 'SUBSTITUICAO', 'Entra Javier Mascherano!');
INSERT INTO lance (id_partida, id_pessoa, time_stamp, tipo_lance, descricao) VALUES(6, 248, '0:40:27', 'FALTA', 'Falta de Johann Gudmundsson em Javier Mascherano!');
INSERT INTO lance (id_partida, id_pessoa, time_stamp, tipo_lance, descricao) VALUES(6, 220, '0:40:27', 'SOFREU FALTA', 'Javier Mascherano sofre falta de Johann Gudmundsson!');
INSERT INTO lance (id_partida, id_pessoa, time_stamp, tipo_lance, descricao) VALUES(6, 248, '0:43:27', 'FALTA', 'Falta de Johann Gudmundsson em Eduardo Salvio!');
INSERT INTO lance (id_partida, id_pessoa, time_stamp, tipo_lance, descricao) VALUES(6, 229, '0:43:27', 'SOFREU FALTA', 'Eduardo Salvio sofre falta de Johann Gudmundsson!');
INSERT INTO lance (id_partida, id_pessoa, time_stamp, tipo_lance, descricao) VALUES(6, 227, '0:43:55', 'FALTA', 'Falta de Marcos Acuña em Johann Gudmundsson!');
INSERT INTO lance (id_partida, id_pessoa, time_stamp, tipo_lance, descricao) VALUES(6, 248, '0:43:55', 'SOFREU FALTA', 'Johann Gudmundsson sofre falta de Marcos Acuña!');
INSERT INTO lance (id_partida, id_pessoa, time_stamp, tipo_lance, descricao) VALUES(6, 225, '0:45:1', 'FALTA', 'Falta de Enzo Pérez em Johann Gudmundsson!');
INSERT INTO lance (id_partida, id_pessoa, time_stamp, tipo_lance, descricao) VALUES(6, 248, '0:45:1', 'SOFREU FALTA', 'Johann Gudmundsson sofre falta de Enzo Pérez!');
INSERT INTO lance (id_partida, id_pessoa, time_stamp, tipo_lance, descricao) VALUES(6, 226, '0:47:36', 'DEFESA', 'Defesa de Nicolás Otamendi!');
INSERT INTO lance (id_partida, id_pessoa, time_stamp, tipo_lance, descricao) VALUES(6, 249, '0:49:1', 'DEFESA', 'Defesa de Nicolás Otamendi!');
INSERT INTO lance (id_partida, id_pessoa, time_stamp, tipo_lance, descricao) VALUES(6, 232, '0:49:2', 'SUBSTITUICAO', 'Sai Paulo Dybala!');
INSERT INTO lance (id_partida, id_pessoa, time_stamp, tipo_lance, descricao) VALUES(6, 224, '0:49:2', 'SUBSTITUICAO', 'Entra Lucas Biglia!');
INSERT INTO lance (id_partida, id_pessoa, time_stamp, tipo_lance, descricao) VALUES(6, 245, '0:52:17', 'DEFESA', 'Defesa de Nicolás Otamendi!');
INSERT INTO lance (id_partida, id_pessoa, time_stamp, tipo_lance, descricao) VALUES(6, 247, '0:52:56', 'FALTA', 'Falta de Rúrik Gíslason em Lionel Messi!');
INSERT INTO lance (id_partida, id_pessoa, time_stamp, tipo_lance, descricao) VALUES(6, 231, '0:52:56', 'SOFREU FALTA', 'Lionel Messi sofre falta de Rúrik Gíslason!');
INSERT INTO lance (id_partida, id_pessoa, time_stamp, tipo_lance, descricao) VALUES(6, 227, '0:53:2', 'FALTA', 'Falta de Marcos Acuña em Johann Gudmundsson!');
INSERT INTO lance (id_partida, id_pessoa, time_stamp, tipo_lance, descricao) VALUES(6, 248, '0:53:2', 'SOFREU FALTA', 'Johann Gudmundsson sofre falta de Marcos Acuña!');
INSERT INTO lance (id_partida, id_pessoa, time_stamp, tipo_lance, descricao) VALUES(6, 230, '0:53:56', 'FALTA', 'Falta de Mauro Icardi em Vidar Örn Kjartansson!');
INSERT INTO lance (id_partida, id_pessoa, time_stamp, tipo_lance, descricao) VALUES(6, 251, '0:53:56', 'SOFREU FALTA', 'Vidar Örn Kjartansson sofre falta de Mauro Icardi!');
INSERT INTO lance (id_partida, id_pessoa, time_stamp, tipo_lance, descricao) VALUES(6, 246, '0:56:11', 'FALTA', 'Falta de Arnór Ingvi Traustason em Ángel Di Maria!');
INSERT INTO lance (id_partida, id_pessoa, time_stamp, tipo_lance, descricao) VALUES(6, 226, '0:56:11', 'SOFREU FALTA', 'Ángel Di Maria sofre falta de Arnór Ingvi Traustason!');
INSERT INTO lance (id_partida, id_pessoa, time_stamp, tipo_lance, descricao) VALUES(6, 228, '0:56:17', 'FALTA', 'Falta de Éver Banega em Gylfi Sigurdsson!');
INSERT INTO lance (id_partida, id_pessoa, time_stamp, tipo_lance, descricao) VALUES(6, 245, '0:56:17', 'SOFREU FALTA', 'Gylfi Sigurdsson sofre falta de Éver Banega!');
INSERT INTO lance (id_partida, id_pessoa, time_stamp, tipo_lance, descricao) VALUES(6, 225, '0:57:16', 'FALTA', 'Falta de Enzo Pérez em Johann Gudmundsson!');
INSERT INTO lance (id_partida, id_pessoa, time_stamp, tipo_lance, descricao) VALUES(6, 248, '0:57:16', 'SOFREU FALTA', 'Johann Gudmundsson sofre falta de Enzo Pérez!');
INSERT INTO lance (id_partida, id_pessoa, time_stamp, tipo_lance, descricao) VALUES(6, 228, '1:0:48', 'FALTA', 'Falta de Éver Banega em Emil Hallfredsson!');
INSERT INTO lance (id_partida, id_pessoa, time_stamp, tipo_lance, descricao) VALUES(6, 244, '1:0:48', 'SOFREU FALTA', 'Emil Hallfredsson sofre falta de Éver Banega!');
INSERT INTO lance (id_partida, id_pessoa, time_stamp, tipo_lance, descricao) VALUES(6, 233, '1:2:18', 'FALTA', 'Falta de Sergio Agüero em Jón Dadi Bödvarsson!');
INSERT INTO lance (id_partida, id_pessoa, time_stamp, tipo_lance, descricao) VALUES(6, 250, '1:2:18', 'SOFREU FALTA', 'Jón Dadi Bödvarsson sofre falta de Sergio Agüero!');
INSERT INTO lance (id_partida, id_pessoa, time_stamp, tipo_lance, descricao) VALUES(6, 249, '1:5:26', 'FALTA', 'Falta de Alfred Finnbogason em Ángel Di Maria!');
INSERT INTO lance (id_partida, id_pessoa, time_stamp, tipo_lance, descricao) VALUES(6, 226, '1:5:26', 'SOFREU FALTA', 'Ángel Di Maria sofre falta de Alfred Finnbogason!');
INSERT INTO lance (id_partida, id_pessoa, time_stamp, tipo_lance, descricao) VALUES(6, 242, '1:7:41', 'FALTA', 'Falta de Aron Gunnarsson em Lionel Messi!');
INSERT INTO lance (id_partida, id_pessoa, time_stamp, tipo_lance, descricao) VALUES(6, 231, '1:7:41', 'SOFREU FALTA', 'Lionel Messi sofre falta de Aron Gunnarsson!');
INSERT INTO lance (id_partida, id_pessoa, time_stamp, tipo_lance, descricao) VALUES(6, 242, '1:11:37', 'FALTA', 'Falta de Aron Gunnarsson em Lionel Messi!');
INSERT INTO lance (id_partida, id_pessoa, time_stamp, tipo_lance, descricao) VALUES(6, 231, '1:11:37', 'SOFREU FALTA', 'Lionel Messi sofre falta de Aron Gunnarsson!');
INSERT INTO lance (id_partida, id_pessoa, time_stamp, tipo_lance, descricao) VALUES(6, 226, '1:13:38', 'SUBSTITUICAO', 'Sai Ángel Di Maria!');
INSERT INTO lance (id_partida, id_pessoa, time_stamp, tipo_lance, descricao) VALUES(6, 232, '1:13:38', 'SUBSTITUICAO', 'Entra Paulo Dybala!');
INSERT INTO lance (id_partida, id_pessoa, time_stamp, tipo_lance, descricao) VALUES(6, 233, '1:17:32', 'FALTA', 'Falta de Sergio Agüero em Johann Gudmundsson!');
INSERT INTO lance (id_partida, id_pessoa, time_stamp, tipo_lance, descricao) VALUES(6, 248, '1:17:32', 'SOFREU FALTA', 'Johann Gudmundsson sofre falta de Sergio Agüero!');
INSERT INTO lance (id_partida, id_pessoa, time_stamp, tipo_lance, descricao) VALUES(6, 234, '1:17:46', 'FALTA', 'Falta de Gonzalo Higuaín em Emil Hallfredsson!');
INSERT INTO lance (id_partida, id_pessoa, time_stamp, tipo_lance, descricao) VALUES(6, 244, '1:17:46', 'SOFREU FALTA', 'Emil Hallfredsson sofre falta de Gonzalo Higuaín!');
INSERT INTO lance (id_partida, id_pessoa, time_stamp, tipo_lance, descricao) VALUES(6, 227, '1:18:21', 'FALTA', 'Falta de Marcos Acuña em Johann Gudmundsson!');
INSERT INTO lance (id_partida, id_pessoa, time_stamp, tipo_lance, descricao) VALUES(6, 248, '1:18:21', 'SOFREU FALTA', 'Johann Gudmundsson sofre falta de Marcos Acuña!');
INSERT INTO lance (id_partida, id_pessoa, time_stamp, tipo_lance, descricao) VALUES(6, 244, '1:18:49', 'DEFESA', 'Defesa de Nicolás Otamendi!');
INSERT INTO lance (id_partida, id_pessoa, time_stamp, tipo_lance, descricao) VALUES(6, 243, '1:19:35', 'FALTA', 'Falta de Birkir Bjarnason em Enzo Pérez!');
INSERT INTO lance (id_partida, id_pessoa, time_stamp, tipo_lance, descricao) VALUES(6, 225, '1:19:35', 'SOFREU FALTA', 'Enzo Pérez sofre falta de Birkir Bjarnason!');
INSERT INTO lance (id_partida, id_pessoa, time_stamp, tipo_lance, descricao) VALUES(6, 231, '1:21:29', 'FALTA', 'Falta de Lionel Messi em Arnór Ingvi Traustason!');
INSERT INTO lance (id_partida, id_pessoa, time_stamp, tipo_lance, descricao) VALUES(6, 246, '1:21:29', 'SOFREU FALTA', 'Arnór Ingvi Traustason sofre falta de Lionel Messi!');
INSERT INTO lance (id_partida, id_pessoa, time_stamp, tipo_lance, descricao) VALUES(6, 246, '1:21:50', 'DEFESA', 'Defesa de Nicolás Otamendi!');
INSERT INTO lance (id_partida, id_pessoa, time_stamp, tipo_lance, descricao) VALUES(6, 232, '1:23:54', 'FALTA', 'Falta de Paulo Dybala em Gylfi Sigurdsson!');
INSERT INTO lance (id_partida, id_pessoa, time_stamp, tipo_lance, descricao) VALUES(6, 245, '1:23:54', 'SOFREU FALTA', 'Gylfi Sigurdsson sofre falta de Paulo Dybala!');
INSERT INTO lance (id_partida, id_pessoa, time_stamp, tipo_lance, descricao) VALUES(6, 232, '1:23:54', 'CARTAO AMARELO', 'Paulo Dybala ganhou um cartão amarelo!');
INSERT INTO lance (id_partida, id_pessoa, time_stamp, tipo_lance, descricao) VALUES(6, 220, '1:24:30', 'SUBSTITUICAO', 'Sai Javier Mascherano!');
INSERT INTO lance (id_partida, id_pessoa, time_stamp, tipo_lance, descricao) VALUES(6, 218, '1:24:30', 'SUBSTITUICAO', 'Entra Gabriel Mercado!');
INSERT INTO lance (id_partida, id_pessoa, time_stamp, tipo_lance, descricao) VALUES(6, 244, '1:25:18', 'FALTA', 'Falta de Emil Hallfredsson em Gabriel Mercado!');
INSERT INTO lance (id_partida, id_pessoa, time_stamp, tipo_lance, descricao) VALUES(6, 218, '1:25:18', 'SOFREU FALTA', 'Gabriel Mercado sofre falta de Emil Hallfredsson!');
INSERT INTO lance (id_partida, id_pessoa, time_stamp, tipo_lance, descricao) VALUES(6, 224, '1:25:29', 'FALTA', 'Falta de Lucas Biglia em Emil Hallfredsson!');
INSERT INTO lance (id_partida, id_pessoa, time_stamp, tipo_lance, descricao) VALUES(6, 244, '1:25:29', 'SOFREU FALTA', 'Emil Hallfredsson sofre falta de Lucas Biglia!');
INSERT INTO lance (id_partida, id_pessoa, time_stamp, tipo_lance, descricao) VALUES(6, 248, '1:26:48', 'FALTA', 'Falta de Johann Gudmundsson em Gonzalo Higuaín!');
INSERT INTO lance (id_partida, id_pessoa, time_stamp, tipo_lance, descricao) VALUES(6, 234, '1:26:48', 'SOFREU FALTA', 'Gonzalo Higuaín sofre falta de Johann Gudmundsson!');
INSERT INTO lance (id_partida, id_pessoa, time_stamp, tipo_lance, descricao) VALUES(6, 242, '1:26:59', 'SUBSTITUICAO', 'Sai Aron Gunnarsson!');
INSERT INTO lance (id_partida, id_pessoa, time_stamp, tipo_lance, descricao) VALUES(6, 238, '1:26:59', 'SUBSTITUICAO', 'Entra Kári Árnason!');
INSERT INTO lance (id_partida, id_pessoa, time_stamp, tipo_lance, descricao) VALUES(6, 225, '1:29:2', 'FALTA', 'Falta de Enzo Pérez em Vidar Örn Kjartansson!');
INSERT INTO lance (id_partida, id_pessoa, time_stamp, tipo_lance, descricao) VALUES(6, 251, '1:29:2', 'SOFREU FALTA', 'Vidar Örn Kjartansson sofre falta de Enzo Pérez!');
INSERT INTO apita (id_partida, id_pessoa) VALUES(7, 672);
INSERT INTO apita (id_partida, id_pessoa) VALUES(7, 588);
INSERT INTO apita (id_partida, id_pessoa) VALUES(7, 669);
INSERT INTO deslocamento (codigo_pais, id_partida, itinerario, descricao_da_escolta) VALUES('DEN', 7, 'H6HQ1BE1FIH4W0KFIXH29CKS45T0EF107LRQOLRED166PRJFSXX06BTFWYW5SOX9RQ6KJ306FCZHGNDMWNIQSA352L4ZYWWZE6P8U96Y70V4MM9IVKIFFGRQXBS79AHTPADJ8E1XQUT1P9SQMVEONRT8', '8LTQ9Y6SBPMIZJQSVYVW0BXSCVN63F7QF5A2IGQ5XJNTFHWLX6127LY6XAONL9Z6R6D4JXJPH09RYDM49BI6NET3GEFH1CUXTRCJD1C9WMVHLHHUYUOJ12SNNJXESCXE');
INSERT INTO deslocamento (codigo_pais, id_partida, itinerario, descricao_da_escolta) VALUES('PER', 7, 'M7HBC0H8IKATLS96VSHYK608Y64E8RUZQB9JASV3HKSSR3B1XH7TQQ5QGINF6CA1ZLDKS06C7OQANIR45C', '0TAJ9GTD1FQ6EK02G01I7L4WBA4C81SK4WJIYCED9XF7QRL0WPKED3SPYOH8LQE9XGCSASEEVYJKF7FTZEQTRNGAD3TK4F1TSGKKP2ZDLGSPUHK1IXJHAVSJ9BOH93JQ6029W4E6PM');
INSERT INTO lance (id_partida, id_pessoa, time_stamp, tipo_lance, descricao) VALUES(7, 672, '0:45:0', 'FIM DO PRIMEIRO TEMPO', 'Juiz Abati apita o fim do primeiro tempo!');
INSERT INTO lance (id_partida, id_pessoa, time_stamp, tipo_lance, descricao) VALUES(7, 672, '1:30:0', 'FIM DO JOGO', 'Juiz Abati apita o fim do jogo!');
INSERT INTO lance (id_partida, id_pessoa, time_stamp, tipo_lance, descricao) VALUES(7, 206, '0:1:47', 'FALTA', 'Falta de Peter Ankersen em Yoshimar Yotún!');
INSERT INTO lance (id_partida, id_pessoa, time_stamp, tipo_lance, descricao) VALUES(7, 192, '0:1:47', 'SOFREU FALTA', 'Yoshimar Yotún sofre falta de Peter Ankersen!');
INSERT INTO lance (id_partida, id_pessoa, time_stamp, tipo_lance, descricao) VALUES(7, 209, '0:3:31', 'FALTA', 'Falta de Thomas Delaney em André Carrillo!');
INSERT INTO lance (id_partida, id_pessoa, time_stamp, tipo_lance, descricao) VALUES(7, 198, '0:3:31', 'SOFREU FALTA', 'André Carrillo sofre falta de Thomas Delaney!');
INSERT INTO lance (id_partida, id_pessoa, time_stamp, tipo_lance, descricao) VALUES(7, 215, '0:4:46', 'FALTA', 'Falta de Yussuf Poulsen em Renato Tapia!');
INSERT INTO lance (id_partida, id_pessoa, time_stamp, tipo_lance, descricao) VALUES(7, 190, '0:4:46', 'SOFREU FALTA', 'Renato Tapia sofre falta de Yussuf Poulsen!');
INSERT INTO lance (id_partida, id_pessoa, time_stamp, tipo_lance, descricao) VALUES(7, 191, '0:6:49', 'FALTA', 'Falta de Andy Polo em Andreas Cornelius!');
INSERT INTO lance (id_partida, id_pessoa, time_stamp, tipo_lance, descricao) VALUES(7, 216, '0:6:49', 'SOFREU FALTA', 'Andreas Cornelius sofre falta de Andy Polo!');
INSERT INTO lance (id_partida, id_pessoa, time_stamp, tipo_lance, descricao) VALUES(7, 191, '0:7:7', 'FALTA', 'Falta de Andy Polo em Pione Sisto!');
INSERT INTO lance (id_partida, id_pessoa, time_stamp, tipo_lance, descricao) VALUES(7, 212, '0:7:7', 'SOFREU FALTA', 'Pione Sisto sofre falta de Andy Polo!');
INSERT INTO lance (id_partida, id_pessoa, time_stamp, tipo_lance, descricao) VALUES(7, 193, '0:9:19', 'DEFESA', 'Defesa de Andreas Bjelland!');
INSERT INTO lance (id_partida, id_pessoa, time_stamp, tipo_lance, descricao) VALUES(7, 215, '0:10:10', 'DEFESA', 'Defesa de Andreas Bjelland!');
INSERT INTO lance (id_partida, id_pessoa, time_stamp, tipo_lance, descricao) VALUES(7, 208, '0:10:30', 'DEFESA', 'Defesa de Andreas Bjelland!');
INSERT INTO lance (id_partida, id_pessoa, time_stamp, tipo_lance, descricao) VALUES(7, 188, '0:10:48', 'SUBSTITUICAO', 'Sai Miguel Araujo!');
INSERT INTO lance (id_partida, id_pessoa, time_stamp, tipo_lance, descricao) VALUES(7, 184, '0:10:48', 'SUBSTITUICAO', 'Entra Miguel Trauco!');
INSERT INTO lance (id_partida, id_pessoa, time_stamp, tipo_lance, descricao) VALUES(7, 195, '0:13:25', 'FALTA', 'Falta de Paolo Guerrero em Pione Sisto!');
INSERT INTO lance (id_partida, id_pessoa, time_stamp, tipo_lance, descricao) VALUES(7, 212, '0:13:25', 'SOFREU FALTA', 'Pione Sisto sofre falta de Paolo Guerrero!');
INSERT INTO lance (id_partida, id_pessoa, time_stamp, tipo_lance, descricao) VALUES(7, 195, '0:15:32', 'DEFESA', 'Defesa de Andreas Bjelland!');
INSERT INTO lance (id_partida, id_pessoa, time_stamp, tipo_lance, descricao) VALUES(7, 212, '0:15:52', 'FALTA', 'Falta de Pione Sisto em Christian Cueva!');
INSERT INTO lance (id_partida, id_pessoa, time_stamp, tipo_lance, descricao) VALUES(7, 189, '0:15:52', 'SOFREU FALTA', 'Christian Cueva sofre falta de Pione Sisto!');
INSERT INTO lance (id_partida, id_pessoa, time_stamp, tipo_lance, descricao) VALUES(7, 211, '0:17:42', 'FALTA', 'Falta de Lasse Schöne em Paolo Hurtado!');
INSERT INTO lance (id_partida, id_pessoa, time_stamp, tipo_lance, descricao) VALUES(7, 194, '0:17:42', 'SOFREU FALTA', 'Paolo Hurtado sofre falta de Lasse Schöne!');
INSERT INTO lance (id_partida, id_pessoa, time_stamp, tipo_lance, descricao) VALUES(7, 191, '0:17:51', 'FALTA', 'Falta de Andy Polo em Lasse Schöne!');
INSERT INTO lance (id_partida, id_pessoa, time_stamp, tipo_lance, descricao) VALUES(7, 211, '0:17:51', 'SOFREU FALTA', 'Lasse Schöne sofre falta de Andy Polo!');
INSERT INTO lance (id_partida, id_pessoa, time_stamp, tipo_lance, descricao) VALUES(7, 191, '0:20:9', 'FALTA', 'Falta de Andy Polo em Nicolai Jorgensen!');
INSERT INTO lance (id_partida, id_pessoa, time_stamp, tipo_lance, descricao) VALUES(7, 214, '0:20:9', 'SOFREU FALTA', 'Nicolai Jorgensen sofre falta de Andy Polo!');
INSERT INTO lance (id_partida, id_pessoa, time_stamp, tipo_lance, descricao) VALUES(7, 214, '0:20:33', 'FALTA', 'Falta de Nicolai Jorgensen em Christian Cueva!');
INSERT INTO lance (id_partida, id_pessoa, time_stamp, tipo_lance, descricao) VALUES(7, 189, '0:20:33', 'SOFREU FALTA', 'Christian Cueva sofre falta de Nicolai Jorgensen!');
INSERT INTO lance (id_partida, id_pessoa, time_stamp, tipo_lance, descricao) VALUES(7, 215, '0:20:37', 'DEFESA', 'Defesa de Andreas Bjelland!');
INSERT INTO lance (id_partida, id_pessoa, time_stamp, tipo_lance, descricao) VALUES(7, 195, '0:24:9', 'DEFESA', 'Defesa de Andreas Bjelland!');
INSERT INTO lance (id_partida, id_pessoa, time_stamp, tipo_lance, descricao) VALUES(7, 210, '0:24:55', 'FALTA', 'Falta de Christian Eriksen em Renato Tapia!');
INSERT INTO lance (id_partida, id_pessoa, time_stamp, tipo_lance, descricao) VALUES(7, 190, '0:24:55', 'SOFREU FALTA', 'Renato Tapia sofre falta de Christian Eriksen!');
INSERT INTO lance (id_partida, id_pessoa, time_stamp, tipo_lance, descricao) VALUES(7, 216, '0:25:3', 'FALTA', 'Falta de Andreas Cornelius em Jefferson Farfán!');
INSERT INTO lance (id_partida, id_pessoa, time_stamp, tipo_lance, descricao) VALUES(7, 196, '0:25:3', 'SOFREU FALTA', 'Jefferson Farfán sofre falta de Andreas Cornelius!');
INSERT INTO lance (id_partida, id_pessoa, time_stamp, tipo_lance, descricao) VALUES(7, 213, '0:25:28', 'FALTA', 'Falta de Nicklas Bendtner em Renato Tapia!');
INSERT INTO lance (id_partida, id_pessoa, time_stamp, tipo_lance, descricao) VALUES(7, 190, '0:25:28', 'SOFREU FALTA', 'Renato Tapia sofre falta de Nicklas Bendtner!');
INSERT INTO lance (id_partida, id_pessoa, time_stamp, tipo_lance, descricao) VALUES(7, 215, '0:26:33', 'DEFESA', 'Defesa de Andreas Bjelland!');
INSERT INTO lance (id_partida, id_pessoa, time_stamp, tipo_lance, descricao) VALUES(7, 194, '0:27:8', 'FALTA', 'Falta de Paolo Hurtado em William Kvist!');
INSERT INTO lance (id_partida, id_pessoa, time_stamp, tipo_lance, descricao) VALUES(7, 208, '0:27:8', 'SOFREU FALTA', 'William Kvist sofre falta de Paolo Hurtado!');
INSERT INTO lance (id_partida, id_pessoa, time_stamp, tipo_lance, descricao) VALUES(7, 195, '0:29:7', 'FALTA', 'Falta de Paolo Guerrero em William Kvist!');
INSERT INTO lance (id_partida, id_pessoa, time_stamp, tipo_lance, descricao) VALUES(7, 208, '0:29:7', 'SOFREU FALTA', 'William Kvist sofre falta de Paolo Guerrero!');
INSERT INTO lance (id_partida, id_pessoa, time_stamp, tipo_lance, descricao) VALUES(7, 211, '0:29:21', 'DEFESA', 'Defesa de Andreas Bjelland!');
INSERT INTO lance (id_partida, id_pessoa, time_stamp, tipo_lance, descricao) VALUES(7, 198, '0:29:53', 'DEFESA', 'Defesa de Andreas Bjelland!');
INSERT INTO lance (id_partida, id_pessoa, time_stamp, tipo_lance, descricao) VALUES(7, 193, '0:30:32', 'FALTA', 'Falta de Edison Flores em Pione Sisto!');
INSERT INTO lance (id_partida, id_pessoa, time_stamp, tipo_lance, descricao) VALUES(7, 212, '0:30:32', 'SOFREU FALTA', 'Pione Sisto sofre falta de Edison Flores!');
INSERT INTO lance (id_partida, id_pessoa, time_stamp, tipo_lance, descricao) VALUES(7, 216, '0:30:48', 'FALTA', 'Falta de Andreas Cornelius em Yoshimar Yotún!');
INSERT INTO lance (id_partida, id_pessoa, time_stamp, tipo_lance, descricao) VALUES(7, 192, '0:30:48', 'SOFREU FALTA', 'Yoshimar Yotún sofre falta de Andreas Cornelius!');
INSERT INTO lance (id_partida, id_pessoa, time_stamp, tipo_lance, descricao) VALUES(7, 208, '0:31:22', 'FALTA', 'Falta de William Kvist em Andy Polo!');
INSERT INTO lance (id_partida, id_pessoa, time_stamp, tipo_lance, descricao) VALUES(7, 191, '0:31:22', 'SOFREU FALTA', 'Andy Polo sofre falta de William Kvist!');
INSERT INTO lance (id_partida, id_pessoa, time_stamp, tipo_lance, descricao) VALUES(7, 216, '0:34:40', 'FALTA', 'Falta de Andreas Cornelius em Miguel Trauco!');
INSERT INTO lance (id_partida, id_pessoa, time_stamp, tipo_lance, descricao) VALUES(7, 184, '0:34:40', 'SOFREU FALTA', 'Miguel Trauco sofre falta de Andreas Cornelius!');
INSERT INTO lance (id_partida, id_pessoa, time_stamp, tipo_lance, descricao) VALUES(7, 193, '0:34:51', 'FALTA', 'Falta de Edison Flores em Riza Durmisi!');
INSERT INTO lance (id_partida, id_pessoa, time_stamp, tipo_lance, descricao) VALUES(7, 207, '0:34:51', 'SOFREU FALTA', 'Riza Durmisi sofre falta de Edison Flores!');
INSERT INTO lance (id_partida, id_pessoa, time_stamp, tipo_lance, descricao) VALUES(7, 198, '0:35:10', 'DEFESA', 'Defesa de Andreas Bjelland!');
INSERT INTO lance (id_partida, id_pessoa, time_stamp, tipo_lance, descricao) VALUES(7, 214, '0:36:6', 'GOL', 'Gol de Nicolai Jorgensen!');
INSERT INTO lance (id_partida, id_pessoa, time_stamp, tipo_lance, descricao) VALUES(7, 210, '0:36:32', 'FALTA', 'Falta de Christian Eriksen em André Carrillo!');
INSERT INTO lance (id_partida, id_pessoa, time_stamp, tipo_lance, descricao) VALUES(7, 198, '0:36:32', 'SOFREU FALTA', 'André Carrillo sofre falta de Christian Eriksen!');
INSERT INTO lance (id_partida, id_pessoa, time_stamp, tipo_lance, descricao) VALUES(7, 197, '0:39:34', 'FALTA', 'Falta de Raúl Ruidíaz em Lasse Schöne!');
INSERT INTO lance (id_partida, id_pessoa, time_stamp, tipo_lance, descricao) VALUES(7, 211, '0:39:34', 'SOFREU FALTA', 'Lasse Schöne sofre falta de Raúl Ruidíaz!');
INSERT INTO lance (id_partida, id_pessoa, time_stamp, tipo_lance, descricao) VALUES(7, 211, '0:40:6', 'DEFESA', 'Defesa de Andreas Bjelland!');
INSERT INTO lance (id_partida, id_pessoa, time_stamp, tipo_lance, descricao) VALUES(7, 189, '0:41:21', 'ASSISTENCIA', 'Assistencia de Edison Flores!');
INSERT INTO lance (id_partida, id_pessoa, time_stamp, tipo_lance, descricao) VALUES(7, 189, '0:41:21', 'GOL', 'Gol de Christian Cueva!');
INSERT INTO lance (id_partida, id_pessoa, time_stamp, tipo_lance, descricao) VALUES(7, 212, '0:41:25', 'FALTA', 'Falta de Pione Sisto em Yoshimar Yotún!');
INSERT INTO lance (id_partida, id_pessoa, time_stamp, tipo_lance, descricao) VALUES(7, 192, '0:41:25', 'SOFREU FALTA', 'Yoshimar Yotún sofre falta de Pione Sisto!');
INSERT INTO lance (id_partida, id_pessoa, time_stamp, tipo_lance, descricao) VALUES(7, 208, '0:43:24', 'FALTA', 'Falta de William Kvist em Paolo Guerrero!');
INSERT INTO lance (id_partida, id_pessoa, time_stamp, tipo_lance, descricao) VALUES(7, 195, '0:43:24', 'SOFREU FALTA', 'Paolo Guerrero sofre falta de William Kvist!');
INSERT INTO lance (id_partida, id_pessoa, time_stamp, tipo_lance, descricao) VALUES(7, 214, '0:43:28', 'FALTA', 'Falta de Nicolai Jorgensen em Andy Polo!');
INSERT INTO lance (id_partida, id_pessoa, time_stamp, tipo_lance, descricao) VALUES(7, 191, '0:43:28', 'SOFREU FALTA', 'Andy Polo sofre falta de Nicolai Jorgensen!');
INSERT INTO lance (id_partida, id_pessoa, time_stamp, tipo_lance, descricao) VALUES(7, 190, '0:43:34', 'FALTA', 'Falta de Renato Tapia em Nicolai Jorgensen!');
INSERT INTO lance (id_partida, id_pessoa, time_stamp, tipo_lance, descricao) VALUES(7, 214, '0:43:34', 'SOFREU FALTA', 'Nicolai Jorgensen sofre falta de Renato Tapia!');
INSERT INTO lance (id_partida, id_pessoa, time_stamp, tipo_lance, descricao) VALUES(7, 194, '0:45:58', 'DEFESA', 'Defesa de Andreas Bjelland!');
INSERT INTO lance (id_partida, id_pessoa, time_stamp, tipo_lance, descricao) VALUES(7, 192, '0:46:28', 'FALTA', 'Falta de Yoshimar Yotún em Riza Durmisi!');
INSERT INTO lance (id_partida, id_pessoa, time_stamp, tipo_lance, descricao) VALUES(7, 207, '0:46:28', 'SOFREU FALTA', 'Riza Durmisi sofre falta de Yoshimar Yotún!');
INSERT INTO lance (id_partida, id_pessoa, time_stamp, tipo_lance, descricao) VALUES(7, 191, '0:46:45', 'FALTA', 'Falta de Andy Polo em Thomas Delaney!');
INSERT INTO lance (id_partida, id_pessoa, time_stamp, tipo_lance, descricao) VALUES(7, 209, '0:46:45', 'SOFREU FALTA', 'Thomas Delaney sofre falta de Andy Polo!');
INSERT INTO lance (id_partida, id_pessoa, time_stamp, tipo_lance, descricao) VALUES(7, 195, '0:47:13', 'FALTA', 'Falta de Paolo Guerrero em Andreas Cornelius!');
INSERT INTO lance (id_partida, id_pessoa, time_stamp, tipo_lance, descricao) VALUES(7, 216, '0:47:13', 'SOFREU FALTA', 'Andreas Cornelius sofre falta de Paolo Guerrero!');
INSERT INTO lance (id_partida, id_pessoa, time_stamp, tipo_lance, descricao) VALUES(7, 215, '0:48:47', 'FALTA', 'Falta de Yussuf Poulsen em Edison Flores!');
INSERT INTO lance (id_partida, id_pessoa, time_stamp, tipo_lance, descricao) VALUES(7, 193, '0:48:47', 'SOFREU FALTA', 'Edison Flores sofre falta de Yussuf Poulsen!');
INSERT INTO lance (id_partida, id_pessoa, time_stamp, tipo_lance, descricao) VALUES(7, 213, '0:50:31', 'FALTA', 'Falta de Nicklas Bendtner em Yoshimar Yotún!');
INSERT INTO lance (id_partida, id_pessoa, time_stamp, tipo_lance, descricao) VALUES(7, 192, '0:50:31', 'SOFREU FALTA', 'Yoshimar Yotún sofre falta de Nicklas Bendtner!');
INSERT INTO lance (id_partida, id_pessoa, time_stamp, tipo_lance, descricao) VALUES(7, 211, '0:52:14', 'DEFESA', 'Defesa de Andreas Bjelland!');
INSERT INTO lance (id_partida, id_pessoa, time_stamp, tipo_lance, descricao) VALUES(7, 195, '0:54:54', 'FALTA', 'Falta de Paolo Guerrero em Pione Sisto!');
INSERT INTO lance (id_partida, id_pessoa, time_stamp, tipo_lance, descricao) VALUES(7, 212, '0:54:54', 'SOFREU FALTA', 'Pione Sisto sofre falta de Paolo Guerrero!');
INSERT INTO lance (id_partida, id_pessoa, time_stamp, tipo_lance, descricao) VALUES(7, 191, '0:56:32', 'FALTA', 'Falta de Andy Polo em Pione Sisto!');
INSERT INTO lance (id_partida, id_pessoa, time_stamp, tipo_lance, descricao) VALUES(7, 212, '0:56:32', 'SOFREU FALTA', 'Pione Sisto sofre falta de Andy Polo!');
INSERT INTO lance (id_partida, id_pessoa, time_stamp, tipo_lance, descricao) VALUES(7, 193, '0:57:11', 'ASSISTENCIA', 'Assistencia de Yoshimar Yotún!');
INSERT INTO lance (id_partida, id_pessoa, time_stamp, tipo_lance, descricao) VALUES(7, 193, '0:57:11', 'GOL', 'Gol de Edison Flores!');
INSERT INTO lance (id_partida, id_pessoa, time_stamp, tipo_lance, descricao) VALUES(7, 216, '0:58:51', 'FALTA', 'Falta de Andreas Cornelius em Paolo Hurtado!');
INSERT INTO lance (id_partida, id_pessoa, time_stamp, tipo_lance, descricao) VALUES(7, 194, '0:58:51', 'SOFREU FALTA', 'Paolo Hurtado sofre falta de Andreas Cornelius!');
INSERT INTO lance (id_partida, id_pessoa, time_stamp, tipo_lance, descricao) VALUES(7, 198, '1:0:4', 'DEFESA', 'Defesa de Andreas Bjelland!');
INSERT INTO lance (id_partida, id_pessoa, time_stamp, tipo_lance, descricao) VALUES(7, 206, '1:2:13', 'FALTA', 'Falta de Peter Ankersen em Jefferson Farfán!');
INSERT INTO lance (id_partida, id_pessoa, time_stamp, tipo_lance, descricao) VALUES(7, 196, '1:2:13', 'SOFREU FALTA', 'Jefferson Farfán sofre falta de Peter Ankersen!');
INSERT INTO lance (id_partida, id_pessoa, time_stamp, tipo_lance, descricao) VALUES(7, 193, '1:3:53', 'DEFESA', 'Defesa de Andreas Bjelland!');
INSERT INTO lance (id_partida, id_pessoa, time_stamp, tipo_lance, descricao) VALUES(7, 207, '1:5:10', 'FALTA', 'Falta de Riza Durmisi em Miguel Trauco!');
INSERT INTO lance (id_partida, id_pessoa, time_stamp, tipo_lance, descricao) VALUES(7, 184, '1:5:10', 'SOFREU FALTA', 'Miguel Trauco sofre falta de Riza Durmisi!');
INSERT INTO lance (id_partida, id_pessoa, time_stamp, tipo_lance, descricao) VALUES(7, 198, '1:6:33', 'DEFESA', 'Defesa de Andreas Bjelland!');
INSERT INTO lance (id_partida, id_pessoa, time_stamp, tipo_lance, descricao) VALUES(7, 196, '1:7:3', 'FALTA', 'Falta de Jefferson Farfán em Thomas Delaney!');
INSERT INTO lance (id_partida, id_pessoa, time_stamp, tipo_lance, descricao) VALUES(7, 209, '1:7:3', 'SOFREU FALTA', 'Thomas Delaney sofre falta de Jefferson Farfán!');
INSERT INTO lance (id_partida, id_pessoa, time_stamp, tipo_lance, descricao) VALUES(7, 196, '1:7:22', 'SUBSTITUICAO', 'Sai Jefferson Farfán!');
INSERT INTO lance (id_partida, id_pessoa, time_stamp, tipo_lance, descricao) VALUES(7, 186, '1:7:22', 'SUBSTITUICAO', 'Entra Luis Advincula!');
INSERT INTO lance (id_partida, id_pessoa, time_stamp, tipo_lance, descricao) VALUES(7, 215, '1:8:11', 'DEFESA', 'Defesa de Andreas Bjelland!');
INSERT INTO lance (id_partida, id_pessoa, time_stamp, tipo_lance, descricao) VALUES(7, 184, '1:10:32', 'FALTA', 'Falta de Miguel Trauco em Andreas Cornelius!');
INSERT INTO lance (id_partida, id_pessoa, time_stamp, tipo_lance, descricao) VALUES(7, 216, '1:10:32', 'SOFREU FALTA', 'Andreas Cornelius sofre falta de Miguel Trauco!');
INSERT INTO lance (id_partida, id_pessoa, time_stamp, tipo_lance, descricao) VALUES(7, 212, '1:11:27', 'DEFESA', 'Defesa de Andreas Bjelland!');
INSERT INTO lance (id_partida, id_pessoa, time_stamp, tipo_lance, descricao) VALUES(7, 191, '1:12:41', 'DEFESA', 'Defesa de Andreas Bjelland!');
INSERT INTO lance (id_partida, id_pessoa, time_stamp, tipo_lance, descricao) VALUES(7, 186, '1:12:49', 'DEFESA', 'Defesa de Andreas Bjelland!');
INSERT INTO lance (id_partida, id_pessoa, time_stamp, tipo_lance, descricao) VALUES(7, 213, '1:18:48', 'DEFESA', 'Defesa de Andreas Bjelland!');
INSERT INTO lance (id_partida, id_pessoa, time_stamp, tipo_lance, descricao) VALUES(7, 191, '1:19:20', 'SUBSTITUICAO', 'Sai Andy Polo!');
INSERT INTO lance (id_partida, id_pessoa, time_stamp, tipo_lance, descricao) VALUES(7, 183, '1:19:20', 'SUBSTITUICAO', 'Entra Aldo Corzo!');
INSERT INTO lance (id_partida, id_pessoa, time_stamp, tipo_lance, descricao) VALUES(7, 190, '1:20:16', 'FALTA', 'Falta de Renato Tapia em Riza Durmisi!');
INSERT INTO lance (id_partida, id_pessoa, time_stamp, tipo_lance, descricao) VALUES(7, 207, '1:20:16', 'SOFREU FALTA', 'Riza Durmisi sofre falta de Renato Tapia!');
INSERT INTO lance (id_partida, id_pessoa, time_stamp, tipo_lance, descricao) VALUES(7, 194, '1:22:32', 'FALTA', 'Falta de Paolo Hurtado em Riza Durmisi!');
INSERT INTO lance (id_partida, id_pessoa, time_stamp, tipo_lance, descricao) VALUES(7, 207, '1:22:32', 'SOFREU FALTA', 'Riza Durmisi sofre falta de Paolo Hurtado!');
INSERT INTO lance (id_partida, id_pessoa, time_stamp, tipo_lance, descricao) VALUES(7, 193, '1:24:47', 'FALTA', 'Falta de Edison Flores em Pione Sisto!');
INSERT INTO lance (id_partida, id_pessoa, time_stamp, tipo_lance, descricao) VALUES(7, 212, '1:24:47', 'SOFREU FALTA', 'Pione Sisto sofre falta de Edison Flores!');
INSERT INTO lance (id_partida, id_pessoa, time_stamp, tipo_lance, descricao) VALUES(7, 195, '1:29:43', 'DEFESA', 'Defesa de Andreas Bjelland!');
INSERT INTO apita (id_partida, id_pessoa) VALUES(8, 687);
INSERT INTO apita (id_partida, id_pessoa) VALUES(8, 598);
INSERT INTO apita (id_partida, id_pessoa) VALUES(8, 579);
INSERT INTO deslocamento (codigo_pais, id_partida, itinerario, descricao_da_escolta) VALUES('CRO', 8, '0WU34HQDM2AUIDBTC377E25VR1S18P7ML6N5PDLOW3OUVMSYLZS5J', '6719LDYYE64XILZGE8RTKLOKAFI3QI6CDJAPEQ2IZ8YR07DH9EVUN01UTQ8G55');
INSERT INTO deslocamento (codigo_pais, id_partida, itinerario, descricao_da_escolta) VALUES('NIG', 8, '6A1U9KKCYGJ3MX6TCBB4LXMZNSQ6XRWM302R8NE7ZB7OD6P7W75E4B5IXCGR3NPGU69V5PUY7DFJZ8VQCTKZVRS25T', '6GXDLW13G63CHMGG05VTZQ0OKDZUCOGZLVYRKA3X8EPUIQCNPL27J9EPQI2I6H12ZE0VXZ50C8VUBGF4ALF0WJQMQJBBHV01MW4E0Q00PC4LOTNKD8HUBAFQXOFOY3SQH4HPLADTVPLUPE76608JOFZMQORLLMCWTODUL88D4X9WZVASQIR75ICBE587T1HJNYAAANU715O0GCW5N85');
INSERT INTO lance (id_partida, id_pessoa, time_stamp, tipo_lance, descricao) VALUES(8, 687, '0:45:0', 'FIM DO PRIMEIRO TEMPO', 'Juiz Becke apita o fim do primeiro tempo!');
INSERT INTO lance (id_partida, id_pessoa, time_stamp, tipo_lance, descricao) VALUES(8, 687, '1:30:0', 'FIM DO JOGO', 'Juiz Becke apita o fim do jogo!');
INSERT INTO lance (id_partida, id_pessoa, time_stamp, tipo_lance, descricao) VALUES(8, 260, '0:1:5', 'DEFESA', 'Defesa de Domagoj Vida!');
INSERT INTO lance (id_partida, id_pessoa, time_stamp, tipo_lance, descricao) VALUES(8, 278, '0:5:52', 'FALTA', 'Falta de John Obi Mikel em Marcelo Brozovic!');
INSERT INTO lance (id_partida, id_pessoa, time_stamp, tipo_lance, descricao) VALUES(8, 262, '0:5:52', 'SOFREU FALTA', 'Marcelo Brozovic sofre falta de John Obi Mikel!');
INSERT INTO lance (id_partida, id_pessoa, time_stamp, tipo_lance, descricao) VALUES(8, 269, '0:8:42', 'FALTA', 'Falta de Mario Mandzukic em Moses Simon!');
INSERT INTO lance (id_partida, id_pessoa, time_stamp, tipo_lance, descricao) VALUES(8, 285, '0:8:42', 'SOFREU FALTA', 'Moses Simon sofre falta de Mario Mandzukic!');
INSERT INTO lance (id_partida, id_pessoa, time_stamp, tipo_lance, descricao) VALUES(8, 270, '0:9:31', 'SUBSTITUICAO', 'Sai Ivan Perisic!');
INSERT INTO lance (id_partida, id_pessoa, time_stamp, tipo_lance, descricao) VALUES(8, 256, '0:9:31', 'SUBSTITUICAO', 'Entra Dejan Lovren!');
INSERT INTO lance (id_partida, id_pessoa, time_stamp, tipo_lance, descricao) VALUES(8, 269, '0:14:8', 'FALTA', 'Falta de Mario Mandzukic em Wilfred Ndidi!');
INSERT INTO lance (id_partida, id_pessoa, time_stamp, tipo_lance, descricao) VALUES(8, 281, '0:14:8', 'SOFREU FALTA', 'Wilfred Ndidi sofre falta de Mario Mandzukic!');
INSERT INTO lance (id_partida, id_pessoa, time_stamp, tipo_lance, descricao) VALUES(8, 280, '0:16:11', 'FALTA', 'Falta de Etebo Oghenekaro em Milan Badelj!');
INSERT INTO lance (id_partida, id_pessoa, time_stamp, tipo_lance, descricao) VALUES(8, 265, '0:16:11', 'SOFREU FALTA', 'Milan Badelj sofre falta de Etebo Oghenekaro!');
INSERT INTO lance (id_partida, id_pessoa, time_stamp, tipo_lance, descricao) VALUES(8, 282, '0:18:5', 'FALTA', 'Falta de Mikel Agu em Marko Rog!');
INSERT INTO lance (id_partida, id_pessoa, time_stamp, tipo_lance, descricao) VALUES(8, 263, '0:18:5', 'SOFREU FALTA', 'Marko Rog sofre falta de Mikel Agu!');
INSERT INTO lance (id_partida, id_pessoa, time_stamp, tipo_lance, descricao) VALUES(8, 269, '0:20:31', 'DEFESA', 'Defesa de Domagoj Vida!');
INSERT INTO lance (id_partida, id_pessoa, time_stamp, tipo_lance, descricao) VALUES(8, 262, '0:20:49', 'GOL', 'Gol de Marcelo Brozovic!');
INSERT INTO lance (id_partida, id_pessoa, time_stamp, tipo_lance, descricao) VALUES(8, 283, '0:21:17', 'SUBSTITUICAO', 'Sai Ahmed Musa!');
INSERT INTO lance (id_partida, id_pessoa, time_stamp, tipo_lance, descricao) VALUES(8, 275, '0:21:17', 'SUBSTITUICAO', 'Entra Leon Balogun!');
INSERT INTO lance (id_partida, id_pessoa, time_stamp, tipo_lance, descricao) VALUES(8, 278, '0:21:21', 'FALTA', 'Falta de John Obi Mikel em Andrej Kramaric!');
INSERT INTO lance (id_partida, id_pessoa, time_stamp, tipo_lance, descricao) VALUES(8, 267, '0:21:21', 'SOFREU FALTA', 'Andrej Kramaric sofre falta de John Obi Mikel!');
INSERT INTO lance (id_partida, id_pessoa, time_stamp, tipo_lance, descricao) VALUES(8, 278, '0:22:38', 'DEFESA', 'Defesa de Domagoj Vida!');
INSERT INTO lance (id_partida, id_pessoa, time_stamp, tipo_lance, descricao) VALUES(8, 287, '0:26:18', 'FALTA', 'Falta de Alex Iwobi em Dejan Lovren!');
INSERT INTO lance (id_partida, id_pessoa, time_stamp, tipo_lance, descricao) VALUES(8, 256, '0:26:18', 'SOFREU FALTA', 'Dejan Lovren sofre falta de Alex Iwobi!');
INSERT INTO lance (id_partida, id_pessoa, time_stamp, tipo_lance, descricao) VALUES(8, 287, '0:26:18', 'CARTAO AMARELO', 'Alex Iwobi ganhou um cartão amarelo!');
INSERT INTO lance (id_partida, id_pessoa, time_stamp, tipo_lance, descricao) VALUES(8, 279, '0:29:21', 'DEFESA', 'Defesa de Domagoj Vida!');
INSERT INTO lance (id_partida, id_pessoa, time_stamp, tipo_lance, descricao) VALUES(8, 280, '0:29:29', 'SUBSTITUICAO', 'Sai Etebo Oghenekaro!');
INSERT INTO lance (id_partida, id_pessoa, time_stamp, tipo_lance, descricao) VALUES(8, 283, '0:29:29', 'SUBSTITUICAO', 'Entra Ahmed Musa!');
INSERT INTO lance (id_partida, id_pessoa, time_stamp, tipo_lance, descricao) VALUES(8, 286, '0:32:36', 'FALTA', 'Falta de Odion Ighalo em Mateo Kovacic!');
INSERT INTO lance (id_partida, id_pessoa, time_stamp, tipo_lance, descricao) VALUES(8, 266, '0:32:36', 'SOFREU FALTA', 'Mateo Kovacic sofre falta de Odion Ighalo!');
INSERT INTO lance (id_partida, id_pessoa, time_stamp, tipo_lance, descricao) VALUES(8, 275, '0:33:16', 'FALTA', 'Falta de Leon Balogun em Nikola Kalinic!');
INSERT INTO lance (id_partida, id_pessoa, time_stamp, tipo_lance, descricao) VALUES(8, 268, '0:33:16', 'SOFREU FALTA', 'Nikola Kalinic sofre falta de Leon Balogun!');
INSERT INTO lance (id_partida, id_pessoa, time_stamp, tipo_lance, descricao) VALUES(8, 285, '0:33:31', 'FALTA', 'Falta de Moses Simon em Luka Modric!');
INSERT INTO lance (id_partida, id_pessoa, time_stamp, tipo_lance, descricao) VALUES(8, 261, '0:33:31', 'SOFREU FALTA', 'Luka Modric sofre falta de Moses Simon!');
INSERT INTO lance (id_partida, id_pessoa, time_stamp, tipo_lance, descricao) VALUES(8, 269, '0:35:31', 'FALTA', 'Falta de Mario Mandzukic em Alex Iwobi!');
INSERT INTO lance (id_partida, id_pessoa, time_stamp, tipo_lance, descricao) VALUES(8, 287, '0:35:31', 'SOFREU FALTA', 'Alex Iwobi sofre falta de Mario Mandzukic!');
INSERT INTO lance (id_partida, id_pessoa, time_stamp, tipo_lance, descricao) VALUES(8, 261, '0:36:1', 'DEFESA', 'Defesa de Domagoj Vida!');
INSERT INTO lance (id_partida, id_pessoa, time_stamp, tipo_lance, descricao) VALUES(8, 260, '0:36:26', 'DEFESA', 'Defesa de Domagoj Vida!');
INSERT INTO lance (id_partida, id_pessoa, time_stamp, tipo_lance, descricao) VALUES(8, 275, '0:38:54', 'SUBSTITUICAO', 'Sai Leon Balogun!');
INSERT INTO lance (id_partida, id_pessoa, time_stamp, tipo_lance, descricao) VALUES(8, 274, '0:38:54', 'SUBSTITUICAO', 'Entra William Troost-Ekong!');
INSERT INTO lance (id_partida, id_pessoa, time_stamp, tipo_lance, descricao) VALUES(8, 267, '0:39:31', 'SUBSTITUICAO', 'Sai Andrej Kramaric!');
INSERT INTO lance (id_partida, id_pessoa, time_stamp, tipo_lance, descricao) VALUES(8, 270, '0:39:31', 'SUBSTITUICAO', 'Entra Ivan Perisic!');
INSERT INTO lance (id_partida, id_pessoa, time_stamp, tipo_lance, descricao) VALUES(8, 284, '0:40:53', 'FALTA', 'Falta de Victor Musa em Marko Rog!');
INSERT INTO lance (id_partida, id_pessoa, time_stamp, tipo_lance, descricao) VALUES(8, 263, '0:40:53', 'SOFREU FALTA', 'Marko Rog sofre falta de Victor Musa!');
INSERT INTO lance (id_partida, id_pessoa, time_stamp, tipo_lance, descricao) VALUES(8, 260, '0:43:3', 'FALTA', 'Falta de Ivan Rakitic em Mikel Agu!');
INSERT INTO lance (id_partida, id_pessoa, time_stamp, tipo_lance, descricao) VALUES(8, 282, '0:43:3', 'SOFREU FALTA', 'Mikel Agu sofre falta de Ivan Rakitic!');
INSERT INTO lance (id_partida, id_pessoa, time_stamp, tipo_lance, descricao) VALUES(8, 262, '0:44:8', 'GOL', 'Gol de Marcelo Brozovic!');
INSERT INTO lance (id_partida, id_pessoa, time_stamp, tipo_lance, descricao) VALUES(8, 282, '0:46:46', 'DEFESA', 'Defesa de Domagoj Vida!');
INSERT INTO lance (id_partida, id_pessoa, time_stamp, tipo_lance, descricao) VALUES(8, 288, '0:52:51', 'FALTA', 'Falta de Kelechi Iheanacho em Mario Mandzukic!');
INSERT INTO lance (id_partida, id_pessoa, time_stamp, tipo_lance, descricao) VALUES(8, 269, '0:52:51', 'SOFREU FALTA', 'Mario Mandzukic sofre falta de Kelechi Iheanacho!');
INSERT INTO lance (id_partida, id_pessoa, time_stamp, tipo_lance, descricao) VALUES(8, 262, '0:53:19', 'DEFESA', 'Defesa de Domagoj Vida!');
INSERT INTO lance (id_partida, id_pessoa, time_stamp, tipo_lance, descricao) VALUES(8, 285, '0:53:41', 'GOL', 'Gol de Moses Simon!');
INSERT INTO lance (id_partida, id_pessoa, time_stamp, tipo_lance, descricao) VALUES(8, 266, '0:55:2', 'GOL', 'Gol de Mateo Kovacic!');
INSERT INTO lance (id_partida, id_pessoa, time_stamp, tipo_lance, descricao) VALUES(8, 284, '0:56:17', 'DEFESA', 'Defesa de Domagoj Vida!');
INSERT INTO lance (id_partida, id_pessoa, time_stamp, tipo_lance, descricao) VALUES(8, 285, '0:57:50', 'FALTA', 'Falta de Moses Simon em Nikola Kalinic!');
INSERT INTO lance (id_partida, id_pessoa, time_stamp, tipo_lance, descricao) VALUES(8, 268, '0:57:50', 'SOFREU FALTA', 'Nikola Kalinic sofre falta de Moses Simon!');
INSERT INTO lance (id_partida, id_pessoa, time_stamp, tipo_lance, descricao) VALUES(8, 288, '0:58:5', 'FALTA', 'Falta de Kelechi Iheanacho em Marcelo Brozovic!');
INSERT INTO lance (id_partida, id_pessoa, time_stamp, tipo_lance, descricao) VALUES(8, 262, '0:58:5', 'SOFREU FALTA', 'Marcelo Brozovic sofre falta de Kelechi Iheanacho!');
INSERT INTO lance (id_partida, id_pessoa, time_stamp, tipo_lance, descricao) VALUES(8, 268, '1:0:28', 'FALTA', 'Falta de Nikola Kalinic em Ogenyi Onazi!');
INSERT INTO lance (id_partida, id_pessoa, time_stamp, tipo_lance, descricao) VALUES(8, 279, '1:0:28', 'SOFREU FALTA', 'Ogenyi Onazi sofre falta de Nikola Kalinic!');
INSERT INTO lance (id_partida, id_pessoa, time_stamp, tipo_lance, descricao) VALUES(8, 287, '1:1:21', 'ASSISTENCIA', 'Assistencia de Victor Musa!');
INSERT INTO lance (id_partida, id_pessoa, time_stamp, tipo_lance, descricao) VALUES(8, 287, '1:1:21', 'GOL', 'Gol de Alex Iwobi!');
INSERT INTO lance (id_partida, id_pessoa, time_stamp, tipo_lance, descricao) VALUES(8, 286, '1:2:53', 'FALTA', 'Falta de Odion Ighalo em Luka Modric!');
INSERT INTO lance (id_partida, id_pessoa, time_stamp, tipo_lance, descricao) VALUES(8, 261, '1:2:53', 'SOFREU FALTA', 'Luka Modric sofre falta de Odion Ighalo!');
INSERT INTO lance (id_partida, id_pessoa, time_stamp, tipo_lance, descricao) VALUES(8, 287, '1:5:40', 'FALTA', 'Falta de Alex Iwobi em Marcelo Brozovic!');
INSERT INTO lance (id_partida, id_pessoa, time_stamp, tipo_lance, descricao) VALUES(8, 262, '1:5:40', 'SOFREU FALTA', 'Marcelo Brozovic sofre falta de Alex Iwobi!');
INSERT INTO lance (id_partida, id_pessoa, time_stamp, tipo_lance, descricao) VALUES(8, 284, '1:6:53', 'DEFESA', 'Defesa de Domagoj Vida!');
INSERT INTO lance (id_partida, id_pessoa, time_stamp, tipo_lance, descricao) VALUES(8, 284, '1:9:29', 'FALTA', 'Falta de Victor Musa em Milan Badelj!');
INSERT INTO lance (id_partida, id_pessoa, time_stamp, tipo_lance, descricao) VALUES(8, 265, '1:9:29', 'SOFREU FALTA', 'Milan Badelj sofre falta de Victor Musa!');
INSERT INTO lance (id_partida, id_pessoa, time_stamp, tipo_lance, descricao) VALUES(8, 285, '1:13:4', 'FALTA', 'Falta de Moses Simon em Mario Pasalic!');
INSERT INTO lance (id_partida, id_pessoa, time_stamp, tipo_lance, descricao) VALUES(8, 264, '1:13:4', 'SOFREU FALTA', 'Mario Pasalic sofre falta de Moses Simon!');
INSERT INTO lance (id_partida, id_pessoa, time_stamp, tipo_lance, descricao) VALUES(8, 287, '1:19:22', 'FALTA', 'Falta de Alex Iwobi em Marcelo Brozovic!');
INSERT INTO lance (id_partida, id_pessoa, time_stamp, tipo_lance, descricao) VALUES(8, 262, '1:19:22', 'SOFREU FALTA', 'Marcelo Brozovic sofre falta de Alex Iwobi!');
INSERT INTO lance (id_partida, id_pessoa, time_stamp, tipo_lance, descricao) VALUES(8, 286, '1:19:46', 'DEFESA', 'Defesa de Domagoj Vida!');
INSERT INTO lance (id_partida, id_pessoa, time_stamp, tipo_lance, descricao) VALUES(8, 279, '1:20:45', 'SUBSTITUICAO', 'Sai Ogenyi Onazi!');
INSERT INTO lance (id_partida, id_pessoa, time_stamp, tipo_lance, descricao) VALUES(8, 272, '1:20:45', 'SUBSTITUICAO', 'Entra Elderson Echiejilé!');
INSERT INTO lance (id_partida, id_pessoa, time_stamp, tipo_lance, descricao) VALUES(8, 283, '1:21:33', 'FALTA', 'Falta de Ahmed Musa em Marko Rog!');
INSERT INTO lance (id_partida, id_pessoa, time_stamp, tipo_lance, descricao) VALUES(8, 263, '1:21:33', 'SOFREU FALTA', 'Marko Rog sofre falta de Ahmed Musa!');
INSERT INTO lance (id_partida, id_pessoa, time_stamp, tipo_lance, descricao) VALUES(8, 274, '1:23:45', 'DEFESA', 'Defesa de Domagoj Vida!');
INSERT INTO lance (id_partida, id_pessoa, time_stamp, tipo_lance, descricao) VALUES(8, 265, '1:24:51', 'FALTA', 'Falta de Milan Badelj em William Troost-Ekong!');
INSERT INTO lance (id_partida, id_pessoa, time_stamp, tipo_lance, descricao) VALUES(8, 274, '1:24:51', 'SOFREU FALTA', 'William Troost-Ekong sofre falta de Milan Badelj!');
INSERT INTO lance (id_partida, id_pessoa, time_stamp, tipo_lance, descricao) VALUES(8, 268, '1:25:24', 'FALTA', 'Falta de Nikola Kalinic em Alex Iwobi!');
INSERT INTO lance (id_partida, id_pessoa, time_stamp, tipo_lance, descricao) VALUES(8, 287, '1:25:24', 'SOFREU FALTA', 'Alex Iwobi sofre falta de Nikola Kalinic!');
INSERT INTO apita (id_partida, id_pessoa) VALUES(9, 617);
INSERT INTO apita (id_partida, id_pessoa) VALUES(9, 623);
INSERT INTO apita (id_partida, id_pessoa) VALUES(9, 643);
INSERT INTO deslocamento (codigo_pais, id_partida, itinerario, descricao_da_escolta) VALUES('CRI', 9, 'NDCF68EJB4MOVPVLJ979QBVMFS67JMNT258H8XP6CT88D6LAL6EAQNUMS', '9NCH9ZR3W0QNNWTA67DXJJH6VMIMCPLWYIYC45TIQKKVT8TSRQQWI5QZFFVXRE1GP4YE8RGAO4G99WMX3Z5W8YN3286YK61MTDGZJOU9JPINZQ0T3731IEI0Q5M9UR0RC3P5QXOOE5MSP9ELHM5MCAEO5PINBUP2Z0L5B5DFTPWM2ZLQ1B2HVNPCZBAA');
INSERT INTO deslocamento (codigo_pais, id_partida, itinerario, descricao_da_escolta) VALUES('SRB', 9, 'AMUQT3ZYIKMJ03WN1VFE2WA1HGLKIG94C0TCC5I6V1S1Q85U2Z7P46WNM2JNROQCKRG9JUK6NJSAEILIL1SSJTAGDFZJW5OHLQQ826KIOBCUOWIDQAC06721QA5E5AJS4K', 'Y2MQOQJEIRP1R6V3W2YLNXZR1AGNN1U0E7ULDTXJW3UKBIOHJHXZF8LAD5ZOK60Q6ZXTMKZDFPZUDPQSV9EGE5UFVUII4I9ZCDNLV558SUT0J17XOG3K2UMAFS81CQI7PAR9BE70EFXUM354XU3YPY6S1MGD6D6BLWKJK7WJIDGX62YMWEERXUS1D8');
INSERT INTO lance (id_partida, id_pessoa, time_stamp, tipo_lance, descricao) VALUES(9, 617, '0:45:0', 'FIM DO PRIMEIRO TEMPO', 'Juiz Doser apita o fim do primeiro tempo!');
INSERT INTO lance (id_partida, id_pessoa, time_stamp, tipo_lance, descricao) VALUES(9, 617, '1:30:0', 'FIM DO JOGO', 'Juiz Doser apita o fim do jogo!');
INSERT INTO lance (id_partida, id_pessoa, time_stamp, tipo_lance, descricao) VALUES(9, 356, '0:1:23', 'FALTA', 'Falta de Nemanja Gudelj em Christian Bolaños!');
INSERT INTO lance (id_partida, id_pessoa, time_stamp, tipo_lance, descricao) VALUES(9, 336, '0:1:23', 'SOFREU FALTA', 'Christian Bolaños sofre falta de Nemanja Gudelj!');
INSERT INTO lance (id_partida, id_pessoa, time_stamp, tipo_lance, descricao) VALUES(9, 354, '0:1:38', 'FALTA', 'Falta de Luka Milivojevic em Bryan Ruiz!');
INSERT INTO lance (id_partida, id_pessoa, time_stamp, tipo_lance, descricao) VALUES(9, 334, '0:1:38', 'SOFREU FALTA', 'Bryan Ruiz sofre falta de Luka Milivojevic!');
INSERT INTO lance (id_partida, id_pessoa, time_stamp, tipo_lance, descricao) VALUES(9, 339, '0:3:59', 'FALTA', 'Falta de Rodney Wallace em Jagos Vukovic!');
INSERT INTO lance (id_partida, id_pessoa, time_stamp, tipo_lance, descricao) VALUES(9, 350, '0:3:59', 'SOFREU FALTA', 'Jagos Vukovic sofre falta de Rodney Wallace!');
INSERT INTO lance (id_partida, id_pessoa, time_stamp, tipo_lance, descricao) VALUES(9, 357, '0:4:22', 'DEFESA', 'Defesa de Francisco Calvo!');
INSERT INTO lance (id_partida, id_pessoa, time_stamp, tipo_lance, descricao) VALUES(9, 359, '0:5:53', 'FALTA', 'Falta de Aleksandar Mitrovic em Bryan Ruiz!');
INSERT INTO lance (id_partida, id_pessoa, time_stamp, tipo_lance, descricao) VALUES(9, 334, '0:5:53', 'SOFREU FALTA', 'Bryan Ruiz sofre falta de Aleksandar Mitrovic!');
INSERT INTO lance (id_partida, id_pessoa, time_stamp, tipo_lance, descricao) VALUES(9, 334, '0:6:55', 'FALTA', 'Falta de Bryan Ruiz em Adem Ljajic!');
INSERT INTO lance (id_partida, id_pessoa, time_stamp, tipo_lance, descricao) VALUES(9, 355, '0:6:55', 'SOFREU FALTA', 'Adem Ljajic sofre falta de Bryan Ruiz!');
INSERT INTO lance (id_partida, id_pessoa, time_stamp, tipo_lance, descricao) VALUES(9, 332, '0:6:58', 'ASSISTENCIA', 'Assistencia de Johan Venegas!');
INSERT INTO lance (id_partida, id_pessoa, time_stamp, tipo_lance, descricao) VALUES(9, 332, '0:6:58', 'GOL', 'Gol de Michael Umaña!');
INSERT INTO lance (id_partida, id_pessoa, time_stamp, tipo_lance, descricao) VALUES(9, 359, '0:7:1', 'FALTA', 'Falta de Aleksandar Mitrovic em Marco Ureña!');
INSERT INTO lance (id_partida, id_pessoa, time_stamp, tipo_lance, descricao) VALUES(9, 341, '0:7:1', 'SOFREU FALTA', 'Marco Ureña sofre falta de Aleksandar Mitrovic!');
INSERT INTO lance (id_partida, id_pessoa, time_stamp, tipo_lance, descricao) VALUES(9, 335, '0:11:25', 'FALTA', 'Falta de Celso Borges em Dusan Tadic!');
INSERT INTO lance (id_partida, id_pessoa, time_stamp, tipo_lance, descricao) VALUES(9, 351, '0:11:25', 'SOFREU FALTA', 'Dusan Tadic sofre falta de Celso Borges!');
INSERT INTO lance (id_partida, id_pessoa, time_stamp, tipo_lance, descricao) VALUES(9, 360, '0:13:9', 'DEFESA', 'Defesa de Francisco Calvo!');
INSERT INTO lance (id_partida, id_pessoa, time_stamp, tipo_lance, descricao) VALUES(9, 354, '0:15:22', 'DEFESA', 'Defesa de Francisco Calvo!');
INSERT INTO lance (id_partida, id_pessoa, time_stamp, tipo_lance, descricao) VALUES(9, 333, '0:16:8', 'DEFESA', 'Defesa de Francisco Calvo!');
INSERT INTO lance (id_partida, id_pessoa, time_stamp, tipo_lance, descricao) VALUES(9, 335, '0:17:27', 'FALTA', 'Falta de Celso Borges em Filip Kostic!');
INSERT INTO lance (id_partida, id_pessoa, time_stamp, tipo_lance, descricao) VALUES(9, 358, '0:17:27', 'SOFREU FALTA', 'Filip Kostic sofre falta de Celso Borges!');
INSERT INTO lance (id_partida, id_pessoa, time_stamp, tipo_lance, descricao) VALUES(9, 338, '0:17:46', 'FALTA', 'Falta de David Guzmán em Sergej Milinkovic-Savic!');
INSERT INTO lance (id_partida, id_pessoa, time_stamp, tipo_lance, descricao) VALUES(9, 352, '0:17:46', 'SOFREU FALTA', 'Sergej Milinkovic-Savic sofre falta de David Guzmán!');
INSERT INTO lance (id_partida, id_pessoa, time_stamp, tipo_lance, descricao) VALUES(9, 334, '0:17:48', 'FALTA', 'Falta de Bryan Ruiz em Adem Ljajic!');
INSERT INTO lance (id_partida, id_pessoa, time_stamp, tipo_lance, descricao) VALUES(9, 355, '0:17:48', 'SOFREU FALTA', 'Adem Ljajic sofre falta de Bryan Ruiz!');
INSERT INTO lance (id_partida, id_pessoa, time_stamp, tipo_lance, descricao) VALUES(9, 357, '0:18:31', 'FALTA', 'Falta de Mijat Gacinovic em Christian Bolaños!');
INSERT INTO lance (id_partida, id_pessoa, time_stamp, tipo_lance, descricao) VALUES(9, 336, '0:18:31', 'SOFREU FALTA', 'Christian Bolaños sofre falta de Mijat Gacinovic!');
INSERT INTO lance (id_partida, id_pessoa, time_stamp, tipo_lance, descricao) VALUES(9, 342, '0:19:28', 'FALTA', 'Falta de Johan Venegas em Jagos Vukovic!');
INSERT INTO lance (id_partida, id_pessoa, time_stamp, tipo_lance, descricao) VALUES(9, 350, '0:19:28', 'SOFREU FALTA', 'Jagos Vukovic sofre falta de Johan Venegas!');
INSERT INTO lance (id_partida, id_pessoa, time_stamp, tipo_lance, descricao) VALUES(9, 334, '0:20:37', 'DEFESA', 'Defesa de Francisco Calvo!');
INSERT INTO lance (id_partida, id_pessoa, time_stamp, tipo_lance, descricao) VALUES(9, 335, '0:21:30', 'FALTA', 'Falta de Celso Borges em Mijat Gacinovic!');
INSERT INTO lance (id_partida, id_pessoa, time_stamp, tipo_lance, descricao) VALUES(9, 357, '0:21:30', 'SOFREU FALTA', 'Mijat Gacinovic sofre falta de Celso Borges!');
INSERT INTO lance (id_partida, id_pessoa, time_stamp, tipo_lance, descricao) VALUES(9, 353, '0:22:48', 'SUBSTITUICAO', 'Sai Nemanja Matic!');
INSERT INTO lance (id_partida, id_pessoa, time_stamp, tipo_lance, descricao) VALUES(9, 349, '0:22:48', 'SUBSTITUICAO', 'Entra Nikola Maksimovic!');
INSERT INTO lance (id_partida, id_pessoa, time_stamp, tipo_lance, descricao) VALUES(9, 332, '0:25:34', 'FALTA', 'Falta de Michael Umaña em Aleksandar Prijovic!');
INSERT INTO lance (id_partida, id_pessoa, time_stamp, tipo_lance, descricao) VALUES(9, 360, '0:25:34', 'SOFREU FALTA', 'Aleksandar Prijovic sofre falta de Michael Umaña!');
INSERT INTO lance (id_partida, id_pessoa, time_stamp, tipo_lance, descricao) VALUES(9, 349, '0:27:1', 'FALTA', 'Falta de Nikola Maksimovic em Bryan Ruiz!');
INSERT INTO lance (id_partida, id_pessoa, time_stamp, tipo_lance, descricao) VALUES(9, 334, '0:27:1', 'SOFREU FALTA', 'Bryan Ruiz sofre falta de Nikola Maksimovic!');
INSERT INTO lance (id_partida, id_pessoa, time_stamp, tipo_lance, descricao) VALUES(9, 342, '0:31:36', 'FALTA', 'Falta de Johan Venegas em Filip Kostic!');
INSERT INTO lance (id_partida, id_pessoa, time_stamp, tipo_lance, descricao) VALUES(9, 358, '0:31:36', 'SOFREU FALTA', 'Filip Kostic sofre falta de Johan Venegas!');
INSERT INTO lance (id_partida, id_pessoa, time_stamp, tipo_lance, descricao) VALUES(9, 335, '0:32:8', 'FALTA', 'Falta de Celso Borges em Jagos Vukovic!');
INSERT INTO lance (id_partida, id_pessoa, time_stamp, tipo_lance, descricao) VALUES(9, 350, '0:32:8', 'SOFREU FALTA', 'Jagos Vukovic sofre falta de Celso Borges!');
INSERT INTO lance (id_partida, id_pessoa, time_stamp, tipo_lance, descricao) VALUES(9, 334, '0:33:11', 'FALTA', 'Falta de Bryan Ruiz em Mijat Gacinovic!');
INSERT INTO lance (id_partida, id_pessoa, time_stamp, tipo_lance, descricao) VALUES(9, 357, '0:33:11', 'SOFREU FALTA', 'Mijat Gacinovic sofre falta de Bryan Ruiz!');
INSERT INTO lance (id_partida, id_pessoa, time_stamp, tipo_lance, descricao) VALUES(9, 351, '0:34:31', 'FALTA', 'Falta de Dusan Tadic em Michael Umaña!');
INSERT INTO lance (id_partida, id_pessoa, time_stamp, tipo_lance, descricao) VALUES(9, 332, '0:34:31', 'SOFREU FALTA', 'Michael Umaña sofre falta de Dusan Tadic!');
INSERT INTO lance (id_partida, id_pessoa, time_stamp, tipo_lance, descricao) VALUES(9, 355, '0:35:3', 'SUBSTITUICAO', 'Sai Adem Ljajic!');
INSERT INTO lance (id_partida, id_pessoa, time_stamp, tipo_lance, descricao) VALUES(9, 347, '0:35:3', 'SUBSTITUICAO', 'Entra Matija Nastasic!');
INSERT INTO lance (id_partida, id_pessoa, time_stamp, tipo_lance, descricao) VALUES(9, 339, '0:35:40', 'DEFESA', 'Defesa de Francisco Calvo!');
INSERT INTO lance (id_partida, id_pessoa, time_stamp, tipo_lance, descricao) VALUES(9, 349, '0:36:11', 'ASSISTENCIA', 'Assistencia de Sergej Milinkovic-Savic!');
INSERT INTO lance (id_partida, id_pessoa, time_stamp, tipo_lance, descricao) VALUES(9, 349, '0:36:11', 'GOL', 'Gol de Nikola Maksimovic!');
INSERT INTO lance (id_partida, id_pessoa, time_stamp, tipo_lance, descricao) VALUES(9, 334, '0:37:46', 'FALTA', 'Falta de Bryan Ruiz em Luka Milivojevic!');
INSERT INTO lance (id_partida, id_pessoa, time_stamp, tipo_lance, descricao) VALUES(9, 354, '0:37:46', 'SOFREU FALTA', 'Luka Milivojevic sofre falta de Bryan Ruiz!');
INSERT INTO lance (id_partida, id_pessoa, time_stamp, tipo_lance, descricao) VALUES(9, 356, '0:41:13', 'FALTA', 'Falta de Nemanja Gudelj em Celso Borges!');
INSERT INTO lance (id_partida, id_pessoa, time_stamp, tipo_lance, descricao) VALUES(9, 335, '0:41:13', 'SOFREU FALTA', 'Celso Borges sofre falta de Nemanja Gudelj!');
INSERT INTO lance (id_partida, id_pessoa, time_stamp, tipo_lance, descricao) VALUES(9, 349, '0:42:10', 'SUBSTITUICAO', 'Sai Nikola Maksimovic!');
INSERT INTO lance (id_partida, id_pessoa, time_stamp, tipo_lance, descricao) VALUES(9, 355, '0:42:10', 'SUBSTITUICAO', 'Entra Adem Ljajic!');
INSERT INTO lance (id_partida, id_pessoa, time_stamp, tipo_lance, descricao) VALUES(9, 352, '0:43:29', 'FALTA', 'Falta de Sergej Milinkovic-Savic em Rodney Wallace!');
INSERT INTO lance (id_partida, id_pessoa, time_stamp, tipo_lance, descricao) VALUES(9, 339, '0:43:29', 'SOFREU FALTA', 'Rodney Wallace sofre falta de Sergej Milinkovic-Savic!');
INSERT INTO lance (id_partida, id_pessoa, time_stamp, tipo_lance, descricao) VALUES(9, 334, '0:44:44', 'DEFESA', 'Defesa de Francisco Calvo!');
INSERT INTO lance (id_partida, id_pessoa, time_stamp, tipo_lance, descricao) VALUES(9, 356, '0:45:38', 'SUBSTITUICAO', 'Sai Nemanja Gudelj!');
INSERT INTO lance (id_partida, id_pessoa, time_stamp, tipo_lance, descricao) VALUES(9, 345, '0:45:38', 'SUBSTITUICAO', 'Entra Aleksandar Kolarov!');
INSERT INTO lance (id_partida, id_pessoa, time_stamp, tipo_lance, descricao) VALUES(9, 333, '0:48:10', 'FALTA', 'Falta de Johnny Acosta em Mijat Gacinovic!');
INSERT INTO lance (id_partida, id_pessoa, time_stamp, tipo_lance, descricao) VALUES(9, 357, '0:48:10', 'SOFREU FALTA', 'Mijat Gacinovic sofre falta de Johnny Acosta!');
INSERT INTO lance (id_partida, id_pessoa, time_stamp, tipo_lance, descricao) VALUES(9, 333, '0:48:10', 'CARTAO AMARELO', 'Johnny Acosta ganhou um cartão amarelo!');
INSERT INTO lance (id_partida, id_pessoa, time_stamp, tipo_lance, descricao) VALUES(9, 339, '0:48:21', 'FALTA', 'Falta de Rodney Wallace em Aleksandar Kolarov!');
INSERT INTO lance (id_partida, id_pessoa, time_stamp, tipo_lance, descricao) VALUES(9, 345, '0:48:21', 'SOFREU FALTA', 'Aleksandar Kolarov sofre falta de Rodney Wallace!');
INSERT INTO lance (id_partida, id_pessoa, time_stamp, tipo_lance, descricao) VALUES(9, 360, '0:48:35', 'FALTA', 'Falta de Aleksandar Prijovic em David Guzmán!');
INSERT INTO lance (id_partida, id_pessoa, time_stamp, tipo_lance, descricao) VALUES(9, 338, '0:48:35', 'SOFREU FALTA', 'David Guzmán sofre falta de Aleksandar Prijovic!');
INSERT INTO lance (id_partida, id_pessoa, time_stamp, tipo_lance, descricao) VALUES(9, 332, '0:50:19', 'SUBSTITUICAO', 'Sai Michael Umaña!');
INSERT INTO lance (id_partida, id_pessoa, time_stamp, tipo_lance, descricao) VALUES(9, 329, '0:50:19', 'SUBSTITUICAO', 'Entra Francisco Calvo!');
INSERT INTO lance (id_partida, id_pessoa, time_stamp, tipo_lance, descricao) VALUES(9, 338, '0:55:56', 'FALTA', 'Falta de David Guzmán em Filip Kostic!');
INSERT INTO lance (id_partida, id_pessoa, time_stamp, tipo_lance, descricao) VALUES(9, 358, '0:55:56', 'SOFREU FALTA', 'Filip Kostic sofre falta de David Guzmán!');
INSERT INTO lance (id_partida, id_pessoa, time_stamp, tipo_lance, descricao) VALUES(9, 338, '1:4:31', 'DEFESA', 'Defesa de Francisco Calvo!');
INSERT INTO lance (id_partida, id_pessoa, time_stamp, tipo_lance, descricao) VALUES(9, 358, '1:6:13', 'FALTA', 'Falta de Filip Kostic em Randall Azofeifa!');
INSERT INTO lance (id_partida, id_pessoa, time_stamp, tipo_lance, descricao) VALUES(9, 337, '1:6:13', 'SOFREU FALTA', 'Randall Azofeifa sofre falta de Filip Kostic!');
INSERT INTO lance (id_partida, id_pessoa, time_stamp, tipo_lance, descricao) VALUES(9, 345, '1:7:24', 'FALTA', 'Falta de Aleksandar Kolarov em Rodney Wallace!');
INSERT INTO lance (id_partida, id_pessoa, time_stamp, tipo_lance, descricao) VALUES(9, 339, '1:7:24', 'SOFREU FALTA', 'Rodney Wallace sofre falta de Aleksandar Kolarov!');
INSERT INTO lance (id_partida, id_pessoa, time_stamp, tipo_lance, descricao) VALUES(9, 342, '1:8:43', 'FALTA', 'Falta de Johan Venegas em Aleksandar Mitrovic!');
INSERT INTO lance (id_partida, id_pessoa, time_stamp, tipo_lance, descricao) VALUES(9, 359, '1:8:43', 'SOFREU FALTA', 'Aleksandar Mitrovic sofre falta de Johan Venegas!');
INSERT INTO lance (id_partida, id_pessoa, time_stamp, tipo_lance, descricao) VALUES(9, 336, '1:9:57', 'DEFESA', 'Defesa de Francisco Calvo!');
INSERT INTO lance (id_partida, id_pessoa, time_stamp, tipo_lance, descricao) VALUES(9, 358, '1:13:8', 'FALTA', 'Falta de Filip Kostic em Celso Borges!');
INSERT INTO lance (id_partida, id_pessoa, time_stamp, tipo_lance, descricao) VALUES(9, 335, '1:13:8', 'SOFREU FALTA', 'Celso Borges sofre falta de Filip Kostic!');
INSERT INTO lance (id_partida, id_pessoa, time_stamp, tipo_lance, descricao) VALUES(9, 350, '1:14:38', 'FALTA', 'Falta de Jagos Vukovic em Celso Borges!');
INSERT INTO lance (id_partida, id_pessoa, time_stamp, tipo_lance, descricao) VALUES(9, 335, '1:14:38', 'SOFREU FALTA', 'Celso Borges sofre falta de Jagos Vukovic!');
INSERT INTO lance (id_partida, id_pessoa, time_stamp, tipo_lance, descricao) VALUES(9, 358, '1:15:10', 'ASSISTENCIA', 'Assistencia de Mijat Gacinovic!');
INSERT INTO lance (id_partida, id_pessoa, time_stamp, tipo_lance, descricao) VALUES(9, 358, '1:15:10', 'GOL', 'Gol de Filip Kostic!');
INSERT INTO lance (id_partida, id_pessoa, time_stamp, tipo_lance, descricao) VALUES(9, 342, '1:15:19', 'FALTA', 'Falta de Johan Venegas em Filip Kostic!');
INSERT INTO lance (id_partida, id_pessoa, time_stamp, tipo_lance, descricao) VALUES(9, 358, '1:15:19', 'SOFREU FALTA', 'Filip Kostic sofre falta de Johan Venegas!');
INSERT INTO lance (id_partida, id_pessoa, time_stamp, tipo_lance, descricao) VALUES(9, 345, '1:16:28', 'DEFESA', 'Defesa de Francisco Calvo!');
INSERT INTO lance (id_partida, id_pessoa, time_stamp, tipo_lance, descricao) VALUES(9, 357, '1:17:17', 'FALTA', 'Falta de Mijat Gacinovic em Joel Campbell!');
INSERT INTO lance (id_partida, id_pessoa, time_stamp, tipo_lance, descricao) VALUES(9, 340, '1:17:17', 'SOFREU FALTA', 'Joel Campbell sofre falta de Mijat Gacinovic!');
INSERT INTO lance (id_partida, id_pessoa, time_stamp, tipo_lance, descricao) VALUES(9, 347, '1:17:30', 'DEFESA', 'Defesa de Francisco Calvo!');
INSERT INTO lance (id_partida, id_pessoa, time_stamp, tipo_lance, descricao) VALUES(9, 342, '1:18:9', 'FALTA', 'Falta de Johan Venegas em Adem Ljajic!');
INSERT INTO lance (id_partida, id_pessoa, time_stamp, tipo_lance, descricao) VALUES(9, 355, '1:18:9', 'SOFREU FALTA', 'Adem Ljajic sofre falta de Johan Venegas!');
INSERT INTO lance (id_partida, id_pessoa, time_stamp, tipo_lance, descricao) VALUES(9, 334, '1:18:50', 'FALTA', 'Falta de Bryan Ruiz em Mijat Gacinovic!');
INSERT INTO lance (id_partida, id_pessoa, time_stamp, tipo_lance, descricao) VALUES(9, 357, '1:18:50', 'SOFREU FALTA', 'Mijat Gacinovic sofre falta de Bryan Ruiz!');
INSERT INTO lance (id_partida, id_pessoa, time_stamp, tipo_lance, descricao) VALUES(9, 354, '1:19:5', 'DEFESA', 'Defesa de Francisco Calvo!');
INSERT INTO lance (id_partida, id_pessoa, time_stamp, tipo_lance, descricao) VALUES(9, 354, '1:21:39', 'DEFESA', 'Defesa de Francisco Calvo!');
INSERT INTO lance (id_partida, id_pessoa, time_stamp, tipo_lance, descricao) VALUES(9, 335, '1:22:58', 'DEFESA', 'Defesa de Francisco Calvo!');
INSERT INTO lance (id_partida, id_pessoa, time_stamp, tipo_lance, descricao) VALUES(9, 334, '1:23:36', 'FALTA', 'Falta de Bryan Ruiz em Sergej Milinkovic-Savic!');
INSERT INTO lance (id_partida, id_pessoa, time_stamp, tipo_lance, descricao) VALUES(9, 352, '1:23:36', 'SOFREU FALTA', 'Sergej Milinkovic-Savic sofre falta de Bryan Ruiz!');
INSERT INTO lance (id_partida, id_pessoa, time_stamp, tipo_lance, descricao) VALUES(9, 350, '1:25:57', 'FALTA', 'Falta de Jagos Vukovic em Francisco Calvo!');
INSERT INTO lance (id_partida, id_pessoa, time_stamp, tipo_lance, descricao) VALUES(9, 329, '1:25:57', 'SOFREU FALTA', 'Francisco Calvo sofre falta de Jagos Vukovic!');
INSERT INTO lance (id_partida, id_pessoa, time_stamp, tipo_lance, descricao) VALUES(9, 351, '1:27:13', 'FALTA', 'Falta de Dusan Tadic em Rodney Wallace!');
INSERT INTO lance (id_partida, id_pessoa, time_stamp, tipo_lance, descricao) VALUES(9, 339, '1:27:13', 'SOFREU FALTA', 'Rodney Wallace sofre falta de Dusan Tadic!');
INSERT INTO lance (id_partida, id_pessoa, time_stamp, tipo_lance, descricao) VALUES(9, 351, '1:27:13', 'CARTAO AMARELO', 'Dusan Tadic ganhou um cartão amarelo!');
INSERT INTO lance (id_partida, id_pessoa, time_stamp, tipo_lance, descricao) VALUES(9, 357, '1:27:54', 'FALTA', 'Falta de Mijat Gacinovic em Johnny Acosta!');
INSERT INTO lance (id_partida, id_pessoa, time_stamp, tipo_lance, descricao) VALUES(9, 333, '1:27:54', 'SOFREU FALTA', 'Johnny Acosta sofre falta de Mijat Gacinovic!');
INSERT INTO apita (id_partida, id_pessoa) VALUES(10, 652);
INSERT INTO apita (id_partida, id_pessoa) VALUES(10, 633);
INSERT INTO apita (id_partida, id_pessoa) VALUES(10, 668);
INSERT INTO deslocamento (codigo_pais, id_partida, itinerario, descricao_da_escolta) VALUES('GER', 10, 'ARKW5MQ1UDNKX8V1MFF8JAPRPA1WV27MC99XEVJYGRLHXE9O99CCL029C', 'G5U3G2FAHY97X06R11YH4KAMWV05AMH9VMPOEMLTBW7LPBLLF48AL4754HHUCK95Q9MLLRMPQEFHNY7VKOZGOGY0OTT6F1R1WC4QYA9YRSUGZZSFKVKXV3RKLW728QKYXOUL4R6JPAZ5WSBYAOVTR4F3UUECDG0BH5TKFHL3ZAHUEVX3VI1U41H2J10JM3GIKXY180T3C');
INSERT INTO deslocamento (codigo_pais, id_partida, itinerario, descricao_da_escolta) VALUES('MEX', 10, '3QWUZ96LR4PGHQX0BNQBR539KQ7644Z8RC71FYB0MALL3EQIDIYFMAK7XXKJCARWFQYES6UMMZZQURFF9Z2VGTVQ19ESO2YMSYGMQLZHXL3WL4NFREJMH5QV4INS2B8TBM85L3ZX9V7509E7V8BJSLEWIUSI8GPWMJV95S3YPVNW8V55DQ63AYAZILX1KRZ2FLSQNFBDFM', '78RYWYWERKVVYI50U5CN85UQWDOR7P3YY4D10WACYMIST03ISOQHC95BNACTKEGBQ773EEA74AYWXC65JG9T9VVY9COZUR2UFGCW3ADONSNCKINLEGJDEXC4MI3BZLNNIEQRAKCICVFQITO1ZCVNHYPRDHKUHBYCF93F16L3DABTSWW24CMX09GUZ9N3ARBA7CLJZI9211JGW58RUR');
INSERT INTO lance (id_partida, id_pessoa, time_stamp, tipo_lance, descricao) VALUES(10, 652, '0:45:0', 'FIM DO PRIMEIRO TEMPO', 'Juiz Aerni apita o fim do primeiro tempo!');
INSERT INTO lance (id_partida, id_pessoa, time_stamp, tipo_lance, descricao) VALUES(10, 652, '1:30:0', 'FIM DO JOGO', 'Juiz Aerni apita o fim do jogo!');
INSERT INTO lance (id_partida, id_pessoa, time_stamp, tipo_lance, descricao) VALUES(10, 396, '0:1:14', 'FALTA', 'Falta de Oribe Peralta em Thomas Müller!');
INSERT INTO lance (id_partida, id_pessoa, time_stamp, tipo_lance, descricao) VALUES(10, 377, '0:1:14', 'SOFREU FALTA', 'Thomas Müller sofre falta de Oribe Peralta!');
INSERT INTO lance (id_partida, id_pessoa, time_stamp, tipo_lance, descricao) VALUES(10, 396, '0:1:14', 'CARTAO AMARELO', 'Oribe Peralta ganhou um cartão amarelo!');
INSERT INTO lance (id_partida, id_pessoa, time_stamp, tipo_lance, descricao) VALUES(10, 386, '0:1:39', 'FALTA', 'Falta de Jonathan dos Santos em Mario Götze!');
INSERT INTO lance (id_partida, id_pessoa, time_stamp, tipo_lance, descricao) VALUES(10, 376, '0:1:39', 'SOFREU FALTA', 'Mario Götze sofre falta de Jonathan dos Santos!');
INSERT INTO lance (id_partida, id_pessoa, time_stamp, tipo_lance, descricao) VALUES(10, 387, '0:1:41', 'FALTA', 'Falta de Giovani dos Santos em Sami Khedira!');
INSERT INTO lance (id_partida, id_pessoa, time_stamp, tipo_lance, descricao) VALUES(10, 375, '0:1:41', 'SOFREU FALTA', 'Sami Khedira sofre falta de Giovani dos Santos!');
INSERT INTO lance (id_partida, id_pessoa, time_stamp, tipo_lance, descricao) VALUES(10, 393, '0:1:46', 'FALTA', 'Falta de Raúl Jiménez em Mario Götze!');
INSERT INTO lance (id_partida, id_pessoa, time_stamp, tipo_lance, descricao) VALUES(10, 376, '0:1:46', 'SOFREU FALTA', 'Mario Götze sofre falta de Raúl Jiménez!');
INSERT INTO lance (id_partida, id_pessoa, time_stamp, tipo_lance, descricao) VALUES(10, 375, '0:2:5', 'FALTA', 'Falta de Sami Khedira em Raúl Jiménez!');
INSERT INTO lance (id_partida, id_pessoa, time_stamp, tipo_lance, descricao) VALUES(10, 393, '0:2:5', 'SOFREU FALTA', 'Raúl Jiménez sofre falta de Sami Khedira!');
INSERT INTO lance (id_partida, id_pessoa, time_stamp, tipo_lance, descricao) VALUES(10, 372, '0:4:9', 'DEFESA', 'Defesa de Joshua Kimmich!');
INSERT INTO lance (id_partida, id_pessoa, time_stamp, tipo_lance, descricao) VALUES(10, 392, '0:6:8', 'FALTA', 'Falta de Hirving Lozano em Thomas Müller!');
INSERT INTO lance (id_partida, id_pessoa, time_stamp, tipo_lance, descricao) VALUES(10, 377, '0:6:8', 'SOFREU FALTA', 'Thomas Müller sofre falta de Hirving Lozano!');
INSERT INTO lance (id_partida, id_pessoa, time_stamp, tipo_lance, descricao) VALUES(10, 388, '0:6:28', 'DEFESA', 'Defesa de Joshua Kimmich!');
INSERT INTO lance (id_partida, id_pessoa, time_stamp, tipo_lance, descricao) VALUES(10, 368, '0:7:37', 'FALTA', 'Falta de Toni Kroos em Andrés Guardado!');
INSERT INTO lance (id_partida, id_pessoa, time_stamp, tipo_lance, descricao) VALUES(10, 388, '0:7:37', 'SOFREU FALTA', 'Andrés Guardado sofre falta de Toni Kroos!');
INSERT INTO lance (id_partida, id_pessoa, time_stamp, tipo_lance, descricao) VALUES(10, 368, '0:7:37', 'CARTAO AMARELO', 'Toni Kroos ganhou um cartão amarelo!');
INSERT INTO lance (id_partida, id_pessoa, time_stamp, tipo_lance, descricao) VALUES(10, 369, '0:7:41', 'FALTA', 'Falta de Emre Can em Jesús Corona!');
INSERT INTO lance (id_partida, id_pessoa, time_stamp, tipo_lance, descricao) VALUES(10, 391, '0:7:41', 'SOFREU FALTA', 'Jesús Corona sofre falta de Emre Can!');
INSERT INTO lance (id_partida, id_pessoa, time_stamp, tipo_lance, descricao) VALUES(10, 371, '0:8:23', 'FALTA', 'Falta de Julian Brandt em Jesús Corona!');
INSERT INTO lance (id_partida, id_pessoa, time_stamp, tipo_lance, descricao) VALUES(10, 391, '0:8:23', 'SOFREU FALTA', 'Jesús Corona sofre falta de Julian Brandt!');
INSERT INTO lance (id_partida, id_pessoa, time_stamp, tipo_lance, descricao) VALUES(10, 374, '0:9:22', 'FALTA', 'Falta de Mesut Özil em Jesús Corona!');
INSERT INTO lance (id_partida, id_pessoa, time_stamp, tipo_lance, descricao) VALUES(10, 391, '0:9:22', 'SOFREU FALTA', 'Jesús Corona sofre falta de Mesut Özil!');
INSERT INTO lance (id_partida, id_pessoa, time_stamp, tipo_lance, descricao) VALUES(10, 376, '0:11:44', 'FALTA', 'Falta de Mario Götze em Hirving Lozano!');
INSERT INTO lance (id_partida, id_pessoa, time_stamp, tipo_lance, descricao) VALUES(10, 392, '0:11:44', 'SOFREU FALTA', 'Hirving Lozano sofre falta de Mario Götze!');
INSERT INTO lance (id_partida, id_pessoa, time_stamp, tipo_lance, descricao) VALUES(10, 378, '0:13:57', 'FALTA', 'Falta de Timo Werner em Raúl Jiménez!');
INSERT INTO lance (id_partida, id_pessoa, time_stamp, tipo_lance, descricao) VALUES(10, 393, '0:13:57', 'SOFREU FALTA', 'Raúl Jiménez sofre falta de Timo Werner!');
INSERT INTO lance (id_partida, id_pessoa, time_stamp, tipo_lance, descricao) VALUES(10, 369, '0:16:21', 'FALTA', 'Falta de Emre Can em Jonathan dos Santos!');
INSERT INTO lance (id_partida, id_pessoa, time_stamp, tipo_lance, descricao) VALUES(10, 386, '0:16:21', 'SOFREU FALTA', 'Jonathan dos Santos sofre falta de Emre Can!');
INSERT INTO lance (id_partida, id_pessoa, time_stamp, tipo_lance, descricao) VALUES(10, 392, '0:16:37', 'FALTA', 'Falta de Hirving Lozano em Sami Khedira!');
INSERT INTO lance (id_partida, id_pessoa, time_stamp, tipo_lance, descricao) VALUES(10, 375, '0:16:37', 'SOFREU FALTA', 'Sami Khedira sofre falta de Hirving Lozano!');
INSERT INTO lance (id_partida, id_pessoa, time_stamp, tipo_lance, descricao) VALUES(10, 390, '0:18:47', 'FALTA', 'Falta de Javier Aquino em Mesut Özil!');
INSERT INTO lance (id_partida, id_pessoa, time_stamp, tipo_lance, descricao) VALUES(10, 374, '0:18:47', 'SOFREU FALTA', 'Mesut Özil sofre falta de Javier Aquino!');
INSERT INTO lance (id_partida, id_pessoa, time_stamp, tipo_lance, descricao) VALUES(10, 377, '0:21:37', 'DEFESA', 'Defesa de Joshua Kimmich!');
INSERT INTO lance (id_partida, id_pessoa, time_stamp, tipo_lance, descricao) VALUES(10, 373, '0:21:49', 'FALTA', 'Falta de Leroy Sané em Oribe Peralta!');
INSERT INTO lance (id_partida, id_pessoa, time_stamp, tipo_lance, descricao) VALUES(10, 396, '0:21:49', 'SOFREU FALTA', 'Oribe Peralta sofre falta de Leroy Sané!');
INSERT INTO lance (id_partida, id_pessoa, time_stamp, tipo_lance, descricao) VALUES(10, 375, '0:22:36', 'SUBSTITUICAO', 'Sai Sami Khedira!');
INSERT INTO lance (id_partida, id_pessoa, time_stamp, tipo_lance, descricao) VALUES(10, 365, '0:22:36', 'SUBSTITUICAO', 'Entra Joshua Kimmich!');
INSERT INTO lance (id_partida, id_pessoa, time_stamp, tipo_lance, descricao) VALUES(10, 395, '0:28:51', 'FALTA', 'Falta de Javier Hernández em Sebastian Rudy!');
INSERT INTO lance (id_partida, id_pessoa, time_stamp, tipo_lance, descricao) VALUES(10, 372, '0:28:51', 'SOFREU FALTA', 'Sebastian Rudy sofre falta de Javier Hernández!');
INSERT INTO lance (id_partida, id_pessoa, time_stamp, tipo_lance, descricao) VALUES(10, 368, '0:29:37', 'DEFESA', 'Defesa de Joshua Kimmich!');
INSERT INTO lance (id_partida, id_pessoa, time_stamp, tipo_lance, descricao) VALUES(10, 377, '0:31:34', 'DEFESA', 'Defesa de Joshua Kimmich!');
INSERT INTO lance (id_partida, id_pessoa, time_stamp, tipo_lance, descricao) VALUES(10, 388, '0:32:51', 'ASSISTENCIA', 'Assistencia de Hirving Lozano!');
INSERT INTO lance (id_partida, id_pessoa, time_stamp, tipo_lance, descricao) VALUES(10, 388, '0:32:51', 'GOL', 'Gol de Andrés Guardado!');
INSERT INTO lance (id_partida, id_pessoa, time_stamp, tipo_lance, descricao) VALUES(10, 386, '0:34:38', 'DEFESA', 'Defesa de Joshua Kimmich!');
INSERT INTO lance (id_partida, id_pessoa, time_stamp, tipo_lance, descricao) VALUES(10, 368, '0:40:19', 'FALTA', 'Falta de Toni Kroos em Carlos Vela!');
INSERT INTO lance (id_partida, id_pessoa, time_stamp, tipo_lance, descricao) VALUES(10, 394, '0:40:19', 'SOFREU FALTA', 'Carlos Vela sofre falta de Toni Kroos!');
INSERT INTO lance (id_partida, id_pessoa, time_stamp, tipo_lance, descricao) VALUES(10, 396, '0:41:44', 'FALTA', 'Falta de Oribe Peralta em Leroy Sané!');
INSERT INTO lance (id_partida, id_pessoa, time_stamp, tipo_lance, descricao) VALUES(10, 373, '0:41:44', 'SOFREU FALTA', 'Leroy Sané sofre falta de Oribe Peralta!');
INSERT INTO lance (id_partida, id_pessoa, time_stamp, tipo_lance, descricao) VALUES(10, 386, '0:42:27', 'DEFESA', 'Defesa de Joshua Kimmich!');
INSERT INTO lance (id_partida, id_pessoa, time_stamp, tipo_lance, descricao) VALUES(10, 386, '0:43:45', 'FALTA', 'Falta de Jonathan dos Santos em Leon Goretzka!');
INSERT INTO lance (id_partida, id_pessoa, time_stamp, tipo_lance, descricao) VALUES(10, 370, '0:43:45', 'SOFREU FALTA', 'Leon Goretzka sofre falta de Jonathan dos Santos!');
INSERT INTO lance (id_partida, id_pessoa, time_stamp, tipo_lance, descricao) VALUES(10, 386, '0:44:37', 'SUBSTITUICAO', 'Sai Jonathan dos Santos!');
INSERT INTO lance (id_partida, id_pessoa, time_stamp, tipo_lance, descricao) VALUES(10, 381, '0:44:37', 'SUBSTITUICAO', 'Entra Diego Reyes!');
INSERT INTO lance (id_partida, id_pessoa, time_stamp, tipo_lance, descricao) VALUES(10, 365, '0:46:48', 'FALTA', 'Falta de Joshua Kimmich em Raúl Jiménez!');
INSERT INTO lance (id_partida, id_pessoa, time_stamp, tipo_lance, descricao) VALUES(10, 393, '0:46:48', 'SOFREU FALTA', 'Raúl Jiménez sofre falta de Joshua Kimmich!');
INSERT INTO lance (id_partida, id_pessoa, time_stamp, tipo_lance, descricao) VALUES(10, 369, '0:47:54', 'SUBSTITUICAO', 'Sai Emre Can!');
INSERT INTO lance (id_partida, id_pessoa, time_stamp, tipo_lance, descricao) VALUES(10, 375, '0:47:54', 'SUBSTITUICAO', 'Entra Sami Khedira!');
INSERT INTO lance (id_partida, id_pessoa, time_stamp, tipo_lance, descricao) VALUES(10, 381, '0:48:20', 'FALTA', 'Falta de Diego Reyes em Thomas Müller!');
INSERT INTO lance (id_partida, id_pessoa, time_stamp, tipo_lance, descricao) VALUES(10, 377, '0:48:20', 'SOFREU FALTA', 'Thomas Müller sofre falta de Diego Reyes!');
INSERT INTO lance (id_partida, id_pessoa, time_stamp, tipo_lance, descricao) VALUES(10, 395, '0:51:35', 'DEFESA', 'Defesa de Joshua Kimmich!');
INSERT INTO lance (id_partida, id_pessoa, time_stamp, tipo_lance, descricao) VALUES(10, 392, '0:54:44', 'FALTA', 'Falta de Hirving Lozano em Leon Goretzka!');
INSERT INTO lance (id_partida, id_pessoa, time_stamp, tipo_lance, descricao) VALUES(10, 370, '0:54:44', 'SOFREU FALTA', 'Leon Goretzka sofre falta de Hirving Lozano!');
INSERT INTO lance (id_partida, id_pessoa, time_stamp, tipo_lance, descricao) VALUES(10, 365, '0:57:13', 'FALTA', 'Falta de Joshua Kimmich em Carlos Vela!');
INSERT INTO lance (id_partida, id_pessoa, time_stamp, tipo_lance, descricao) VALUES(10, 394, '0:57:13', 'SOFREU FALTA', 'Carlos Vela sofre falta de Joshua Kimmich!');
INSERT INTO lance (id_partida, id_pessoa, time_stamp, tipo_lance, descricao) VALUES(10, 392, '0:57:46', 'FALTA', 'Falta de Hirving Lozano em Timo Werner!');
INSERT INTO lance (id_partida, id_pessoa, time_stamp, tipo_lance, descricao) VALUES(10, 378, '0:57:46', 'SOFREU FALTA', 'Timo Werner sofre falta de Hirving Lozano!');
INSERT INTO lance (id_partida, id_pessoa, time_stamp, tipo_lance, descricao) VALUES(10, 392, '0:57:46', 'CARTAO AMARELO', 'Hirving Lozano ganhou um cartão amarelo!');
INSERT INTO lance (id_partida, id_pessoa, time_stamp, tipo_lance, descricao) VALUES(10, 377, '0:57:57', 'FALTA', 'Falta de Thomas Müller em Giovani dos Santos!');
INSERT INTO lance (id_partida, id_pessoa, time_stamp, tipo_lance, descricao) VALUES(10, 387, '0:57:57', 'SOFREU FALTA', 'Giovani dos Santos sofre falta de Thomas Müller!');
INSERT INTO lance (id_partida, id_pessoa, time_stamp, tipo_lance, descricao) VALUES(10, 377, '0:57:57', 'CARTAO AMARELO', 'Thomas Müller ganhou um cartão amarelo!');
INSERT INTO lance (id_partida, id_pessoa, time_stamp, tipo_lance, descricao) VALUES(10, 368, '0:59:6', 'FALTA', 'Falta de Toni Kroos em Carlos Vela!');
INSERT INTO lance (id_partida, id_pessoa, time_stamp, tipo_lance, descricao) VALUES(10, 394, '0:59:6', 'SOFREU FALTA', 'Carlos Vela sofre falta de Toni Kroos!');
INSERT INTO lance (id_partida, id_pessoa, time_stamp, tipo_lance, descricao) VALUES(10, 371, '0:59:26', 'FALTA', 'Falta de Julian Brandt em Andrés Guardado!');
INSERT INTO lance (id_partida, id_pessoa, time_stamp, tipo_lance, descricao) VALUES(10, 388, '0:59:26', 'SOFREU FALTA', 'Andrés Guardado sofre falta de Julian Brandt!');
INSERT INTO lance (id_partida, id_pessoa, time_stamp, tipo_lance, descricao) VALUES(10, 392, '1:0:54', 'GOL', 'Gol de Hirving Lozano!');
INSERT INTO lance (id_partida, id_pessoa, time_stamp, tipo_lance, descricao) VALUES(10, 388, '1:2:20', 'DEFESA', 'Defesa de Joshua Kimmich!');
INSERT INTO lance (id_partida, id_pessoa, time_stamp, tipo_lance, descricao) VALUES(10, 393, '1:2:25', 'FALTA', 'Falta de Raúl Jiménez em Timo Werner!');
INSERT INTO lance (id_partida, id_pessoa, time_stamp, tipo_lance, descricao) VALUES(10, 378, '1:2:25', 'SOFREU FALTA', 'Timo Werner sofre falta de Raúl Jiménez!');
INSERT INTO lance (id_partida, id_pessoa, time_stamp, tipo_lance, descricao) VALUES(10, 381, '1:3:16', 'FALTA', 'Falta de Diego Reyes em Leon Goretzka!');
INSERT INTO lance (id_partida, id_pessoa, time_stamp, tipo_lance, descricao) VALUES(10, 370, '1:3:16', 'SOFREU FALTA', 'Leon Goretzka sofre falta de Diego Reyes!');
INSERT INTO lance (id_partida, id_pessoa, time_stamp, tipo_lance, descricao) VALUES(10, 396, '1:3:18', 'FALTA', 'Falta de Oribe Peralta em Toni Kroos!');
INSERT INTO lance (id_partida, id_pessoa, time_stamp, tipo_lance, descricao) VALUES(10, 368, '1:3:18', 'SOFREU FALTA', 'Toni Kroos sofre falta de Oribe Peralta!');
INSERT INTO lance (id_partida, id_pessoa, time_stamp, tipo_lance, descricao) VALUES(10, 377, '1:3:34', 'DEFESA', 'Defesa de Joshua Kimmich!');
INSERT INTO lance (id_partida, id_pessoa, time_stamp, tipo_lance, descricao) VALUES(10, 393, '1:3:40', 'FALTA', 'Falta de Raúl Jiménez em Toni Kroos!');
INSERT INTO lance (id_partida, id_pessoa, time_stamp, tipo_lance, descricao) VALUES(10, 368, '1:3:40', 'SOFREU FALTA', 'Toni Kroos sofre falta de Raúl Jiménez!');
INSERT INTO lance (id_partida, id_pessoa, time_stamp, tipo_lance, descricao) VALUES(10, 365, '1:4:8', 'FALTA', 'Falta de Joshua Kimmich em Jesús Corona!');
INSERT INTO lance (id_partida, id_pessoa, time_stamp, tipo_lance, descricao) VALUES(10, 391, '1:4:8', 'SOFREU FALTA', 'Jesús Corona sofre falta de Joshua Kimmich!');
INSERT INTO lance (id_partida, id_pessoa, time_stamp, tipo_lance, descricao) VALUES(10, 391, '1:4:54', 'FALTA', 'Falta de Jesús Corona em Toni Kroos!');
INSERT INTO lance (id_partida, id_pessoa, time_stamp, tipo_lance, descricao) VALUES(10, 368, '1:4:54', 'SOFREU FALTA', 'Toni Kroos sofre falta de Jesús Corona!');
INSERT INTO lance (id_partida, id_pessoa, time_stamp, tipo_lance, descricao) VALUES(10, 373, '1:5:2', 'FALTA', 'Falta de Leroy Sané em Raúl Jiménez!');
INSERT INTO lance (id_partida, id_pessoa, time_stamp, tipo_lance, descricao) VALUES(10, 393, '1:5:2', 'SOFREU FALTA', 'Raúl Jiménez sofre falta de Leroy Sané!');
INSERT INTO lance (id_partida, id_pessoa, time_stamp, tipo_lance, descricao) VALUES(10, 391, '1:6:34', 'DEFESA', 'Defesa de Joshua Kimmich!');
INSERT INTO lance (id_partida, id_pessoa, time_stamp, tipo_lance, descricao) VALUES(10, 394, '1:7:49', 'SUBSTITUICAO', 'Sai Carlos Vela!');
INSERT INTO lance (id_partida, id_pessoa, time_stamp, tipo_lance, descricao) VALUES(10, 383, '1:7:49', 'SUBSTITUICAO', 'Entra Jesús Gallardo!');
INSERT INTO lance (id_partida, id_pessoa, time_stamp, tipo_lance, descricao) VALUES(10, 391, '1:7:58', 'FALTA', 'Falta de Jesús Corona em Timo Werner!');
INSERT INTO lance (id_partida, id_pessoa, time_stamp, tipo_lance, descricao) VALUES(10, 378, '1:7:58', 'SOFREU FALTA', 'Timo Werner sofre falta de Jesús Corona!');
INSERT INTO lance (id_partida, id_pessoa, time_stamp, tipo_lance, descricao) VALUES(10, 375, '1:16:54', 'FALTA', 'Falta de Sami Khedira em Diego Reyes!');
INSERT INTO lance (id_partida, id_pessoa, time_stamp, tipo_lance, descricao) VALUES(10, 381, '1:16:54', 'SOFREU FALTA', 'Diego Reyes sofre falta de Sami Khedira!');
INSERT INTO lance (id_partida, id_pessoa, time_stamp, tipo_lance, descricao) VALUES(10, 391, '1:18:47', 'FALTA', 'Falta de Jesús Corona em Leroy Sané!');
INSERT INTO lance (id_partida, id_pessoa, time_stamp, tipo_lance, descricao) VALUES(10, 373, '1:18:47', 'SOFREU FALTA', 'Leroy Sané sofre falta de Jesús Corona!');
INSERT INTO lance (id_partida, id_pessoa, time_stamp, tipo_lance, descricao) VALUES(10, 391, '1:18:47', 'CARTAO AMARELO', 'Jesús Corona ganhou um cartão amarelo!');
INSERT INTO lance (id_partida, id_pessoa, time_stamp, tipo_lance, descricao) VALUES(10, 393, '1:19:5', 'FALTA', 'Falta de Raúl Jiménez em Thomas Müller!');
INSERT INTO lance (id_partida, id_pessoa, time_stamp, tipo_lance, descricao) VALUES(10, 377, '1:19:5', 'SOFREU FALTA', 'Thomas Müller sofre falta de Raúl Jiménez!');
INSERT INTO lance (id_partida, id_pessoa, time_stamp, tipo_lance, descricao) VALUES(10, 396, '1:19:31', 'FALTA', 'Falta de Oribe Peralta em Leon Goretzka!');
INSERT INTO lance (id_partida, id_pessoa, time_stamp, tipo_lance, descricao) VALUES(10, 370, '1:19:31', 'SOFREU FALTA', 'Leon Goretzka sofre falta de Oribe Peralta!');
INSERT INTO lance (id_partida, id_pessoa, time_stamp, tipo_lance, descricao) VALUES(10, 395, '1:20:14', 'FALTA', 'Falta de Javier Hernández em Timo Werner!');
INSERT INTO lance (id_partida, id_pessoa, time_stamp, tipo_lance, descricao) VALUES(10, 378, '1:20:14', 'SOFREU FALTA', 'Timo Werner sofre falta de Javier Hernández!');
INSERT INTO lance (id_partida, id_pessoa, time_stamp, tipo_lance, descricao) VALUES(10, 383, '1:22:40', 'DEFESA', 'Defesa de Joshua Kimmich!');
INSERT INTO lance (id_partida, id_pessoa, time_stamp, tipo_lance, descricao) VALUES(10, 389, '1:25:15', 'FALTA', 'Falta de Héctor Herrera em Timo Werner!');
INSERT INTO lance (id_partida, id_pessoa, time_stamp, tipo_lance, descricao) VALUES(10, 378, '1:25:15', 'SOFREU FALTA', 'Timo Werner sofre falta de Héctor Herrera!');
INSERT INTO lance (id_partida, id_pessoa, time_stamp, tipo_lance, descricao) VALUES(10, 374, '1:28:34', 'DEFESA', 'Defesa de Joshua Kimmich!');
INSERT INTO apita (id_partida, id_pessoa) VALUES(11, 652);
INSERT INTO apita (id_partida, id_pessoa) VALUES(11, 613);
INSERT INTO apita (id_partida, id_pessoa) VALUES(11, 618);
INSERT INTO deslocamento (codigo_pais, id_partida, itinerario, descricao_da_escolta) VALUES('BRA', 11, '2Y5JLZS57Q882SLQ0H7HV7TMZIJAVMJ7SP9VDZX8W0S6ZZHFVE7XNQM4ESTCPRJVGAQMSZMBT8V4PXWABDPROWUCCERVFVTER6ZZJ4W526DO4SPR5TALB2GUQNJNH158PQNS770GRTYSSFHUZ9ZVUHDZ0FJ5UJXAAE9OE6U8244RDXBKGZXICKNIMY21X5VH6XSNF2Q3P020MWVCD8Z5VP8011BQE2L7IWVPFXFNJ', '2LRX50CZYYGZWQZ2WO19YXP5SZAG7Q3LW0XXID5LOODW1S9F0NA0WJFE6VEFZ52I54D62BTTSPVKT3E9Z5QTPCZMUS1X80VSW516ODMY3RIGY5VDRFP3PI22E1LKK6U24CYYBHUWT1074TXZ7YF3K1DNC82X2BN77PMWH7BKU3KXS57VDWNW00SC9KVCO73RO2AOHBR9W4JQRP5HBHUFY1G');
INSERT INTO deslocamento (codigo_pais, id_partida, itinerario, descricao_da_escolta) VALUES('SWI', 11, '7JX7L86W92J04TNBEN96QBVTPNBHMX3WV3Q7OUXY8WQYGEMS3SBK1K06YDR86YKL9WFBCPXU0K73U7NKBTN3WS5K', 'UJKCZ2JMFYT9KPN5RUQN6M00H6MLRZQ149RFMRASXRPI4K0D98F8O7FITU52P85P');
INSERT INTO lance (id_partida, id_pessoa, time_stamp, tipo_lance, descricao) VALUES(11, 652, '0:45:0', 'FIM DO PRIMEIRO TEMPO', 'Juiz Aerni apita o fim do primeiro tempo!');
INSERT INTO lance (id_partida, id_pessoa, time_stamp, tipo_lance, descricao) VALUES(11, 652, '1:30:0', 'FIM DO JOGO', 'Juiz Aerni apita o fim do jogo!');
INSERT INTO lance (id_partida, id_pessoa, time_stamp, tipo_lance, descricao) VALUES(11, 320, '0:1:48', 'DEFESA', 'Defesa de Filipe Luís!');
INSERT INTO lance (id_partida, id_pessoa, time_stamp, tipo_lance, descricao) VALUES(11, 296, '0:3:46', 'FALTA', 'Falta de Willian em Granit Xhaka!');
INSERT INTO lance (id_partida, id_pessoa, time_stamp, tipo_lance, descricao) VALUES(11, 314, '0:3:46', 'SOFREU FALTA', 'Granit Xhaka sofre falta de Willian!');
INSERT INTO lance (id_partida, id_pessoa, time_stamp, tipo_lance, descricao) VALUES(11, 303, '0:4:20', 'FALTA', 'Falta de Douglas Costa em Granit Xhaka!');
INSERT INTO lance (id_partida, id_pessoa, time_stamp, tipo_lance, descricao) VALUES(11, 314, '0:4:20', 'SOFREU FALTA', 'Granit Xhaka sofre falta de Douglas Costa!');
INSERT INTO lance (id_partida, id_pessoa, time_stamp, tipo_lance, descricao) VALUES(11, 306, '0:12:25', 'GOL', 'Gol de Neymar Jr!');
INSERT INTO lance (id_partida, id_pessoa, time_stamp, tipo_lance, descricao) VALUES(11, 320, '0:14:25', 'FALTA', 'Falta de Gerson Fernandes em Renato Augusto!');
INSERT INTO lance (id_partida, id_pessoa, time_stamp, tipo_lance, descricao) VALUES(11, 300, '0:14:25', 'SOFREU FALTA', 'Renato Augusto sofre falta de Gerson Fernandes!');
INSERT INTO lance (id_partida, id_pessoa, time_stamp, tipo_lance, descricao) VALUES(11, 316, '0:14:32', 'SUBSTITUICAO', 'Sai Blerim Dzemaili!');
INSERT INTO lance (id_partida, id_pessoa, time_stamp, tipo_lance, descricao) VALUES(11, 312, '0:14:32', 'SUBSTITUICAO', 'Entra Johan Djourou!');
INSERT INTO lance (id_partida, id_pessoa, time_stamp, tipo_lance, descricao) VALUES(11, 317, '0:15:15', 'DEFESA', 'Defesa de Filipe Luís!');
INSERT INTO lance (id_partida, id_pessoa, time_stamp, tipo_lance, descricao) VALUES(11, 319, '0:18:33', 'FALTA', 'Falta de Valon Behrami em Philippe Coutinho!');
INSERT INTO lance (id_partida, id_pessoa, time_stamp, tipo_lance, descricao) VALUES(11, 302, '0:18:33', 'SOFREU FALTA', 'Philippe Coutinho sofre falta de Valon Behrami!');
INSERT INTO lance (id_partida, id_pessoa, time_stamp, tipo_lance, descricao) VALUES(11, 315, '0:18:36', 'SUBSTITUICAO', 'Sai Steven Zuber!');
INSERT INTO lance (id_partida, id_pessoa, time_stamp, tipo_lance, descricao) VALUES(11, 313, '0:18:36', 'SUBSTITUICAO', 'Entra Fabian Schär!');
INSERT INTO lance (id_partida, id_pessoa, time_stamp, tipo_lance, descricao) VALUES(11, 323, '0:23:8', 'DEFESA', 'Defesa de Filipe Luís!');
INSERT INTO lance (id_partida, id_pessoa, time_stamp, tipo_lance, descricao) VALUES(11, 302, '0:23:14', 'DEFESA', 'Defesa de Filipe Luís!');
INSERT INTO lance (id_partida, id_pessoa, time_stamp, tipo_lance, descricao) VALUES(11, 312, '0:25:25', 'DEFESA', 'Defesa de Filipe Luís!');
INSERT INTO lance (id_partida, id_pessoa, time_stamp, tipo_lance, descricao) VALUES(11, 306, '0:25:55', 'GOL', 'Gol de Neymar Jr!');
INSERT INTO lance (id_partida, id_pessoa, time_stamp, tipo_lance, descricao) VALUES(11, 300, '0:26:30', 'SUBSTITUICAO', 'Sai Renato Augusto!');
INSERT INTO lance (id_partida, id_pessoa, time_stamp, tipo_lance, descricao) VALUES(11, 294, '0:26:30', 'SUBSTITUICAO', 'Entra Marquinhos!');
INSERT INTO lance (id_partida, id_pessoa, time_stamp, tipo_lance, descricao) VALUES(11, 314, '0:27:39', 'ASSISTENCIA', 'Assistencia de Breel Embolo!');
INSERT INTO lance (id_partida, id_pessoa, time_stamp, tipo_lance, descricao) VALUES(11, 314, '0:27:39', 'GOL', 'Gol de Granit Xhaka!');
INSERT INTO lance (id_partida, id_pessoa, time_stamp, tipo_lance, descricao) VALUES(11, 324, '0:35:58', 'FALTA', 'Falta de Eren Derdiyok em Neymar Jr!');
INSERT INTO lance (id_partida, id_pessoa, time_stamp, tipo_lance, descricao) VALUES(11, 306, '0:35:58', 'SOFREU FALTA', 'Neymar Jr sofre falta de Eren Derdiyok!');
INSERT INTO lance (id_partida, id_pessoa, time_stamp, tipo_lance, descricao) VALUES(11, 317, '0:37:50', 'FALTA', 'Falta de Denis Zakaria em Paulinho!');
INSERT INTO lance (id_partida, id_pessoa, time_stamp, tipo_lance, descricao) VALUES(11, 297, '0:37:50', 'SOFREU FALTA', 'Paulinho sofre falta de Denis Zakaria!');
INSERT INTO lance (id_partida, id_pessoa, time_stamp, tipo_lance, descricao) VALUES(11, 294, '0:38:47', 'FALTA', 'Falta de Marquinhos em Denis Zakaria!');
INSERT INTO lance (id_partida, id_pessoa, time_stamp, tipo_lance, descricao) VALUES(11, 317, '0:38:47', 'SOFREU FALTA', 'Denis Zakaria sofre falta de Marquinhos!');
INSERT INTO lance (id_partida, id_pessoa, time_stamp, tipo_lance, descricao) VALUES(11, 319, '0:39:29', 'SUBSTITUICAO', 'Sai Valon Behrami!');
INSERT INTO lance (id_partida, id_pessoa, time_stamp, tipo_lance, descricao) VALUES(11, 316, '0:39:29', 'SUBSTITUICAO', 'Entra Blerim Dzemaili!');
INSERT INTO lance (id_partida, id_pessoa, time_stamp, tipo_lance, descricao) VALUES(11, 301, '0:39:49', 'GOL', 'Gol de Giuliano!');
INSERT INTO lance (id_partida, id_pessoa, time_stamp, tipo_lance, descricao) VALUES(11, 323, '0:40:19', 'DEFESA', 'Defesa de Filipe Luís!');
INSERT INTO lance (id_partida, id_pessoa, time_stamp, tipo_lance, descricao) VALUES(11, 320, '0:40:47', 'FALTA', 'Falta de Gerson Fernandes em Paulinho!');
INSERT INTO lance (id_partida, id_pessoa, time_stamp, tipo_lance, descricao) VALUES(11, 297, '0:40:47', 'SOFREU FALTA', 'Paulinho sofre falta de Gerson Fernandes!');
INSERT INTO lance (id_partida, id_pessoa, time_stamp, tipo_lance, descricao) VALUES(11, 306, '0:43:38', 'DEFESA', 'Defesa de Filipe Luís!');
INSERT INTO lance (id_partida, id_pessoa, time_stamp, tipo_lance, descricao) VALUES(11, 298, '0:43:45', 'DEFESA', 'Defesa de Filipe Luís!');
INSERT INTO lance (id_partida, id_pessoa, time_stamp, tipo_lance, descricao) VALUES(11, 316, '0:44:21', 'FALTA', 'Falta de Blerim Dzemaili em Philippe Coutinho!');
INSERT INTO lance (id_partida, id_pessoa, time_stamp, tipo_lance, descricao) VALUES(11, 302, '0:44:21', 'SOFREU FALTA', 'Philippe Coutinho sofre falta de Blerim Dzemaili!');
INSERT INTO lance (id_partida, id_pessoa, time_stamp, tipo_lance, descricao) VALUES(11, 323, '0:49:22', 'DEFESA', 'Defesa de Filipe Luís!');
INSERT INTO lance (id_partida, id_pessoa, time_stamp, tipo_lance, descricao) VALUES(11, 301, '0:53:9', 'FALTA', 'Falta de Giuliano em Eren Derdiyok!');
INSERT INTO lance (id_partida, id_pessoa, time_stamp, tipo_lance, descricao) VALUES(11, 324, '0:53:9', 'SOFREU FALTA', 'Eren Derdiyok sofre falta de Giuliano!');
INSERT INTO lance (id_partida, id_pessoa, time_stamp, tipo_lance, descricao) VALUES(11, 303, '0:54:5', 'FALTA', 'Falta de Douglas Costa em Gerson Fernandes!');
INSERT INTO lance (id_partida, id_pessoa, time_stamp, tipo_lance, descricao) VALUES(11, 320, '0:54:5', 'SOFREU FALTA', 'Gerson Fernandes sofre falta de Douglas Costa!');
INSERT INTO lance (id_partida, id_pessoa, time_stamp, tipo_lance, descricao) VALUES(11, 296, '0:54:17', 'GOL', 'Gol de Willian!');
INSERT INTO lance (id_partida, id_pessoa, time_stamp, tipo_lance, descricao) VALUES(11, 317, '0:54:48', 'SUBSTITUICAO', 'Sai Denis Zakaria!');
INSERT INTO lance (id_partida, id_pessoa, time_stamp, tipo_lance, descricao) VALUES(11, 310, '0:54:48', 'SUBSTITUICAO', 'Entra Michael Lang!');
INSERT INTO lance (id_partida, id_pessoa, time_stamp, tipo_lance, descricao) VALUES(11, 314, '0:55:16', 'FALTA', 'Falta de Granit Xhaka em Marquinhos!');
INSERT INTO lance (id_partida, id_pessoa, time_stamp, tipo_lance, descricao) VALUES(11, 294, '0:55:16', 'SOFREU FALTA', 'Marquinhos sofre falta de Granit Xhaka!');
INSERT INTO lance (id_partida, id_pessoa, time_stamp, tipo_lance, descricao) VALUES(11, 297, '0:58:5', 'FALTA', 'Falta de Paulinho em Admir Mehmedi!');
INSERT INTO lance (id_partida, id_pessoa, time_stamp, tipo_lance, descricao) VALUES(11, 323, '0:58:5', 'SOFREU FALTA', 'Admir Mehmedi sofre falta de Paulinho!');
INSERT INTO lance (id_partida, id_pessoa, time_stamp, tipo_lance, descricao) VALUES(11, 302, '0:59:18', 'SUBSTITUICAO', 'Sai Philippe Coutinho!');
INSERT INTO lance (id_partida, id_pessoa, time_stamp, tipo_lance, descricao) VALUES(11, 292, '0:59:18', 'SUBSTITUICAO', 'Entra Miranda!');
INSERT INTO lance (id_partida, id_pessoa, time_stamp, tipo_lance, descricao) VALUES(11, 306, '1:0:43', 'GOL', 'Gol de Neymar Jr!');
INSERT INTO lance (id_partida, id_pessoa, time_stamp, tipo_lance, descricao) VALUES(11, 324, '1:1:15', 'FALTA', 'Falta de Eren Derdiyok em Gabriel Jesus!');
INSERT INTO lance (id_partida, id_pessoa, time_stamp, tipo_lance, descricao) VALUES(11, 305, '1:1:15', 'SOFREU FALTA', 'Gabriel Jesus sofre falta de Eren Derdiyok!');
INSERT INTO lance (id_partida, id_pessoa, time_stamp, tipo_lance, descricao) VALUES(11, 323, '1:2:31', 'FALTA', 'Falta de Admir Mehmedi em Willian!');
INSERT INTO lance (id_partida, id_pessoa, time_stamp, tipo_lance, descricao) VALUES(11, 296, '1:2:31', 'SOFREU FALTA', 'Willian sofre falta de Admir Mehmedi!');
INSERT INTO lance (id_partida, id_pessoa, time_stamp, tipo_lance, descricao) VALUES(11, 314, '1:6:28', 'FALTA', 'Falta de Granit Xhaka em Miranda!');
INSERT INTO lance (id_partida, id_pessoa, time_stamp, tipo_lance, descricao) VALUES(11, 292, '1:6:28', 'SOFREU FALTA', 'Miranda sofre falta de Granit Xhaka!');
INSERT INTO lance (id_partida, id_pessoa, time_stamp, tipo_lance, descricao) VALUES(11, 301, '1:9:31', 'FALTA', 'Falta de Giuliano em Granit Xhaka!');
INSERT INTO lance (id_partida, id_pessoa, time_stamp, tipo_lance, descricao) VALUES(11, 314, '1:9:31', 'SOFREU FALTA', 'Granit Xhaka sofre falta de Giuliano!');
INSERT INTO lance (id_partida, id_pessoa, time_stamp, tipo_lance, descricao) VALUES(11, 321, '1:12:22', 'FALTA', 'Falta de Breel Embolo em Marquinhos!');
INSERT INTO lance (id_partida, id_pessoa, time_stamp, tipo_lance, descricao) VALUES(11, 294, '1:12:22', 'SOFREU FALTA', 'Marquinhos sofre falta de Breel Embolo!');
INSERT INTO lance (id_partida, id_pessoa, time_stamp, tipo_lance, descricao) VALUES(11, 316, '1:12:25', 'FALTA', 'Falta de Blerim Dzemaili em Giuliano!');
INSERT INTO lance (id_partida, id_pessoa, time_stamp, tipo_lance, descricao) VALUES(11, 301, '1:12:25', 'SOFREU FALTA', 'Giuliano sofre falta de Blerim Dzemaili!');
INSERT INTO lance (id_partida, id_pessoa, time_stamp, tipo_lance, descricao) VALUES(11, 313, '1:16:40', 'FALTA', 'Falta de Fabian Schär em Giuliano!');
INSERT INTO lance (id_partida, id_pessoa, time_stamp, tipo_lance, descricao) VALUES(11, 301, '1:16:40', 'SOFREU FALTA', 'Giuliano sofre falta de Fabian Schär!');
INSERT INTO lance (id_partida, id_pessoa, time_stamp, tipo_lance, descricao) VALUES(11, 324, '1:20:18', 'FALTA', 'Falta de Eren Derdiyok em Neymar Jr!');
INSERT INTO lance (id_partida, id_pessoa, time_stamp, tipo_lance, descricao) VALUES(11, 306, '1:20:18', 'SOFREU FALTA', 'Neymar Jr sofre falta de Eren Derdiyok!');
INSERT INTO lance (id_partida, id_pessoa, time_stamp, tipo_lance, descricao) VALUES(11, 312, '1:20:20', 'FALTA', 'Falta de Johan Djourou em Marquinhos!');
INSERT INTO lance (id_partida, id_pessoa, time_stamp, tipo_lance, descricao) VALUES(11, 294, '1:20:20', 'SOFREU FALTA', 'Marquinhos sofre falta de Johan Djourou!');
INSERT INTO lance (id_partida, id_pessoa, time_stamp, tipo_lance, descricao) VALUES(11, 323, '1:21:9', 'FALTA', 'Falta de Admir Mehmedi em Roberto Firmino!');
INSERT INTO lance (id_partida, id_pessoa, time_stamp, tipo_lance, descricao) VALUES(11, 304, '1:21:9', 'SOFREU FALTA', 'Roberto Firmino sofre falta de Admir Mehmedi!');
INSERT INTO lance (id_partida, id_pessoa, time_stamp, tipo_lance, descricao) VALUES(11, 296, '1:21:20', 'GOL', 'Gol de Willian!');
INSERT INTO lance (id_partida, id_pessoa, time_stamp, tipo_lance, descricao) VALUES(11, 305, '1:22:36', 'DEFESA', 'Defesa de Filipe Luís!');
INSERT INTO lance (id_partida, id_pessoa, time_stamp, tipo_lance, descricao) VALUES(11, 322, '1:24:21', 'GOL', 'Gol de Haris Seferovic!');
INSERT INTO lance (id_partida, id_pessoa, time_stamp, tipo_lance, descricao) VALUES(11, 322, '1:25:19', 'FALTA', 'Falta de Haris Seferovic em Roberto Firmino!');
INSERT INTO lance (id_partida, id_pessoa, time_stamp, tipo_lance, descricao) VALUES(11, 304, '1:25:19', 'SOFREU FALTA', 'Roberto Firmino sofre falta de Haris Seferovic!');
INSERT INTO apita (id_partida, id_pessoa) VALUES(12, 652);
INSERT INTO apita (id_partida, id_pessoa) VALUES(12, 623);
INSERT INTO apita (id_partida, id_pessoa) VALUES(12, 643);
INSERT INTO deslocamento (codigo_pais, id_partida, itinerario, descricao_da_escolta) VALUES('KOR', 12, 'T8L0Y0P18RA22LDXNLV1O39AR89NIC4LAWEP0RI00UZNW8YDSQWL37RZ8LIZ1BT6WZ1GGY65D4A3DWNTK552PTRCFOQPIS9YB307GR63T0H86XWM8ZP5G1QDIYB1HQWV5M2J5QN39BIZLSGR2DRTDDSKNXYRPFVDEWDU4MRRLW6ES11ZST8E9CS14S5I16N3PFUZOVXPW9IQHN1W5886GRDBDMZMR', '0OICZNGCL76TRA4BUQ0JM28QW7BTVC5K8NJ3HEYOQ3XB9XADGC2JWH67Q2Q1LWQIBVUD1B3P2L2TF7Q978NTJWY0RLMPY6D4M');
INSERT INTO deslocamento (codigo_pais, id_partida, itinerario, descricao_da_escolta) VALUES('SWE', 12, 'AOC7LFJMQKPM1TLQ4MJ78O73VPYN15I8G06C7AXHK7FNLFT3EIC0UPPVQIL6Q5VVCQGBWIS4ZBXBIUSQ55IT2RN0KLWYY00OLUL58SG6ZIBT2ON604AVWC2UCP0LV4F8K', '0XJWRNYM4UQ48680830F1J202T15K4DCIUYZWDMX7KIHEIR4M55LIFQQ4T48V2C9RNVOHID5QCHRAVVUB6SO914DDH4DJOB');
INSERT INTO lance (id_partida, id_pessoa, time_stamp, tipo_lance, descricao) VALUES(12, 652, '0:45:0', 'FIM DO PRIMEIRO TEMPO', 'Juiz Aerni apita o fim do primeiro tempo!');
INSERT INTO lance (id_partida, id_pessoa, time_stamp, tipo_lance, descricao) VALUES(12, 652, '1:30:0', 'FIM DO JOGO', 'Juiz Aerni apita o fim do jogo!');
INSERT INTO lance (id_partida, id_pessoa, time_stamp, tipo_lance, descricao) VALUES(12, 411, '0:1:12', 'DEFESA', 'Defesa de Hong Jeongho!');
INSERT INTO lance (id_partida, id_pessoa, time_stamp, tipo_lance, descricao) VALUES(12, 409, '0:4:21', 'DEFESA', 'Defesa de Hong Jeongho!');
INSERT INTO lance (id_partida, id_pessoa, time_stamp, tipo_lance, descricao) VALUES(12, 413, '0:4:22', 'DEFESA', 'Defesa de Hong Jeongho!');
INSERT INTO lance (id_partida, id_pessoa, time_stamp, tipo_lance, descricao) VALUES(12, 430, '0:9:16', 'FALTA', 'Falta de Ji Dongwon em John Guidetti!');
INSERT INTO lance (id_partida, id_pessoa, time_stamp, tipo_lance, descricao) VALUES(12, 413, '0:9:16', 'SOFREU FALTA', 'John Guidetti sofre falta de Ji Dongwon!');
INSERT INTO lance (id_partida, id_pessoa, time_stamp, tipo_lance, descricao) VALUES(12, 405, '0:9:37', 'FALTA', 'Falta de Sebastian Larsson em Kwon Changhoon!');
INSERT INTO lance (id_partida, id_pessoa, time_stamp, tipo_lance, descricao) VALUES(12, 422, '0:9:37', 'SOFREU FALTA', 'Kwon Changhoon sofre falta de Sebastian Larsson!');
INSERT INTO lance (id_partida, id_pessoa, time_stamp, tipo_lance, descricao) VALUES(12, 405, '0:9:37', 'CARTAO AMARELO', 'Sebastian Larsson ganhou um cartão amarelo!');
INSERT INTO lance (id_partida, id_pessoa, time_stamp, tipo_lance, descricao) VALUES(12, 411, '0:10:34', 'SUBSTITUICAO', 'Sai Isaac Kiese Thelin!');
INSERT INTO lance (id_partida, id_pessoa, time_stamp, tipo_lance, descricao) VALUES(12, 400, '0:10:34', 'SUBSTITUICAO', 'Entra Andreas Granqvist!');
INSERT INTO lance (id_partida, id_pessoa, time_stamp, tipo_lance, descricao) VALUES(12, 405, '0:11:25', 'DEFESA', 'Defesa de Hong Jeongho!');
INSERT INTO lance (id_partida, id_pessoa, time_stamp, tipo_lance, descricao) VALUES(12, 424, '0:14:48', 'FALTA', 'Falta de Nam Taehee em Albin Ekdal!');
INSERT INTO lance (id_partida, id_pessoa, time_stamp, tipo_lance, descricao) VALUES(12, 410, '0:14:48', 'SOFREU FALTA', 'Albin Ekdal sofre falta de Nam Taehee!');
INSERT INTO lance (id_partida, id_pessoa, time_stamp, tipo_lance, descricao) VALUES(12, 404, '0:18:42', 'FALTA', 'Falta de Pontus Jansson em Kwon Changhoon!');
INSERT INTO lance (id_partida, id_pessoa, time_stamp, tipo_lance, descricao) VALUES(12, 422, '0:18:42', 'SOFREU FALTA', 'Kwon Changhoon sofre falta de Pontus Jansson!');
INSERT INTO lance (id_partida, id_pessoa, time_stamp, tipo_lance, descricao) VALUES(12, 414, '0:19:14', 'FALTA', 'Falta de Ola Toivonen em Lee Jaesung!');
INSERT INTO lance (id_partida, id_pessoa, time_stamp, tipo_lance, descricao) VALUES(12, 428, '0:19:14', 'SOFREU FALTA', 'Lee Jaesung sofre falta de Ola Toivonen!');
INSERT INTO lance (id_partida, id_pessoa, time_stamp, tipo_lance, descricao) VALUES(12, 424, '0:19:47', 'FALTA', 'Falta de Nam Taehee em Viktor Claesson!');
INSERT INTO lance (id_partida, id_pessoa, time_stamp, tipo_lance, descricao) VALUES(12, 408, '0:19:47', 'SOFREU FALTA', 'Viktor Claesson sofre falta de Nam Taehee!');
INSERT INTO lance (id_partida, id_pessoa, time_stamp, tipo_lance, descricao) VALUES(12, 432, '0:19:48', 'SUBSTITUICAO', 'Sai Hwang Heechan!');
INSERT INTO lance (id_partida, id_pessoa, time_stamp, tipo_lance, descricao) VALUES(12, 418, '0:19:48', 'SUBSTITUICAO', 'Entra Kwak Taehwi!');
INSERT INTO lance (id_partida, id_pessoa, time_stamp, tipo_lance, descricao) VALUES(12, 413, '0:20:35', 'DEFESA', 'Defesa de Hong Jeongho!');
INSERT INTO lance (id_partida, id_pessoa, time_stamp, tipo_lance, descricao) VALUES(12, 408, '0:22:5', 'FALTA', 'Falta de Viktor Claesson em Ji Dongwon!');
INSERT INTO lance (id_partida, id_pessoa, time_stamp, tipo_lance, descricao) VALUES(12, 430, '0:22:5', 'SOFREU FALTA', 'Ji Dongwon sofre falta de Viktor Claesson!');
INSERT INTO lance (id_partida, id_pessoa, time_stamp, tipo_lance, descricao) VALUES(12, 408, '0:22:5', 'CARTAO AMARELO', 'Viktor Claesson ganhou um cartão amarelo!');
INSERT INTO lance (id_partida, id_pessoa, time_stamp, tipo_lance, descricao) VALUES(12, 429, '0:22:16', 'GOL', 'Gol de Son Heungmin!');
INSERT INTO lance (id_partida, id_pessoa, time_stamp, tipo_lance, descricao) VALUES(12, 414, '0:23:32', 'DEFESA', 'Defesa de Hong Jeongho!');
INSERT INTO lance (id_partida, id_pessoa, time_stamp, tipo_lance, descricao) VALUES(12, 429, '0:23:48', 'FALTA', 'Falta de Son Heungmin em Viktor Claesson!');
INSERT INTO lance (id_partida, id_pessoa, time_stamp, tipo_lance, descricao) VALUES(12, 408, '0:23:48', 'SOFREU FALTA', 'Viktor Claesson sofre falta de Son Heungmin!');
INSERT INTO lance (id_partida, id_pessoa, time_stamp, tipo_lance, descricao) VALUES(12, 426, '0:24:5', 'GOL', 'Gol de Lee Chungyoung!');
INSERT INTO lance (id_partida, id_pessoa, time_stamp, tipo_lance, descricao) VALUES(12, 404, '0:24:28', 'GOL', 'Gol de Pontus Jansson!');
INSERT INTO lance (id_partida, id_pessoa, time_stamp, tipo_lance, descricao) VALUES(12, 414, '0:28:33', 'SUBSTITUICAO', 'Sai Ola Toivonen!');
INSERT INTO lance (id_partida, id_pessoa, time_stamp, tipo_lance, descricao) VALUES(12, 398, '0:28:33', 'SUBSTITUICAO', 'Entra Mikel Lustig!');
INSERT INTO lance (id_partida, id_pessoa, time_stamp, tipo_lance, descricao) VALUES(12, 400, '0:28:42', 'ASSISTENCIA', 'Assistencia de Sebastian Larsson!');
INSERT INTO lance (id_partida, id_pessoa, time_stamp, tipo_lance, descricao) VALUES(12, 400, '0:28:42', 'GOL', 'Gol de Andreas Granqvist!');
INSERT INTO lance (id_partida, id_pessoa, time_stamp, tipo_lance, descricao) VALUES(12, 426, '0:28:46', 'FALTA', 'Falta de Lee Chungyoung em Sebastian Larsson!');
INSERT INTO lance (id_partida, id_pessoa, time_stamp, tipo_lance, descricao) VALUES(12, 405, '0:28:46', 'SOFREU FALTA', 'Sebastian Larsson sofre falta de Lee Chungyoung!');
INSERT INTO lance (id_partida, id_pessoa, time_stamp, tipo_lance, descricao) VALUES(12, 418, '0:28:59', 'FALTA', 'Falta de Kwak Taehwi em Andreas Granqvist!');
INSERT INTO lance (id_partida, id_pessoa, time_stamp, tipo_lance, descricao) VALUES(12, 400, '0:28:59', 'SOFREU FALTA', 'Andreas Granqvist sofre falta de Kwak Taehwi!');
INSERT INTO lance (id_partida, id_pessoa, time_stamp, tipo_lance, descricao) VALUES(12, 418, '0:29:23', 'FALTA', 'Falta de Kwak Taehwi em Gustav Svensson!');
INSERT INTO lance (id_partida, id_pessoa, time_stamp, tipo_lance, descricao) VALUES(12, 407, '0:29:23', 'SOFREU FALTA', 'Gustav Svensson sofre falta de Kwak Taehwi!');
INSERT INTO lance (id_partida, id_pessoa, time_stamp, tipo_lance, descricao) VALUES(12, 405, '0:36:42', 'DEFESA', 'Defesa de Hong Jeongho!');
INSERT INTO lance (id_partida, id_pessoa, time_stamp, tipo_lance, descricao) VALUES(12, 429, '0:38:9', 'DEFESA', 'Defesa de Hong Jeongho!');
INSERT INTO lance (id_partida, id_pessoa, time_stamp, tipo_lance, descricao) VALUES(12, 408, '0:39:35', 'SUBSTITUICAO', 'Sai Viktor Claesson!');
INSERT INTO lance (id_partida, id_pessoa, time_stamp, tipo_lance, descricao) VALUES(12, 411, '0:39:35', 'SUBSTITUICAO', 'Entra Isaac Kiese Thelin!');
INSERT INTO lance (id_partida, id_pessoa, time_stamp, tipo_lance, descricao) VALUES(12, 407, '0:40:38', 'SUBSTITUICAO', 'Sai Gustav Svensson!');
INSERT INTO lance (id_partida, id_pessoa, time_stamp, tipo_lance, descricao) VALUES(12, 397, '0:40:38', 'SUBSTITUICAO', 'Entra Robin Olsen!');
INSERT INTO lance (id_partida, id_pessoa, time_stamp, tipo_lance, descricao) VALUES(12, 424, '0:41:17', 'SUBSTITUICAO', 'Sai Nam Taehee!');
INSERT INTO lance (id_partida, id_pessoa, time_stamp, tipo_lance, descricao) VALUES(12, 415, '0:41:17', 'SUBSTITUICAO', 'Entra Kim Seunggyu!');
INSERT INTO lance (id_partida, id_pessoa, time_stamp, tipo_lance, descricao) VALUES(12, 404, '0:42:4', 'FALTA', 'Falta de Pontus Jansson em Ji Dongwon!');
INSERT INTO lance (id_partida, id_pessoa, time_stamp, tipo_lance, descricao) VALUES(12, 430, '0:42:4', 'SOFREU FALTA', 'Ji Dongwon sofre falta de Pontus Jansson!');
INSERT INTO lance (id_partida, id_pessoa, time_stamp, tipo_lance, descricao) VALUES(12, 405, '0:44:41', 'FALTA', 'Falta de Sebastian Larsson em Ji Dongwon!');
INSERT INTO lance (id_partida, id_pessoa, time_stamp, tipo_lance, descricao) VALUES(12, 430, '0:44:41', 'SOFREU FALTA', 'Ji Dongwon sofre falta de Sebastian Larsson!');
INSERT INTO lance (id_partida, id_pessoa, time_stamp, tipo_lance, descricao) VALUES(12, 422, '0:45:43', 'SUBSTITUICAO', 'Sai Kwon Changhoon!');
INSERT INTO lance (id_partida, id_pessoa, time_stamp, tipo_lance, descricao) VALUES(12, 420, '0:45:43', 'SUBSTITUICAO', 'Entra Jang Hyunsoo!');
INSERT INTO lance (id_partida, id_pessoa, time_stamp, tipo_lance, descricao) VALUES(12, 406, '0:46:47', 'FALTA', 'Falta de Emil Forsberg em Son Heungmin!');
INSERT INTO lance (id_partida, id_pessoa, time_stamp, tipo_lance, descricao) VALUES(12, 429, '0:46:47', 'SOFREU FALTA', 'Son Heungmin sofre falta de Emil Forsberg!');
INSERT INTO lance (id_partida, id_pessoa, time_stamp, tipo_lance, descricao) VALUES(12, 400, '0:48:54', 'FALTA', 'Falta de Andreas Granqvist em Jang Hyunsoo!');
INSERT INTO lance (id_partida, id_pessoa, time_stamp, tipo_lance, descricao) VALUES(12, 420, '0:48:54', 'SOFREU FALTA', 'Jang Hyunsoo sofre falta de Andreas Granqvist!');
INSERT INTO lance (id_partida, id_pessoa, time_stamp, tipo_lance, descricao) VALUES(12, 409, '0:49:32', 'FALTA', 'Falta de Jimmy Durmaz em Ki Sungyueng!');
INSERT INTO lance (id_partida, id_pessoa, time_stamp, tipo_lance, descricao) VALUES(12, 423, '0:49:32', 'SOFREU FALTA', 'Ki Sungyueng sofre falta de Jimmy Durmaz!');
INSERT INTO lance (id_partida, id_pessoa, time_stamp, tipo_lance, descricao) VALUES(12, 404, '0:51:32', 'DEFESA', 'Defesa de Hong Jeongho!');
INSERT INTO lance (id_partida, id_pessoa, time_stamp, tipo_lance, descricao) VALUES(12, 415, '0:53:2', 'FALTA', 'Falta de Kim Seunggyu em Pontus Jansson!');
INSERT INTO lance (id_partida, id_pessoa, time_stamp, tipo_lance, descricao) VALUES(12, 404, '0:53:2', 'SOFREU FALTA', 'Pontus Jansson sofre falta de Kim Seunggyu!');
INSERT INTO lance (id_partida, id_pessoa, time_stamp, tipo_lance, descricao) VALUES(12, 415, '0:53:2', 'CARTAO AMARELO', 'Kim Seunggyu ganhou um cartão amarelo!');
INSERT INTO lance (id_partida, id_pessoa, time_stamp, tipo_lance, descricao) VALUES(12, 423, '0:55:4', 'FALTA', 'Falta de Ki Sungyueng em John Guidetti!');
INSERT INTO lance (id_partida, id_pessoa, time_stamp, tipo_lance, descricao) VALUES(12, 413, '0:55:4', 'SOFREU FALTA', 'John Guidetti sofre falta de Ki Sungyueng!');
INSERT INTO lance (id_partida, id_pessoa, time_stamp, tipo_lance, descricao) VALUES(12, 425, '0:57:15', 'FALTA', 'Falta de Han Kookyoung em John Guidetti!');
INSERT INTO lance (id_partida, id_pessoa, time_stamp, tipo_lance, descricao) VALUES(12, 413, '0:57:15', 'SOFREU FALTA', 'John Guidetti sofre falta de Han Kookyoung!');
INSERT INTO lance (id_partida, id_pessoa, time_stamp, tipo_lance, descricao) VALUES(12, 411, '0:57:41', 'FALTA', 'Falta de Isaac Kiese Thelin em Son Heungmin!');
INSERT INTO lance (id_partida, id_pessoa, time_stamp, tipo_lance, descricao) VALUES(12, 429, '0:57:41', 'SOFREU FALTA', 'Son Heungmin sofre falta de Isaac Kiese Thelin!');
INSERT INTO lance (id_partida, id_pessoa, time_stamp, tipo_lance, descricao) VALUES(12, 427, '0:59:20', 'FALTA', 'Falta de Jung Wooyoung em Marcus Berg!');
INSERT INTO lance (id_partida, id_pessoa, time_stamp, tipo_lance, descricao) VALUES(12, 412, '0:59:20', 'SOFREU FALTA', 'Marcus Berg sofre falta de Jung Wooyoung!');
INSERT INTO lance (id_partida, id_pessoa, time_stamp, tipo_lance, descricao) VALUES(12, 428, '1:2:47', 'DEFESA', 'Defesa de Hong Jeongho!');
INSERT INTO lance (id_partida, id_pessoa, time_stamp, tipo_lance, descricao) VALUES(12, 404, '1:3:45', 'FALTA', 'Falta de Pontus Jansson em Han Kookyoung!');
INSERT INTO lance (id_partida, id_pessoa, time_stamp, tipo_lance, descricao) VALUES(12, 425, '1:3:45', 'SOFREU FALTA', 'Han Kookyoung sofre falta de Pontus Jansson!');
INSERT INTO lance (id_partida, id_pessoa, time_stamp, tipo_lance, descricao) VALUES(12, 426, '1:5:40', 'FALTA', 'Falta de Lee Chungyoung em Emil Forsberg!');
INSERT INTO lance (id_partida, id_pessoa, time_stamp, tipo_lance, descricao) VALUES(12, 406, '1:5:40', 'SOFREU FALTA', 'Emil Forsberg sofre falta de Lee Chungyoung!');
INSERT INTO lance (id_partida, id_pessoa, time_stamp, tipo_lance, descricao) VALUES(12, 430, '1:8:28', 'FALTA', 'Falta de Ji Dongwon em Mikel Lustig!');
INSERT INTO lance (id_partida, id_pessoa, time_stamp, tipo_lance, descricao) VALUES(12, 398, '1:8:28', 'SOFREU FALTA', 'Mikel Lustig sofre falta de Ji Dongwon!');
INSERT INTO lance (id_partida, id_pessoa, time_stamp, tipo_lance, descricao) VALUES(12, 425, '1:9:21', 'FALTA', 'Falta de Han Kookyoung em Robin Olsen!');
INSERT INTO lance (id_partida, id_pessoa, time_stamp, tipo_lance, descricao) VALUES(12, 397, '1:9:21', 'SOFREU FALTA', 'Robin Olsen sofre falta de Han Kookyoung!');
INSERT INTO lance (id_partida, id_pessoa, time_stamp, tipo_lance, descricao) VALUES(12, 398, '1:10:48', 'SUBSTITUICAO', 'Sai Mikel Lustig!');
INSERT INTO lance (id_partida, id_pessoa, time_stamp, tipo_lance, descricao) VALUES(12, 399, '1:10:48', 'SUBSTITUICAO', 'Entra Victor Nilsson Lindelöf!');
INSERT INTO lance (id_partida, id_pessoa, time_stamp, tipo_lance, descricao) VALUES(12, 415, '1:15:52', 'FALTA', 'Falta de Kim Seunggyu em Marcus Berg!');
INSERT INTO lance (id_partida, id_pessoa, time_stamp, tipo_lance, descricao) VALUES(12, 412, '1:15:52', 'SOFREU FALTA', 'Marcus Berg sofre falta de Kim Seunggyu!');
INSERT INTO lance (id_partida, id_pessoa, time_stamp, tipo_lance, descricao) VALUES(12, 418, '1:17:41', 'DEFESA', 'Defesa de Hong Jeongho!');
INSERT INTO lance (id_partida, id_pessoa, time_stamp, tipo_lance, descricao) VALUES(12, 413, '1:19:43', 'GOL', 'Gol de John Guidetti!');
INSERT INTO lance (id_partida, id_pessoa, time_stamp, tipo_lance, descricao) VALUES(12, 397, '1:20:10', 'FALTA', 'Falta de Robin Olsen em Son Heungmin!');
INSERT INTO lance (id_partida, id_pessoa, time_stamp, tipo_lance, descricao) VALUES(12, 429, '1:20:10', 'SOFREU FALTA', 'Son Heungmin sofre falta de Robin Olsen!');
INSERT INTO lance (id_partida, id_pessoa, time_stamp, tipo_lance, descricao) VALUES(12, 418, '1:22:53', 'GOL', 'Gol de Kwak Taehwi!');
INSERT INTO lance (id_partida, id_pessoa, time_stamp, tipo_lance, descricao) VALUES(12, 405, '1:24:27', 'DEFESA', 'Defesa de Hong Jeongho!');
INSERT INTO lance (id_partida, id_pessoa, time_stamp, tipo_lance, descricao) VALUES(12, 428, '1:24:35', 'ASSISTENCIA', 'Assistencia de Ki Sungyueng!');
INSERT INTO lance (id_partida, id_pessoa, time_stamp, tipo_lance, descricao) VALUES(12, 428, '1:24:35', 'GOL', 'Gol de Lee Jaesung!');
INSERT INTO lance (id_partida, id_pessoa, time_stamp, tipo_lance, descricao) VALUES(12, 430, '1:25:41', 'FALTA', 'Falta de Ji Dongwon em John Guidetti!');
INSERT INTO lance (id_partida, id_pessoa, time_stamp, tipo_lance, descricao) VALUES(12, 413, '1:25:41', 'SOFREU FALTA', 'John Guidetti sofre falta de Ji Dongwon!');
INSERT INTO lance (id_partida, id_pessoa, time_stamp, tipo_lance, descricao) VALUES(12, 430, '1:26:20', 'GOL', 'Gol de Ji Dongwon!');
INSERT INTO lance (id_partida, id_pessoa, time_stamp, tipo_lance, descricao) VALUES(12, 429, '1:26:56', 'FALTA', 'Falta de Son Heungmin em Emil Forsberg!');
INSERT INTO lance (id_partida, id_pessoa, time_stamp, tipo_lance, descricao) VALUES(12, 406, '1:26:56', 'SOFREU FALTA', 'Emil Forsberg sofre falta de Son Heungmin!');
INSERT INTO lance (id_partida, id_pessoa, time_stamp, tipo_lance, descricao) VALUES(12, 425, '1:28:49', 'FALTA', 'Falta de Han Kookyoung em Jimmy Durmaz!');
INSERT INTO lance (id_partida, id_pessoa, time_stamp, tipo_lance, descricao) VALUES(12, 409, '1:28:49', 'SOFREU FALTA', 'Jimmy Durmaz sofre falta de Han Kookyoung!');
INSERT INTO lance (id_partida, id_pessoa, time_stamp, tipo_lance, descricao) VALUES(12, 425, '1:28:49', 'CARTAO AMARELO', 'Han Kookyoung ganhou um cartão amarelo!');
INSERT INTO lance (id_partida, id_pessoa, time_stamp, tipo_lance, descricao) VALUES(12, 418, '1:29:43', 'DEFESA', 'Defesa de Hong Jeongho!');
INSERT INTO lance (id_partida, id_pessoa, time_stamp, tipo_lance, descricao) VALUES(12, 429, '1:29:48', 'FALTA', 'Falta de Son Heungmin em Jimmy Durmaz!');
INSERT INTO lance (id_partida, id_pessoa, time_stamp, tipo_lance, descricao) VALUES(12, 409, '1:29:48', 'SOFREU FALTA', 'Jimmy Durmaz sofre falta de Son Heungmin!');
INSERT INTO apita (id_partida, id_pessoa) VALUES(13, 607);
INSERT INTO apita (id_partida, id_pessoa) VALUES(13, 663);
INSERT INTO apita (id_partida, id_pessoa) VALUES(13, 628);
INSERT INTO deslocamento (codigo_pais, id_partida, itinerario, descricao_da_escolta) VALUES('BEL', 13, '7EJWKEXWY0ZE46HV9E1J5ZENZ13FBHGVGAQY5TC9DQNVOVSJGYRK9AUIA57TKSVRTE83QS0QB2GPLS9DIU8M06VFQHY9WTYU56CJXY2Y8AIH3F7R63K0TI0WT2NJ414SDVUPQ0QU1', 'OZXOLKKGD2I7BWFP04LT4HG0DIVSBFM09I4B8EQD9XXBKFT7JAAWIHQGS7KDY1F7QR832DQVOITHTEQ8YYIBE0S11XSB3NOHRZV2H0EFTPH');
INSERT INTO deslocamento (codigo_pais, id_partida, itinerario, descricao_da_escolta) VALUES('PAN', 13, 'YJWNQMOASE209GBFVO1A3MZ3TX08TDRZSRDSAEVQ8OYN753AZ9UEX', 'HMU343WQQPWDHRDSEQ3KCOXM6Y40JUSNCLK18HK24S8I03XL7G4EKME2YI6F85H57JA5HLU7FBQTPOVCBS2C0OC');
INSERT INTO lance (id_partida, id_pessoa, time_stamp, tipo_lance, descricao) VALUES(13, 607, '0:45:0', 'FIM DO PRIMEIRO TEMPO', 'Juiz Fotopoulos apita o fim do primeiro tempo!');
INSERT INTO lance (id_partida, id_pessoa, time_stamp, tipo_lance, descricao) VALUES(13, 607, '1:30:0', 'FIM DO JOGO', 'Juiz Fotopoulos apita o fim do jogo!');
INSERT INTO lance (id_partida, id_pessoa, time_stamp, tipo_lance, descricao) VALUES(13, 462, '0:1:38', 'FALTA', 'Falta de Armando Cooper em Youri Tielemans!');
INSERT INTO lance (id_partida, id_pessoa, time_stamp, tipo_lance, descricao) VALUES(13, 443, '0:1:38', 'SOFREU FALTA', 'Youri Tielemans sofre falta de Armando Cooper!');
INSERT INTO lance (id_partida, id_pessoa, time_stamp, tipo_lance, descricao) VALUES(13, 462, '0:1:38', 'CARTAO AMARELO', 'Armando Cooper ganhou um cartão amarelo!');
INSERT INTO lance (id_partida, id_pessoa, time_stamp, tipo_lance, descricao) VALUES(13, 440, '0:2:47', 'FALTA', 'Falta de Radja Nainggolan em Luis Tejada!');
INSERT INTO lance (id_partida, id_pessoa, time_stamp, tipo_lance, descricao) VALUES(13, 467, '0:2:47', 'SOFREU FALTA', 'Luis Tejada sofre falta de Radja Nainggolan!');
INSERT INTO lance (id_partida, id_pessoa, time_stamp, tipo_lance, descricao) VALUES(13, 461, '0:8:6', 'GOL', 'Gol de Édgar Bárcenas!');
INSERT INTO lance (id_partida, id_pessoa, time_stamp, tipo_lance, descricao) VALUES(13, 467, '0:8:24', 'FALTA', 'Falta de Luis Tejada em Romelu Lukaku!');
INSERT INTO lance (id_partida, id_pessoa, time_stamp, tipo_lance, descricao) VALUES(13, 450, '0:8:24', 'SOFREU FALTA', 'Romelu Lukaku sofre falta de Luis Tejada!');
INSERT INTO lance (id_partida, id_pessoa, time_stamp, tipo_lance, descricao) VALUES(13, 467, '0:8:24', 'CARTAO AMARELO', 'Luis Tejada ganhou um cartão amarelo!');
INSERT INTO lance (id_partida, id_pessoa, time_stamp, tipo_lance, descricao) VALUES(13, 442, '0:9:37', 'FALTA', 'Falta de Marouane Fellaini em Luis Ovalle!');
INSERT INTO lance (id_partida, id_pessoa, time_stamp, tipo_lance, descricao) VALUES(13, 458, '0:9:37', 'SOFREU FALTA', 'Luis Ovalle sofre falta de Marouane Fellaini!');
INSERT INTO lance (id_partida, id_pessoa, time_stamp, tipo_lance, descricao) VALUES(13, 441, '0:9:50', 'SUBSTITUICAO', 'Sai Kevin De Bruyne!');
INSERT INTO lance (id_partida, id_pessoa, time_stamp, tipo_lance, descricao) VALUES(13, 439, '0:9:50', 'SUBSTITUICAO', 'Entra Axel Witsel!');
INSERT INTO lance (id_partida, id_pessoa, time_stamp, tipo_lance, descricao) VALUES(13, 442, '0:10:31', 'DEFESA', 'Defesa de Vincent Kompany!');
INSERT INTO lance (id_partida, id_pessoa, time_stamp, tipo_lance, descricao) VALUES(13, 468, '0:11:7', 'FALTA', 'Falta de Abdiel Arroyo em Youri Tielemans!');
INSERT INTO lance (id_partida, id_pessoa, time_stamp, tipo_lance, descricao) VALUES(13, 443, '0:11:7', 'SOFREU FALTA', 'Youri Tielemans sofre falta de Abdiel Arroyo!');
INSERT INTO lance (id_partida, id_pessoa, time_stamp, tipo_lance, descricao) VALUES(13, 446, '0:12:28', 'FALTA', 'Falta de Eden Hazard em Édgar Bárcenas!');
INSERT INTO lance (id_partida, id_pessoa, time_stamp, tipo_lance, descricao) VALUES(13, 461, '0:12:28', 'SOFREU FALTA', 'Édgar Bárcenas sofre falta de Eden Hazard!');
INSERT INTO lance (id_partida, id_pessoa, time_stamp, tipo_lance, descricao) VALUES(13, 444, '0:12:46', 'DEFESA', 'Defesa de Vincent Kompany!');
INSERT INTO lance (id_partida, id_pessoa, time_stamp, tipo_lance, descricao) VALUES(13, 466, '0:22:51', 'FALTA', 'Falta de Gabriel Torres em Axel Witsel!');
INSERT INTO lance (id_partida, id_pessoa, time_stamp, tipo_lance, descricao) VALUES(13, 439, '0:22:51', 'SOFREU FALTA', 'Axel Witsel sofre falta de Gabriel Torres!');
INSERT INTO lance (id_partida, id_pessoa, time_stamp, tipo_lance, descricao) VALUES(13, 459, '0:24:38', 'FALTA', 'Falta de Felipe Baloy em Axel Witsel!');
INSERT INTO lance (id_partida, id_pessoa, time_stamp, tipo_lance, descricao) VALUES(13, 439, '0:24:38', 'SOFREU FALTA', 'Axel Witsel sofre falta de Felipe Baloy!');
INSERT INTO lance (id_partida, id_pessoa, time_stamp, tipo_lance, descricao) VALUES(13, 440, '0:30:9', 'FALTA', 'Falta de Radja Nainggolan em Abdiel Arroyo!');
INSERT INTO lance (id_partida, id_pessoa, time_stamp, tipo_lance, descricao) VALUES(13, 468, '0:30:9', 'SOFREU FALTA', 'Abdiel Arroyo sofre falta de Radja Nainggolan!');
INSERT INTO lance (id_partida, id_pessoa, time_stamp, tipo_lance, descricao) VALUES(13, 440, '0:30:10', 'FALTA', 'Falta de Radja Nainggolan em Blas Pérez!');
INSERT INTO lance (id_partida, id_pessoa, time_stamp, tipo_lance, descricao) VALUES(13, 465, '0:30:10', 'SOFREU FALTA', 'Blas Pérez sofre falta de Radja Nainggolan!');
INSERT INTO lance (id_partida, id_pessoa, time_stamp, tipo_lance, descricao) VALUES(13, 450, '0:32:15', 'ASSISTENCIA', 'Assistencia de Yannick Carrasco!');
INSERT INTO lance (id_partida, id_pessoa, time_stamp, tipo_lance, descricao) VALUES(13, 450, '0:32:15', 'GOL', 'Gol de Romelu Lukaku!');
INSERT INTO lance (id_partida, id_pessoa, time_stamp, tipo_lance, descricao) VALUES(13, 462, '0:32:48', 'FALTA', 'Falta de Armando Cooper em Mousa Dembélé!');
INSERT INTO lance (id_partida, id_pessoa, time_stamp, tipo_lance, descricao) VALUES(13, 444, '0:32:48', 'SOFREU FALTA', 'Mousa Dembélé sofre falta de Armando Cooper!');
INSERT INTO lance (id_partida, id_pessoa, time_stamp, tipo_lance, descricao) VALUES(13, 462, '0:32:48', 'CARTAO AMARELO', 'Armando Cooper ganhou um cartão amarelo!');
INSERT INTO lance (id_partida, id_pessoa, time_stamp, tipo_lance, descricao) VALUES(13, 459, '0:32:51', 'FALTA', 'Falta de Felipe Baloy em Dries Mertens!');
INSERT INTO lance (id_partida, id_pessoa, time_stamp, tipo_lance, descricao) VALUES(13, 448, '0:32:51', 'SOFREU FALTA', 'Dries Mertens sofre falta de Felipe Baloy!');
INSERT INTO lance (id_partida, id_pessoa, time_stamp, tipo_lance, descricao) VALUES(13, 459, '0:32:51', 'CARTAO AMARELO', 'Felipe Baloy ganhou um cartão amarelo!');
INSERT INTO lance (id_partida, id_pessoa, time_stamp, tipo_lance, descricao) VALUES(13, 450, '0:33:25', 'FALTA', 'Falta de Romelu Lukaku em Luis Ovalle!');
INSERT INTO lance (id_partida, id_pessoa, time_stamp, tipo_lance, descricao) VALUES(13, 458, '0:33:25', 'SOFREU FALTA', 'Luis Ovalle sofre falta de Romelu Lukaku!');
INSERT INTO lance (id_partida, id_pessoa, time_stamp, tipo_lance, descricao) VALUES(13, 459, '0:33:37', 'FALTA', 'Falta de Felipe Baloy em Yannick Carrasco!');
INSERT INTO lance (id_partida, id_pessoa, time_stamp, tipo_lance, descricao) VALUES(13, 447, '0:33:37', 'SOFREU FALTA', 'Yannick Carrasco sofre falta de Felipe Baloy!');
INSERT INTO lance (id_partida, id_pessoa, time_stamp, tipo_lance, descricao) VALUES(13, 443, '0:34:56', 'DEFESA', 'Defesa de Vincent Kompany!');
INSERT INTO lance (id_partida, id_pessoa, time_stamp, tipo_lance, descricao) VALUES(13, 448, '0:35:5', 'SUBSTITUICAO', 'Sai Dries Mertens!');
INSERT INTO lance (id_partida, id_pessoa, time_stamp, tipo_lance, descricao) VALUES(13, 437, '0:35:5', 'SUBSTITUICAO', 'Entra Vincent Kompany!');
INSERT INTO lance (id_partida, id_pessoa, time_stamp, tipo_lance, descricao) VALUES(13, 439, '0:35:44', 'FALTA', 'Falta de Axel Witsel em Blas Pérez!');
INSERT INTO lance (id_partida, id_pessoa, time_stamp, tipo_lance, descricao) VALUES(13, 465, '0:35:44', 'SOFREU FALTA', 'Blas Pérez sofre falta de Axel Witsel!');
INSERT INTO lance (id_partida, id_pessoa, time_stamp, tipo_lance, descricao) VALUES(13, 439, '0:35:44', 'CARTAO AMARELO', 'Axel Witsel ganhou um cartão amarelo!');
INSERT INTO lance (id_partida, id_pessoa, time_stamp, tipo_lance, descricao) VALUES(13, 440, '0:36:44', 'DEFESA', 'Defesa de Vincent Kompany!');
INSERT INTO lance (id_partida, id_pessoa, time_stamp, tipo_lance, descricao) VALUES(13, 460, '0:39:41', 'FALTA', 'Falta de Gabriel Gómez em Nacer Chadli!');
INSERT INTO lance (id_partida, id_pessoa, time_stamp, tipo_lance, descricao) VALUES(13, 445, '0:39:41', 'SOFREU FALTA', 'Nacer Chadli sofre falta de Gabriel Gómez!');
INSERT INTO lance (id_partida, id_pessoa, time_stamp, tipo_lance, descricao) VALUES(13, 440, '0:41:47', 'FALTA', 'Falta de Radja Nainggolan em Blas Pérez!');
INSERT INTO lance (id_partida, id_pessoa, time_stamp, tipo_lance, descricao) VALUES(13, 465, '0:41:47', 'SOFREU FALTA', 'Blas Pérez sofre falta de Radja Nainggolan!');
INSERT INTO lance (id_partida, id_pessoa, time_stamp, tipo_lance, descricao) VALUES(13, 458, '0:43:5', 'SUBSTITUICAO', 'Sai Luis Ovalle!');
INSERT INTO lance (id_partida, id_pessoa, time_stamp, tipo_lance, descricao) VALUES(13, 452, '0:43:5', 'SUBSTITUICAO', 'Entra José Calderón!');
INSERT INTO lance (id_partida, id_pessoa, time_stamp, tipo_lance, descricao) VALUES(13, 464, '0:44:36', 'FALTA', 'Falta de Aníbal Godoy em Marouane Fellaini!');
INSERT INTO lance (id_partida, id_pessoa, time_stamp, tipo_lance, descricao) VALUES(13, 442, '0:44:36', 'SOFREU FALTA', 'Marouane Fellaini sofre falta de Aníbal Godoy!');
INSERT INTO lance (id_partida, id_pessoa, time_stamp, tipo_lance, descricao) VALUES(13, 437, '0:44:49', 'FALTA', 'Falta de Vincent Kompany em Gabriel Torres!');
INSERT INTO lance (id_partida, id_pessoa, time_stamp, tipo_lance, descricao) VALUES(13, 466, '0:44:49', 'SOFREU FALTA', 'Gabriel Torres sofre falta de Vincent Kompany!');
INSERT INTO lance (id_partida, id_pessoa, time_stamp, tipo_lance, descricao) VALUES(13, 446, '0:47:19', 'DEFESA', 'Defesa de Vincent Kompany!');
INSERT INTO lance (id_partida, id_pessoa, time_stamp, tipo_lance, descricao) VALUES(13, 467, '0:48:7', 'DEFESA', 'Defesa de Vincent Kompany!');
INSERT INTO lance (id_partida, id_pessoa, time_stamp, tipo_lance, descricao) VALUES(13, 468, '0:48:46', 'SUBSTITUICAO', 'Sai Abdiel Arroyo!');
INSERT INTO lance (id_partida, id_pessoa, time_stamp, tipo_lance, descricao) VALUES(13, 454, '0:48:46', 'SUBSTITUICAO', 'Entra Fidel Escobar!');
INSERT INTO lance (id_partida, id_pessoa, time_stamp, tipo_lance, descricao) VALUES(13, 467, '0:50:25', 'FALTA', 'Falta de Luis Tejada em Axel Witsel!');
INSERT INTO lance (id_partida, id_pessoa, time_stamp, tipo_lance, descricao) VALUES(13, 439, '0:50:25', 'SOFREU FALTA', 'Axel Witsel sofre falta de Luis Tejada!');
INSERT INTO lance (id_partida, id_pessoa, time_stamp, tipo_lance, descricao) VALUES(13, 446, '0:51:24', 'FALTA', 'Falta de Eden Hazard em Fidel Escobar!');
INSERT INTO lance (id_partida, id_pessoa, time_stamp, tipo_lance, descricao) VALUES(13, 454, '0:51:24', 'SOFREU FALTA', 'Fidel Escobar sofre falta de Eden Hazard!');
INSERT INTO lance (id_partida, id_pessoa, time_stamp, tipo_lance, descricao) VALUES(13, 463, '0:52:41', 'FALTA', 'Falta de Alberto Quintero em Marouane Fellaini!');
INSERT INTO lance (id_partida, id_pessoa, time_stamp, tipo_lance, descricao) VALUES(13, 442, '0:52:41', 'SOFREU FALTA', 'Marouane Fellaini sofre falta de Alberto Quintero!');
INSERT INTO lance (id_partida, id_pessoa, time_stamp, tipo_lance, descricao) VALUES(13, 443, '0:54:50', 'FALTA', 'Falta de Youri Tielemans em Luis Tejada!');
INSERT INTO lance (id_partida, id_pessoa, time_stamp, tipo_lance, descricao) VALUES(13, 467, '0:54:50', 'SOFREU FALTA', 'Luis Tejada sofre falta de Youri Tielemans!');
INSERT INTO lance (id_partida, id_pessoa, time_stamp, tipo_lance, descricao) VALUES(13, 442, '0:58:40', 'FALTA', 'Falta de Marouane Fellaini em Luis Tejada!');
INSERT INTO lance (id_partida, id_pessoa, time_stamp, tipo_lance, descricao) VALUES(13, 467, '0:58:40', 'SOFREU FALTA', 'Luis Tejada sofre falta de Marouane Fellaini!');
INSERT INTO lance (id_partida, id_pessoa, time_stamp, tipo_lance, descricao) VALUES(13, 442, '0:58:40', 'CARTAO AMARELO', 'Marouane Fellaini ganhou um cartão amarelo!');
INSERT INTO lance (id_partida, id_pessoa, time_stamp, tipo_lance, descricao) VALUES(13, 463, '1:0:6', 'DEFESA', 'Defesa de Vincent Kompany!');
INSERT INTO lance (id_partida, id_pessoa, time_stamp, tipo_lance, descricao) VALUES(13, 440, '1:5:43', 'FALTA', 'Falta de Radja Nainggolan em Édgar Bárcenas!');
INSERT INTO lance (id_partida, id_pessoa, time_stamp, tipo_lance, descricao) VALUES(13, 461, '1:5:43', 'SOFREU FALTA', 'Édgar Bárcenas sofre falta de Radja Nainggolan!');
INSERT INTO lance (id_partida, id_pessoa, time_stamp, tipo_lance, descricao) VALUES(13, 442, '1:7:48', 'FALTA', 'Falta de Marouane Fellaini em Blas Pérez!');
INSERT INTO lance (id_partida, id_pessoa, time_stamp, tipo_lance, descricao) VALUES(13, 465, '1:7:48', 'SOFREU FALTA', 'Blas Pérez sofre falta de Marouane Fellaini!');
INSERT INTO lance (id_partida, id_pessoa, time_stamp, tipo_lance, descricao) VALUES(13, 464, '1:11:51', 'FALTA', 'Falta de Aníbal Godoy em Yannick Carrasco!');
INSERT INTO lance (id_partida, id_pessoa, time_stamp, tipo_lance, descricao) VALUES(13, 447, '1:11:51', 'SOFREU FALTA', 'Yannick Carrasco sofre falta de Aníbal Godoy!');
INSERT INTO lance (id_partida, id_pessoa, time_stamp, tipo_lance, descricao) VALUES(13, 450, '1:12:46', 'DEFESA', 'Defesa de Vincent Kompany!');
INSERT INTO lance (id_partida, id_pessoa, time_stamp, tipo_lance, descricao) VALUES(13, 462, '1:13:12', 'DEFESA', 'Defesa de Vincent Kompany!');
INSERT INTO lance (id_partida, id_pessoa, time_stamp, tipo_lance, descricao) VALUES(13, 450, '1:16:44', 'FALTA', 'Falta de Romelu Lukaku em Alberto Quintero!');
INSERT INTO lance (id_partida, id_pessoa, time_stamp, tipo_lance, descricao) VALUES(13, 463, '1:16:44', 'SOFREU FALTA', 'Alberto Quintero sofre falta de Romelu Lukaku!');
INSERT INTO lance (id_partida, id_pessoa, time_stamp, tipo_lance, descricao) VALUES(13, 445, '1:17:31', 'FALTA', 'Falta de Nacer Chadli em Armando Cooper!');
INSERT INTO lance (id_partida, id_pessoa, time_stamp, tipo_lance, descricao) VALUES(13, 462, '1:17:31', 'SOFREU FALTA', 'Armando Cooper sofre falta de Nacer Chadli!');
INSERT INTO lance (id_partida, id_pessoa, time_stamp, tipo_lance, descricao) VALUES(13, 445, '1:18:15', 'DEFESA', 'Defesa de Vincent Kompany!');
INSERT INTO lance (id_partida, id_pessoa, time_stamp, tipo_lance, descricao) VALUES(13, 459, '1:18:18', 'FALTA', 'Falta de Felipe Baloy em Youri Tielemans!');
INSERT INTO lance (id_partida, id_pessoa, time_stamp, tipo_lance, descricao) VALUES(13, 443, '1:18:18', 'SOFREU FALTA', 'Youri Tielemans sofre falta de Felipe Baloy!');
INSERT INTO lance (id_partida, id_pessoa, time_stamp, tipo_lance, descricao) VALUES(13, 460, '1:19:30', 'FALTA', 'Falta de Gabriel Gómez em Marouane Fellaini!');
INSERT INTO lance (id_partida, id_pessoa, time_stamp, tipo_lance, descricao) VALUES(13, 442, '1:19:30', 'SOFREU FALTA', 'Marouane Fellaini sofre falta de Gabriel Gómez!');
INSERT INTO lance (id_partida, id_pessoa, time_stamp, tipo_lance, descricao) VALUES(13, 445, '1:20:25', 'FALTA', 'Falta de Nacer Chadli em Blas Pérez!');
INSERT INTO lance (id_partida, id_pessoa, time_stamp, tipo_lance, descricao) VALUES(13, 465, '1:20:25', 'SOFREU FALTA', 'Blas Pérez sofre falta de Nacer Chadli!');
INSERT INTO lance (id_partida, id_pessoa, time_stamp, tipo_lance, descricao) VALUES(13, 465, '1:21:39', 'DEFESA', 'Defesa de Vincent Kompany!');
INSERT INTO lance (id_partida, id_pessoa, time_stamp, tipo_lance, descricao) VALUES(13, 464, '1:21:55', 'GOL', 'Gol de Aníbal Godoy!');
INSERT INTO lance (id_partida, id_pessoa, time_stamp, tipo_lance, descricao) VALUES(13, 461, '1:23:17', 'GOL', 'Gol de Édgar Bárcenas!');
INSERT INTO lance (id_partida, id_pessoa, time_stamp, tipo_lance, descricao) VALUES(13, 445, '1:27:52', 'FALTA', 'Falta de Nacer Chadli em Luis Tejada!');
INSERT INTO lance (id_partida, id_pessoa, time_stamp, tipo_lance, descricao) VALUES(13, 467, '1:27:52', 'SOFREU FALTA', 'Luis Tejada sofre falta de Nacer Chadli!');
INSERT INTO lance (id_partida, id_pessoa, time_stamp, tipo_lance, descricao) VALUES(13, 466, '1:28:28', 'DEFESA', 'Defesa de Vincent Kompany!');
INSERT INTO lance (id_partida, id_pessoa, time_stamp, tipo_lance, descricao) VALUES(13, 443, '1:28:34', 'FALTA', 'Falta de Youri Tielemans em Armando Cooper!');
INSERT INTO lance (id_partida, id_pessoa, time_stamp, tipo_lance, descricao) VALUES(13, 462, '1:28:34', 'SOFREU FALTA', 'Armando Cooper sofre falta de Youri Tielemans!');
INSERT INTO apita (id_partida, id_pessoa) VALUES(14, 672);
INSERT INTO apita (id_partida, id_pessoa) VALUES(14, 644);
INSERT INTO apita (id_partida, id_pessoa) VALUES(14, 579);
INSERT INTO deslocamento (codigo_pais, id_partida, itinerario, descricao_da_escolta) VALUES('ENG', 14, '7S771LR6TZZ933IS38JE6F1NHUEJKTODVLP33LM74C1CZU5LDDM5L0220U0HGHVAKVOSOOYRVMJ4OYXWZ3GGHT14SWCJVE0WR11DGM7YO4J9Q7OC6DSNBO314T91LP5RWXNW7TQM5R1MJ2OUIAMSVNUC8AJXMFM982N2U1ENWGRTWQRBEPTKDN5IDK', '6K3A0E2ORPWAQ595P6BQRSHS7WC5V6EZKCIC3F0O3CAWSPCOERPMC4HOCKDEC72UK7ZNX6CKFWWOSUASTX0DQ1XQ549SCWM5JPMVZY1IPFHPH25RKUUPGZDSJJS36THSK0FDIO246SXLUHID8SIRC6ZUL3LQG7L68YFQX2J52ZSYB28CAP4OK0Q');
INSERT INTO deslocamento (codigo_pais, id_partida, itinerario, descricao_da_escolta) VALUES('TUN', 14, 'BV1PDMY8H1N5C1QGIMZMOBSS4IP1C7VHI1PCA32PBUQJPDAI9YF8BD9ACIU4665JFFWKMNFOUJL4UIC1IH2O1XGF2O91J7TEYGDKQZ5VS0N22FQ3G3WZERSS9R', '8ONFX0HFNE2KSLH5AKOMW8GVPL39GYVL9H7GEVZBU9DYNSDO7VRIVE59H2ZM6H9YTRLLNA1PUM1X5SI7HOCVGN04M79M5NENAOF6G1A64CXIMHEZT2ESFNSF1R9PAOUHHOWQNL0PNF0E0RRE3K2D');
INSERT INTO lance (id_partida, id_pessoa, time_stamp, tipo_lance, descricao) VALUES(14, 672, '0:45:0', 'FIM DO PRIMEIRO TEMPO', 'Juiz Abati apita o fim do primeiro tempo!');
INSERT INTO lance (id_partida, id_pessoa, time_stamp, tipo_lance, descricao) VALUES(14, 672, '1:30:0', 'FIM DO JOGO', 'Juiz Abati apita o fim do jogo!');
INSERT INTO lance (id_partida, id_pessoa, time_stamp, tipo_lance, descricao) VALUES(14, 500, '0:1:19', 'FALTA', 'Falta de Jesse Lingard em Naïm Sliti!');
INSERT INTO lance (id_partida, id_pessoa, time_stamp, tipo_lance, descricao) VALUES(14, 480, '0:1:19', 'SOFREU FALTA', 'Naïm Sliti sofre falta de Jesse Lingard!');
INSERT INTO lance (id_partida, id_pessoa, time_stamp, tipo_lance, descricao) VALUES(14, 499, '0:1:28', 'DEFESA', 'Defesa de John Stones!');
INSERT INTO lance (id_partida, id_pessoa, time_stamp, tipo_lance, descricao) VALUES(14, 476, '0:1:44', 'FALTA', 'Falta de Ferjani Sassi em Marcus Rashford!');
INSERT INTO lance (id_partida, id_pessoa, time_stamp, tipo_lance, descricao) VALUES(14, 503, '0:1:44', 'SOFREU FALTA', 'Marcus Rashford sofre falta de Ferjani Sassi!');
INSERT INTO lance (id_partida, id_pessoa, time_stamp, tipo_lance, descricao) VALUES(14, 494, '0:3:54', 'GOL', 'Gol de Phil Jones!');
INSERT INTO lance (id_partida, id_pessoa, time_stamp, tipo_lance, descricao) VALUES(14, 499, '0:4:4', 'FALTA', 'Falta de Adam Lallana em Ahmed Akaïchi!');
INSERT INTO lance (id_partida, id_pessoa, time_stamp, tipo_lance, descricao) VALUES(14, 486, '0:4:4', 'SOFREU FALTA', 'Ahmed Akaïchi sofre falta de Adam Lallana!');
INSERT INTO lance (id_partida, id_pessoa, time_stamp, tipo_lance, descricao) VALUES(14, 500, '0:5:5', 'FALTA', 'Falta de Jesse Lingard em Taha Yassine Khenissi!');
INSERT INTO lance (id_partida, id_pessoa, time_stamp, tipo_lance, descricao) VALUES(14, 483, '0:5:5', 'SOFREU FALTA', 'Taha Yassine Khenissi sofre falta de Jesse Lingard!');
INSERT INTO lance (id_partida, id_pessoa, time_stamp, tipo_lance, descricao) VALUES(14, 483, '0:9:57', 'SUBSTITUICAO', 'Sai Taha Yassine Khenissi!');
INSERT INTO lance (id_partida, id_pessoa, time_stamp, tipo_lance, descricao) VALUES(14, 471, '0:9:57', 'SUBSTITUICAO', 'Entra Syam Ben Youssef!');
INSERT INTO lance (id_partida, id_pessoa, time_stamp, tipo_lance, descricao) VALUES(14, 477, '0:10:46', 'SUBSTITUICAO', 'Sai Wahbi Khazri!');
INSERT INTO lance (id_partida, id_pessoa, time_stamp, tipo_lance, descricao) VALUES(14, 469, '0:10:46', 'SUBSTITUICAO', 'Entra Aymen Mathlouthi!');
INSERT INTO lance (id_partida, id_pessoa, time_stamp, tipo_lance, descricao) VALUES(14, 500, '0:13:22', 'FALTA', 'Falta de Jesse Lingard em Ferjani Sassi!');
INSERT INTO lance (id_partida, id_pessoa, time_stamp, tipo_lance, descricao) VALUES(14, 476, '0:13:22', 'SOFREU FALTA', 'Ferjani Sassi sofre falta de Jesse Lingard!');
INSERT INTO lance (id_partida, id_pessoa, time_stamp, tipo_lance, descricao) VALUES(14, 498, '0:14:56', 'FALTA', 'Falta de Eric Dier em Fakhreddine Ben Youssef!');
INSERT INTO lance (id_partida, id_pessoa, time_stamp, tipo_lance, descricao) VALUES(14, 482, '0:14:56', 'SOFREU FALTA', 'Fakhreddine Ben Youssef sofre falta de Eric Dier!');
INSERT INTO lance (id_partida, id_pessoa, time_stamp, tipo_lance, descricao) VALUES(14, 502, '0:22:15', 'FALTA', 'Falta de Harry Kane em Youssef Msakni!');
INSERT INTO lance (id_partida, id_pessoa, time_stamp, tipo_lance, descricao) VALUES(14, 481, '0:22:15', 'SOFREU FALTA', 'Youssef Msakni sofre falta de Harry Kane!');
INSERT INTO lance (id_partida, id_pessoa, time_stamp, tipo_lance, descricao) VALUES(14, 471, '0:22:29', 'DEFESA', 'Defesa de John Stones!');
INSERT INTO lance (id_partida, id_pessoa, time_stamp, tipo_lance, descricao) VALUES(14, 469, '0:23:56', 'FALTA', 'Falta de Aymen Mathlouthi em Jordan Henderson!');
INSERT INTO lance (id_partida, id_pessoa, time_stamp, tipo_lance, descricao) VALUES(14, 495, '0:23:56', 'SOFREU FALTA', 'Jordan Henderson sofre falta de Aymen Mathlouthi!');
INSERT INTO lance (id_partida, id_pessoa, time_stamp, tipo_lance, descricao) VALUES(14, 479, '0:24:7', 'DEFESA', 'Defesa de John Stones!');
INSERT INTO lance (id_partida, id_pessoa, time_stamp, tipo_lance, descricao) VALUES(14, 482, '0:25:25', 'FALTA', 'Falta de Fakhreddine Ben Youssef em Jamie Vardy!');
INSERT INTO lance (id_partida, id_pessoa, time_stamp, tipo_lance, descricao) VALUES(14, 504, '0:25:25', 'SOFREU FALTA', 'Jamie Vardy sofre falta de Fakhreddine Ben Youssef!');
INSERT INTO lance (id_partida, id_pessoa, time_stamp, tipo_lance, descricao) VALUES(14, 469, '0:25:33', 'FALTA', 'Falta de Aymen Mathlouthi em Jesse Lingard!');
INSERT INTO lance (id_partida, id_pessoa, time_stamp, tipo_lance, descricao) VALUES(14, 500, '0:25:33', 'SOFREU FALTA', 'Jesse Lingard sofre falta de Aymen Mathlouthi!');
INSERT INTO lance (id_partida, id_pessoa, time_stamp, tipo_lance, descricao) VALUES(14, 494, '0:27:57', 'FALTA', 'Falta de Phil Jones em Yoann Touzghar!');
INSERT INTO lance (id_partida, id_pessoa, time_stamp, tipo_lance, descricao) VALUES(14, 484, '0:27:57', 'SOFREU FALTA', 'Yoann Touzghar sofre falta de Phil Jones!');
INSERT INTO lance (id_partida, id_pessoa, time_stamp, tipo_lance, descricao) VALUES(14, 501, '0:28:34', 'FALTA', 'Falta de Raheem Sterling em Fakhreddine Ben Youssef!');
INSERT INTO lance (id_partida, id_pessoa, time_stamp, tipo_lance, descricao) VALUES(14, 482, '0:28:34', 'SOFREU FALTA', 'Fakhreddine Ben Youssef sofre falta de Raheem Sterling!');
INSERT INTO lance (id_partida, id_pessoa, time_stamp, tipo_lance, descricao) VALUES(14, 500, '0:32:59', 'FALTA', 'Falta de Jesse Lingard em Naïm Sliti!');
INSERT INTO lance (id_partida, id_pessoa, time_stamp, tipo_lance, descricao) VALUES(14, 480, '0:32:59', 'SOFREU FALTA', 'Naïm Sliti sofre falta de Jesse Lingard!');
INSERT INTO lance (id_partida, id_pessoa, time_stamp, tipo_lance, descricao) VALUES(14, 496, '0:37:20', 'FALTA', 'Falta de Alex Oxlade-Chamberlain em Anice Bradi!');
INSERT INTO lance (id_partida, id_pessoa, time_stamp, tipo_lance, descricao) VALUES(14, 485, '0:37:20', 'SOFREU FALTA', 'Anice Bradi sofre falta de Alex Oxlade-Chamberlain!');
INSERT INTO lance (id_partida, id_pessoa, time_stamp, tipo_lance, descricao) VALUES(14, 469, '0:38:51', 'FALTA', 'Falta de Aymen Mathlouthi em Jordan Henderson!');
INSERT INTO lance (id_partida, id_pessoa, time_stamp, tipo_lance, descricao) VALUES(14, 495, '0:38:51', 'SOFREU FALTA', 'Jordan Henderson sofre falta de Aymen Mathlouthi!');
INSERT INTO lance (id_partida, id_pessoa, time_stamp, tipo_lance, descricao) VALUES(14, 496, '0:39:29', 'DEFESA', 'Defesa de John Stones!');
INSERT INTO lance (id_partida, id_pessoa, time_stamp, tipo_lance, descricao) VALUES(14, 485, '0:40:53', 'SUBSTITUICAO', 'Sai Anice Bradi!');
INSERT INTO lance (id_partida, id_pessoa, time_stamp, tipo_lance, descricao) VALUES(14, 483, '0:40:53', 'SUBSTITUICAO', 'Entra Taha Yassine Khenissi!');
INSERT INTO lance (id_partida, id_pessoa, time_stamp, tipo_lance, descricao) VALUES(14, 469, '0:40:59', 'FALTA', 'Falta de Aymen Mathlouthi em Phil Jones!');
INSERT INTO lance (id_partida, id_pessoa, time_stamp, tipo_lance, descricao) VALUES(14, 494, '0:40:59', 'SOFREU FALTA', 'Phil Jones sofre falta de Aymen Mathlouthi!');
INSERT INTO lance (id_partida, id_pessoa, time_stamp, tipo_lance, descricao) VALUES(14, 495, '0:41:42', 'DEFESA', 'Defesa de John Stones!');
INSERT INTO lance (id_partida, id_pessoa, time_stamp, tipo_lance, descricao) VALUES(14, 503, '0:42:58', 'FALTA', 'Falta de Marcus Rashford em Naïm Sliti!');
INSERT INTO lance (id_partida, id_pessoa, time_stamp, tipo_lance, descricao) VALUES(14, 480, '0:42:58', 'SOFREU FALTA', 'Naïm Sliti sofre falta de Marcus Rashford!');
INSERT INTO lance (id_partida, id_pessoa, time_stamp, tipo_lance, descricao) VALUES(14, 499, '0:43:28', 'FALTA', 'Falta de Adam Lallana em Taha Yassine Khenissi!');
INSERT INTO lance (id_partida, id_pessoa, time_stamp, tipo_lance, descricao) VALUES(14, 483, '0:43:28', 'SOFREU FALTA', 'Taha Yassine Khenissi sofre falta de Adam Lallana!');
INSERT INTO lance (id_partida, id_pessoa, time_stamp, tipo_lance, descricao) VALUES(14, 499, '0:43:28', 'CARTAO AMARELO', 'Adam Lallana ganhou um cartão amarelo!');
INSERT INTO lance (id_partida, id_pessoa, time_stamp, tipo_lance, descricao) VALUES(14, 496, '0:44:16', 'FALTA', 'Falta de Alex Oxlade-Chamberlain em Ghaylène Chaalali!');
INSERT INTO lance (id_partida, id_pessoa, time_stamp, tipo_lance, descricao) VALUES(14, 479, '0:44:16', 'SOFREU FALTA', 'Ghaylène Chaalali sofre falta de Alex Oxlade-Chamberlain!');
INSERT INTO lance (id_partida, id_pessoa, time_stamp, tipo_lance, descricao) VALUES(14, 486, '0:44:37', 'FALTA', 'Falta de Ahmed Akaïchi em Dele Alli!');
INSERT INTO lance (id_partida, id_pessoa, time_stamp, tipo_lance, descricao) VALUES(14, 497, '0:44:37', 'SOFREU FALTA', 'Dele Alli sofre falta de Ahmed Akaïchi!');
INSERT INTO lance (id_partida, id_pessoa, time_stamp, tipo_lance, descricao) VALUES(14, 480, '0:45:9', 'FALTA', 'Falta de Naïm Sliti em Jamie Vardy!');
INSERT INTO lance (id_partida, id_pessoa, time_stamp, tipo_lance, descricao) VALUES(14, 504, '0:45:9', 'SOFREU FALTA', 'Jamie Vardy sofre falta de Naïm Sliti!');
INSERT INTO lance (id_partida, id_pessoa, time_stamp, tipo_lance, descricao) VALUES(14, 469, '0:45:36', 'FALTA', 'Falta de Aymen Mathlouthi em Harry Kane!');
INSERT INTO lance (id_partida, id_pessoa, time_stamp, tipo_lance, descricao) VALUES(14, 502, '0:45:36', 'SOFREU FALTA', 'Harry Kane sofre falta de Aymen Mathlouthi!');
INSERT INTO lance (id_partida, id_pessoa, time_stamp, tipo_lance, descricao) VALUES(14, 498, '0:47:47', 'SUBSTITUICAO', 'Sai Eric Dier!');
INSERT INTO lance (id_partida, id_pessoa, time_stamp, tipo_lance, descricao) VALUES(14, 492, '0:47:47', 'SUBSTITUICAO', 'Entra Ryan Bertrand!');
INSERT INTO lance (id_partida, id_pessoa, time_stamp, tipo_lance, descricao) VALUES(14, 469, '0:52:13', 'SUBSTITUICAO', 'Sai Aymen Mathlouthi!');
INSERT INTO lance (id_partida, id_pessoa, time_stamp, tipo_lance, descricao) VALUES(14, 474, '0:52:13', 'SUBSTITUICAO', 'Entra Yassine Meriah!');
INSERT INTO lance (id_partida, id_pessoa, time_stamp, tipo_lance, descricao) VALUES(14, 502, '0:54:15', 'DEFESA', 'Defesa de John Stones!');
INSERT INTO lance (id_partida, id_pessoa, time_stamp, tipo_lance, descricao) VALUES(14, 502, '0:54:32', 'FALTA', 'Falta de Harry Kane em Yoann Touzghar!');
INSERT INTO lance (id_partida, id_pessoa, time_stamp, tipo_lance, descricao) VALUES(14, 484, '0:54:32', 'SOFREU FALTA', 'Yoann Touzghar sofre falta de Harry Kane!');
INSERT INTO lance (id_partida, id_pessoa, time_stamp, tipo_lance, descricao) VALUES(14, 478, '0:57:29', 'FALTA', 'Falta de Mohamed Amine Ben Amor em Jordan Henderson!');
INSERT INTO lance (id_partida, id_pessoa, time_stamp, tipo_lance, descricao) VALUES(14, 495, '0:57:29', 'SOFREU FALTA', 'Jordan Henderson sofre falta de Mohamed Amine Ben Amor!');
INSERT INTO lance (id_partida, id_pessoa, time_stamp, tipo_lance, descricao) VALUES(14, 479, '0:58:5', 'DEFESA', 'Defesa de John Stones!');
INSERT INTO lance (id_partida, id_pessoa, time_stamp, tipo_lance, descricao) VALUES(14, 480, '0:58:35', 'FALTA', 'Falta de Naïm Sliti em Marcus Rashford!');
INSERT INTO lance (id_partida, id_pessoa, time_stamp, tipo_lance, descricao) VALUES(14, 503, '0:58:35', 'SOFREU FALTA', 'Marcus Rashford sofre falta de Naïm Sliti!');
INSERT INTO lance (id_partida, id_pessoa, time_stamp, tipo_lance, descricao) VALUES(14, 479, '0:58:43', 'FALTA', 'Falta de Ghaylène Chaalali em Jordan Henderson!');
INSERT INTO lance (id_partida, id_pessoa, time_stamp, tipo_lance, descricao) VALUES(14, 495, '0:58:43', 'SOFREU FALTA', 'Jordan Henderson sofre falta de Ghaylène Chaalali!');
INSERT INTO lance (id_partida, id_pessoa, time_stamp, tipo_lance, descricao) VALUES(14, 484, '1:3:58', 'FALTA', 'Falta de Yoann Touzghar em Jamie Vardy!');
INSERT INTO lance (id_partida, id_pessoa, time_stamp, tipo_lance, descricao) VALUES(14, 504, '1:3:58', 'SOFREU FALTA', 'Jamie Vardy sofre falta de Yoann Touzghar!');
INSERT INTO lance (id_partida, id_pessoa, time_stamp, tipo_lance, descricao) VALUES(14, 492, '1:5:39', 'SUBSTITUICAO', 'Sai Ryan Bertrand!');
INSERT INTO lance (id_partida, id_pessoa, time_stamp, tipo_lance, descricao) VALUES(14, 498, '1:5:39', 'SUBSTITUICAO', 'Entra Eric Dier!');
INSERT INTO lance (id_partida, id_pessoa, time_stamp, tipo_lance, descricao) VALUES(14, 497, '1:7:16', 'DEFESA', 'Defesa de John Stones!');
INSERT INTO lance (id_partida, id_pessoa, time_stamp, tipo_lance, descricao) VALUES(14, 502, '1:7:38', 'FALTA', 'Falta de Harry Kane em Mohamed Amine Ben Amor!');
INSERT INTO lance (id_partida, id_pessoa, time_stamp, tipo_lance, descricao) VALUES(14, 478, '1:7:38', 'SOFREU FALTA', 'Mohamed Amine Ben Amor sofre falta de Harry Kane!');
INSERT INTO lance (id_partida, id_pessoa, time_stamp, tipo_lance, descricao) VALUES(14, 478, '1:8:37', 'FALTA', 'Falta de Mohamed Amine Ben Amor em Raheem Sterling!');
INSERT INTO lance (id_partida, id_pessoa, time_stamp, tipo_lance, descricao) VALUES(14, 501, '1:8:37', 'SOFREU FALTA', 'Raheem Sterling sofre falta de Mohamed Amine Ben Amor!');
INSERT INTO lance (id_partida, id_pessoa, time_stamp, tipo_lance, descricao) VALUES(14, 483, '1:13:47', 'FALTA', 'Falta de Taha Yassine Khenissi em Alex Oxlade-Chamberlain!');
INSERT INTO lance (id_partida, id_pessoa, time_stamp, tipo_lance, descricao) VALUES(14, 496, '1:13:47', 'SOFREU FALTA', 'Alex Oxlade-Chamberlain sofre falta de Taha Yassine Khenissi!');
INSERT INTO lance (id_partida, id_pessoa, time_stamp, tipo_lance, descricao) VALUES(14, 480, '1:13:50', 'DEFESA', 'Defesa de John Stones!');
INSERT INTO lance (id_partida, id_pessoa, time_stamp, tipo_lance, descricao) VALUES(14, 482, '1:14:42', 'FALTA', 'Falta de Fakhreddine Ben Youssef em Marcus Rashford!');
INSERT INTO lance (id_partida, id_pessoa, time_stamp, tipo_lance, descricao) VALUES(14, 503, '1:14:42', 'SOFREU FALTA', 'Marcus Rashford sofre falta de Fakhreddine Ben Youssef!');
INSERT INTO lance (id_partida, id_pessoa, time_stamp, tipo_lance, descricao) VALUES(14, 501, '1:17:19', 'FALTA', 'Falta de Raheem Sterling em Yassine Meriah!');
INSERT INTO lance (id_partida, id_pessoa, time_stamp, tipo_lance, descricao) VALUES(14, 474, '1:17:19', 'SOFREU FALTA', 'Yassine Meriah sofre falta de Raheem Sterling!');
INSERT INTO lance (id_partida, id_pessoa, time_stamp, tipo_lance, descricao) VALUES(14, 481, '1:17:37', 'GOL', 'Gol de Youssef Msakni!');
INSERT INTO lance (id_partida, id_pessoa, time_stamp, tipo_lance, descricao) VALUES(14, 504, '1:18:8', 'FALTA', 'Falta de Jamie Vardy em Naïm Sliti!');
INSERT INTO lance (id_partida, id_pessoa, time_stamp, tipo_lance, descricao) VALUES(14, 480, '1:18:8', 'SOFREU FALTA', 'Naïm Sliti sofre falta de Jamie Vardy!');
INSERT INTO lance (id_partida, id_pessoa, time_stamp, tipo_lance, descricao) VALUES(14, 471, '1:18:26', 'GOL', 'Gol de Syam Ben Youssef!');
INSERT INTO lance (id_partida, id_pessoa, time_stamp, tipo_lance, descricao) VALUES(14, 499, '1:18:34', 'FALTA', 'Falta de Adam Lallana em Mohamed Amine Ben Amor!');
INSERT INTO lance (id_partida, id_pessoa, time_stamp, tipo_lance, descricao) VALUES(14, 478, '1:18:34', 'SOFREU FALTA', 'Mohamed Amine Ben Amor sofre falta de Adam Lallana!');
INSERT INTO lance (id_partida, id_pessoa, time_stamp, tipo_lance, descricao) VALUES(14, 500, '1:19:55', 'DEFESA', 'Defesa de John Stones!');
INSERT INTO lance (id_partida, id_pessoa, time_stamp, tipo_lance, descricao) VALUES(14, 502, '1:21:8', 'FALTA', 'Falta de Harry Kane em Fakhreddine Ben Youssef!');
INSERT INTO lance (id_partida, id_pessoa, time_stamp, tipo_lance, descricao) VALUES(14, 482, '1:21:8', 'SOFREU FALTA', 'Fakhreddine Ben Youssef sofre falta de Harry Kane!');
INSERT INTO lance (id_partida, id_pessoa, time_stamp, tipo_lance, descricao) VALUES(14, 476, '1:22:18', 'SUBSTITUICAO', 'Sai Ferjani Sassi!');
INSERT INTO lance (id_partida, id_pessoa, time_stamp, tipo_lance, descricao) VALUES(14, 473, '1:22:18', 'SUBSTITUICAO', 'Entra Hamdi Naguez!');
INSERT INTO lance (id_partida, id_pessoa, time_stamp, tipo_lance, descricao) VALUES(14, 504, '1:22:40', 'DEFESA', 'Defesa de John Stones!');
INSERT INTO lance (id_partida, id_pessoa, time_stamp, tipo_lance, descricao) VALUES(14, 473, '1:23:34', 'FALTA', 'Falta de Hamdi Naguez em Phil Jones!');
INSERT INTO lance (id_partida, id_pessoa, time_stamp, tipo_lance, descricao) VALUES(14, 494, '1:23:34', 'SOFREU FALTA', 'Phil Jones sofre falta de Hamdi Naguez!');
INSERT INTO lance (id_partida, id_pessoa, time_stamp, tipo_lance, descricao) VALUES(14, 501, '1:24:56', 'FALTA', 'Falta de Raheem Sterling em Yassine Meriah!');
INSERT INTO lance (id_partida, id_pessoa, time_stamp, tipo_lance, descricao) VALUES(14, 474, '1:24:56', 'SOFREU FALTA', 'Yassine Meriah sofre falta de Raheem Sterling!');
INSERT INTO lance (id_partida, id_pessoa, time_stamp, tipo_lance, descricao) VALUES(14, 478, '1:26:15', 'FALTA', 'Falta de Mohamed Amine Ben Amor em Jesse Lingard!');
INSERT INTO lance (id_partida, id_pessoa, time_stamp, tipo_lance, descricao) VALUES(14, 500, '1:26:15', 'SOFREU FALTA', 'Jesse Lingard sofre falta de Mohamed Amine Ben Amor!');
INSERT INTO lance (id_partida, id_pessoa, time_stamp, tipo_lance, descricao) VALUES(14, 482, '1:26:47', 'FALTA', 'Falta de Fakhreddine Ben Youssef em Jesse Lingard!');
INSERT INTO lance (id_partida, id_pessoa, time_stamp, tipo_lance, descricao) VALUES(14, 500, '1:26:47', 'SOFREU FALTA', 'Jesse Lingard sofre falta de Fakhreddine Ben Youssef!');
INSERT INTO apita (id_partida, id_pessoa) VALUES(15, 627);
INSERT INTO apita (id_partida, id_pessoa) VALUES(15, 659);
INSERT INTO apita (id_partida, id_pessoa) VALUES(15, 618);
INSERT INTO deslocamento (codigo_pais, id_partida, itinerario, descricao_da_escolta) VALUES('COL', 15, '6IFVQAQMXLT5FZQGPLCBHMMBGRJHY064QWZWT4UWBWDZ4B5FTA91XPGU6EO91JY7PZPSA3WU0Q9UJWGEVDXY0EGAQE0PPV517FKFWNEZNPBHPVLJ7KNXW9HLSPC', 'DHEFUIXDMBRI87LLD9U43RRFIHF888XHLJWGK5WH8H762EZYY5HS4HCVZ97MCYENOK6ZKEAHMM6VTVMDSQJC1EMEGARL8KEJDTSRH9NT5AFSLQBDW34WPBWJ72SJXYJCIWSAC45TDZH084209NZEQS4B7IUPQD5G1DKZ8BA18KSZ45LCA2KK9EWZ1QC4KQC93A95UD17M8FF9EHB7RPX3VHWQU7S9');
INSERT INTO deslocamento (codigo_pais, id_partida, itinerario, descricao_da_escolta) VALUES('JPN', 15, 'QSHT635PR6BN8B8RZXJA62BPGI3NOAGJ8FRX7QINGR9SWPWGX94KI8JXR2NXASBR01P2TLUJO54P3S20VXZPF', 'A953FECUNXQR24A3WMPV5NE4499WCN3VM31P7ZFPH3RG9L0801ANAUAW5B9GFPSA44F8DU66G9NB575TIB6KMPU22EU509K1KRMEG15F5EHAG908GQ7ETIYPKMF8AAFHZW0OU0MRF0PHITW3NWZKBFIC3743V6F48ALTIMNPDQ823QG00MVNL5FTOYVX6T5JVUJHICVAIKHUHQJM0ECJK1TD41FU00ST');
INSERT INTO lance (id_partida, id_pessoa, time_stamp, tipo_lance, descricao) VALUES(15, 627, '0:45:0', 'FIM DO PRIMEIRO TEMPO', 'Juiz Abasta apita o fim do primeiro tempo!');
INSERT INTO lance (id_partida, id_pessoa, time_stamp, tipo_lance, descricao) VALUES(15, 627, '1:30:0', 'FIM DO JOGO', 'Juiz Abasta apita o fim do jogo!');
INSERT INTO lance (id_partida, id_pessoa, time_stamp, tipo_lance, descricao) VALUES(15, 554, '0:1:34', 'ASSISTENCIA', 'Assistencia de Wílmar Barrios!');
INSERT INTO lance (id_partida, id_pessoa, time_stamp, tipo_lance, descricao) VALUES(15, 554, '0:1:34', 'GOL', 'Gol de Teófilo Gutiérrez!');
INSERT INTO lance (id_partida, id_pessoa, time_stamp, tipo_lance, descricao) VALUES(15, 548, '0:2:17', 'FALTA', 'Falta de Juan Guillermo Cuadrado em Hotaru Yamaguchi!');
INSERT INTO lance (id_partida, id_pessoa, time_stamp, tipo_lance, descricao) VALUES(15, 567, '0:2:17', 'SOFREU FALTA', 'Hotaru Yamaguchi sofre falta de Juan Guillermo Cuadrado!');
INSERT INTO lance (id_partida, id_pessoa, time_stamp, tipo_lance, descricao) VALUES(15, 570, '0:2:28', 'FALTA', 'Falta de Hiroshi Kiyotake em Abel Aguilar!');
INSERT INTO lance (id_partida, id_pessoa, time_stamp, tipo_lance, descricao) VALUES(15, 549, '0:2:28', 'SOFREU FALTA', 'Abel Aguilar sofre falta de Hiroshi Kiyotake!');
INSERT INTO lance (id_partida, id_pessoa, time_stamp, tipo_lance, descricao) VALUES(15, 552, '0:5:57', 'FALTA', 'Falta de Wílmar Barrios em Maya Yoshida!');
INSERT INTO lance (id_partida, id_pessoa, time_stamp, tipo_lance, descricao) VALUES(15, 566, '0:5:57', 'SOFREU FALTA', 'Maya Yoshida sofre falta de Wílmar Barrios!');
INSERT INTO lance (id_partida, id_pessoa, time_stamp, tipo_lance, descricao) VALUES(15, 570, '0:13:30', 'FALTA', 'Falta de Hiroshi Kiyotake em Duván Zapata!');
INSERT INTO lance (id_partida, id_pessoa, time_stamp, tipo_lance, descricao) VALUES(15, 558, '0:13:30', 'SOFREU FALTA', 'Duván Zapata sofre falta de Hiroshi Kiyotake!');
INSERT INTO lance (id_partida, id_pessoa, time_stamp, tipo_lance, descricao) VALUES(15, 558, '0:13:31', 'GOL', 'Gol de Duván Zapata!');
INSERT INTO lance (id_partida, id_pessoa, time_stamp, tipo_lance, descricao) VALUES(15, 567, '0:15:50', 'FALTA', 'Falta de Hotaru Yamaguchi em Edwin Cardona!');
INSERT INTO lance (id_partida, id_pessoa, time_stamp, tipo_lance, descricao) VALUES(15, 556, '0:15:50', 'SOFREU FALTA', 'Edwin Cardona sofre falta de Hotaru Yamaguchi!');
INSERT INTO lance (id_partida, id_pessoa, time_stamp, tipo_lance, descricao) VALUES(15, 573, '0:16:46', 'FALTA', 'Falta de Genki Haraguchi em Wílmar Barrios!');
INSERT INTO lance (id_partida, id_pessoa, time_stamp, tipo_lance, descricao) VALUES(15, 552, '0:16:46', 'SOFREU FALTA', 'Wílmar Barrios sofre falta de Genki Haraguchi!');
INSERT INTO lance (id_partida, id_pessoa, time_stamp, tipo_lance, descricao) VALUES(15, 550, '0:17:5', 'FALTA', 'Falta de James Rodríguez em Genki Haraguchi!');
INSERT INTO lance (id_partida, id_pessoa, time_stamp, tipo_lance, descricao) VALUES(15, 573, '0:17:5', 'SOFREU FALTA', 'Genki Haraguchi sofre falta de James Rodríguez!');
INSERT INTO lance (id_partida, id_pessoa, time_stamp, tipo_lance, descricao) VALUES(15, 571, '0:17:18', 'FALTA', 'Falta de Keisuke Honda em Yimmi Chará!');
INSERT INTO lance (id_partida, id_pessoa, time_stamp, tipo_lance, descricao) VALUES(15, 557, '0:17:18', 'SOFREU FALTA', 'Yimmi Chará sofre falta de Keisuke Honda!');
INSERT INTO lance (id_partida, id_pessoa, time_stamp, tipo_lance, descricao) VALUES(15, 568, '0:17:38', 'DEFESA', 'Defesa de Dávinson Sánchez!');
INSERT INTO lance (id_partida, id_pessoa, time_stamp, tipo_lance, descricao) VALUES(15, 558, '0:17:45', 'DEFESA', 'Defesa de Dávinson Sánchez!');
INSERT INTO lance (id_partida, id_pessoa, time_stamp, tipo_lance, descricao) VALUES(15, 572, '0:27:9', 'FALTA', 'Falta de Takashi Usami em Juan Guillermo Cuadrado!');
INSERT INTO lance (id_partida, id_pessoa, time_stamp, tipo_lance, descricao) VALUES(15, 548, '0:27:9', 'SOFREU FALTA', 'Juan Guillermo Cuadrado sofre falta de Takashi Usami!');
INSERT INTO lance (id_partida, id_pessoa, time_stamp, tipo_lance, descricao) VALUES(15, 571, '0:31:5', 'FALTA', 'Falta de Keisuke Honda em Yimmi Chará!');
INSERT INTO lance (id_partida, id_pessoa, time_stamp, tipo_lance, descricao) VALUES(15, 557, '0:31:5', 'SOFREU FALTA', 'Yimmi Chará sofre falta de Keisuke Honda!');
INSERT INTO lance (id_partida, id_pessoa, time_stamp, tipo_lance, descricao) VALUES(15, 569, '0:33:57', 'SUBSTITUICAO', 'Sai Makoto Hasebe!');
INSERT INTO lance (id_partida, id_pessoa, time_stamp, tipo_lance, descricao) VALUES(15, 564, '0:33:57', 'SUBSTITUICAO', 'Entra Tomoaki Makino!');
INSERT INTO lance (id_partida, id_pessoa, time_stamp, tipo_lance, descricao) VALUES(15, 550, '0:37:43', 'DEFESA', 'Defesa de Dávinson Sánchez!');
INSERT INTO lance (id_partida, id_pessoa, time_stamp, tipo_lance, descricao) VALUES(15, 551, '0:39:37', 'GOL', 'Gol de Giovanni Moreno!');
INSERT INTO lance (id_partida, id_pessoa, time_stamp, tipo_lance, descricao) VALUES(15, 553, '0:41:40', 'DEFESA', 'Defesa de Dávinson Sánchez!');
INSERT INTO lance (id_partida, id_pessoa, time_stamp, tipo_lance, descricao) VALUES(15, 573, '0:47:51', 'FALTA', 'Falta de Genki Haraguchi em James Rodríguez!');
INSERT INTO lance (id_partida, id_pessoa, time_stamp, tipo_lance, descricao) VALUES(15, 550, '0:47:51', 'SOFREU FALTA', 'James Rodríguez sofre falta de Genki Haraguchi!');
INSERT INTO lance (id_partida, id_pessoa, time_stamp, tipo_lance, descricao) VALUES(15, 553, '0:48:49', 'SUBSTITUICAO', 'Sai Radamel Falcao García!');
INSERT INTO lance (id_partida, id_pessoa, time_stamp, tipo_lance, descricao) VALUES(15, 547, '0:48:49', 'SUBSTITUICAO', 'Entra Carlos Sánchez!');
INSERT INTO lance (id_partida, id_pessoa, time_stamp, tipo_lance, descricao) VALUES(15, 548, '0:49:40', 'DEFESA', 'Defesa de Dávinson Sánchez!');
INSERT INTO lance (id_partida, id_pessoa, time_stamp, tipo_lance, descricao) VALUES(15, 573, '0:50:40', 'DEFESA', 'Defesa de Dávinson Sánchez!');
INSERT INTO lance (id_partida, id_pessoa, time_stamp, tipo_lance, descricao) VALUES(15, 557, '0:55:14', 'FALTA', 'Falta de Yimmi Chará em Takashi Usami!');
INSERT INTO lance (id_partida, id_pessoa, time_stamp, tipo_lance, descricao) VALUES(15, 572, '0:55:14', 'SOFREU FALTA', 'Takashi Usami sofre falta de Yimmi Chará!');
INSERT INTO lance (id_partida, id_pessoa, time_stamp, tipo_lance, descricao) VALUES(15, 566, '0:55:18', 'FALTA', 'Falta de Maya Yoshida em James Rodríguez!');
INSERT INTO lance (id_partida, id_pessoa, time_stamp, tipo_lance, descricao) VALUES(15, 550, '0:55:18', 'SOFREU FALTA', 'James Rodríguez sofre falta de Maya Yoshida!');
INSERT INTO lance (id_partida, id_pessoa, time_stamp, tipo_lance, descricao) VALUES(15, 572, '0:56:19', 'FALTA', 'Falta de Takashi Usami em Duván Zapata!');
INSERT INTO lance (id_partida, id_pessoa, time_stamp, tipo_lance, descricao) VALUES(15, 558, '0:56:19', 'SOFREU FALTA', 'Duván Zapata sofre falta de Takashi Usami!');
INSERT INTO lance (id_partida, id_pessoa, time_stamp, tipo_lance, descricao) VALUES(15, 554, '0:58:27', 'FALTA', 'Falta de Teófilo Gutiérrez em Maya Yoshida!');
INSERT INTO lance (id_partida, id_pessoa, time_stamp, tipo_lance, descricao) VALUES(15, 566, '0:58:27', 'SOFREU FALTA', 'Maya Yoshida sofre falta de Teófilo Gutiérrez!');
INSERT INTO lance (id_partida, id_pessoa, time_stamp, tipo_lance, descricao) VALUES(15, 564, '0:59:29', 'FALTA', 'Falta de Tomoaki Makino em Edwin Cardona!');
INSERT INTO lance (id_partida, id_pessoa, time_stamp, tipo_lance, descricao) VALUES(15, 556, '0:59:29', 'SOFREU FALTA', 'Edwin Cardona sofre falta de Tomoaki Makino!');
INSERT INTO lance (id_partida, id_pessoa, time_stamp, tipo_lance, descricao) VALUES(15, 555, '1:0:2', 'FALTA', 'Falta de Carlos Bacca em Keisuke Honda!');
INSERT INTO lance (id_partida, id_pessoa, time_stamp, tipo_lance, descricao) VALUES(15, 571, '1:0:2', 'SOFREU FALTA', 'Keisuke Honda sofre falta de Carlos Bacca!');
INSERT INTO lance (id_partida, id_pessoa, time_stamp, tipo_lance, descricao) VALUES(15, 555, '1:0:27', 'DEFESA', 'Defesa de Dávinson Sánchez!');
INSERT INTO lance (id_partida, id_pessoa, time_stamp, tipo_lance, descricao) VALUES(15, 566, '1:4:32', 'FALTA', 'Falta de Maya Yoshida em Juan Guillermo Cuadrado!');
INSERT INTO lance (id_partida, id_pessoa, time_stamp, tipo_lance, descricao) VALUES(15, 548, '1:4:32', 'SOFREU FALTA', 'Juan Guillermo Cuadrado sofre falta de Maya Yoshida!');
INSERT INTO lance (id_partida, id_pessoa, time_stamp, tipo_lance, descricao) VALUES(15, 548, '1:5:34', 'FALTA', 'Falta de Juan Guillermo Cuadrado em Keisuke Honda!');
INSERT INTO lance (id_partida, id_pessoa, time_stamp, tipo_lance, descricao) VALUES(15, 571, '1:5:34', 'SOFREU FALTA', 'Keisuke Honda sofre falta de Juan Guillermo Cuadrado!');
INSERT INTO lance (id_partida, id_pessoa, time_stamp, tipo_lance, descricao) VALUES(15, 568, '1:5:54', 'DEFESA', 'Defesa de Dávinson Sánchez!');
INSERT INTO lance (id_partida, id_pessoa, time_stamp, tipo_lance, descricao) VALUES(15, 552, '1:7:15', 'FALTA', 'Falta de Wílmar Barrios em Yuya Kubo!');
INSERT INTO lance (id_partida, id_pessoa, time_stamp, tipo_lance, descricao) VALUES(15, 575, '1:7:15', 'SOFREU FALTA', 'Yuya Kubo sofre falta de Wílmar Barrios!');
INSERT INTO lance (id_partida, id_pessoa, time_stamp, tipo_lance, descricao) VALUES(15, 549, '1:7:23', 'FALTA', 'Falta de Abel Aguilar em Hotaru Yamaguchi!');
INSERT INTO lance (id_partida, id_pessoa, time_stamp, tipo_lance, descricao) VALUES(15, 567, '1:7:23', 'SOFREU FALTA', 'Hotaru Yamaguchi sofre falta de Abel Aguilar!');
INSERT INTO lance (id_partida, id_pessoa, time_stamp, tipo_lance, descricao) VALUES(15, 556, '1:7:31', 'FALTA', 'Falta de Edwin Cardona em Maya Yoshida!');
INSERT INTO lance (id_partida, id_pessoa, time_stamp, tipo_lance, descricao) VALUES(15, 566, '1:7:31', 'SOFREU FALTA', 'Maya Yoshida sofre falta de Edwin Cardona!');
INSERT INTO lance (id_partida, id_pessoa, time_stamp, tipo_lance, descricao) VALUES(15, 572, '1:9:41', 'DEFESA', 'Defesa de Dávinson Sánchez!');
INSERT INTO lance (id_partida, id_pessoa, time_stamp, tipo_lance, descricao) VALUES(15, 566, '1:10:31', 'FALTA', 'Falta de Maya Yoshida em Carlos Bacca!');
INSERT INTO lance (id_partida, id_pessoa, time_stamp, tipo_lance, descricao) VALUES(15, 555, '1:10:31', 'SOFREU FALTA', 'Carlos Bacca sofre falta de Maya Yoshida!');
INSERT INTO lance (id_partida, id_pessoa, time_stamp, tipo_lance, descricao) VALUES(15, 550, '1:13:19', 'FALTA', 'Falta de James Rodríguez em Shinji Okazaki!');
INSERT INTO lance (id_partida, id_pessoa, time_stamp, tipo_lance, descricao) VALUES(15, 574, '1:13:19', 'SOFREU FALTA', 'Shinji Okazaki sofre falta de James Rodríguez!');
INSERT INTO lance (id_partida, id_pessoa, time_stamp, tipo_lance, descricao) VALUES(15, 573, '1:13:51', 'FALTA', 'Falta de Genki Haraguchi em Duván Zapata!');
INSERT INTO lance (id_partida, id_pessoa, time_stamp, tipo_lance, descricao) VALUES(15, 558, '1:13:51', 'SOFREU FALTA', 'Duván Zapata sofre falta de Genki Haraguchi!');
INSERT INTO lance (id_partida, id_pessoa, time_stamp, tipo_lance, descricao) VALUES(15, 564, '1:20:2', 'SUBSTITUICAO', 'Sai Tomoaki Makino!');
INSERT INTO lance (id_partida, id_pessoa, time_stamp, tipo_lance, descricao) VALUES(15, 560, '1:20:2', 'SUBSTITUICAO', 'Entra Shusaku Nishikawa!');
INSERT INTO lance (id_partida, id_pessoa, time_stamp, tipo_lance, descricao) VALUES(15, 571, '1:24:21', 'FALTA', 'Falta de Keisuke Honda em Yimmi Chará!');
INSERT INTO lance (id_partida, id_pessoa, time_stamp, tipo_lance, descricao) VALUES(15, 557, '1:24:21', 'SOFREU FALTA', 'Yimmi Chará sofre falta de Keisuke Honda!');
INSERT INTO lance (id_partida, id_pessoa, time_stamp, tipo_lance, descricao) VALUES(15, 555, '1:24:56', 'FALTA', 'Falta de Carlos Bacca em Maya Yoshida!');
INSERT INTO lance (id_partida, id_pessoa, time_stamp, tipo_lance, descricao) VALUES(15, 566, '1:24:56', 'SOFREU FALTA', 'Maya Yoshida sofre falta de Carlos Bacca!');
INSERT INTO lance (id_partida, id_pessoa, time_stamp, tipo_lance, descricao) VALUES(15, 554, '1:27:44', 'FALTA', 'Falta de Teófilo Gutiérrez em Shusaku Nishikawa!');
INSERT INTO lance (id_partida, id_pessoa, time_stamp, tipo_lance, descricao) VALUES(15, 560, '1:27:44', 'SOFREU FALTA', 'Shusaku Nishikawa sofre falta de Teófilo Gutiérrez!');
INSERT INTO lance (id_partida, id_pessoa, time_stamp, tipo_lance, descricao) VALUES(15, 552, '1:29:59', 'FALTA', 'Falta de Wílmar Barrios em Yuya Osako!');
INSERT INTO lance (id_partida, id_pessoa, time_stamp, tipo_lance, descricao) VALUES(15, 576, '1:29:59', 'SOFREU FALTA', 'Yuya Osako sofre falta de Wílmar Barrios!');
INSERT INTO apita (id_partida, id_pessoa) VALUES(16, 597);
INSERT INTO apita (id_partida, id_pessoa) VALUES(16, 634);
INSERT INTO apita (id_partida, id_pessoa) VALUES(16, 669);
INSERT INTO deslocamento (codigo_pais, id_partida, itinerario, descricao_da_escolta) VALUES('POL', 16, '1HRXWOGMGA89HIZK4TWT2B915TG02FDN6I0Y5681YU96O3NDKDA95YE0HZ2DHPUA7UD9RBP8V55HCDNBFDPYEESIDAQGD5UJA883ZNVJYCOA26XDL07D9563C56QUJ40KWHDETL2SGACZRPGMN4N7RJECF14RFZOHYZGZT82OFV353DVPZDHPR23MCB82QKMQV4B2JQ3OB825QJICFP1BS90553XS9984IMJ9', '3FJK2NT976236WBSL8WEG6P3KOBA7XD9JBMJS1ZVG6774ZDN6L7NX456Z');
INSERT INTO deslocamento (codigo_pais, id_partida, itinerario, descricao_da_escolta) VALUES('SEN', 16, '9OLTBK22T5J1AUIA7K8S8VKYDV0ZMOFPTC1LJX4XEBFIDFLNFX7V8HRODXQPUCQFZ4H7270JPKO7PCV8KMUZQUQMVNIWHOCBVATJ7OUI6XFX2T8ACRFHS1YEN4LPYDCBIMLPTMA', '2M22P3UBOHUZI4T4MO5DCFT3VDPQHSR0RJPF95YUKKARTM2N3RDFQ74W39HLND3603I9PN4QZL22ECJJLCW0PMKUP2M9YNGGQE00E38PWWPEECS107AKRDQOTXUWB41MFWMALSESEHD26FQNKVJ0N5ZMXMGRILN25D9S0SPH3RGJAYRNHHLQVB8J69M9MXJ24L73G8W2FC75ZQL843JBA6G3EZV0FP4');
INSERT INTO lance (id_partida, id_pessoa, time_stamp, tipo_lance, descricao) VALUES(16, 597, '0:45:0', 'FIM DO PRIMEIRO TEMPO', 'Juiz Bellar apita o fim do primeiro tempo!');
INSERT INTO lance (id_partida, id_pessoa, time_stamp, tipo_lance, descricao) VALUES(16, 597, '1:30:0', 'FIM DO JOGO', 'Juiz Bellar apita o fim do jogo!');
INSERT INTO lance (id_partida, id_pessoa, time_stamp, tipo_lance, descricao) VALUES(16, 537, '0:1:31', 'FALTA', 'Falta de Keita Baldé em Lukasz Teodorczyk!');
INSERT INTO lance (id_partida, id_pessoa, time_stamp, tipo_lance, descricao) VALUES(16, 521, '0:1:31', 'SOFREU FALTA', 'Lukasz Teodorczyk sofre falta de Keita Baldé!');
INSERT INTO lance (id_partida, id_pessoa, time_stamp, tipo_lance, descricao) VALUES(16, 532, '0:2:5', 'ASSISTENCIA', 'Assistencia de Papa Alioune N’Diaye!');
INSERT INTO lance (id_partida, id_pessoa, time_stamp, tipo_lance, descricao) VALUES(16, 532, '0:2:5', 'GOL', 'Gol de Cheikh Ndoye!');
INSERT INTO lance (id_partida, id_pessoa, time_stamp, tipo_lance, descricao) VALUES(16, 540, '0:2:26', 'FALTA', 'Falta de Mame Diouf em Lukasz Teodorczyk!');
INSERT INTO lance (id_partida, id_pessoa, time_stamp, tipo_lance, descricao) VALUES(16, 521, '0:2:26', 'SOFREU FALTA', 'Lukasz Teodorczyk sofre falta de Mame Diouf!');
INSERT INTO lance (id_partida, id_pessoa, time_stamp, tipo_lance, descricao) VALUES(16, 520, '0:2:54', 'FALTA', 'Falta de Robert Lewandowski em Keita Baldé!');
INSERT INTO lance (id_partida, id_pessoa, time_stamp, tipo_lance, descricao) VALUES(16, 537, '0:2:54', 'SOFREU FALTA', 'Keita Baldé sofre falta de Robert Lewandowski!');
INSERT INTO lance (id_partida, id_pessoa, time_stamp, tipo_lance, descricao) VALUES(16, 536, '0:5:27', 'FALTA', 'Falta de Moussa Konaté em Arkadiusz Milik!');
INSERT INTO lance (id_partida, id_pessoa, time_stamp, tipo_lance, descricao) VALUES(16, 522, '0:5:27', 'SOFREU FALTA', 'Arkadiusz Milik sofre falta de Moussa Konaté!');
INSERT INTO lance (id_partida, id_pessoa, time_stamp, tipo_lance, descricao) VALUES(16, 522, '0:6:26', 'FALTA', 'Falta de Arkadiusz Milik em Sadio Mané!');
INSERT INTO lance (id_partida, id_pessoa, time_stamp, tipo_lance, descricao) VALUES(16, 534, '0:6:26', 'SOFREU FALTA', 'Sadio Mané sofre falta de Arkadiusz Milik!');
INSERT INTO lance (id_partida, id_pessoa, time_stamp, tipo_lance, descricao) VALUES(16, 520, '0:7:29', 'DEFESA', 'Defesa de Michal Pazdan!');
INSERT INTO lance (id_partida, id_pessoa, time_stamp, tipo_lance, descricao) VALUES(16, 532, '0:7:55', 'FALTA', 'Falta de Cheikh Ndoye em Jakub Blaszczykowski!');
INSERT INTO lance (id_partida, id_pessoa, time_stamp, tipo_lance, descricao) VALUES(16, 514, '0:7:55', 'SOFREU FALTA', 'Jakub Blaszczykowski sofre falta de Cheikh Ndoye!');
INSERT INTO lance (id_partida, id_pessoa, time_stamp, tipo_lance, descricao) VALUES(16, 513, '0:8:59', 'FALTA', 'Falta de Maciej Rybus em Cheikhou Kouyaté!');
INSERT INTO lance (id_partida, id_pessoa, time_stamp, tipo_lance, descricao) VALUES(16, 531, '0:8:59', 'SOFREU FALTA', 'Cheikhou Kouyaté sofre falta de Maciej Rybus!');
INSERT INTO lance (id_partida, id_pessoa, time_stamp, tipo_lance, descricao) VALUES(16, 518, '0:9:7', 'FALTA', 'Falta de Piotr Zielinski em Sadio Mané!');
INSERT INTO lance (id_partida, id_pessoa, time_stamp, tipo_lance, descricao) VALUES(16, 534, '0:9:7', 'SOFREU FALTA', 'Sadio Mané sofre falta de Piotr Zielinski!');
INSERT INTO lance (id_partida, id_pessoa, time_stamp, tipo_lance, descricao) VALUES(16, 530, '0:9:53', 'FALTA', 'Falta de Idrissa Gueye em Krzysztof Maczynski!');
INSERT INTO lance (id_partida, id_pessoa, time_stamp, tipo_lance, descricao) VALUES(16, 517, '0:9:53', 'SOFREU FALTA', 'Krzysztof Maczynski sofre falta de Idrissa Gueye!');
INSERT INTO lance (id_partida, id_pessoa, time_stamp, tipo_lance, descricao) VALUES(16, 539, '0:14:40', 'FALTA', 'Falta de Ismaïla Sarr em Artur Jedrzejczyk!');
INSERT INTO lance (id_partida, id_pessoa, time_stamp, tipo_lance, descricao) VALUES(16, 512, '0:14:40', 'SOFREU FALTA', 'Artur Jedrzejczyk sofre falta de Ismaïla Sarr!');
INSERT INTO lance (id_partida, id_pessoa, time_stamp, tipo_lance, descricao) VALUES(16, 517, '0:15:15', 'FALTA', 'Falta de Krzysztof Maczynski em Ismaïla Sarr!');
INSERT INTO lance (id_partida, id_pessoa, time_stamp, tipo_lance, descricao) VALUES(16, 539, '0:15:15', 'SOFREU FALTA', 'Ismaïla Sarr sofre falta de Krzysztof Maczynski!');
INSERT INTO lance (id_partida, id_pessoa, time_stamp, tipo_lance, descricao) VALUES(16, 521, '0:18:26', 'DEFESA', 'Defesa de Michal Pazdan!');
INSERT INTO lance (id_partida, id_pessoa, time_stamp, tipo_lance, descricao) VALUES(16, 520, '0:20:6', 'ASSISTENCIA', 'Assistencia de Maciej Rybus!');
INSERT INTO lance (id_partida, id_pessoa, time_stamp, tipo_lance, descricao) VALUES(16, 520, '0:20:6', 'GOL', 'Gol de Robert Lewandowski!');
INSERT INTO lance (id_partida, id_pessoa, time_stamp, tipo_lance, descricao) VALUES(16, 535, '0:22:32', 'FALTA', 'Falta de Moussa Sow em Arkadiusz Milik!');
INSERT INTO lance (id_partida, id_pessoa, time_stamp, tipo_lance, descricao) VALUES(16, 522, '0:22:32', 'SOFREU FALTA', 'Arkadiusz Milik sofre falta de Moussa Sow!');
INSERT INTO lance (id_partida, id_pessoa, time_stamp, tipo_lance, descricao) VALUES(16, 513, '0:22:47', 'FALTA', 'Falta de Maciej Rybus em Ismaïla Sarr!');
INSERT INTO lance (id_partida, id_pessoa, time_stamp, tipo_lance, descricao) VALUES(16, 539, '0:22:47', 'SOFREU FALTA', 'Ismaïla Sarr sofre falta de Maciej Rybus!');
INSERT INTO lance (id_partida, id_pessoa, time_stamp, tipo_lance, descricao) VALUES(16, 513, '0:22:47', 'CARTAO AMARELO', 'Maciej Rybus ganhou um cartão amarelo!');
INSERT INTO lance (id_partida, id_pessoa, time_stamp, tipo_lance, descricao) VALUES(16, 539, '0:23:6', 'FALTA', 'Falta de Ismaïla Sarr em Karol Linetty!');
INSERT INTO lance (id_partida, id_pessoa, time_stamp, tipo_lance, descricao) VALUES(16, 519, '0:23:6', 'SOFREU FALTA', 'Karol Linetty sofre falta de Ismaïla Sarr!');
INSERT INTO lance (id_partida, id_pessoa, time_stamp, tipo_lance, descricao) VALUES(16, 539, '0:24:12', 'FALTA', 'Falta de Ismaïla Sarr em Maciej Rybus!');
INSERT INTO lance (id_partida, id_pessoa, time_stamp, tipo_lance, descricao) VALUES(16, 513, '0:24:12', 'SOFREU FALTA', 'Maciej Rybus sofre falta de Ismaïla Sarr!');
INSERT INTO lance (id_partida, id_pessoa, time_stamp, tipo_lance, descricao) VALUES(16, 516, '0:24:53', 'SUBSTITUICAO', 'Sai Grzegorz Krychowiak!');
INSERT INTO lance (id_partida, id_pessoa, time_stamp, tipo_lance, descricao) VALUES(16, 511, '0:24:53', 'SUBSTITUICAO', 'Entra Bartosz Bereszynski!');
INSERT INTO lance (id_partida, id_pessoa, time_stamp, tipo_lance, descricao) VALUES(16, 537, '0:27:14', 'FALTA', 'Falta de Keita Baldé em Kamil Grosicki!');
INSERT INTO lance (id_partida, id_pessoa, time_stamp, tipo_lance, descricao) VALUES(16, 515, '0:27:14', 'SOFREU FALTA', 'Kamil Grosicki sofre falta de Keita Baldé!');
INSERT INTO lance (id_partida, id_pessoa, time_stamp, tipo_lance, descricao) VALUES(16, 520, '0:28:50', 'FALTA', 'Falta de Robert Lewandowski em Keita Baldé!');
INSERT INTO lance (id_partida, id_pessoa, time_stamp, tipo_lance, descricao) VALUES(16, 537, '0:28:50', 'SOFREU FALTA', 'Keita Baldé sofre falta de Robert Lewandowski!');
INSERT INTO lance (id_partida, id_pessoa, time_stamp, tipo_lance, descricao) VALUES(16, 517, '0:29:7', 'FALTA', 'Falta de Krzysztof Maczynski em Moussa Konaté!');
INSERT INTO lance (id_partida, id_pessoa, time_stamp, tipo_lance, descricao) VALUES(16, 536, '0:29:7', 'SOFREU FALTA', 'Moussa Konaté sofre falta de Krzysztof Maczynski!');
INSERT INTO lance (id_partida, id_pessoa, time_stamp, tipo_lance, descricao) VALUES(16, 511, '0:32:44', 'DEFESA', 'Defesa de Michal Pazdan!');
INSERT INTO lance (id_partida, id_pessoa, time_stamp, tipo_lance, descricao) VALUES(16, 519, '0:36:35', 'FALTA', 'Falta de Karol Linetty em Cheikhou Kouyaté!');
INSERT INTO lance (id_partida, id_pessoa, time_stamp, tipo_lance, descricao) VALUES(16, 531, '0:36:35', 'SOFREU FALTA', 'Cheikhou Kouyaté sofre falta de Karol Linetty!');
INSERT INTO lance (id_partida, id_pessoa, time_stamp, tipo_lance, descricao) VALUES(16, 513, '0:37:16', 'DEFESA', 'Defesa de Michal Pazdan!');
INSERT INTO lance (id_partida, id_pessoa, time_stamp, tipo_lance, descricao) VALUES(16, 539, '0:37:51', 'FALTA', 'Falta de Ismaïla Sarr em Kamil Grosicki!');
INSERT INTO lance (id_partida, id_pessoa, time_stamp, tipo_lance, descricao) VALUES(16, 515, '0:37:51', 'SOFREU FALTA', 'Kamil Grosicki sofre falta de Ismaïla Sarr!');
INSERT INTO lance (id_partida, id_pessoa, time_stamp, tipo_lance, descricao) VALUES(16, 536, '0:38:3', 'FALTA', 'Falta de Moussa Konaté em Krzysztof Maczynski!');
INSERT INTO lance (id_partida, id_pessoa, time_stamp, tipo_lance, descricao) VALUES(16, 517, '0:38:3', 'SOFREU FALTA', 'Krzysztof Maczynski sofre falta de Moussa Konaté!');
INSERT INTO lance (id_partida, id_pessoa, time_stamp, tipo_lance, descricao) VALUES(16, 537, '0:40:32', 'FALTA', 'Falta de Keita Baldé em Krzysztof Maczynski!');
INSERT INTO lance (id_partida, id_pessoa, time_stamp, tipo_lance, descricao) VALUES(16, 517, '0:40:32', 'SOFREU FALTA', 'Krzysztof Maczynski sofre falta de Keita Baldé!');
INSERT INTO lance (id_partida, id_pessoa, time_stamp, tipo_lance, descricao) VALUES(16, 537, '0:41:9', 'FALTA', 'Falta de Keita Baldé em Maciej Rybus!');
INSERT INTO lance (id_partida, id_pessoa, time_stamp, tipo_lance, descricao) VALUES(16, 513, '0:41:9', 'SOFREU FALTA', 'Maciej Rybus sofre falta de Keita Baldé!');
INSERT INTO lance (id_partida, id_pessoa, time_stamp, tipo_lance, descricao) VALUES(16, 519, '0:42:12', 'FALTA', 'Falta de Karol Linetty em Cheikhou Kouyaté!');
INSERT INTO lance (id_partida, id_pessoa, time_stamp, tipo_lance, descricao) VALUES(16, 531, '0:42:12', 'SOFREU FALTA', 'Cheikhou Kouyaté sofre falta de Karol Linetty!');
INSERT INTO lance (id_partida, id_pessoa, time_stamp, tipo_lance, descricao) VALUES(16, 519, '0:42:12', 'CARTAO AMARELO', 'Karol Linetty ganhou um cartão amarelo!');
INSERT INTO lance (id_partida, id_pessoa, time_stamp, tipo_lance, descricao) VALUES(16, 519, '0:42:22', 'FALTA', 'Falta de Karol Linetty em Idrissa Gueye!');
INSERT INTO lance (id_partida, id_pessoa, time_stamp, tipo_lance, descricao) VALUES(16, 530, '0:42:22', 'SOFREU FALTA', 'Idrissa Gueye sofre falta de Karol Linetty!');
INSERT INTO lance (id_partida, id_pessoa, time_stamp, tipo_lance, descricao) VALUES(16, 539, '0:42:23', 'FALTA', 'Falta de Ismaïla Sarr em Arkadiusz Milik!');
INSERT INTO lance (id_partida, id_pessoa, time_stamp, tipo_lance, descricao) VALUES(16, 522, '0:42:23', 'SOFREU FALTA', 'Arkadiusz Milik sofre falta de Ismaïla Sarr!');
INSERT INTO lance (id_partida, id_pessoa, time_stamp, tipo_lance, descricao) VALUES(16, 535, '0:43:32', 'SUBSTITUICAO', 'Sai Moussa Sow!');
INSERT INTO lance (id_partida, id_pessoa, time_stamp, tipo_lance, descricao) VALUES(16, 528, '0:43:32', 'SUBSTITUICAO', 'Entra Saliou Ciss!');
INSERT INTO lance (id_partida, id_pessoa, time_stamp, tipo_lance, descricao) VALUES(16, 514, '0:44:29', 'FALTA', 'Falta de Jakub Blaszczykowski em Cheikhou Kouyaté!');
INSERT INTO lance (id_partida, id_pessoa, time_stamp, tipo_lance, descricao) VALUES(16, 531, '0:44:29', 'SOFREU FALTA', 'Cheikhou Kouyaté sofre falta de Jakub Blaszczykowski!');
INSERT INTO lance (id_partida, id_pessoa, time_stamp, tipo_lance, descricao) VALUES(16, 534, '0:44:32', 'DEFESA', 'Defesa de Michal Pazdan!');
INSERT INTO lance (id_partida, id_pessoa, time_stamp, tipo_lance, descricao) VALUES(16, 533, '0:44:38', 'FALTA', 'Falta de Papa Alioune N’Diaye em Jakub Blaszczykowski!');
INSERT INTO lance (id_partida, id_pessoa, time_stamp, tipo_lance, descricao) VALUES(16, 514, '0:44:38', 'SOFREU FALTA', 'Jakub Blaszczykowski sofre falta de Papa Alioune N’Diaye!');
INSERT INTO lance (id_partida, id_pessoa, time_stamp, tipo_lance, descricao) VALUES(16, 517, '0:46:59', 'FALTA', 'Falta de Krzysztof Maczynski em Saliou Ciss!');
INSERT INTO lance (id_partida, id_pessoa, time_stamp, tipo_lance, descricao) VALUES(16, 528, '0:46:59', 'SOFREU FALTA', 'Saliou Ciss sofre falta de Krzysztof Maczynski!');
INSERT INTO lance (id_partida, id_pessoa, time_stamp, tipo_lance, descricao) VALUES(16, 531, '0:47:48', 'FALTA', 'Falta de Cheikhou Kouyaté em Lukasz Teodorczyk!');
INSERT INTO lance (id_partida, id_pessoa, time_stamp, tipo_lance, descricao) VALUES(16, 521, '0:47:48', 'SOFREU FALTA', 'Lukasz Teodorczyk sofre falta de Cheikhou Kouyaté!');
INSERT INTO lance (id_partida, id_pessoa, time_stamp, tipo_lance, descricao) VALUES(16, 519, '0:48:44', 'FALTA', 'Falta de Karol Linetty em Cheikhou Kouyaté!');
INSERT INTO lance (id_partida, id_pessoa, time_stamp, tipo_lance, descricao) VALUES(16, 531, '0:48:44', 'SOFREU FALTA', 'Cheikhou Kouyaté sofre falta de Karol Linetty!');
INSERT INTO lance (id_partida, id_pessoa, time_stamp, tipo_lance, descricao) VALUES(16, 515, '0:48:55', 'FALTA', 'Falta de Kamil Grosicki em Keita Baldé!');
INSERT INTO lance (id_partida, id_pessoa, time_stamp, tipo_lance, descricao) VALUES(16, 537, '0:48:55', 'SOFREU FALTA', 'Keita Baldé sofre falta de Kamil Grosicki!');
INSERT INTO lance (id_partida, id_pessoa, time_stamp, tipo_lance, descricao) VALUES(16, 517, '0:50:17', 'SUBSTITUICAO', 'Sai Krzysztof Maczynski!');
INSERT INTO lance (id_partida, id_pessoa, time_stamp, tipo_lance, descricao) VALUES(16, 507, '0:50:17', 'SUBSTITUICAO', 'Entra Lukasz Piszczek!');
INSERT INTO lance (id_partida, id_pessoa, time_stamp, tipo_lance, descricao) VALUES(16, 513, '0:51:16', 'FALTA', 'Falta de Maciej Rybus em Idrissa Gueye!');
INSERT INTO lance (id_partida, id_pessoa, time_stamp, tipo_lance, descricao) VALUES(16, 530, '0:51:16', 'SOFREU FALTA', 'Idrissa Gueye sofre falta de Maciej Rybus!');
INSERT INTO lance (id_partida, id_pessoa, time_stamp, tipo_lance, descricao) VALUES(16, 512, '0:51:20', 'FALTA', 'Falta de Artur Jedrzejczyk em Mame Diouf!');
INSERT INTO lance (id_partida, id_pessoa, time_stamp, tipo_lance, descricao) VALUES(16, 540, '0:51:20', 'SOFREU FALTA', 'Mame Diouf sofre falta de Artur Jedrzejczyk!');
INSERT INTO lance (id_partida, id_pessoa, time_stamp, tipo_lance, descricao) VALUES(16, 512, '0:51:20', 'CARTAO AMARELO', 'Artur Jedrzejczyk ganhou um cartão amarelo!');
INSERT INTO lance (id_partida, id_pessoa, time_stamp, tipo_lance, descricao) VALUES(16, 536, '0:52:17', 'DEFESA', 'Defesa de Michal Pazdan!');
INSERT INTO lance (id_partida, id_pessoa, time_stamp, tipo_lance, descricao) VALUES(16, 512, '0:54:19', 'GOL', 'Gol de Artur Jedrzejczyk!');
INSERT INTO lance (id_partida, id_pessoa, time_stamp, tipo_lance, descricao) VALUES(16, 520, '0:56:22', 'GOL', 'Gol de Robert Lewandowski!');
INSERT INTO lance (id_partida, id_pessoa, time_stamp, tipo_lance, descricao) VALUES(16, 532, '0:56:41', 'FALTA', 'Falta de Cheikh Ndoye em Bartosz Bereszynski!');
INSERT INTO lance (id_partida, id_pessoa, time_stamp, tipo_lance, descricao) VALUES(16, 511, '0:56:41', 'SOFREU FALTA', 'Bartosz Bereszynski sofre falta de Cheikh Ndoye!');
INSERT INTO lance (id_partida, id_pessoa, time_stamp, tipo_lance, descricao) VALUES(16, 538, '0:57:28', 'FALTA', 'Falta de M’Baye Niang em Bartosz Bereszynski!');
INSERT INTO lance (id_partida, id_pessoa, time_stamp, tipo_lance, descricao) VALUES(16, 511, '0:57:28', 'SOFREU FALTA', 'Bartosz Bereszynski sofre falta de M’Baye Niang!');
INSERT INTO lance (id_partida, id_pessoa, time_stamp, tipo_lance, descricao) VALUES(16, 537, '0:58:46', 'FALTA', 'Falta de Keita Baldé em Kamil Grosicki!');
INSERT INTO lance (id_partida, id_pessoa, time_stamp, tipo_lance, descricao) VALUES(16, 515, '0:58:46', 'SOFREU FALTA', 'Kamil Grosicki sofre falta de Keita Baldé!');
INSERT INTO lance (id_partida, id_pessoa, time_stamp, tipo_lance, descricao) VALUES(16, 519, '1:2:32', 'SUBSTITUICAO', 'Sai Karol Linetty!');
INSERT INTO lance (id_partida, id_pessoa, time_stamp, tipo_lance, descricao) VALUES(16, 505, '1:2:32', 'SUBSTITUICAO', 'Entra Lukasz Fabianski!');
INSERT INTO lance (id_partida, id_pessoa, time_stamp, tipo_lance, descricao) VALUES(16, 536, '1:2:57', 'FALTA', 'Falta de Moussa Konaté em Piotr Zielinski!');
INSERT INTO lance (id_partida, id_pessoa, time_stamp, tipo_lance, descricao) VALUES(16, 518, '1:2:57', 'SOFREU FALTA', 'Piotr Zielinski sofre falta de Moussa Konaté!');
INSERT INTO lance (id_partida, id_pessoa, time_stamp, tipo_lance, descricao) VALUES(16, 534, '1:4:13', 'FALTA', 'Falta de Sadio Mané em Piotr Zielinski!');
INSERT INTO lance (id_partida, id_pessoa, time_stamp, tipo_lance, descricao) VALUES(16, 518, '1:4:13', 'SOFREU FALTA', 'Piotr Zielinski sofre falta de Sadio Mané!');
INSERT INTO lance (id_partida, id_pessoa, time_stamp, tipo_lance, descricao) VALUES(16, 513, '1:4:34', 'DEFESA', 'Defesa de Michal Pazdan!');
INSERT INTO lance (id_partida, id_pessoa, time_stamp, tipo_lance, descricao) VALUES(16, 536, '1:4:58', 'ASSISTENCIA', 'Assistencia de Cheikh Ndoye!');
INSERT INTO lance (id_partida, id_pessoa, time_stamp, tipo_lance, descricao) VALUES(16, 536, '1:4:58', 'GOL', 'Gol de Moussa Konaté!');
INSERT INTO lance (id_partida, id_pessoa, time_stamp, tipo_lance, descricao) VALUES(16, 532, '1:5:3', 'FALTA', 'Falta de Cheikh Ndoye em Kamil Grosicki!');
INSERT INTO lance (id_partida, id_pessoa, time_stamp, tipo_lance, descricao) VALUES(16, 515, '1:5:3', 'SOFREU FALTA', 'Kamil Grosicki sofre falta de Cheikh Ndoye!');
INSERT INTO lance (id_partida, id_pessoa, time_stamp, tipo_lance, descricao) VALUES(16, 511, '1:6:46', 'ASSISTENCIA', 'Assistencia de Robert Lewandowski!');
INSERT INTO lance (id_partida, id_pessoa, time_stamp, tipo_lance, descricao) VALUES(16, 511, '1:6:46', 'GOL', 'Gol de Bartosz Bereszynski!');
INSERT INTO lance (id_partida, id_pessoa, time_stamp, tipo_lance, descricao) VALUES(16, 528, '1:7:34', 'DEFESA', 'Defesa de Michal Pazdan!');
INSERT INTO lance (id_partida, id_pessoa, time_stamp, tipo_lance, descricao) VALUES(16, 507, '1:7:46', 'FALTA', 'Falta de Lukasz Piszczek em Saliou Ciss!');
INSERT INTO lance (id_partida, id_pessoa, time_stamp, tipo_lance, descricao) VALUES(16, 528, '1:7:46', 'SOFREU FALTA', 'Saliou Ciss sofre falta de Lukasz Piszczek!');
INSERT INTO lance (id_partida, id_pessoa, time_stamp, tipo_lance, descricao) VALUES(16, 514, '1:7:49', 'GOL', 'Gol de Jakub Blaszczykowski!');
INSERT INTO lance (id_partida, id_pessoa, time_stamp, tipo_lance, descricao) VALUES(16, 520, '1:10:46', 'FALTA', 'Falta de Robert Lewandowski em Papa Alioune N’Diaye!');
INSERT INTO lance (id_partida, id_pessoa, time_stamp, tipo_lance, descricao) VALUES(16, 533, '1:10:46', 'SOFREU FALTA', 'Papa Alioune N’Diaye sofre falta de Robert Lewandowski!');
INSERT INTO lance (id_partida, id_pessoa, time_stamp, tipo_lance, descricao) VALUES(16, 513, '1:11:6', 'FALTA', 'Falta de Maciej Rybus em Idrissa Gueye!');
INSERT INTO lance (id_partida, id_pessoa, time_stamp, tipo_lance, descricao) VALUES(16, 530, '1:11:6', 'SOFREU FALTA', 'Idrissa Gueye sofre falta de Maciej Rybus!');
INSERT INTO lance (id_partida, id_pessoa, time_stamp, tipo_lance, descricao) VALUES(16, 540, '1:12:13', 'ASSISTENCIA', 'Assistencia de Ismaïla Sarr!');
INSERT INTO lance (id_partida, id_pessoa, time_stamp, tipo_lance, descricao) VALUES(16, 540, '1:12:13', 'GOL', 'Gol de Mame Diouf!');
INSERT INTO lance (id_partida, id_pessoa, time_stamp, tipo_lance, descricao) VALUES(16, 521, '1:16:15', 'FALTA', 'Falta de Lukasz Teodorczyk em Idrissa Gueye!');
INSERT INTO lance (id_partida, id_pessoa, time_stamp, tipo_lance, descricao) VALUES(16, 530, '1:16:15', 'SOFREU FALTA', 'Idrissa Gueye sofre falta de Lukasz Teodorczyk!');
INSERT INTO lance (id_partida, id_pessoa, time_stamp, tipo_lance, descricao) VALUES(16, 522, '1:16:49', 'ASSISTENCIA', 'Assistencia de Maciej Rybus!');
INSERT INTO lance (id_partida, id_pessoa, time_stamp, tipo_lance, descricao) VALUES(16, 522, '1:16:49', 'GOL', 'Gol de Arkadiusz Milik!');
INSERT INTO lance (id_partida, id_pessoa, time_stamp, tipo_lance, descricao) VALUES(16, 515, '1:19:54', 'DEFESA', 'Defesa de Michal Pazdan!');
INSERT INTO lance (id_partida, id_pessoa, time_stamp, tipo_lance, descricao) VALUES(16, 505, '1:22:10', 'SUBSTITUICAO', 'Sai Lukasz Fabianski!');
INSERT INTO lance (id_partida, id_pessoa, time_stamp, tipo_lance, descricao) VALUES(16, 508, '1:22:10', 'SUBSTITUICAO', 'Entra Kamil Glik!');
INSERT INTO lance (id_partida, id_pessoa, time_stamp, tipo_lance, descricao) VALUES(16, 534, '1:24:12', 'GOL', 'Gol de Sadio Mané!');
INSERT INTO apita (id_partida, id_pessoa) VALUES(17, 667);
INSERT INTO apita (id_partida, id_pessoa) VALUES(17, 619);
INSERT INTO apita (id_partida, id_pessoa) VALUES(17, 633);
INSERT INTO deslocamento (codigo_pais, id_partida, itinerario, descricao_da_escolta) VALUES('EGY', 17, 'QD4A5VAP3ZBB6QFLIJCDAODS0JW8L2RM3IEQQ55WNZE97PYT33JMLZQC9MJW8BDAIZHXMY5MOPZKJEULVCFSSEAE2CQEWIXLWD0HHAHE87869G2518A66VSDYC5KH10F1OYFNNEU5ATVGE', 'WKVNYH1OAVXTEF76HG2EURWSO3QA5B67T7J9WNC7A9XT039O8DLPNAUEXD9410T9ZZ9H67K3D5DV4C');
INSERT INTO deslocamento (codigo_pais, id_partida, itinerario, descricao_da_escolta) VALUES('RUS', 17, 'U4BC1ZRTTNELSOIGKQY4A31SA3SLS69KVLO9ZX1JIGQ41V1O4Z3EFH00CTB8HFAWO40HAJQWZPW4M70PCDQ3D4FNUX6FV2BCF4P75UOVIHP0V6OE3W6EZHTTZMWMMLA6NTYSR2URY5V5OO2YJ1M967N8L6IT8CI7GSMCI6WACOP4WXEKT8CV8A9QF0GVUBTWWXZ6CZ', 'NEM7SSTLY189A9X8FT56RZBQA42H87IH4SYQWDR8VPS4VCTW8YTMH27YD56XZMM0S0ESLGMCB7LCHG48LGIJN5ABUAM0G3JJC1M57BL1MRLKR5Q7B7MSDDMW0D7K4W5IXBAQ39');
INSERT INTO lance (id_partida, id_pessoa, time_stamp, tipo_lance, descricao) VALUES(17, 667, '0:45:0', 'FIM DO PRIMEIRO TEMPO', 'Juiz Demicco apita o fim do primeiro tempo!');
INSERT INTO lance (id_partida, id_pessoa, time_stamp, tipo_lance, descricao) VALUES(17, 667, '1:30:0', 'FIM DO JOGO', 'Juiz Demicco apita o fim do jogo!');
INSERT INTO lance (id_partida, id_pessoa, time_stamp, tipo_lance, descricao) VALUES(17, 9, '0:1:16', 'FALTA', 'Falta de Denis Glushakov em Mohamed Abdel Shaly!');
INSERT INTO lance (id_partida, id_pessoa, time_stamp, tipo_lance, descricao) VALUES(17, 44, '0:1:16', 'SOFREU FALTA', 'Mohamed Abdel Shaly sofre falta de Denis Glushakov!');
INSERT INTO lance (id_partida, id_pessoa, time_stamp, tipo_lance, descricao) VALUES(17, 49, '0:5:31', 'DEFESA', 'Defesa de Ramy Rabia!');
INSERT INTO lance (id_partida, id_pessoa, time_stamp, tipo_lance, descricao) VALUES(17, 13, '0:5:46', 'FALTA', 'Falta de Alan Dzagoev em Tarek Hamed!');
INSERT INTO lance (id_partida, id_pessoa, time_stamp, tipo_lance, descricao) VALUES(17, 46, '0:5:46', 'SOFREU FALTA', 'Tarek Hamed sofre falta de Alan Dzagoev!');
INSERT INTO lance (id_partida, id_pessoa, time_stamp, tipo_lance, descricao) VALUES(17, 9, '0:6:5', 'FALTA', 'Falta de Denis Glushakov em Mohamed Elneny!');
INSERT INTO lance (id_partida, id_pessoa, time_stamp, tipo_lance, descricao) VALUES(17, 48, '0:6:5', 'SOFREU FALTA', 'Mohamed Elneny sofre falta de Denis Glushakov!');
INSERT INTO lance (id_partida, id_pessoa, time_stamp, tipo_lance, descricao) VALUES(17, 52, '0:6:15', 'FALTA', 'Falta de Ahmed Hassan em Aleksei Miranchuk!');
INSERT INTO lance (id_partida, id_pessoa, time_stamp, tipo_lance, descricao) VALUES(17, 8, '0:6:15', 'SOFREU FALTA', 'Aleksei Miranchuk sofre falta de Ahmed Hassan!');
INSERT INTO lance (id_partida, id_pessoa, time_stamp, tipo_lance, descricao) VALUES(17, 12, '0:6:50', 'FALTA', 'Falta de Aleksandr Erokhin em Mohamed Elneny!');
INSERT INTO lance (id_partida, id_pessoa, time_stamp, tipo_lance, descricao) VALUES(17, 48, '0:6:50', 'SOFREU FALTA', 'Mohamed Elneny sofre falta de Aleksandr Erokhin!');
INSERT INTO lance (id_partida, id_pessoa, time_stamp, tipo_lance, descricao) VALUES(17, 44, '0:7:16', 'GOL', 'Gol de Mohamed Abdel Shaly!');
INSERT INTO lance (id_partida, id_pessoa, time_stamp, tipo_lance, descricao) VALUES(17, 18, '0:7:57', 'SUBSTITUICAO', 'Sai Aleksandr Kokorin!');
INSERT INTO lance (id_partida, id_pessoa, time_stamp, tipo_lance, descricao) VALUES(17, 6, '0:7:57', 'SUBSTITUICAO', 'Entra Ilya Kutepov!');
INSERT INTO lance (id_partida, id_pessoa, time_stamp, tipo_lance, descricao) VALUES(17, 8, '0:8:43', 'DEFESA', 'Defesa de Ramy Rabia!');
INSERT INTO lance (id_partida, id_pessoa, time_stamp, tipo_lance, descricao) VALUES(17, 16, '0:10:28', 'GOL', 'Gol de Dmitry Poloz!');
INSERT INTO lance (id_partida, id_pessoa, time_stamp, tipo_lance, descricao) VALUES(17, 6, '0:12:45', 'SUBSTITUICAO', 'Sai Ilya Kutepov!');
INSERT INTO lance (id_partida, id_pessoa, time_stamp, tipo_lance, descricao) VALUES(17, 7, '0:12:45', 'SUBSTITUICAO', 'Entra Dmitri Kombarov!');
INSERT INTO lance (id_partida, id_pessoa, time_stamp, tipo_lance, descricao) VALUES(17, 7, '0:14:10', 'GOL', 'Gol de Dmitri Kombarov!');
INSERT INTO lance (id_partida, id_pessoa, time_stamp, tipo_lance, descricao) VALUES(17, 16, '0:15:39', 'FALTA', 'Falta de Dmitry Poloz em Abdallah El Said!');
INSERT INTO lance (id_partida, id_pessoa, time_stamp, tipo_lance, descricao) VALUES(17, 50, '0:15:39', 'SOFREU FALTA', 'Abdallah El Said sofre falta de Dmitry Poloz!');
INSERT INTO lance (id_partida, id_pessoa, time_stamp, tipo_lance, descricao) VALUES(17, 11, '0:17:28', 'SUBSTITUICAO', 'Sai Yuri Zhirkov!');
INSERT INTO lance (id_partida, id_pessoa, time_stamp, tipo_lance, descricao) VALUES(17, 18, '0:17:28', 'SUBSTITUICAO', 'Entra Aleksandr Kokorin!');
INSERT INTO lance (id_partida, id_pessoa, time_stamp, tipo_lance, descricao) VALUES(17, 17, '0:21:33', 'FALTA', 'Falta de Fedor Smolov em Mohamed Abdel Shaly!');
INSERT INTO lance (id_partida, id_pessoa, time_stamp, tipo_lance, descricao) VALUES(17, 44, '0:21:33', 'SOFREU FALTA', 'Mohamed Abdel Shaly sofre falta de Fedor Smolov!');
INSERT INTO lance (id_partida, id_pessoa, time_stamp, tipo_lance, descricao) VALUES(17, 49, '0:22:36', 'FALTA', 'Falta de Trezeguet em Alan Dzagoev!');
INSERT INTO lance (id_partida, id_pessoa, time_stamp, tipo_lance, descricao) VALUES(17, 13, '0:22:36', 'SOFREU FALTA', 'Alan Dzagoev sofre falta de Trezeguet!');
INSERT INTO lance (id_partida, id_pessoa, time_stamp, tipo_lance, descricao) VALUES(17, 44, '0:24:53', 'FALTA', 'Falta de Mohamed Abdel Shaly em Denis Glushakov!');
INSERT INTO lance (id_partida, id_pessoa, time_stamp, tipo_lance, descricao) VALUES(17, 9, '0:24:53', 'SOFREU FALTA', 'Denis Glushakov sofre falta de Mohamed Abdel Shaly!');
INSERT INTO lance (id_partida, id_pessoa, time_stamp, tipo_lance, descricao) VALUES(17, 53, '0:25:12', 'FALTA', 'Falta de Mohamed Salah em Aleksei Miranchuk!');
INSERT INTO lance (id_partida, id_pessoa, time_stamp, tipo_lance, descricao) VALUES(17, 8, '0:25:12', 'SOFREU FALTA', 'Aleksei Miranchuk sofre falta de Mohamed Salah!');
INSERT INTO lance (id_partida, id_pessoa, time_stamp, tipo_lance, descricao) VALUES(17, 12, '0:25:18', 'FALTA', 'Falta de Aleksandr Erokhin em Abdallah El Said!');
INSERT INTO lance (id_partida, id_pessoa, time_stamp, tipo_lance, descricao) VALUES(17, 50, '0:25:18', 'SOFREU FALTA', 'Abdallah El Said sofre falta de Aleksandr Erokhin!');
INSERT INTO lance (id_partida, id_pessoa, time_stamp, tipo_lance, descricao) VALUES(17, 15, '0:25:42', 'FALTA', 'Falta de Daler Kuzyayev em Abdallah El Said!');
INSERT INTO lance (id_partida, id_pessoa, time_stamp, tipo_lance, descricao) VALUES(17, 50, '0:25:42', 'SOFREU FALTA', 'Abdallah El Said sofre falta de Daler Kuzyayev!');
INSERT INTO lance (id_partida, id_pessoa, time_stamp, tipo_lance, descricao) VALUES(17, 15, '0:28:25', 'FALTA', 'Falta de Daler Kuzyayev em Trezeguet!');
INSERT INTO lance (id_partida, id_pessoa, time_stamp, tipo_lance, descricao) VALUES(17, 49, '0:28:25', 'SOFREU FALTA', 'Trezeguet sofre falta de Daler Kuzyayev!');
INSERT INTO lance (id_partida, id_pessoa, time_stamp, tipo_lance, descricao) VALUES(17, 48, '0:30:38', 'ASSISTENCIA', 'Assistencia de Mohamed Salah!');
INSERT INTO lance (id_partida, id_pessoa, time_stamp, tipo_lance, descricao) VALUES(17, 48, '0:30:38', 'GOL', 'Gol de Mohamed Elneny!');
INSERT INTO lance (id_partida, id_pessoa, time_stamp, tipo_lance, descricao) VALUES(17, 50, '0:32:47', 'FALTA', 'Falta de Abdallah El Said em Dmitry Poloz!');
INSERT INTO lance (id_partida, id_pessoa, time_stamp, tipo_lance, descricao) VALUES(17, 16, '0:32:47', 'SOFREU FALTA', 'Dmitry Poloz sofre falta de Abdallah El Said!');
INSERT INTO lance (id_partida, id_pessoa, time_stamp, tipo_lance, descricao) VALUES(17, 52, '0:33:23', 'GOL', 'Gol de Ahmed Hassan!');
INSERT INTO lance (id_partida, id_pessoa, time_stamp, tipo_lance, descricao) VALUES(17, 45, '0:36:56', 'SUBSTITUICAO', 'Sai Saad El-Din Samir!');
INSERT INTO lance (id_partida, id_pessoa, time_stamp, tipo_lance, descricao) VALUES(17, 41, '0:36:56', 'SUBSTITUICAO', 'Entra Ramy Rabia!');
INSERT INTO lance (id_partida, id_pessoa, time_stamp, tipo_lance, descricao) VALUES(17, 41, '0:36:59', 'FALTA', 'Falta de Ramy Rabia em Aleksandr Kokorin!');
INSERT INTO lance (id_partida, id_pessoa, time_stamp, tipo_lance, descricao) VALUES(17, 18, '0:36:59', 'SOFREU FALTA', 'Aleksandr Kokorin sofre falta de Ramy Rabia!');
INSERT INTO lance (id_partida, id_pessoa, time_stamp, tipo_lance, descricao) VALUES(17, 17, '0:39:43', 'FALTA', 'Falta de Fedor Smolov em Trezeguet!');
INSERT INTO lance (id_partida, id_pessoa, time_stamp, tipo_lance, descricao) VALUES(17, 49, '0:39:43', 'SOFREU FALTA', 'Trezeguet sofre falta de Fedor Smolov!');
INSERT INTO lance (id_partida, id_pessoa, time_stamp, tipo_lance, descricao) VALUES(17, 49, '0:41:3', 'DEFESA', 'Defesa de Ramy Rabia!');
INSERT INTO lance (id_partida, id_pessoa, time_stamp, tipo_lance, descricao) VALUES(17, 44, '0:47:36', 'DEFESA', 'Defesa de Ramy Rabia!');
INSERT INTO lance (id_partida, id_pessoa, time_stamp, tipo_lance, descricao) VALUES(17, 54, '0:52:54', 'DEFESA', 'Defesa de Ramy Rabia!');
INSERT INTO lance (id_partida, id_pessoa, time_stamp, tipo_lance, descricao) VALUES(17, 44, '0:57:19', 'FALTA', 'Falta de Mohamed Abdel Shaly em Dmitry Poloz!');
INSERT INTO lance (id_partida, id_pessoa, time_stamp, tipo_lance, descricao) VALUES(17, 16, '0:57:19', 'SOFREU FALTA', 'Dmitry Poloz sofre falta de Mohamed Abdel Shaly!');
INSERT INTO lance (id_partida, id_pessoa, time_stamp, tipo_lance, descricao) VALUES(17, 48, '0:59:34', 'FALTA', 'Falta de Mohamed Elneny em Aleksandr Kokorin!');
INSERT INTO lance (id_partida, id_pessoa, time_stamp, tipo_lance, descricao) VALUES(17, 18, '0:59:34', 'SOFREU FALTA', 'Aleksandr Kokorin sofre falta de Mohamed Elneny!');
INSERT INTO lance (id_partida, id_pessoa, time_stamp, tipo_lance, descricao) VALUES(17, 46, '1:0:49', 'DEFESA', 'Defesa de Ramy Rabia!');
INSERT INTO lance (id_partida, id_pessoa, time_stamp, tipo_lance, descricao) VALUES(17, 15, '1:1:24', 'FALTA', 'Falta de Daler Kuzyayev em Trezeguet!');
INSERT INTO lance (id_partida, id_pessoa, time_stamp, tipo_lance, descricao) VALUES(17, 49, '1:1:24', 'SOFREU FALTA', 'Trezeguet sofre falta de Daler Kuzyayev!');
INSERT INTO lance (id_partida, id_pessoa, time_stamp, tipo_lance, descricao) VALUES(17, 54, '1:3:55', 'DEFESA', 'Defesa de Ramy Rabia!');
INSERT INTO lance (id_partida, id_pessoa, time_stamp, tipo_lance, descricao) VALUES(17, 17, '1:4:10', 'FALTA', 'Falta de Fedor Smolov em Ramy Rabia!');
INSERT INTO lance (id_partida, id_pessoa, time_stamp, tipo_lance, descricao) VALUES(17, 41, '1:4:10', 'SOFREU FALTA', 'Ramy Rabia sofre falta de Fedor Smolov!');
INSERT INTO lance (id_partida, id_pessoa, time_stamp, tipo_lance, descricao) VALUES(17, 51, '1:6:21', 'FALTA', 'Falta de Ramadan Sobhi em Daler Kuzyayev!');
INSERT INTO lance (id_partida, id_pessoa, time_stamp, tipo_lance, descricao) VALUES(17, 14, '1:6:21', 'SOFREU FALTA', 'Daler Kuzyayev sofre falta de Ramadan Sobhi!');
INSERT INTO lance (id_partida, id_pessoa, time_stamp, tipo_lance, descricao) VALUES(17, 12, '1:7:46', 'FALTA', 'Falta de Aleksandr Erokhin em Mahmoud Kahraba!');
INSERT INTO lance (id_partida, id_pessoa, time_stamp, tipo_lance, descricao) VALUES(17, 47, '1:7:46', 'SOFREU FALTA', 'Mahmoud Kahraba sofre falta de Aleksandr Erokhin!');
INSERT INTO lance (id_partida, id_pessoa, time_stamp, tipo_lance, descricao) VALUES(17, 44, '1:10:4', 'FALTA', 'Falta de Mohamed Abdel Shaly em Aleksandr Golovin!');
INSERT INTO lance (id_partida, id_pessoa, time_stamp, tipo_lance, descricao) VALUES(17, 10, '1:10:4', 'SOFREU FALTA', 'Aleksandr Golovin sofre falta de Mohamed Abdel Shaly!');
INSERT INTO lance (id_partida, id_pessoa, time_stamp, tipo_lance, descricao) VALUES(17, 13, '1:11:45', 'FALTA', 'Falta de Alan Dzagoev em Ramadan Sobhi!');
INSERT INTO lance (id_partida, id_pessoa, time_stamp, tipo_lance, descricao) VALUES(17, 51, '1:11:45', 'SOFREU FALTA', 'Ramadan Sobhi sofre falta de Alan Dzagoev!');
INSERT INTO lance (id_partida, id_pessoa, time_stamp, tipo_lance, descricao) VALUES(17, 50, '1:14:13', 'FALTA', 'Falta de Abdallah El Said em Daler Kuzyayev!');
INSERT INTO lance (id_partida, id_pessoa, time_stamp, tipo_lance, descricao) VALUES(17, 14, '1:14:13', 'SOFREU FALTA', 'Daler Kuzyayev sofre falta de Abdallah El Said!');
INSERT INTO lance (id_partida, id_pessoa, time_stamp, tipo_lance, descricao) VALUES(17, 48, '1:16:51', 'FALTA', 'Falta de Mohamed Elneny em Dmitri Kombarov!');
INSERT INTO lance (id_partida, id_pessoa, time_stamp, tipo_lance, descricao) VALUES(17, 7, '1:16:51', 'SOFREU FALTA', 'Dmitri Kombarov sofre falta de Mohamed Elneny!');
INSERT INTO lance (id_partida, id_pessoa, time_stamp, tipo_lance, descricao) VALUES(17, 13, '1:18:3', 'FALTA', 'Falta de Alan Dzagoev em Ahmed Hassan!');
INSERT INTO lance (id_partida, id_pessoa, time_stamp, tipo_lance, descricao) VALUES(17, 52, '1:18:3', 'SOFREU FALTA', 'Ahmed Hassan sofre falta de Alan Dzagoev!');
INSERT INTO lance (id_partida, id_pessoa, time_stamp, tipo_lance, descricao) VALUES(17, 52, '1:18:20', 'FALTA', 'Falta de Ahmed Hassan em Aleksandr Golovin!');
INSERT INTO lance (id_partida, id_pessoa, time_stamp, tipo_lance, descricao) VALUES(17, 10, '1:18:20', 'SOFREU FALTA', 'Aleksandr Golovin sofre falta de Ahmed Hassan!');
INSERT INTO lance (id_partida, id_pessoa, time_stamp, tipo_lance, descricao) VALUES(17, 52, '1:18:20', 'CARTAO AMARELO', 'Ahmed Hassan ganhou um cartão amarelo!');
INSERT INTO lance (id_partida, id_pessoa, time_stamp, tipo_lance, descricao) VALUES(17, 50, '1:18:55', 'FALTA', 'Falta de Abdallah El Said em Daler Kuzyayev!');
INSERT INTO lance (id_partida, id_pessoa, time_stamp, tipo_lance, descricao) VALUES(17, 14, '1:18:55', 'SOFREU FALTA', 'Daler Kuzyayev sofre falta de Abdallah El Said!');
INSERT INTO lance (id_partida, id_pessoa, time_stamp, tipo_lance, descricao) VALUES(17, 12, '1:19:28', 'DEFESA', 'Defesa de Ramy Rabia!');
INSERT INTO lance (id_partida, id_pessoa, time_stamp, tipo_lance, descricao) VALUES(17, 18, '1:24:17', 'SUBSTITUICAO', 'Sai Aleksandr Kokorin!');
INSERT INTO lance (id_partida, id_pessoa, time_stamp, tipo_lance, descricao) VALUES(17, 1, '1:24:17', 'SUBSTITUICAO', 'Entra Igor Akinfeev!');
INSERT INTO lance (id_partida, id_pessoa, time_stamp, tipo_lance, descricao) VALUES(17, 7, '1:27:31', 'FALTA', 'Falta de Dmitri Kombarov em Ramy Rabia!');
INSERT INTO lance (id_partida, id_pessoa, time_stamp, tipo_lance, descricao) VALUES(17, 41, '1:27:31', 'SOFREU FALTA', 'Ramy Rabia sofre falta de Dmitri Kombarov!');
INSERT INTO lance (id_partida, id_pessoa, time_stamp, tipo_lance, descricao) VALUES(17, 46, '1:27:58', 'DEFESA', 'Defesa de Ramy Rabia!');
INSERT INTO lance (id_partida, id_pessoa, time_stamp, tipo_lance, descricao) VALUES(17, 9, '1:28:26', 'DEFESA', 'Defesa de Ramy Rabia!');
INSERT INTO apita (id_partida, id_pessoa) VALUES(18, 677);
INSERT INTO apita (id_partida, id_pessoa) VALUES(18, 663);
INSERT INTO apita (id_partida, id_pessoa) VALUES(18, 628);
INSERT INTO deslocamento (codigo_pais, id_partida, itinerario, descricao_da_escolta) VALUES('MAR', 18, '05WAH3KHEG3FJP56U6M49QIDX1PNUN61DUR64DGM7OQPWUYWLPLTPB6KWTMQO6W0KBCY78BR097UA3QDC2BFBNMCYHJL0Z7A1ZFURAZMN32PDLJ3CIOV4RZ6ZA90Z00BC73LX5VCDZ2HU78N7QIRLMFKAJ5RA9XXD1NGS8FGWMRFYRL1BW2IRI0Z1SKO9DBECFE3U258KB4959VT7DQOGOF4BXO', 'Y1HSKMDTMSHI138PO14161R6XW8Y9K16O5KS4LYS6BHO6HXMPZQK3WC6KK5YOPUB1K45TPVCCL54UCAP8VIJ4QD12NITQ9DRRFXVN139ENHR1IMIKP03GKHKHCDFHBVDHNNOPOCG1IEQJVAUBAJAJKLG8MNKYY2D2EJN4726NTB8F0BWCTEG2U37CGQCB2SDPBYELWZDHNX0IMAIL1IEUVLHKMLYR04UB8SEC6KP4A9P7DYZFI');
INSERT INTO deslocamento (codigo_pais, id_partida, itinerario, descricao_da_escolta) VALUES('POR', 18, 'JTNS30Q39LAWQSCYJ46FPR3KUW5KHXWSIAVBYPYNVCKE3NS74PO4JCK20C8G4GWMYSNQ6BA3FSUNGYQGE8P2I1JGZ2KVRRTOP8PLABA2OUZ0S7VBV2C514D7IH0E1OMX9F7IJFGC8WNXBSY1HI9YPXXV4SC2L6B9IB1MAM2QWA7ERQ5ZT96TOXIMRMO1CN1', 'VNPA1L14PTCOZTENWNJL9SVU3O4Y8BOJI4TDB58HHCD5V3W8IAEZDPDC24HNQD6');
INSERT INTO lance (id_partida, id_pessoa, time_stamp, tipo_lance, descricao) VALUES(18, 677, '0:45:0', 'FIM DO PRIMEIRO TEMPO', 'Juiz Batchelder apita o fim do primeiro tempo!');
INSERT INTO lance (id_partida, id_pessoa, time_stamp, tipo_lance, descricao) VALUES(18, 677, '1:30:0', 'FIM DO JOGO', 'Juiz Batchelder apita o fim do jogo!');
INSERT INTO lance (id_partida, id_pessoa, time_stamp, tipo_lance, descricao) VALUES(18, 118, '0:1:43', 'FALTA', 'Falta de Younès Belhanda em Ricardo Quaresma!');
INSERT INTO lance (id_partida, id_pessoa, time_stamp, tipo_lance, descricao) VALUES(18, 85, '0:1:43', 'SOFREU FALTA', 'Ricardo Quaresma sofre falta de Younès Belhanda!');
INSERT INTO lance (id_partida, id_pessoa, time_stamp, tipo_lance, descricao) VALUES(18, 88, '0:4:7', 'FALTA', 'Falta de Gelson Martins em Nordin Amrabat!');
INSERT INTO lance (id_partida, id_pessoa, time_stamp, tipo_lance, descricao) VALUES(18, 119, '0:4:7', 'SOFREU FALTA', 'Nordin Amrabat sofre falta de Gelson Martins!');
INSERT INTO lance (id_partida, id_pessoa, time_stamp, tipo_lance, descricao) VALUES(18, 88, '0:4:15', 'FALTA', 'Falta de Gelson Martins em Hakim Ziyech!');
INSERT INTO lance (id_partida, id_pessoa, time_stamp, tipo_lance, descricao) VALUES(18, 121, '0:4:15', 'SOFREU FALTA', 'Hakim Ziyech sofre falta de Gelson Martins!');
INSERT INTO lance (id_partida, id_pessoa, time_stamp, tipo_lance, descricao) VALUES(18, 89, '0:5:22', 'FALTA', 'Falta de Cristiano Ronaldo em Rachid Alioui!');
INSERT INTO lance (id_partida, id_pessoa, time_stamp, tipo_lance, descricao) VALUES(18, 124, '0:5:22', 'SOFREU FALTA', 'Rachid Alioui sofre falta de Cristiano Ronaldo!');
INSERT INTO lance (id_partida, id_pessoa, time_stamp, tipo_lance, descricao) VALUES(18, 83, '0:6:52', 'FALTA', 'Falta de William Carvalho em Youssef Aït Bennasser!');
INSERT INTO lance (id_partida, id_pessoa, time_stamp, tipo_lance, descricao) VALUES(18, 122, '0:6:52', 'SOFREU FALTA', 'Youssef Aït Bennasser sofre falta de William Carvalho!');
INSERT INTO lance (id_partida, id_pessoa, time_stamp, tipo_lance, descricao) VALUES(18, 126, '0:8:52', 'FALTA', 'Falta de Youssef En-Nesyri em Cristiano Ronaldo!');
INSERT INTO lance (id_partida, id_pessoa, time_stamp, tipo_lance, descricao) VALUES(18, 89, '0:8:52', 'SOFREU FALTA', 'Cristiano Ronaldo sofre falta de Youssef En-Nesyri!');
INSERT INTO lance (id_partida, id_pessoa, time_stamp, tipo_lance, descricao) VALUES(18, 87, '0:9:5', 'FALTA', 'Falta de André Silva em Youssef Aït Bennasser!');
INSERT INTO lance (id_partida, id_pessoa, time_stamp, tipo_lance, descricao) VALUES(18, 122, '0:9:5', 'SOFREU FALTA', 'Youssef Aït Bennasser sofre falta de André Silva!');
INSERT INTO lance (id_partida, id_pessoa, time_stamp, tipo_lance, descricao) VALUES(18, 116, '0:9:16', 'FALTA', 'Falta de Mbark Boussoufa em Nani!');
INSERT INTO lance (id_partida, id_pessoa, time_stamp, tipo_lance, descricao) VALUES(18, 90, '0:9:16', 'SOFREU FALTA', 'Nani sofre falta de Mbark Boussoufa!');
INSERT INTO lance (id_partida, id_pessoa, time_stamp, tipo_lance, descricao) VALUES(18, 89, '0:11:32', 'FALTA', 'Falta de Cristiano Ronaldo em Aziz Bouhaddouz!');
INSERT INTO lance (id_partida, id_pessoa, time_stamp, tipo_lance, descricao) VALUES(18, 125, '0:11:32', 'SOFREU FALTA', 'Aziz Bouhaddouz sofre falta de Cristiano Ronaldo!');
INSERT INTO lance (id_partida, id_pessoa, time_stamp, tipo_lance, descricao) VALUES(18, 121, '0:11:33', 'FALTA', 'Falta de Hakim Ziyech em William Carvalho!');
INSERT INTO lance (id_partida, id_pessoa, time_stamp, tipo_lance, descricao) VALUES(18, 83, '0:11:33', 'SOFREU FALTA', 'William Carvalho sofre falta de Hakim Ziyech!');
INSERT INTO lance (id_partida, id_pessoa, time_stamp, tipo_lance, descricao) VALUES(18, 83, '0:13:3', 'FALTA', 'Falta de William Carvalho em Karim El Ahmadi!');
INSERT INTO lance (id_partida, id_pessoa, time_stamp, tipo_lance, descricao) VALUES(18, 117, '0:13:3', 'SOFREU FALTA', 'Karim El Ahmadi sofre falta de William Carvalho!');
INSERT INTO lance (id_partida, id_pessoa, time_stamp, tipo_lance, descricao) VALUES(18, 126, '0:13:27', 'SUBSTITUICAO', 'Sai Youssef En-Nesyri!');
INSERT INTO lance (id_partida, id_pessoa, time_stamp, tipo_lance, descricao) VALUES(18, 115, '0:13:27', 'SUBSTITUICAO', 'Entra Achraf Hakimi!');
INSERT INTO lance (id_partida, id_pessoa, time_stamp, tipo_lance, descricao) VALUES(18, 90, '0:14:11', 'FALTA', 'Falta de Nani em Rachid Alioui!');
INSERT INTO lance (id_partida, id_pessoa, time_stamp, tipo_lance, descricao) VALUES(18, 124, '0:14:11', 'SOFREU FALTA', 'Rachid Alioui sofre falta de Nani!');
INSERT INTO lance (id_partida, id_pessoa, time_stamp, tipo_lance, descricao) VALUES(18, 123, '0:14:16', 'GOL', 'Gol de Khalid Boutaib!');
INSERT INTO lance (id_partida, id_pessoa, time_stamp, tipo_lance, descricao) VALUES(18, 82, '0:14:18', 'FALTA', 'Falta de Danilo Pereira em Nordin Amrabat!');
INSERT INTO lance (id_partida, id_pessoa, time_stamp, tipo_lance, descricao) VALUES(18, 119, '0:14:18', 'SOFREU FALTA', 'Nordin Amrabat sofre falta de Danilo Pereira!');
INSERT INTO lance (id_partida, id_pessoa, time_stamp, tipo_lance, descricao) VALUES(18, 86, '0:16:15', 'FALTA', 'Falta de Bernardo Silva em Karim El Ahmadi!');
INSERT INTO lance (id_partida, id_pessoa, time_stamp, tipo_lance, descricao) VALUES(18, 117, '0:16:15', 'SOFREU FALTA', 'Karim El Ahmadi sofre falta de Bernardo Silva!');
INSERT INTO lance (id_partida, id_pessoa, time_stamp, tipo_lance, descricao) VALUES(18, 88, '0:16:43', 'SUBSTITUICAO', 'Sai Gelson Martins!');
INSERT INTO lance (id_partida, id_pessoa, time_stamp, tipo_lance, descricao) VALUES(18, 74, '0:16:43', 'SUBSTITUICAO', 'Entra Bruno Alves!');
INSERT INTO lance (id_partida, id_pessoa, time_stamp, tipo_lance, descricao) VALUES(18, 117, '0:17:39', 'DEFESA', 'Defesa de Fouad Chafik!');
INSERT INTO lance (id_partida, id_pessoa, time_stamp, tipo_lance, descricao) VALUES(18, 89, '0:18:54', 'DEFESA', 'Defesa de Fouad Chafik!');
INSERT INTO lance (id_partida, id_pessoa, time_stamp, tipo_lance, descricao) VALUES(18, 125, '0:19:32', 'FALTA', 'Falta de Aziz Bouhaddouz em João Mário!');
INSERT INTO lance (id_partida, id_pessoa, time_stamp, tipo_lance, descricao) VALUES(18, 81, '0:19:32', 'SOFREU FALTA', 'João Mário sofre falta de Aziz Bouhaddouz!');
INSERT INTO lance (id_partida, id_pessoa, time_stamp, tipo_lance, descricao) VALUES(18, 85, '0:20:38', 'DEFESA', 'Defesa de Fouad Chafik!');
INSERT INTO lance (id_partida, id_pessoa, time_stamp, tipo_lance, descricao) VALUES(18, 125, '0:22:14', 'SUBSTITUICAO', 'Sai Aziz Bouhaddouz!');
INSERT INTO lance (id_partida, id_pessoa, time_stamp, tipo_lance, descricao) VALUES(18, 114, '0:22:14', 'SUBSTITUICAO', 'Entra Hamza Mendyl!');
INSERT INTO lance (id_partida, id_pessoa, time_stamp, tipo_lance, descricao) VALUES(18, 86, '0:26:25', 'FALTA', 'Falta de Bernardo Silva em Fayçal Fajr!');
INSERT INTO lance (id_partida, id_pessoa, time_stamp, tipo_lance, descricao) VALUES(18, 120, '0:26:25', 'SOFREU FALTA', 'Fayçal Fajr sofre falta de Bernardo Silva!');
INSERT INTO lance (id_partida, id_pessoa, time_stamp, tipo_lance, descricao) VALUES(18, 118, '0:28:13', 'FALTA', 'Falta de Younès Belhanda em Bernardo Silva!');
INSERT INTO lance (id_partida, id_pessoa, time_stamp, tipo_lance, descricao) VALUES(18, 86, '0:28:13', 'SOFREU FALTA', 'Bernardo Silva sofre falta de Younès Belhanda!');
INSERT INTO lance (id_partida, id_pessoa, time_stamp, tipo_lance, descricao) VALUES(18, 84, '0:29:23', 'DEFESA', 'Defesa de Fouad Chafik!');
INSERT INTO lance (id_partida, id_pessoa, time_stamp, tipo_lance, descricao) VALUES(18, 81, '0:29:36', 'DEFESA', 'Defesa de Fouad Chafik!');
INSERT INTO lance (id_partida, id_pessoa, time_stamp, tipo_lance, descricao) VALUES(18, 74, '0:30:50', 'FALTA', 'Falta de Bruno Alves em Khalid Boutaib!');
INSERT INTO lance (id_partida, id_pessoa, time_stamp, tipo_lance, descricao) VALUES(18, 123, '0:30:50', 'SOFREU FALTA', 'Khalid Boutaib sofre falta de Bruno Alves!');
INSERT INTO lance (id_partida, id_pessoa, time_stamp, tipo_lance, descricao) VALUES(18, 116, '0:31:15', 'GOL', 'Gol de Mbark Boussoufa!');
INSERT INTO lance (id_partida, id_pessoa, time_stamp, tipo_lance, descricao) VALUES(18, 82, '0:31:41', 'FALTA', 'Falta de Danilo Pereira em Hakim Ziyech!');
INSERT INTO lance (id_partida, id_pessoa, time_stamp, tipo_lance, descricao) VALUES(18, 121, '0:31:41', 'SOFREU FALTA', 'Hakim Ziyech sofre falta de Danilo Pereira!');
INSERT INTO lance (id_partida, id_pessoa, time_stamp, tipo_lance, descricao) VALUES(18, 119, '0:32:21', 'FALTA', 'Falta de Nordin Amrabat em Cristiano Ronaldo!');
INSERT INTO lance (id_partida, id_pessoa, time_stamp, tipo_lance, descricao) VALUES(18, 89, '0:32:21', 'SOFREU FALTA', 'Cristiano Ronaldo sofre falta de Nordin Amrabat!');
INSERT INTO lance (id_partida, id_pessoa, time_stamp, tipo_lance, descricao) VALUES(18, 123, '0:32:48', 'FALTA', 'Falta de Khalid Boutaib em Bernardo Silva!');
INSERT INTO lance (id_partida, id_pessoa, time_stamp, tipo_lance, descricao) VALUES(18, 86, '0:32:48', 'SOFREU FALTA', 'Bernardo Silva sofre falta de Khalid Boutaib!');
INSERT INTO lance (id_partida, id_pessoa, time_stamp, tipo_lance, descricao) VALUES(18, 117, '0:38:15', 'GOL', 'Gol de Karim El Ahmadi!');
INSERT INTO lance (id_partida, id_pessoa, time_stamp, tipo_lance, descricao) VALUES(18, 124, '0:38:31', 'FALTA', 'Falta de Rachid Alioui em André Silva!');
INSERT INTO lance (id_partida, id_pessoa, time_stamp, tipo_lance, descricao) VALUES(18, 87, '0:38:31', 'SOFREU FALTA', 'André Silva sofre falta de Rachid Alioui!');
INSERT INTO lance (id_partida, id_pessoa, time_stamp, tipo_lance, descricao) VALUES(18, 90, '0:40:11', 'FALTA', 'Falta de Nani em Karim El Ahmadi!');
INSERT INTO lance (id_partida, id_pessoa, time_stamp, tipo_lance, descricao) VALUES(18, 117, '0:40:11', 'SOFREU FALTA', 'Karim El Ahmadi sofre falta de Nani!');
INSERT INTO lance (id_partida, id_pessoa, time_stamp, tipo_lance, descricao) VALUES(18, 121, '0:45:18', 'GOL', 'Gol de Hakim Ziyech!');
INSERT INTO lance (id_partida, id_pessoa, time_stamp, tipo_lance, descricao) VALUES(18, 122, '0:46:7', 'FALTA', 'Falta de Youssef Aït Bennasser em João Moutinho!');
INSERT INTO lance (id_partida, id_pessoa, time_stamp, tipo_lance, descricao) VALUES(18, 80, '0:46:7', 'SOFREU FALTA', 'João Moutinho sofre falta de Youssef Aït Bennasser!');
INSERT INTO lance (id_partida, id_pessoa, time_stamp, tipo_lance, descricao) VALUES(18, 81, '0:49:59', 'FALTA', 'Falta de João Mário em Younès Belhanda!');
INSERT INTO lance (id_partida, id_pessoa, time_stamp, tipo_lance, descricao) VALUES(18, 118, '0:49:59', 'SOFREU FALTA', 'Younès Belhanda sofre falta de João Mário!');
INSERT INTO lance (id_partida, id_pessoa, time_stamp, tipo_lance, descricao) VALUES(18, 82, '0:50:54', 'FALTA', 'Falta de Danilo Pereira em Achraf Hakimi!');
INSERT INTO lance (id_partida, id_pessoa, time_stamp, tipo_lance, descricao) VALUES(18, 115, '0:50:54', 'SOFREU FALTA', 'Achraf Hakimi sofre falta de Danilo Pereira!');
INSERT INTO lance (id_partida, id_pessoa, time_stamp, tipo_lance, descricao) VALUES(18, 119, '0:51:14', 'ASSISTENCIA', 'Assistencia de Karim El Ahmadi!');
INSERT INTO lance (id_partida, id_pessoa, time_stamp, tipo_lance, descricao) VALUES(18, 119, '0:51:14', 'GOL', 'Gol de Nordin Amrabat!');
INSERT INTO lance (id_partida, id_pessoa, time_stamp, tipo_lance, descricao) VALUES(18, 82, '0:52:18', 'DEFESA', 'Defesa de Fouad Chafik!');
INSERT INTO lance (id_partida, id_pessoa, time_stamp, tipo_lance, descricao) VALUES(18, 124, '0:53:17', 'FALTA', 'Falta de Rachid Alioui em Bruno Alves!');
INSERT INTO lance (id_partida, id_pessoa, time_stamp, tipo_lance, descricao) VALUES(18, 74, '0:53:17', 'SOFREU FALTA', 'Bruno Alves sofre falta de Rachid Alioui!');
INSERT INTO lance (id_partida, id_pessoa, time_stamp, tipo_lance, descricao) VALUES(18, 81, '0:53:56', 'DEFESA', 'Defesa de Fouad Chafik!');
INSERT INTO lance (id_partida, id_pessoa, time_stamp, tipo_lance, descricao) VALUES(18, 87, '0:53:57', 'FALTA', 'Falta de André Silva em Hamza Mendyl!');
INSERT INTO lance (id_partida, id_pessoa, time_stamp, tipo_lance, descricao) VALUES(18, 114, '0:53:57', 'SOFREU FALTA', 'Hamza Mendyl sofre falta de André Silva!');
INSERT INTO lance (id_partida, id_pessoa, time_stamp, tipo_lance, descricao) VALUES(18, 74, '0:55:40', 'FALTA', 'Falta de Bruno Alves em Rachid Alioui!');
INSERT INTO lance (id_partida, id_pessoa, time_stamp, tipo_lance, descricao) VALUES(18, 124, '0:55:40', 'SOFREU FALTA', 'Rachid Alioui sofre falta de Bruno Alves!');
INSERT INTO lance (id_partida, id_pessoa, time_stamp, tipo_lance, descricao) VALUES(18, 81, '1:0:33', 'GOL', 'Gol de João Mário!');
INSERT INTO lance (id_partida, id_pessoa, time_stamp, tipo_lance, descricao) VALUES(18, 80, '1:3:25', 'FALTA', 'Falta de João Moutinho em Nordin Amrabat!');
INSERT INTO lance (id_partida, id_pessoa, time_stamp, tipo_lance, descricao) VALUES(18, 119, '1:3:25', 'SOFREU FALTA', 'Nordin Amrabat sofre falta de João Moutinho!');
INSERT INTO lance (id_partida, id_pessoa, time_stamp, tipo_lance, descricao) VALUES(18, 74, '1:5:42', 'DEFESA', 'Defesa de Fouad Chafik!');
INSERT INTO lance (id_partida, id_pessoa, time_stamp, tipo_lance, descricao) VALUES(18, 83, '1:6:22', 'FALTA', 'Falta de William Carvalho em Rachid Alioui!');
INSERT INTO lance (id_partida, id_pessoa, time_stamp, tipo_lance, descricao) VALUES(18, 124, '1:6:22', 'SOFREU FALTA', 'Rachid Alioui sofre falta de William Carvalho!');
INSERT INTO lance (id_partida, id_pessoa, time_stamp, tipo_lance, descricao) VALUES(18, 83, '1:6:22', 'CARTAO AMARELO', 'William Carvalho ganhou um cartão amarelo!');
INSERT INTO lance (id_partida, id_pessoa, time_stamp, tipo_lance, descricao) VALUES(18, 74, '1:9:14', 'FALTA', 'Falta de Bruno Alves em Younès Belhanda!');
INSERT INTO lance (id_partida, id_pessoa, time_stamp, tipo_lance, descricao) VALUES(18, 118, '1:9:14', 'SOFREU FALTA', 'Younès Belhanda sofre falta de Bruno Alves!');
INSERT INTO lance (id_partida, id_pessoa, time_stamp, tipo_lance, descricao) VALUES(18, 118, '1:12:17', 'FALTA', 'Falta de Younès Belhanda em Nani!');
INSERT INTO lance (id_partida, id_pessoa, time_stamp, tipo_lance, descricao) VALUES(18, 90, '1:12:17', 'SOFREU FALTA', 'Nani sofre falta de Younès Belhanda!');
INSERT INTO lance (id_partida, id_pessoa, time_stamp, tipo_lance, descricao) VALUES(18, 116, '1:14:5', 'DEFESA', 'Defesa de Fouad Chafik!');
INSERT INTO lance (id_partida, id_pessoa, time_stamp, tipo_lance, descricao) VALUES(18, 123, '1:15:57', 'FALTA', 'Falta de Khalid Boutaib em Ricardo Quaresma!');
INSERT INTO lance (id_partida, id_pessoa, time_stamp, tipo_lance, descricao) VALUES(18, 85, '1:15:57', 'SOFREU FALTA', 'Ricardo Quaresma sofre falta de Khalid Boutaib!');
INSERT INTO lance (id_partida, id_pessoa, time_stamp, tipo_lance, descricao) VALUES(18, 116, '1:17:8', 'SUBSTITUICAO', 'Sai Mbark Boussoufa!');
INSERT INTO lance (id_partida, id_pessoa, time_stamp, tipo_lance, descricao) VALUES(18, 126, '1:17:8', 'SUBSTITUICAO', 'Entra Youssef En-Nesyri!');
INSERT INTO lance (id_partida, id_pessoa, time_stamp, tipo_lance, descricao) VALUES(18, 114, '1:24:37', 'FALTA', 'Falta de Hamza Mendyl em Bruno Alves!');
INSERT INTO lance (id_partida, id_pessoa, time_stamp, tipo_lance, descricao) VALUES(18, 74, '1:24:37', 'SOFREU FALTA', 'Bruno Alves sofre falta de Hamza Mendyl!');
INSERT INTO lance (id_partida, id_pessoa, time_stamp, tipo_lance, descricao) VALUES(18, 84, '1:25:6', 'FALTA', 'Falta de André Gomes em Khalid Boutaib!');
INSERT INTO lance (id_partida, id_pessoa, time_stamp, tipo_lance, descricao) VALUES(18, 123, '1:25:6', 'SOFREU FALTA', 'Khalid Boutaib sofre falta de André Gomes!');
INSERT INTO lance (id_partida, id_pessoa, time_stamp, tipo_lance, descricao) VALUES(18, 89, '1:25:14', 'FALTA', 'Falta de Cristiano Ronaldo em Hamza Mendyl!');
INSERT INTO lance (id_partida, id_pessoa, time_stamp, tipo_lance, descricao) VALUES(18, 114, '1:25:14', 'SOFREU FALTA', 'Hamza Mendyl sofre falta de Cristiano Ronaldo!');
INSERT INTO lance (id_partida, id_pessoa, time_stamp, tipo_lance, descricao) VALUES(18, 82, '1:28:47', 'FALTA', 'Falta de Danilo Pereira em Hamza Mendyl!');
INSERT INTO lance (id_partida, id_pessoa, time_stamp, tipo_lance, descricao) VALUES(18, 114, '1:28:47', 'SOFREU FALTA', 'Hamza Mendyl sofre falta de Danilo Pereira!');
INSERT INTO apita (id_partida, id_pessoa) VALUES(19, 607);
INSERT INTO apita (id_partida, id_pessoa) VALUES(19, 598);
INSERT INTO apita (id_partida, id_pessoa) VALUES(19, 579);
INSERT INTO deslocamento (codigo_pais, id_partida, itinerario, descricao_da_escolta) VALUES('SAU', 19, 'NR9364PS1AL34XDC12179L2UTXAPPO013EZSHW37WI7C7CUBS8X3PMACZPJI39CNKUAZ8U4E93K1N0XRD96Q06LQEX32MVDWFU2NB5C8DT4VCJZ812E4DWXNITUL1C1O0XV38JPH68NHCZO575AUQJTT6OESK1HB1Q5OX5ASM77EIQKSFZN5BH7QEC6TE77E1MPW49IC5SHTLOKQEWNVOL9TSOKU8QOPA2N6AYYFQKAT9OEZ', 'QPSTL0QM6DPZYDOD2TTBNQP7IEDKPUEJU1SB55YC6UDVJP2HWPG5VXP99VLGWF7M9FF6UMI74QE3M4X2M6Y9NIY6MTCKTSQ1W1VEK6WJHJAETVXE7T4ZR780QITBK7NMANGUJTSPJO1DITN157MAX0KY24XBMV9J6YEGOC5OBOQCG5S742FNVNYKCR2O5QCXPSHUPHM3B89');
INSERT INTO deslocamento (codigo_pais, id_partida, itinerario, descricao_da_escolta) VALUES('URY', 19, 'JHS7M0HUQWYS94D6KRSUL2XYX8SXQLLXNPA594BFJSH33YUUEPTTPO8RU4KOITEEKBFU4I7PPNL3U448N7TB22I8RSKEUX7ZNDT2T', '06RDEBCF60ALAKADLR2GCL7251QWPRKBPMHXTZXG6MWUEJXWYK1B9M8');
INSERT INTO lance (id_partida, id_pessoa, time_stamp, tipo_lance, descricao) VALUES(19, 607, '0:45:0', 'FIM DO PRIMEIRO TEMPO', 'Juiz Fotopoulos apita o fim do primeiro tempo!');
INSERT INTO lance (id_partida, id_pessoa, time_stamp, tipo_lance, descricao) VALUES(19, 607, '1:30:0', 'FIM DO JOGO', 'Juiz Fotopoulos apita o fim do jogo!');
INSERT INTO lance (id_partida, id_pessoa, time_stamp, tipo_lance, descricao) VALUES(19, 64, '0:1:44', 'FALTA', 'Falta de Álvaro González em Taisir Al-Jassim!');
INSERT INTO lance (id_partida, id_pessoa, time_stamp, tipo_lance, descricao) VALUES(19, 27, '0:1:44', 'SOFREU FALTA', 'Taisir Al-Jassim sofre falta de Álvaro González!');
INSERT INTO lance (id_partida, id_pessoa, time_stamp, tipo_lance, descricao) VALUES(19, 36, '0:4:20', 'FALTA', 'Falta de Fahad Al-Muwallad em Mathías Corujo!');
INSERT INTO lance (id_partida, id_pessoa, time_stamp, tipo_lance, descricao) VALUES(19, 62, '0:4:20', 'SOFREU FALTA', 'Mathías Corujo sofre falta de Fahad Al-Muwallad!');
INSERT INTO lance (id_partida, id_pessoa, time_stamp, tipo_lance, descricao) VALUES(19, 63, '0:6:39', 'ASSISTENCIA', 'Assistencia de Carlos Sánchez!');
INSERT INTO lance (id_partida, id_pessoa, time_stamp, tipo_lance, descricao) VALUES(19, 63, '0:6:39', 'GOL', 'Gol de Egidio Arévalo Ríos!');
INSERT INTO lance (id_partida, id_pessoa, time_stamp, tipo_lance, descricao) VALUES(19, 36, '0:8:36', 'DEFESA', 'Defesa de Omar Hawsawi!');
INSERT INTO lance (id_partida, id_pessoa, time_stamp, tipo_lance, descricao) VALUES(19, 34, '0:12:16', 'FALTA', 'Falta de Mohammad Al-Sahlawi em Matías Vecino!');
INSERT INTO lance (id_partida, id_pessoa, time_stamp, tipo_lance, descricao) VALUES(19, 68, '0:12:16', 'SOFREU FALTA', 'Matías Vecino sofre falta de Mohammad Al-Sahlawi!');
INSERT INTO lance (id_partida, id_pessoa, time_stamp, tipo_lance, descricao) VALUES(19, 35, '0:13:16', 'FALTA', 'Falta de Nasser Al-Shamrani em Edinson Cavani!');
INSERT INTO lance (id_partida, id_pessoa, time_stamp, tipo_lance, descricao) VALUES(19, 69, '0:13:16', 'SOFREU FALTA', 'Edinson Cavani sofre falta de Nasser Al-Shamrani!');
INSERT INTO lance (id_partida, id_pessoa, time_stamp, tipo_lance, descricao) VALUES(19, 27, '0:14:55', 'DEFESA', 'Defesa de Omar Hawsawi!');
INSERT INTO lance (id_partida, id_pessoa, time_stamp, tipo_lance, descricao) VALUES(19, 65, '0:17:49', 'FALTA', 'Falta de Nicolás Lodeiro em Salman Al-Moasher!');
INSERT INTO lance (id_partida, id_pessoa, time_stamp, tipo_lance, descricao) VALUES(19, 30, '0:17:49', 'SOFREU FALTA', 'Salman Al-Moasher sofre falta de Nicolás Lodeiro!');
INSERT INTO lance (id_partida, id_pessoa, time_stamp, tipo_lance, descricao) VALUES(19, 66, '0:18:47', 'FALTA', 'Falta de Carlos Sánchez em Fahad Al-Muwallad!');
INSERT INTO lance (id_partida, id_pessoa, time_stamp, tipo_lance, descricao) VALUES(19, 36, '0:18:47', 'SOFREU FALTA', 'Fahad Al-Muwallad sofre falta de Carlos Sánchez!');
INSERT INTO lance (id_partida, id_pessoa, time_stamp, tipo_lance, descricao) VALUES(19, 72, '0:19:5', 'GOL', 'Gol de Diego Rolán!');
INSERT INTO lance (id_partida, id_pessoa, time_stamp, tipo_lance, descricao) VALUES(19, 63, '0:20:13', 'FALTA', 'Falta de Egidio Arévalo Ríos em Nawaf Al-Abed!');
INSERT INTO lance (id_partida, id_pessoa, time_stamp, tipo_lance, descricao) VALUES(19, 33, '0:20:13', 'SOFREU FALTA', 'Nawaf Al-Abed sofre falta de Egidio Arévalo Ríos!');
INSERT INTO lance (id_partida, id_pessoa, time_stamp, tipo_lance, descricao) VALUES(19, 29, '0:21:5', 'FALTA', 'Falta de Abdulmalek Al-Khaibri em Edinson Cavani!');
INSERT INTO lance (id_partida, id_pessoa, time_stamp, tipo_lance, descricao) VALUES(19, 69, '0:21:5', 'SOFREU FALTA', 'Edinson Cavani sofre falta de Abdulmalek Al-Khaibri!');
INSERT INTO lance (id_partida, id_pessoa, time_stamp, tipo_lance, descricao) VALUES(19, 65, '0:22:40', 'FALTA', 'Falta de Nicolás Lodeiro em Mohammad Al-Sahlawi!');
INSERT INTO lance (id_partida, id_pessoa, time_stamp, tipo_lance, descricao) VALUES(19, 34, '0:22:40', 'SOFREU FALTA', 'Mohammad Al-Sahlawi sofre falta de Nicolás Lodeiro!');
INSERT INTO lance (id_partida, id_pessoa, time_stamp, tipo_lance, descricao) VALUES(19, 36, '0:22:58', 'SUBSTITUICAO', 'Sai Fahad Al-Muwallad!');
INSERT INTO lance (id_partida, id_pessoa, time_stamp, tipo_lance, descricao) VALUES(19, 21, '0:22:58', 'SUBSTITUICAO', 'Entra Abdullah Al-Zori!');
INSERT INTO lance (id_partida, id_pessoa, time_stamp, tipo_lance, descricao) VALUES(19, 29, '0:26:54', 'SUBSTITUICAO', 'Sai Abdulmalek Al-Khaibri!');
INSERT INTO lance (id_partida, id_pessoa, time_stamp, tipo_lance, descricao) VALUES(19, 22, '0:26:54', 'SUBSTITUICAO', 'Entra Mansour Al-Harbi!');
INSERT INTO lance (id_partida, id_pessoa, time_stamp, tipo_lance, descricao) VALUES(19, 72, '0:28:17', 'FALTA', 'Falta de Diego Rolán em Mohammad Al-Sahlawi!');
INSERT INTO lance (id_partida, id_pessoa, time_stamp, tipo_lance, descricao) VALUES(19, 34, '0:28:17', 'SOFREU FALTA', 'Mohammad Al-Sahlawi sofre falta de Diego Rolán!');
INSERT INTO lance (id_partida, id_pessoa, time_stamp, tipo_lance, descricao) VALUES(19, 31, '0:33:4', 'FALTA', 'Falta de Yahya Al-Shehri em Matías Vecino!');
INSERT INTO lance (id_partida, id_pessoa, time_stamp, tipo_lance, descricao) VALUES(19, 68, '0:33:4', 'SOFREU FALTA', 'Matías Vecino sofre falta de Yahya Al-Shehri!');
INSERT INTO lance (id_partida, id_pessoa, time_stamp, tipo_lance, descricao) VALUES(19, 72, '0:39:28', 'FALTA', 'Falta de Diego Rolán em Mohammad Al-Sahlawi!');
INSERT INTO lance (id_partida, id_pessoa, time_stamp, tipo_lance, descricao) VALUES(19, 34, '0:39:28', 'SOFREU FALTA', 'Mohammad Al-Sahlawi sofre falta de Diego Rolán!');
INSERT INTO lance (id_partida, id_pessoa, time_stamp, tipo_lance, descricao) VALUES(19, 62, '0:43:10', 'SUBSTITUICAO', 'Sai Mathías Corujo!');
INSERT INTO lance (id_partida, id_pessoa, time_stamp, tipo_lance, descricao) VALUES(19, 55, '0:43:10', 'SUBSTITUICAO', 'Entra Fernando Muslera!');
INSERT INTO lance (id_partida, id_pessoa, time_stamp, tipo_lance, descricao) VALUES(19, 66, '0:44:40', 'DEFESA', 'Defesa de Omar Hawsawi!');
INSERT INTO lance (id_partida, id_pessoa, time_stamp, tipo_lance, descricao) VALUES(19, 21, '0:44:41', 'FALTA', 'Falta de Abdullah Al-Zori em Cristian Rodríguez!');
INSERT INTO lance (id_partida, id_pessoa, time_stamp, tipo_lance, descricao) VALUES(19, 67, '0:44:41', 'SOFREU FALTA', 'Cristian Rodríguez sofre falta de Abdullah Al-Zori!');
INSERT INTO lance (id_partida, id_pessoa, time_stamp, tipo_lance, descricao) VALUES(19, 30, '0:45:10', 'DEFESA', 'Defesa de Omar Hawsawi!');
INSERT INTO lance (id_partida, id_pessoa, time_stamp, tipo_lance, descricao) VALUES(19, 34, '0:45:14', 'DEFESA', 'Defesa de Omar Hawsawi!');
INSERT INTO lance (id_partida, id_pessoa, time_stamp, tipo_lance, descricao) VALUES(19, 34, '0:45:31', 'DEFESA', 'Defesa de Omar Hawsawi!');
INSERT INTO lance (id_partida, id_pessoa, time_stamp, tipo_lance, descricao) VALUES(19, 70, '0:50:40', 'FALTA', 'Falta de Luis Suárez em Mohammad Al-Sahlawi!');
INSERT INTO lance (id_partida, id_pessoa, time_stamp, tipo_lance, descricao) VALUES(19, 34, '0:50:40', 'SOFREU FALTA', 'Mohammad Al-Sahlawi sofre falta de Luis Suárez!');
INSERT INTO lance (id_partida, id_pessoa, time_stamp, tipo_lance, descricao) VALUES(19, 30, '0:50:54', 'FALTA', 'Falta de Salman Al-Moasher em Edinson Cavani!');
INSERT INTO lance (id_partida, id_pessoa, time_stamp, tipo_lance, descricao) VALUES(19, 69, '0:50:54', 'SOFREU FALTA', 'Edinson Cavani sofre falta de Salman Al-Moasher!');
INSERT INTO lance (id_partida, id_pessoa, time_stamp, tipo_lance, descricao) VALUES(19, 26, '0:51:48', 'FALTA', 'Falta de Mohammed Al-Beraik em Álvaro González!');
INSERT INTO lance (id_partida, id_pessoa, time_stamp, tipo_lance, descricao) VALUES(19, 64, '0:51:48', 'SOFREU FALTA', 'Álvaro González sofre falta de Mohammed Al-Beraik!');
INSERT INTO lance (id_partida, id_pessoa, time_stamp, tipo_lance, descricao) VALUES(19, 66, '0:52:41', 'FALTA', 'Falta de Carlos Sánchez em Yahya Al-Shehri!');
INSERT INTO lance (id_partida, id_pessoa, time_stamp, tipo_lance, descricao) VALUES(19, 31, '0:52:41', 'SOFREU FALTA', 'Yahya Al-Shehri sofre falta de Carlos Sánchez!');
INSERT INTO lance (id_partida, id_pessoa, time_stamp, tipo_lance, descricao) VALUES(19, 69, '0:52:54', 'SUBSTITUICAO', 'Sai Edinson Cavani!');
INSERT INTO lance (id_partida, id_pessoa, time_stamp, tipo_lance, descricao) VALUES(19, 62, '0:52:54', 'SUBSTITUICAO', 'Entra Mathías Corujo!');
INSERT INTO lance (id_partida, id_pessoa, time_stamp, tipo_lance, descricao) VALUES(19, 27, '0:56:48', 'FALTA', 'Falta de Taisir Al-Jassim em Cristian Rodríguez!');
INSERT INTO lance (id_partida, id_pessoa, time_stamp, tipo_lance, descricao) VALUES(19, 67, '0:56:48', 'SOFREU FALTA', 'Cristian Rodríguez sofre falta de Taisir Al-Jassim!');
INSERT INTO lance (id_partida, id_pessoa, time_stamp, tipo_lance, descricao) VALUES(19, 27, '0:56:48', 'CARTAO AMARELO', 'Taisir Al-Jassim ganhou um cartão amarelo!');
INSERT INTO lance (id_partida, id_pessoa, time_stamp, tipo_lance, descricao) VALUES(19, 22, '0:57:49', 'FALTA', 'Falta de Mansour Al-Harbi em Nicolás Lodeiro!');
INSERT INTO lance (id_partida, id_pessoa, time_stamp, tipo_lance, descricao) VALUES(19, 65, '0:57:49', 'SOFREU FALTA', 'Nicolás Lodeiro sofre falta de Mansour Al-Harbi!');
INSERT INTO lance (id_partida, id_pessoa, time_stamp, tipo_lance, descricao) VALUES(19, 67, '1:0:57', 'FALTA', 'Falta de Cristian Rodríguez em Mansour Al-Harbi!');
INSERT INTO lance (id_partida, id_pessoa, time_stamp, tipo_lance, descricao) VALUES(19, 22, '1:0:57', 'SOFREU FALTA', 'Mansour Al-Harbi sofre falta de Cristian Rodríguez!');
INSERT INTO lance (id_partida, id_pessoa, time_stamp, tipo_lance, descricao) VALUES(19, 68, '1:2:30', 'DEFESA', 'Defesa de Omar Hawsawi!');
INSERT INTO lance (id_partida, id_pessoa, time_stamp, tipo_lance, descricao) VALUES(19, 66, '1:3:15', 'FALTA', 'Falta de Carlos Sánchez em Salman Al-Faraj!');
INSERT INTO lance (id_partida, id_pessoa, time_stamp, tipo_lance, descricao) VALUES(19, 28, '1:3:15', 'SOFREU FALTA', 'Salman Al-Faraj sofre falta de Carlos Sánchez!');
INSERT INTO lance (id_partida, id_pessoa, time_stamp, tipo_lance, descricao) VALUES(19, 68, '1:3:19', 'SUBSTITUICAO', 'Sai Matías Vecino!');
INSERT INTO lance (id_partida, id_pessoa, time_stamp, tipo_lance, descricao) VALUES(19, 57, '1:3:19', 'SUBSTITUICAO', 'Entra Diego Godín!');
INSERT INTO lance (id_partida, id_pessoa, time_stamp, tipo_lance, descricao) VALUES(19, 65, '1:3:38', 'FALTA', 'Falta de Nicolás Lodeiro em Taisir Al-Jassim!');
INSERT INTO lance (id_partida, id_pessoa, time_stamp, tipo_lance, descricao) VALUES(19, 27, '1:3:38', 'SOFREU FALTA', 'Taisir Al-Jassim sofre falta de Nicolás Lodeiro!');
INSERT INTO lance (id_partida, id_pessoa, time_stamp, tipo_lance, descricao) VALUES(19, 35, '1:4:15', 'FALTA', 'Falta de Nasser Al-Shamrani em Mathías Corujo!');
INSERT INTO lance (id_partida, id_pessoa, time_stamp, tipo_lance, descricao) VALUES(19, 62, '1:4:15', 'SOFREU FALTA', 'Mathías Corujo sofre falta de Nasser Al-Shamrani!');
INSERT INTO lance (id_partida, id_pessoa, time_stamp, tipo_lance, descricao) VALUES(19, 26, '1:5:34', 'GOL', 'Gol de Mohammed Al-Beraik!');
INSERT INTO lance (id_partida, id_pessoa, time_stamp, tipo_lance, descricao) VALUES(19, 66, '1:8:25', 'FALTA', 'Falta de Carlos Sánchez em Mohammad Al-Sahlawi!');
INSERT INTO lance (id_partida, id_pessoa, time_stamp, tipo_lance, descricao) VALUES(19, 34, '1:8:25', 'SOFREU FALTA', 'Mohammad Al-Sahlawi sofre falta de Carlos Sánchez!');
INSERT INTO lance (id_partida, id_pessoa, time_stamp, tipo_lance, descricao) VALUES(19, 66, '1:8:32', 'GOL', 'Gol de Carlos Sánchez!');
INSERT INTO lance (id_partida, id_pessoa, time_stamp, tipo_lance, descricao) VALUES(19, 22, '1:10:41', 'DEFESA', 'Defesa de Omar Hawsawi!');
INSERT INTO lance (id_partida, id_pessoa, time_stamp, tipo_lance, descricao) VALUES(19, 30, '1:12:48', 'FALTA', 'Falta de Salman Al-Moasher em Luis Suárez!');
INSERT INTO lance (id_partida, id_pessoa, time_stamp, tipo_lance, descricao) VALUES(19, 70, '1:12:48', 'SOFREU FALTA', 'Luis Suárez sofre falta de Salman Al-Moasher!');
INSERT INTO lance (id_partida, id_pessoa, time_stamp, tipo_lance, descricao) VALUES(19, 62, '1:17:45', 'FALTA', 'Falta de Mathías Corujo em Mansour Al-Harbi!');
INSERT INTO lance (id_partida, id_pessoa, time_stamp, tipo_lance, descricao) VALUES(19, 22, '1:17:45', 'SOFREU FALTA', 'Mansour Al-Harbi sofre falta de Mathías Corujo!');
INSERT INTO lance (id_partida, id_pessoa, time_stamp, tipo_lance, descricao) VALUES(19, 71, '1:19:39', 'FALTA', 'Falta de Cristhian Stuani em Salman Al-Moasher!');
INSERT INTO lance (id_partida, id_pessoa, time_stamp, tipo_lance, descricao) VALUES(19, 30, '1:19:39', 'SOFREU FALTA', 'Salman Al-Moasher sofre falta de Cristhian Stuani!');
INSERT INTO lance (id_partida, id_pessoa, time_stamp, tipo_lance, descricao) VALUES(19, 27, '1:20:4', 'DEFESA', 'Defesa de Omar Hawsawi!');
INSERT INTO lance (id_partida, id_pessoa, time_stamp, tipo_lance, descricao) VALUES(19, 55, '1:21:30', 'FALTA', 'Falta de Fernando Muslera em Salman Al-Moasher!');
INSERT INTO lance (id_partida, id_pessoa, time_stamp, tipo_lance, descricao) VALUES(19, 30, '1:21:30', 'SOFREU FALTA', 'Salman Al-Moasher sofre falta de Fernando Muslera!');
INSERT INTO lance (id_partida, id_pessoa, time_stamp, tipo_lance, descricao) VALUES(19, 26, '1:22:35', 'DEFESA', 'Defesa de Omar Hawsawi!');
INSERT INTO lance (id_partida, id_pessoa, time_stamp, tipo_lance, descricao) VALUES(19, 34, '1:22:36', 'FALTA', 'Falta de Mohammad Al-Sahlawi em Cristhian Stuani!');
INSERT INTO lance (id_partida, id_pessoa, time_stamp, tipo_lance, descricao) VALUES(19, 71, '1:22:36', 'SOFREU FALTA', 'Cristhian Stuani sofre falta de Mohammad Al-Sahlawi!');
INSERT INTO lance (id_partida, id_pessoa, time_stamp, tipo_lance, descricao) VALUES(19, 66, '1:22:46', 'FALTA', 'Falta de Carlos Sánchez em Salman Al-Faraj!');
INSERT INTO lance (id_partida, id_pessoa, time_stamp, tipo_lance, descricao) VALUES(19, 28, '1:22:46', 'SOFREU FALTA', 'Salman Al-Faraj sofre falta de Carlos Sánchez!');
INSERT INTO lance (id_partida, id_pessoa, time_stamp, tipo_lance, descricao) VALUES(19, 35, '1:23:19', 'ASSISTENCIA', 'Assistencia de Salem Al-Dosari!');
INSERT INTO lance (id_partida, id_pessoa, time_stamp, tipo_lance, descricao) VALUES(19, 35, '1:23:19', 'GOL', 'Gol de Nasser Al-Shamrani!');
INSERT INTO lance (id_partida, id_pessoa, time_stamp, tipo_lance, descricao) VALUES(19, 33, '1:26:5', 'FALTA', 'Falta de Nawaf Al-Abed em Carlos Sánchez!');
INSERT INTO lance (id_partida, id_pessoa, time_stamp, tipo_lance, descricao) VALUES(19, 66, '1:26:5', 'SOFREU FALTA', 'Carlos Sánchez sofre falta de Nawaf Al-Abed!');
INSERT INTO apita (id_partida, id_pessoa) VALUES(20, 637);
INSERT INTO apita (id_partida, id_pessoa) VALUES(20, 679);
INSERT INTO apita (id_partida, id_pessoa) VALUES(20, 668);
INSERT INTO deslocamento (codigo_pais, id_partida, itinerario, descricao_da_escolta) VALUES('ESP', 20, 'BSZ4RFW3BFBMRUGDM1TQVAPMSSHGBU5Y1B3MMSH0LV6HH1JHGCILNCUADNM87Q2QKNUQ1313U2FAEHE0JA', '8LTLZQ2J8GJ252P64H2QNKP1U6U65IVY7Q3F1C4A9T3XK9KIYKKTQUWX610265NZVU5O8KF2M2Q3R2QUWMIV8BHN4FJ9LBDEGDBZE5JNFSGYD3GDLFFTW21TNSU2BGQKYMXO01Q1C4PQ4TJB9FYF6TRNMSMVLQM9B591F2NTZOR2MLY3IT25RKOE4KBIO4PVRQO9US5H2EQRCZAB3TN1YRR1R4650EF485K66ZJZXVDN37CFJAP');
INSERT INTO deslocamento (codigo_pais, id_partida, itinerario, descricao_da_escolta) VALUES('IRN', 20, 'RY7A9WRZWARX9WSHPEEDKXECND7T21V0ZJNK8K7JHTDXEQOHP50F5LV3U4W5Z875O17ZIHIEG450TQ87ZZE7AQ4NYT0DYCUJVIJNSY9HWV8AQ4KD6YF93A486UBYRFQEKVFKHVPA07LPR373JWG96UQVOLQ7XK0QE304Z96LIEJ6YOQDXHO49RIZFT66ERNPH4KYDCEK0511LT6A4NKP65RXVAZG', 'AG013Y3D19VDDDDZQOVW6B1H7TLNXDDM8I0ZAAS4C6CNZM22N7EWDTG9OT3KNQQY');
INSERT INTO lance (id_partida, id_pessoa, time_stamp, tipo_lance, descricao) VALUES(20, 637, '0:45:0', 'FIM DO PRIMEIRO TEMPO', 'Juiz Glassco apita o fim do primeiro tempo!');
INSERT INTO lance (id_partida, id_pessoa, time_stamp, tipo_lance, descricao) VALUES(20, 637, '1:30:0', 'FIM DO JOGO', 'Juiz Glassco apita o fim do jogo!');
INSERT INTO lance (id_partida, id_pessoa, time_stamp, tipo_lance, descricao) VALUES(20, 100, '0:1:20', 'FALTA', 'Falta de Isco em Mehdi Taremi!');
INSERT INTO lance (id_partida, id_pessoa, time_stamp, tipo_lance, descricao) VALUES(20, 141, '0:1:20', 'SOFREU FALTA', 'Mehdi Taremi sofre falta de Isco!');
INSERT INTO lance (id_partida, id_pessoa, time_stamp, tipo_lance, descricao) VALUES(20, 100, '0:1:21', 'DEFESA', 'Defesa de Gerard Piqué!');
INSERT INTO lance (id_partida, id_pessoa, time_stamp, tipo_lance, descricao) VALUES(20, 106, '0:3:46', 'FALTA', 'Falta de Álvaro Morata em Ashkan Dejagah!');
INSERT INTO lance (id_partida, id_pessoa, time_stamp, tipo_lance, descricao) VALUES(20, 139, '0:3:46', 'SOFREU FALTA', 'Ashkan Dejagah sofre falta de Álvaro Morata!');
INSERT INTO lance (id_partida, id_pessoa, time_stamp, tipo_lance, descricao) VALUES(20, 102, '0:4:38', 'FALTA', 'Falta de Marco Asensio em Ehsan Hajsafi!');
INSERT INTO lance (id_partida, id_pessoa, time_stamp, tipo_lance, descricao) VALUES(20, 134, '0:4:38', 'SOFREU FALTA', 'Ehsan Hajsafi sofre falta de Marco Asensio!');
INSERT INTO lance (id_partida, id_pessoa, time_stamp, tipo_lance, descricao) VALUES(20, 102, '0:4:38', 'CARTAO AMARELO', 'Marco Asensio ganhou um cartão amarelo!');
INSERT INTO lance (id_partida, id_pessoa, time_stamp, tipo_lance, descricao) VALUES(20, 108, '0:6:19', 'FALTA', 'Falta de Diego Costa em Mehdi Taremi!');
INSERT INTO lance (id_partida, id_pessoa, time_stamp, tipo_lance, descricao) VALUES(20, 141, '0:6:19', 'SOFREU FALTA', 'Mehdi Taremi sofre falta de Diego Costa!');
INSERT INTO lance (id_partida, id_pessoa, time_stamp, tipo_lance, descricao) VALUES(20, 144, '0:6:22', 'FALTA', 'Falta de Sardar Azmoun em Isco!');
INSERT INTO lance (id_partida, id_pessoa, time_stamp, tipo_lance, descricao) VALUES(20, 100, '0:6:22', 'SOFREU FALTA', 'Isco sofre falta de Sardar Azmoun!');
INSERT INTO lance (id_partida, id_pessoa, time_stamp, tipo_lance, descricao) VALUES(20, 100, '0:6:34', 'FALTA', 'Falta de Isco em Ehsan Hajsafi!');
INSERT INTO lance (id_partida, id_pessoa, time_stamp, tipo_lance, descricao) VALUES(20, 134, '0:6:34', 'SOFREU FALTA', 'Ehsan Hajsafi sofre falta de Isco!');
INSERT INTO lance (id_partida, id_pessoa, time_stamp, tipo_lance, descricao) VALUES(20, 104, '0:6:35', 'FALTA', 'Falta de David Silva em Ashkan Dejagah!');
INSERT INTO lance (id_partida, id_pessoa, time_stamp, tipo_lance, descricao) VALUES(20, 139, '0:6:35', 'SOFREU FALTA', 'Ashkan Dejagah sofre falta de David Silva!');
INSERT INTO lance (id_partida, id_pessoa, time_stamp, tipo_lance, descricao) VALUES(20, 139, '0:6:53', 'FALTA', 'Falta de Ashkan Dejagah em Vitolo!');
INSERT INTO lance (id_partida, id_pessoa, time_stamp, tipo_lance, descricao) VALUES(20, 107, '0:6:53', 'SOFREU FALTA', 'Vitolo sofre falta de Ashkan Dejagah!');
INSERT INTO lance (id_partida, id_pessoa, time_stamp, tipo_lance, descricao) VALUES(20, 102, '0:7:34', 'FALTA', 'Falta de Marco Asensio em Sardar Azmoun!');
INSERT INTO lance (id_partida, id_pessoa, time_stamp, tipo_lance, descricao) VALUES(20, 144, '0:7:34', 'SOFREU FALTA', 'Sardar Azmoun sofre falta de Marco Asensio!');
INSERT INTO lance (id_partida, id_pessoa, time_stamp, tipo_lance, descricao) VALUES(20, 99, '0:8:28', 'SUBSTITUICAO', 'Sai Thiago!');
INSERT INTO lance (id_partida, id_pessoa, time_stamp, tipo_lance, descricao) VALUES(20, 95, '0:8:28', 'SUBSTITUICAO', 'Entra Gerard Piqué!');
INSERT INTO lance (id_partida, id_pessoa, time_stamp, tipo_lance, descricao) VALUES(20, 108, '0:11:17', 'DEFESA', 'Defesa de Gerard Piqué!');
INSERT INTO lance (id_partida, id_pessoa, time_stamp, tipo_lance, descricao) VALUES(20, 105, '0:15:52', 'FALTA', 'Falta de Saúl Ñíguez em Mehdi Taremi!');
INSERT INTO lance (id_partida, id_pessoa, time_stamp, tipo_lance, descricao) VALUES(20, 141, '0:15:52', 'SOFREU FALTA', 'Mehdi Taremi sofre falta de Saúl Ñíguez!');
INSERT INTO lance (id_partida, id_pessoa, time_stamp, tipo_lance, descricao) VALUES(20, 144, '0:19:25', 'FALTA', 'Falta de Sardar Azmoun em Diego Costa!');
INSERT INTO lance (id_partida, id_pessoa, time_stamp, tipo_lance, descricao) VALUES(20, 108, '0:19:25', 'SOFREU FALTA', 'Diego Costa sofre falta de Sardar Azmoun!');
INSERT INTO lance (id_partida, id_pessoa, time_stamp, tipo_lance, descricao) VALUES(20, 134, '0:21:13', 'FALTA', 'Falta de Ehsan Hajsafi em Vitolo!');
INSERT INTO lance (id_partida, id_pessoa, time_stamp, tipo_lance, descricao) VALUES(20, 107, '0:21:13', 'SOFREU FALTA', 'Vitolo sofre falta de Ehsan Hajsafi!');
INSERT INTO lance (id_partida, id_pessoa, time_stamp, tipo_lance, descricao) VALUES(20, 103, '0:22:31', 'FALTA', 'Falta de Andrés Iniesta em Mehdi Taremi!');
INSERT INTO lance (id_partida, id_pessoa, time_stamp, tipo_lance, descricao) VALUES(20, 141, '0:22:31', 'SOFREU FALTA', 'Mehdi Taremi sofre falta de Andrés Iniesta!');
INSERT INTO lance (id_partida, id_pessoa, time_stamp, tipo_lance, descricao) VALUES(20, 136, '0:22:42', 'FALTA', 'Falta de Saeid Ezatolahi em Diego Costa!');
INSERT INTO lance (id_partida, id_pessoa, time_stamp, tipo_lance, descricao) VALUES(20, 108, '0:22:42', 'SOFREU FALTA', 'Diego Costa sofre falta de Saeid Ezatolahi!');
INSERT INTO lance (id_partida, id_pessoa, time_stamp, tipo_lance, descricao) VALUES(20, 143, '0:22:53', 'FALTA', 'Falta de Reza Ghoochannejhad em Álvaro Morata!');
INSERT INTO lance (id_partida, id_pessoa, time_stamp, tipo_lance, descricao) VALUES(20, 106, '0:22:53', 'SOFREU FALTA', 'Álvaro Morata sofre falta de Reza Ghoochannejhad!');
INSERT INTO lance (id_partida, id_pessoa, time_stamp, tipo_lance, descricao) VALUES(20, 138, '0:23:35', 'FALTA', 'Falta de Alireza Jahanbakhsh em Sergio Buesquets!');
INSERT INTO lance (id_partida, id_pessoa, time_stamp, tipo_lance, descricao) VALUES(20, 98, '0:23:35', 'SOFREU FALTA', 'Sergio Buesquets sofre falta de Alireza Jahanbakhsh!');
INSERT INTO lance (id_partida, id_pessoa, time_stamp, tipo_lance, descricao) VALUES(20, 138, '0:25:42', 'FALTA', 'Falta de Alireza Jahanbakhsh em Diego Costa!');
INSERT INTO lance (id_partida, id_pessoa, time_stamp, tipo_lance, descricao) VALUES(20, 108, '0:25:42', 'SOFREU FALTA', 'Diego Costa sofre falta de Alireza Jahanbakhsh!');
INSERT INTO lance (id_partida, id_pessoa, time_stamp, tipo_lance, descricao) VALUES(20, 107, '0:26:8', 'DEFESA', 'Defesa de Gerard Piqué!');
INSERT INTO lance (id_partida, id_pessoa, time_stamp, tipo_lance, descricao) VALUES(20, 98, '0:26:44', 'DEFESA', 'Defesa de Gerard Piqué!');
INSERT INTO lance (id_partida, id_pessoa, time_stamp, tipo_lance, descricao) VALUES(20, 95, '0:30:40', 'FALTA', 'Falta de Gerard Piqué em Karim Ansarifard!');
INSERT INTO lance (id_partida, id_pessoa, time_stamp, tipo_lance, descricao) VALUES(20, 142, '0:30:40', 'SOFREU FALTA', 'Karim Ansarifard sofre falta de Gerard Piqué!');
INSERT INTO lance (id_partida, id_pessoa, time_stamp, tipo_lance, descricao) VALUES(20, 138, '0:32:50', 'SUBSTITUICAO', 'Sai Alireza Jahanbakhsh!');
INSERT INTO lance (id_partida, id_pessoa, time_stamp, tipo_lance, descricao) VALUES(20, 133, '0:32:50', 'SUBSTITUICAO', 'Entra Ramin Rezaeian!');
INSERT INTO lance (id_partida, id_pessoa, time_stamp, tipo_lance, descricao) VALUES(20, 141, '0:35:50', 'SUBSTITUICAO', 'Sai Mehdi Taremi!');
INSERT INTO lance (id_partida, id_pessoa, time_stamp, tipo_lance, descricao) VALUES(20, 138, '0:35:50', 'SUBSTITUICAO', 'Entra Alireza Jahanbakhsh!');
INSERT INTO lance (id_partida, id_pessoa, time_stamp, tipo_lance, descricao) VALUES(20, 100, '0:37:14', 'FALTA', 'Falta de Isco em Vahid Amiri!');
INSERT INTO lance (id_partida, id_pessoa, time_stamp, tipo_lance, descricao) VALUES(20, 137, '0:37:14', 'SOFREU FALTA', 'Vahid Amiri sofre falta de Isco!');
INSERT INTO lance (id_partida, id_pessoa, time_stamp, tipo_lance, descricao) VALUES(20, 105, '0:37:58', 'FALTA', 'Falta de Saúl Ñíguez em Saman Ghoddos!');
INSERT INTO lance (id_partida, id_pessoa, time_stamp, tipo_lance, descricao) VALUES(20, 140, '0:37:58', 'SOFREU FALTA', 'Saman Ghoddos sofre falta de Saúl Ñíguez!');
INSERT INTO lance (id_partida, id_pessoa, time_stamp, tipo_lance, descricao) VALUES(20, 108, '0:40:5', 'FALTA', 'Falta de Diego Costa em Sardar Azmoun!');
INSERT INTO lance (id_partida, id_pessoa, time_stamp, tipo_lance, descricao) VALUES(20, 144, '0:40:5', 'SOFREU FALTA', 'Sardar Azmoun sofre falta de Diego Costa!');
INSERT INTO lance (id_partida, id_pessoa, time_stamp, tipo_lance, descricao) VALUES(20, 102, '0:45:43', 'DEFESA', 'Defesa de Gerard Piqué!');
INSERT INTO lance (id_partida, id_pessoa, time_stamp, tipo_lance, descricao) VALUES(20, 137, '0:45:47', 'FALTA', 'Falta de Vahid Amiri em Marco Asensio!');
INSERT INTO lance (id_partida, id_pessoa, time_stamp, tipo_lance, descricao) VALUES(20, 102, '0:45:47', 'SOFREU FALTA', 'Marco Asensio sofre falta de Vahid Amiri!');
INSERT INTO lance (id_partida, id_pessoa, time_stamp, tipo_lance, descricao) VALUES(20, 140, '0:46:40', 'FALTA', 'Falta de Saman Ghoddos em Álvaro Morata!');
INSERT INTO lance (id_partida, id_pessoa, time_stamp, tipo_lance, descricao) VALUES(20, 106, '0:46:40', 'SOFREU FALTA', 'Álvaro Morata sofre falta de Saman Ghoddos!');
INSERT INTO lance (id_partida, id_pessoa, time_stamp, tipo_lance, descricao) VALUES(20, 107, '0:47:30', 'SUBSTITUICAO', 'Sai Vitolo!');
INSERT INTO lance (id_partida, id_pessoa, time_stamp, tipo_lance, descricao) VALUES(20, 92, '0:47:30', 'SUBSTITUICAO', 'Entra Jordi Alba!');
INSERT INTO lance (id_partida, id_pessoa, time_stamp, tipo_lance, descricao) VALUES(20, 143, '0:48:16', 'FALTA', 'Falta de Reza Ghoochannejhad em Sergio Buesquets!');
INSERT INTO lance (id_partida, id_pessoa, time_stamp, tipo_lance, descricao) VALUES(20, 98, '0:48:16', 'SOFREU FALTA', 'Sergio Buesquets sofre falta de Reza Ghoochannejhad!');
INSERT INTO lance (id_partida, id_pessoa, time_stamp, tipo_lance, descricao) VALUES(20, 92, '0:48:33', 'FALTA', 'Falta de Jordi Alba em Ehsan Hajsafi!');
INSERT INTO lance (id_partida, id_pessoa, time_stamp, tipo_lance, descricao) VALUES(20, 134, '0:48:33', 'SOFREU FALTA', 'Ehsan Hajsafi sofre falta de Jordi Alba!');
INSERT INTO lance (id_partida, id_pessoa, time_stamp, tipo_lance, descricao) VALUES(20, 104, '0:49:41', 'FALTA', 'Falta de David Silva em Ehsan Hajsafi!');
INSERT INTO lance (id_partida, id_pessoa, time_stamp, tipo_lance, descricao) VALUES(20, 134, '0:49:41', 'SOFREU FALTA', 'Ehsan Hajsafi sofre falta de David Silva!');
INSERT INTO lance (id_partida, id_pessoa, time_stamp, tipo_lance, descricao) VALUES(20, 92, '0:51:20', 'FALTA', 'Falta de Jordi Alba em Saman Ghoddos!');
INSERT INTO lance (id_partida, id_pessoa, time_stamp, tipo_lance, descricao) VALUES(20, 140, '0:51:20', 'SOFREU FALTA', 'Saman Ghoddos sofre falta de Jordi Alba!');
INSERT INTO lance (id_partida, id_pessoa, time_stamp, tipo_lance, descricao) VALUES(20, 98, '0:52:24', 'FALTA', 'Falta de Sergio Buesquets em Omid Ebrahimi!');
INSERT INTO lance (id_partida, id_pessoa, time_stamp, tipo_lance, descricao) VALUES(20, 135, '0:52:24', 'SOFREU FALTA', 'Omid Ebrahimi sofre falta de Sergio Buesquets!');
INSERT INTO lance (id_partida, id_pessoa, time_stamp, tipo_lance, descricao) VALUES(20, 98, '0:52:24', 'CARTAO AMARELO', 'Sergio Buesquets ganhou um cartão amarelo!');
INSERT INTO lance (id_partida, id_pessoa, time_stamp, tipo_lance, descricao) VALUES(20, 106, '0:52:33', 'SUBSTITUICAO', 'Sai Álvaro Morata!');
INSERT INTO lance (id_partida, id_pessoa, time_stamp, tipo_lance, descricao) VALUES(20, 97, '0:52:33', 'SUBSTITUICAO', 'Entra Daniel Carvajal!');
INSERT INTO lance (id_partida, id_pessoa, time_stamp, tipo_lance, descricao) VALUES(20, 103, '0:52:49', 'FALTA', 'Falta de Andrés Iniesta em Saman Ghoddos!');
INSERT INTO lance (id_partida, id_pessoa, time_stamp, tipo_lance, descricao) VALUES(20, 140, '0:52:49', 'SOFREU FALTA', 'Saman Ghoddos sofre falta de Andrés Iniesta!');
INSERT INTO lance (id_partida, id_pessoa, time_stamp, tipo_lance, descricao) VALUES(20, 137, '0:53:53', 'DEFESA', 'Defesa de Gerard Piqué!');
INSERT INTO lance (id_partida, id_pessoa, time_stamp, tipo_lance, descricao) VALUES(20, 143, '0:54:18', 'FALTA', 'Falta de Reza Ghoochannejhad em Sergio Buesquets!');
INSERT INTO lance (id_partida, id_pessoa, time_stamp, tipo_lance, descricao) VALUES(20, 98, '0:54:18', 'SOFREU FALTA', 'Sergio Buesquets sofre falta de Reza Ghoochannejhad!');
INSERT INTO lance (id_partida, id_pessoa, time_stamp, tipo_lance, descricao) VALUES(20, 97, '0:58:31', 'FALTA', 'Falta de Daniel Carvajal em Ramin Rezaeian!');
INSERT INTO lance (id_partida, id_pessoa, time_stamp, tipo_lance, descricao) VALUES(20, 133, '0:58:31', 'SOFREU FALTA', 'Ramin Rezaeian sofre falta de Daniel Carvajal!');
INSERT INTO lance (id_partida, id_pessoa, time_stamp, tipo_lance, descricao) VALUES(20, 103, '0:59:38', 'DEFESA', 'Defesa de Gerard Piqué!');
INSERT INTO lance (id_partida, id_pessoa, time_stamp, tipo_lance, descricao) VALUES(20, 100, '0:59:49', 'FALTA', 'Falta de Isco em Alireza Jahanbakhsh!');
INSERT INTO lance (id_partida, id_pessoa, time_stamp, tipo_lance, descricao) VALUES(20, 138, '0:59:49', 'SOFREU FALTA', 'Alireza Jahanbakhsh sofre falta de Isco!');
INSERT INTO lance (id_partida, id_pessoa, time_stamp, tipo_lance, descricao) VALUES(20, 134, '1:1:6', 'DEFESA', 'Defesa de Gerard Piqué!');
INSERT INTO lance (id_partida, id_pessoa, time_stamp, tipo_lance, descricao) VALUES(20, 134, '1:1:39', 'SUBSTITUICAO', 'Sai Ehsan Hajsafi!');
INSERT INTO lance (id_partida, id_pessoa, time_stamp, tipo_lance, descricao) VALUES(20, 129, '1:1:39', 'SUBSTITUICAO', 'Entra Vouria Ghafouri!');
INSERT INTO lance (id_partida, id_pessoa, time_stamp, tipo_lance, descricao) VALUES(20, 137, '1:10:56', 'DEFESA', 'Defesa de Gerard Piqué!');
INSERT INTO lance (id_partida, id_pessoa, time_stamp, tipo_lance, descricao) VALUES(20, 92, '1:11:48', 'DEFESA', 'Defesa de Gerard Piqué!');
INSERT INTO lance (id_partida, id_pessoa, time_stamp, tipo_lance, descricao) VALUES(20, 140, '1:19:7', 'FALTA', 'Falta de Saman Ghoddos em Marco Asensio!');
INSERT INTO lance (id_partida, id_pessoa, time_stamp, tipo_lance, descricao) VALUES(20, 102, '1:19:7', 'SOFREU FALTA', 'Marco Asensio sofre falta de Saman Ghoddos!');
INSERT INTO lance (id_partida, id_pessoa, time_stamp, tipo_lance, descricao) VALUES(20, 140, '1:19:7', 'CARTAO AMARELO', 'Saman Ghoddos ganhou um cartão amarelo!');
INSERT INTO lance (id_partida, id_pessoa, time_stamp, tipo_lance, descricao) VALUES(20, 92, '1:20:44', 'FALTA', 'Falta de Jordi Alba em Alireza Jahanbakhsh!');
INSERT INTO lance (id_partida, id_pessoa, time_stamp, tipo_lance, descricao) VALUES(20, 138, '1:20:44', 'SOFREU FALTA', 'Alireza Jahanbakhsh sofre falta de Jordi Alba!');
INSERT INTO lance (id_partida, id_pessoa, time_stamp, tipo_lance, descricao) VALUES(20, 143, '1:22:46', 'DEFESA', 'Defesa de Gerard Piqué!');
INSERT INTO lance (id_partida, id_pessoa, time_stamp, tipo_lance, descricao) VALUES(20, 101, '1:25:6', 'FALTA', 'Falta de Koke em Ramin Rezaeian!');
INSERT INTO lance (id_partida, id_pessoa, time_stamp, tipo_lance, descricao) VALUES(20, 133, '1:25:6', 'SOFREU FALTA', 'Ramin Rezaeian sofre falta de Koke!');
INSERT INTO lance (id_partida, id_pessoa, time_stamp, tipo_lance, descricao) VALUES(20, 101, '1:25:54', 'FALTA', 'Falta de Koke em Karim Ansarifard!');
INSERT INTO lance (id_partida, id_pessoa, time_stamp, tipo_lance, descricao) VALUES(20, 142, '1:25:54', 'SOFREU FALTA', 'Karim Ansarifard sofre falta de Koke!');
INSERT INTO lance (id_partida, id_pessoa, time_stamp, tipo_lance, descricao) VALUES(20, 129, '1:28:4', 'FALTA', 'Falta de Vouria Ghafouri em Isco!');
INSERT INTO lance (id_partida, id_pessoa, time_stamp, tipo_lance, descricao) VALUES(20, 100, '1:28:4', 'SOFREU FALTA', 'Isco sofre falta de Vouria Ghafouri!');
INSERT INTO lance (id_partida, id_pessoa, time_stamp, tipo_lance, descricao) VALUES(20, 140, '1:28:35', 'FALTA', 'Falta de Saman Ghoddos em Isco!');
INSERT INTO lance (id_partida, id_pessoa, time_stamp, tipo_lance, descricao) VALUES(20, 100, '1:28:35', 'SOFREU FALTA', 'Isco sofre falta de Saman Ghoddos!');
INSERT INTO lance (id_partida, id_pessoa, time_stamp, tipo_lance, descricao) VALUES(20, 133, '1:29:26', 'DEFESA', 'Defesa de Gerard Piqué!');
INSERT INTO lance (id_partida, id_pessoa, time_stamp, tipo_lance, descricao) VALUES(20, 142, '1:29:29', 'SUBSTITUICAO', 'Sai Karim Ansarifard!');
INSERT INTO lance (id_partida, id_pessoa, time_stamp, tipo_lance, descricao) VALUES(20, 132, '1:29:29', 'SUBSTITUICAO', 'Entra Morteza Pouraliganji!');
INSERT INTO apita (id_partida, id_pessoa) VALUES(21, 642);
INSERT INTO apita (id_partida, id_pessoa) VALUES(21, 584);
INSERT INTO apita (id_partida, id_pessoa) VALUES(21, 659);
INSERT INTO deslocamento (codigo_pais, id_partida, itinerario, descricao_da_escolta) VALUES('AUS', 21, 'K7J8EGRU708HSE8GFN5FX3L1Y7EGMTXPNTCDF3NI88MXVDNL7RRYGQ9QVSKGCKHOCS48B4AM9XGYQXGUU2I5B9I6UVRWTGFX08VCJPKDQEYTKKA8MZWKCMMDJ7OPMN33RS7SCDLFRFO7KZWJVTK3T5VOVR3LA40DL5B1MR5JOR267P', 'UKE43DAJW6S6VK9EXPLWOY56DYAOCDZRGYJA6A79KWO43VK9PNERV2O5PI0ECVHSHBZ6B8IXRLL2JADSNB9Y8H5OJNVYJ27ZP5X25N8QFR9KRWWPFH1AVSUAFLXXNUNZOVMNNKXADTTRHV6W1GTCB6E6LWWT0KDUDK55JIB4U07C8C2UOA6HBLXSQPB0XDJ2P8N7ZAMSEYRK8C8');
INSERT INTO deslocamento (codigo_pais, id_partida, itinerario, descricao_da_escolta) VALUES('DEN', 21, '4CFZN6T2WNP4HLGQQEW9Y44OXOCM3NTOR25V8UPTPVLMVSK3SA33P9TAI0B93H8I3AMOPVS6ZDUDTR2EDJ42UZ8SJ5NHSPZIX', 'SUG6N7S6EMPQQ0875UMFYEC4FTHLOJNLPQ9H8G57KXVWD2OWIVUF5SNOSL14ZG');
INSERT INTO lance (id_partida, id_pessoa, time_stamp, tipo_lance, descricao) VALUES(21, 642, '0:45:0', 'FIM DO PRIMEIRO TEMPO', 'Juiz Ballester apita o fim do primeiro tempo!');
INSERT INTO lance (id_partida, id_pessoa, time_stamp, tipo_lance, descricao) VALUES(21, 642, '1:30:0', 'FIM DO JOGO', 'Juiz Ballester apita o fim do jogo!');
INSERT INTO lance (id_partida, id_pessoa, time_stamp, tipo_lance, descricao) VALUES(21, 178, '0:1:3', 'DEFESA', 'Defesa de Aziz Behich!');
INSERT INTO lance (id_partida, id_pessoa, time_stamp, tipo_lance, descricao) VALUES(21, 214, '0:1:18', 'FALTA', 'Falta de Nicolai Jorgensen em Massimo Luongo!');
INSERT INTO lance (id_partida, id_pessoa, time_stamp, tipo_lance, descricao) VALUES(21, 174, '0:1:18', 'SOFREU FALTA', 'Massimo Luongo sofre falta de Nicolai Jorgensen!');
INSERT INTO lance (id_partida, id_pessoa, time_stamp, tipo_lance, descricao) VALUES(21, 216, '0:2:22', 'DEFESA', 'Defesa de Aziz Behich!');
INSERT INTO lance (id_partida, id_pessoa, time_stamp, tipo_lance, descricao) VALUES(21, 172, '0:5:41', 'FALTA', 'Falta de James Troisi em Yussuf Poulsen!');
INSERT INTO lance (id_partida, id_pessoa, time_stamp, tipo_lance, descricao) VALUES(21, 215, '0:5:41', 'SOFREU FALTA', 'Yussuf Poulsen sofre falta de James Troisi!');
INSERT INTO lance (id_partida, id_pessoa, time_stamp, tipo_lance, descricao) VALUES(21, 207, '0:9:27', 'FALTA', 'Falta de Riza Durmisi em James Troisi!');
INSERT INTO lance (id_partida, id_pessoa, time_stamp, tipo_lance, descricao) VALUES(21, 172, '0:9:27', 'SOFREU FALTA', 'James Troisi sofre falta de Riza Durmisi!');
INSERT INTO lance (id_partida, id_pessoa, time_stamp, tipo_lance, descricao) VALUES(21, 215, '0:13:13', 'DEFESA', 'Defesa de Aziz Behich!');
INSERT INTO lance (id_partida, id_pessoa, time_stamp, tipo_lance, descricao) VALUES(21, 173, '0:22:24', 'FALTA', 'Falta de Mile Jedinak em Riza Durmisi!');
INSERT INTO lance (id_partida, id_pessoa, time_stamp, tipo_lance, descricao) VALUES(21, 207, '0:22:24', 'SOFREU FALTA', 'Riza Durmisi sofre falta de Mile Jedinak!');
INSERT INTO lance (id_partida, id_pessoa, time_stamp, tipo_lance, descricao) VALUES(21, 210, '0:28:8', 'FALTA', 'Falta de Christian Eriksen em Tom Rogic!');
INSERT INTO lance (id_partida, id_pessoa, time_stamp, tipo_lance, descricao) VALUES(21, 176, '0:28:8', 'SOFREU FALTA', 'Tom Rogic sofre falta de Christian Eriksen!');
INSERT INTO lance (id_partida, id_pessoa, time_stamp, tipo_lance, descricao) VALUES(21, 208, '0:30:51', 'DEFESA', 'Defesa de Aziz Behich!');
INSERT INTO lance (id_partida, id_pessoa, time_stamp, tipo_lance, descricao) VALUES(21, 213, '0:33:24', 'FALTA', 'Falta de Nicklas Bendtner em Mathew Leckie!');
INSERT INTO lance (id_partida, id_pessoa, time_stamp, tipo_lance, descricao) VALUES(21, 178, '0:33:24', 'SOFREU FALTA', 'Mathew Leckie sofre falta de Nicklas Bendtner!');
INSERT INTO lance (id_partida, id_pessoa, time_stamp, tipo_lance, descricao) VALUES(21, 207, '0:34:49', 'FALTA', 'Falta de Riza Durmisi em Mathew Leckie!');
INSERT INTO lance (id_partida, id_pessoa, time_stamp, tipo_lance, descricao) VALUES(21, 178, '0:34:49', 'SOFREU FALTA', 'Mathew Leckie sofre falta de Riza Durmisi!');
INSERT INTO lance (id_partida, id_pessoa, time_stamp, tipo_lance, descricao) VALUES(21, 172, '0:37:20', 'DEFESA', 'Defesa de Aziz Behich!');
INSERT INTO lance (id_partida, id_pessoa, time_stamp, tipo_lance, descricao) VALUES(21, 172, '0:37:22', 'FALTA', 'Falta de James Troisi em Yussuf Poulsen!');
INSERT INTO lance (id_partida, id_pessoa, time_stamp, tipo_lance, descricao) VALUES(21, 215, '0:37:22', 'SOFREU FALTA', 'Yussuf Poulsen sofre falta de James Troisi!');
INSERT INTO lance (id_partida, id_pessoa, time_stamp, tipo_lance, descricao) VALUES(21, 175, '0:40:30', 'FALTA', 'Falta de Jackson Irvine em Peter Ankersen!');
INSERT INTO lance (id_partida, id_pessoa, time_stamp, tipo_lance, descricao) VALUES(21, 206, '0:40:30', 'SOFREU FALTA', 'Peter Ankersen sofre falta de Jackson Irvine!');
INSERT INTO lance (id_partida, id_pessoa, time_stamp, tipo_lance, descricao) VALUES(21, 211, '0:40:38', 'FALTA', 'Falta de Lasse Schöne em Aaron Mooy!');
INSERT INTO lance (id_partida, id_pessoa, time_stamp, tipo_lance, descricao) VALUES(21, 171, '0:40:38', 'SOFREU FALTA', 'Aaron Mooy sofre falta de Lasse Schöne!');
INSERT INTO lance (id_partida, id_pessoa, time_stamp, tipo_lance, descricao) VALUES(21, 212, '0:40:55', 'DEFESA', 'Defesa de Aziz Behich!');
INSERT INTO lance (id_partida, id_pessoa, time_stamp, tipo_lance, descricao) VALUES(21, 210, '0:41:29', 'FALTA', 'Falta de Christian Eriksen em James Troisi!');
INSERT INTO lance (id_partida, id_pessoa, time_stamp, tipo_lance, descricao) VALUES(21, 172, '0:41:29', 'SOFREU FALTA', 'James Troisi sofre falta de Christian Eriksen!');
INSERT INTO lance (id_partida, id_pessoa, time_stamp, tipo_lance, descricao) VALUES(21, 208, '0:41:57', 'FALTA', 'Falta de William Kvist em Robbie Kruse!');
INSERT INTO lance (id_partida, id_pessoa, time_stamp, tipo_lance, descricao) VALUES(21, 180, '0:41:57', 'SOFREU FALTA', 'Robbie Kruse sofre falta de William Kvist!');
INSERT INTO lance (id_partida, id_pessoa, time_stamp, tipo_lance, descricao) VALUES(21, 170, '0:52:18', 'DEFESA', 'Defesa de Aziz Behich!');
INSERT INTO lance (id_partida, id_pessoa, time_stamp, tipo_lance, descricao) VALUES(21, 206, '0:53:7', 'FALTA', 'Falta de Peter Ankersen em James Troisi!');
INSERT INTO lance (id_partida, id_pessoa, time_stamp, tipo_lance, descricao) VALUES(21, 172, '0:53:7', 'SOFREU FALTA', 'James Troisi sofre falta de Peter Ankersen!');
INSERT INTO lance (id_partida, id_pessoa, time_stamp, tipo_lance, descricao) VALUES(21, 207, '0:56:40', 'DEFESA', 'Defesa de Aziz Behich!');
INSERT INTO lance (id_partida, id_pessoa, time_stamp, tipo_lance, descricao) VALUES(21, 213, '0:58:16', 'FALTA', 'Falta de Nicklas Bendtner em Mathew Leckie!');
INSERT INTO lance (id_partida, id_pessoa, time_stamp, tipo_lance, descricao) VALUES(21, 178, '0:58:16', 'SOFREU FALTA', 'Mathew Leckie sofre falta de Nicklas Bendtner!');
INSERT INTO lance (id_partida, id_pessoa, time_stamp, tipo_lance, descricao) VALUES(21, 206, '1:1:38', 'ASSISTENCIA', 'Assistencia de Thomas Delaney!');
INSERT INTO lance (id_partida, id_pessoa, time_stamp, tipo_lance, descricao) VALUES(21, 206, '1:1:38', 'GOL', 'Gol de Peter Ankersen!');
INSERT INTO lance (id_partida, id_pessoa, time_stamp, tipo_lance, descricao) VALUES(21, 171, '1:2:31', 'FALTA', 'Falta de Aaron Mooy em Nicklas Bendtner!');
INSERT INTO lance (id_partida, id_pessoa, time_stamp, tipo_lance, descricao) VALUES(21, 213, '1:2:31', 'SOFREU FALTA', 'Nicklas Bendtner sofre falta de Aaron Mooy!');
INSERT INTO lance (id_partida, id_pessoa, time_stamp, tipo_lance, descricao) VALUES(21, 215, '1:3:36', 'FALTA', 'Falta de Yussuf Poulsen em Aaron Mooy!');
INSERT INTO lance (id_partida, id_pessoa, time_stamp, tipo_lance, descricao) VALUES(21, 171, '1:3:36', 'SOFREU FALTA', 'Aaron Mooy sofre falta de Yussuf Poulsen!');
INSERT INTO lance (id_partida, id_pessoa, time_stamp, tipo_lance, descricao) VALUES(21, 216, '1:4:31', 'DEFESA', 'Defesa de Aziz Behich!');
INSERT INTO lance (id_partida, id_pessoa, time_stamp, tipo_lance, descricao) VALUES(21, 180, '1:4:56', 'SUBSTITUICAO', 'Sai Robbie Kruse!');
INSERT INTO lance (id_partida, id_pessoa, time_stamp, tipo_lance, descricao) VALUES(21, 166, '1:4:56', 'SUBSTITUICAO', 'Entra Bailey Wright!');
INSERT INTO lance (id_partida, id_pessoa, time_stamp, tipo_lance, descricao) VALUES(21, 172, '1:4:57', 'FALTA', 'Falta de James Troisi em Andreas Cornelius!');
INSERT INTO lance (id_partida, id_pessoa, time_stamp, tipo_lance, descricao) VALUES(21, 216, '1:4:57', 'SOFREU FALTA', 'Andreas Cornelius sofre falta de James Troisi!');
INSERT INTO lance (id_partida, id_pessoa, time_stamp, tipo_lance, descricao) VALUES(21, 207, '1:5:19', 'FALTA', 'Falta de Riza Durmisi em James Troisi!');
INSERT INTO lance (id_partida, id_pessoa, time_stamp, tipo_lance, descricao) VALUES(21, 172, '1:5:19', 'SOFREU FALTA', 'James Troisi sofre falta de Riza Durmisi!');
INSERT INTO lance (id_partida, id_pessoa, time_stamp, tipo_lance, descricao) VALUES(21, 210, '1:7:19', 'FALTA', 'Falta de Christian Eriksen em Tom Rogic!');
INSERT INTO lance (id_partida, id_pessoa, time_stamp, tipo_lance, descricao) VALUES(21, 176, '1:7:19', 'SOFREU FALTA', 'Tom Rogic sofre falta de Christian Eriksen!');
INSERT INTO lance (id_partida, id_pessoa, time_stamp, tipo_lance, descricao) VALUES(21, 212, '1:7:29', 'FALTA', 'Falta de Pione Sisto em Mile Jedinak!');
INSERT INTO lance (id_partida, id_pessoa, time_stamp, tipo_lance, descricao) VALUES(21, 173, '1:7:29', 'SOFREU FALTA', 'Mile Jedinak sofre falta de Pione Sisto!');
INSERT INTO lance (id_partida, id_pessoa, time_stamp, tipo_lance, descricao) VALUES(21, 176, '1:7:33', 'DEFESA', 'Defesa de Aziz Behich!');
INSERT INTO lance (id_partida, id_pessoa, time_stamp, tipo_lance, descricao) VALUES(21, 208, '1:13:32', 'FALTA', 'Falta de William Kvist em Massimo Luongo!');
INSERT INTO lance (id_partida, id_pessoa, time_stamp, tipo_lance, descricao) VALUES(21, 174, '1:13:32', 'SOFREU FALTA', 'Massimo Luongo sofre falta de William Kvist!');
INSERT INTO lance (id_partida, id_pessoa, time_stamp, tipo_lance, descricao) VALUES(21, 175, '1:13:55', 'FALTA', 'Falta de Jackson Irvine em Lasse Schöne!');
INSERT INTO lance (id_partida, id_pessoa, time_stamp, tipo_lance, descricao) VALUES(21, 211, '1:13:55', 'SOFREU FALTA', 'Lasse Schöne sofre falta de Jackson Irvine!');
INSERT INTO lance (id_partida, id_pessoa, time_stamp, tipo_lance, descricao) VALUES(21, 212, '1:15:30', 'FALTA', 'Falta de Pione Sisto em Bailey Wright!');
INSERT INTO lance (id_partida, id_pessoa, time_stamp, tipo_lance, descricao) VALUES(21, 166, '1:15:30', 'SOFREU FALTA', 'Bailey Wright sofre falta de Pione Sisto!');
INSERT INTO lance (id_partida, id_pessoa, time_stamp, tipo_lance, descricao) VALUES(21, 208, '1:15:44', 'SUBSTITUICAO', 'Sai William Kvist!');
INSERT INTO lance (id_partida, id_pessoa, time_stamp, tipo_lance, descricao) VALUES(21, 203, '1:15:44', 'SUBSTITUICAO', 'Entra Andreas Bjelland!');
INSERT INTO lance (id_partida, id_pessoa, time_stamp, tipo_lance, descricao) VALUES(21, 203, '1:16:44', 'FALTA', 'Falta de Andreas Bjelland em Tom Rogic!');
INSERT INTO lance (id_partida, id_pessoa, time_stamp, tipo_lance, descricao) VALUES(21, 176, '1:16:44', 'SOFREU FALTA', 'Tom Rogic sofre falta de Andreas Bjelland!');
INSERT INTO lance (id_partida, id_pessoa, time_stamp, tipo_lance, descricao) VALUES(21, 214, '1:23:46', 'DEFESA', 'Defesa de Aziz Behich!');
INSERT INTO lance (id_partida, id_pessoa, time_stamp, tipo_lance, descricao) VALUES(21, 179, '1:23:50', 'DEFESA', 'Defesa de Aziz Behich!');
INSERT INTO lance (id_partida, id_pessoa, time_stamp, tipo_lance, descricao) VALUES(21, 216, '1:24:6', 'DEFESA', 'Defesa de Aziz Behich!');
INSERT INTO lance (id_partida, id_pessoa, time_stamp, tipo_lance, descricao) VALUES(21, 177, '1:25:3', 'FALTA', 'Falta de Tim Cahill em Nicolai Jorgensen!');
INSERT INTO lance (id_partida, id_pessoa, time_stamp, tipo_lance, descricao) VALUES(21, 214, '1:25:3', 'SOFREU FALTA', 'Nicolai Jorgensen sofre falta de Tim Cahill!');
INSERT INTO lance (id_partida, id_pessoa, time_stamp, tipo_lance, descricao) VALUES(21, 166, '1:27:2', 'FALTA', 'Falta de Bailey Wright em Yussuf Poulsen!');
INSERT INTO lance (id_partida, id_pessoa, time_stamp, tipo_lance, descricao) VALUES(21, 215, '1:27:2', 'SOFREU FALTA', 'Yussuf Poulsen sofre falta de Bailey Wright!');
INSERT INTO lance (id_partida, id_pessoa, time_stamp, tipo_lance, descricao) VALUES(21, 212, '1:27:16', 'GOL', 'Gol de Pione Sisto!');
INSERT INTO lance (id_partida, id_pessoa, time_stamp, tipo_lance, descricao) VALUES(21, 215, '1:27:47', 'DEFESA', 'Defesa de Aziz Behich!');
INSERT INTO apita (id_partida, id_pessoa) VALUES(22, 677);
INSERT INTO apita (id_partida, id_pessoa) VALUES(22, 593);
INSERT INTO apita (id_partida, id_pessoa) VALUES(22, 683);
INSERT INTO deslocamento (codigo_pais, id_partida, itinerario, descricao_da_escolta) VALUES('FRA', 22, 'WP7VZWE5D80SCGCQ0FXNP2AGQ5Q0F4HUBON5JF6OW38IRK67YUXTRT84P1E4FOZJ1FRY3HGVJI1W42ZG9TCVHYCSQTPSABJIDYQL2HEQNBJI2MAXC85VMECDC9I', '1YUI9SSGLNN1PVIFP40DS2QBFX58VNI394YZRAJJ34LYVEG067YIJE19ISCMXTU7EU1U7TXOUQJYQ1QBQFCXZ9U5DZR886VJJNTBMW3');
INSERT INTO deslocamento (codigo_pais, id_partida, itinerario, descricao_da_escolta) VALUES('PER', 22, 'KKX24CSQCA5SR7IEA6RHCZPY5AODIPY4LZNPM1AAGA67BD2MFOAQFVLU4974XPHWLBG1T32I5QAB3SX1HC73OIZ0O2UM4GM13JV97B2LV2UYUJ1MMGXVRNID', 'PN1IQOZEJHT6X3FKWIWXAGEAIAYT1KPBSWSYBCFO5ULCIQYMRL4FVPLJI0AP0FM82SNAKRJTCI2Q5C22LLCPPKPDLJPKCZXZHMJZDYB9CLDNW5OG7IEOD');
INSERT INTO lance (id_partida, id_pessoa, time_stamp, tipo_lance, descricao) VALUES(22, 677, '0:45:0', 'FIM DO PRIMEIRO TEMPO', 'Juiz Batchelder apita o fim do primeiro tempo!');
INSERT INTO lance (id_partida, id_pessoa, time_stamp, tipo_lance, descricao) VALUES(22, 677, '1:30:0', 'FIM DO JOGO', 'Juiz Batchelder apita o fim do jogo!');
INSERT INTO lance (id_partida, id_pessoa, time_stamp, tipo_lance, descricao) VALUES(22, 159, '0:2:28', 'FALTA', 'Falta de Alexandre Lacazette em Yoshimar Yotún!');
INSERT INTO lance (id_partida, id_pessoa, time_stamp, tipo_lance, descricao) VALUES(22, 192, '0:2:28', 'SOFREU FALTA', 'Yoshimar Yotún sofre falta de Alexandre Lacazette!');
INSERT INTO lance (id_partida, id_pessoa, time_stamp, tipo_lance, descricao) VALUES(22, 159, '0:2:28', 'CARTAO AMARELO', 'Alexandre Lacazette ganhou um cartão amarelo!');
INSERT INTO lance (id_partida, id_pessoa, time_stamp, tipo_lance, descricao) VALUES(22, 153, '0:2:30', 'FALTA', 'Falta de N’Golo Kanté em Jefferson Farfán!');
INSERT INTO lance (id_partida, id_pessoa, time_stamp, tipo_lance, descricao) VALUES(22, 196, '0:2:30', 'SOFREU FALTA', 'Jefferson Farfán sofre falta de N’Golo Kanté!');
INSERT INTO lance (id_partida, id_pessoa, time_stamp, tipo_lance, descricao) VALUES(22, 195, '0:3:35', 'DEFESA', 'Defesa de Samuel Umtiti!');
INSERT INTO lance (id_partida, id_pessoa, time_stamp, tipo_lance, descricao) VALUES(22, 155, '0:4:29', 'FALTA', 'Falta de Adrien Rabiot em Andy Polo!');
INSERT INTO lance (id_partida, id_pessoa, time_stamp, tipo_lance, descricao) VALUES(22, 191, '0:4:29', 'SOFREU FALTA', 'Andy Polo sofre falta de Adrien Rabiot!');
INSERT INTO lance (id_partida, id_pessoa, time_stamp, tipo_lance, descricao) VALUES(22, 159, '0:6:13', 'FALTA', 'Falta de Alexandre Lacazette em Jefferson Farfán!');
INSERT INTO lance (id_partida, id_pessoa, time_stamp, tipo_lance, descricao) VALUES(22, 196, '0:6:13', 'SOFREU FALTA', 'Jefferson Farfán sofre falta de Alexandre Lacazette!');
INSERT INTO lance (id_partida, id_pessoa, time_stamp, tipo_lance, descricao) VALUES(22, 198, '0:7:27', 'FALTA', 'Falta de André Carrillo em Olivier Giroud!');
INSERT INTO lance (id_partida, id_pessoa, time_stamp, tipo_lance, descricao) VALUES(22, 157, '0:7:27', 'SOFREU FALTA', 'Olivier Giroud sofre falta de André Carrillo!');
INSERT INTO lance (id_partida, id_pessoa, time_stamp, tipo_lance, descricao) VALUES(22, 156, '0:8:43', 'DEFESA', 'Defesa de Samuel Umtiti!');
INSERT INTO lance (id_partida, id_pessoa, time_stamp, tipo_lance, descricao) VALUES(22, 189, '0:11:2', 'DEFESA', 'Defesa de Samuel Umtiti!');
INSERT INTO lance (id_partida, id_pessoa, time_stamp, tipo_lance, descricao) VALUES(22, 196, '0:12:9', 'GOL', 'Gol de Jefferson Farfán!');
INSERT INTO lance (id_partida, id_pessoa, time_stamp, tipo_lance, descricao) VALUES(22, 153, '0:15:23', 'FALTA', 'Falta de N’Golo Kanté em Edison Flores!');
INSERT INTO lance (id_partida, id_pessoa, time_stamp, tipo_lance, descricao) VALUES(22, 193, '0:15:23', 'SOFREU FALTA', 'Edison Flores sofre falta de N’Golo Kanté!');
INSERT INTO lance (id_partida, id_pessoa, time_stamp, tipo_lance, descricao) VALUES(22, 154, '0:18:43', 'FALTA', 'Falta de Thomas Lemar em Renato Tapia!');
INSERT INTO lance (id_partida, id_pessoa, time_stamp, tipo_lance, descricao) VALUES(22, 190, '0:18:43', 'SOFREU FALTA', 'Renato Tapia sofre falta de Thomas Lemar!');
INSERT INTO lance (id_partida, id_pessoa, time_stamp, tipo_lance, descricao) VALUES(22, 154, '0:20:3', 'ASSISTENCIA', 'Assistencia de Balise Matuidi!');
INSERT INTO lance (id_partida, id_pessoa, time_stamp, tipo_lance, descricao) VALUES(22, 154, '0:20:3', 'GOL', 'Gol de Thomas Lemar!');
INSERT INTO lance (id_partida, id_pessoa, time_stamp, tipo_lance, descricao) VALUES(22, 156, '0:24:12', 'FALTA', 'Falta de Paul Pogba em Christian Cueva!');
INSERT INTO lance (id_partida, id_pessoa, time_stamp, tipo_lance, descricao) VALUES(22, 189, '0:24:12', 'SOFREU FALTA', 'Christian Cueva sofre falta de Paul Pogba!');
INSERT INTO lance (id_partida, id_pessoa, time_stamp, tipo_lance, descricao) VALUES(22, 193, '0:25:13', 'DEFESA', 'Defesa de Samuel Umtiti!');
INSERT INTO lance (id_partida, id_pessoa, time_stamp, tipo_lance, descricao) VALUES(22, 154, '0:26:51', 'DEFESA', 'Defesa de Samuel Umtiti!');
INSERT INTO lance (id_partida, id_pessoa, time_stamp, tipo_lance, descricao) VALUES(22, 196, '0:27:41', 'FALTA', 'Falta de Jefferson Farfán em N’Golo Kanté!');
INSERT INTO lance (id_partida, id_pessoa, time_stamp, tipo_lance, descricao) VALUES(22, 153, '0:27:41', 'SOFREU FALTA', 'N’Golo Kanté sofre falta de Jefferson Farfán!');
INSERT INTO lance (id_partida, id_pessoa, time_stamp, tipo_lance, descricao) VALUES(22, 191, '0:28:33', 'ASSISTENCIA', 'Assistencia de Edison Flores!');
INSERT INTO lance (id_partida, id_pessoa, time_stamp, tipo_lance, descricao) VALUES(22, 191, '0:28:33', 'GOL', 'Gol de Andy Polo!');
INSERT INTO lance (id_partida, id_pessoa, time_stamp, tipo_lance, descricao) VALUES(22, 162, '0:33:6', 'FALTA', 'Falta de Anthony Martial em Paolo Guerrero!');
INSERT INTO lance (id_partida, id_pessoa, time_stamp, tipo_lance, descricao) VALUES(22, 195, '0:33:6', 'SOFREU FALTA', 'Paolo Guerrero sofre falta de Anthony Martial!');
INSERT INTO lance (id_partida, id_pessoa, time_stamp, tipo_lance, descricao) VALUES(22, 157, '0:35:14', 'FALTA', 'Falta de Olivier Giroud em Paolo Guerrero!');
INSERT INTO lance (id_partida, id_pessoa, time_stamp, tipo_lance, descricao) VALUES(22, 195, '0:35:14', 'SOFREU FALTA', 'Paolo Guerrero sofre falta de Olivier Giroud!');
INSERT INTO lance (id_partida, id_pessoa, time_stamp, tipo_lance, descricao) VALUES(22, 192, '0:35:33', 'FALTA', 'Falta de Yoshimar Yotún em Alexandre Lacazette!');
INSERT INTO lance (id_partida, id_pessoa, time_stamp, tipo_lance, descricao) VALUES(22, 159, '0:35:33', 'SOFREU FALTA', 'Alexandre Lacazette sofre falta de Yoshimar Yotún!');
INSERT INTO lance (id_partida, id_pessoa, time_stamp, tipo_lance, descricao) VALUES(22, 192, '0:35:39', 'FALTA', 'Falta de Yoshimar Yotún em Adrien Rabiot!');
INSERT INTO lance (id_partida, id_pessoa, time_stamp, tipo_lance, descricao) VALUES(22, 155, '0:35:39', 'SOFREU FALTA', 'Adrien Rabiot sofre falta de Yoshimar Yotún!');
INSERT INTO lance (id_partida, id_pessoa, time_stamp, tipo_lance, descricao) VALUES(22, 192, '0:37:26', 'FALTA', 'Falta de Yoshimar Yotún em Antoine Griezmann!');
INSERT INTO lance (id_partida, id_pessoa, time_stamp, tipo_lance, descricao) VALUES(22, 158, '0:37:26', 'SOFREU FALTA', 'Antoine Griezmann sofre falta de Yoshimar Yotún!');
INSERT INTO lance (id_partida, id_pessoa, time_stamp, tipo_lance, descricao) VALUES(22, 192, '0:38:4', 'GOL', 'Gol de Yoshimar Yotún!');
INSERT INTO lance (id_partida, id_pessoa, time_stamp, tipo_lance, descricao) VALUES(22, 194, '0:41:1', 'FALTA', 'Falta de Paolo Hurtado em Kylian Mbappé!');
INSERT INTO lance (id_partida, id_pessoa, time_stamp, tipo_lance, descricao) VALUES(22, 160, '0:41:1', 'SOFREU FALTA', 'Kylian Mbappé sofre falta de Paolo Hurtado!');
INSERT INTO lance (id_partida, id_pessoa, time_stamp, tipo_lance, descricao) VALUES(22, 192, '0:43:16', 'DEFESA', 'Defesa de Samuel Umtiti!');
INSERT INTO lance (id_partida, id_pessoa, time_stamp, tipo_lance, descricao) VALUES(22, 194, '0:44:8', 'FALTA', 'Falta de Paolo Hurtado em Olivier Giroud!');
INSERT INTO lance (id_partida, id_pessoa, time_stamp, tipo_lance, descricao) VALUES(22, 157, '0:44:8', 'SOFREU FALTA', 'Olivier Giroud sofre falta de Paolo Hurtado!');
INSERT INTO lance (id_partida, id_pessoa, time_stamp, tipo_lance, descricao) VALUES(22, 198, '0:49:11', 'DEFESA', 'Defesa de Samuel Umtiti!');
INSERT INTO lance (id_partida, id_pessoa, time_stamp, tipo_lance, descricao) VALUES(22, 154, '0:50:5', 'FALTA', 'Falta de Thomas Lemar em André Carrillo!');
INSERT INTO lance (id_partida, id_pessoa, time_stamp, tipo_lance, descricao) VALUES(22, 198, '0:50:5', 'SOFREU FALTA', 'André Carrillo sofre falta de Thomas Lemar!');
INSERT INTO lance (id_partida, id_pessoa, time_stamp, tipo_lance, descricao) VALUES(22, 159, '0:54:16', 'FALTA', 'Falta de Alexandre Lacazette em Renato Tapia!');
INSERT INTO lance (id_partida, id_pessoa, time_stamp, tipo_lance, descricao) VALUES(22, 190, '0:54:16', 'SOFREU FALTA', 'Renato Tapia sofre falta de Alexandre Lacazette!');
INSERT INTO lance (id_partida, id_pessoa, time_stamp, tipo_lance, descricao) VALUES(22, 159, '0:57:23', 'ASSISTENCIA', 'Assistencia de Antoine Griezmann!');
INSERT INTO lance (id_partida, id_pessoa, time_stamp, tipo_lance, descricao) VALUES(22, 159, '0:57:23', 'GOL', 'Gol de Alexandre Lacazette!');
INSERT INTO lance (id_partida, id_pessoa, time_stamp, tipo_lance, descricao) VALUES(22, 156, '0:58:21', 'FALTA', 'Falta de Paul Pogba em Renato Tapia!');
INSERT INTO lance (id_partida, id_pessoa, time_stamp, tipo_lance, descricao) VALUES(22, 190, '0:58:21', 'SOFREU FALTA', 'Renato Tapia sofre falta de Paul Pogba!');
INSERT INTO lance (id_partida, id_pessoa, time_stamp, tipo_lance, descricao) VALUES(22, 188, '1:1:12', 'SUBSTITUICAO', 'Sai Miguel Araujo!');
INSERT INTO lance (id_partida, id_pessoa, time_stamp, tipo_lance, descricao) VALUES(22, 185, '1:1:12', 'SUBSTITUICAO', 'Entra Christian Ramos!');
INSERT INTO lance (id_partida, id_pessoa, time_stamp, tipo_lance, descricao) VALUES(22, 193, '1:1:21', 'DEFESA', 'Defesa de Samuel Umtiti!');
INSERT INTO lance (id_partida, id_pessoa, time_stamp, tipo_lance, descricao) VALUES(22, 159, '1:2:43', 'FALTA', 'Falta de Alexandre Lacazette em Andy Polo!');
INSERT INTO lance (id_partida, id_pessoa, time_stamp, tipo_lance, descricao) VALUES(22, 191, '1:2:43', 'SOFREU FALTA', 'Andy Polo sofre falta de Alexandre Lacazette!');
INSERT INTO lance (id_partida, id_pessoa, time_stamp, tipo_lance, descricao) VALUES(22, 155, '1:5:24', 'FALTA', 'Falta de Adrien Rabiot em Andy Polo!');
INSERT INTO lance (id_partida, id_pessoa, time_stamp, tipo_lance, descricao) VALUES(22, 191, '1:5:24', 'SOFREU FALTA', 'Andy Polo sofre falta de Adrien Rabiot!');
INSERT INTO lance (id_partida, id_pessoa, time_stamp, tipo_lance, descricao) VALUES(22, 156, '1:5:43', 'FALTA', 'Falta de Paul Pogba em Christian Ramos!');
INSERT INTO lance (id_partida, id_pessoa, time_stamp, tipo_lance, descricao) VALUES(22, 185, '1:5:43', 'SOFREU FALTA', 'Christian Ramos sofre falta de Paul Pogba!');
INSERT INTO lance (id_partida, id_pessoa, time_stamp, tipo_lance, descricao) VALUES(22, 153, '1:6:2', 'DEFESA', 'Defesa de Samuel Umtiti!');
INSERT INTO lance (id_partida, id_pessoa, time_stamp, tipo_lance, descricao) VALUES(22, 192, '1:7:15', 'DEFESA', 'Defesa de Samuel Umtiti!');
INSERT INTO lance (id_partida, id_pessoa, time_stamp, tipo_lance, descricao) VALUES(22, 192, '1:7:52', 'SUBSTITUICAO', 'Sai Yoshimar Yotún!');
INSERT INTO lance (id_partida, id_pessoa, time_stamp, tipo_lance, descricao) VALUES(22, 184, '1:7:52', 'SUBSTITUICAO', 'Entra Miguel Trauco!');
INSERT INTO lance (id_partida, id_pessoa, time_stamp, tipo_lance, descricao) VALUES(22, 184, '1:10:47', 'SUBSTITUICAO', 'Sai Miguel Trauco!');
INSERT INTO lance (id_partida, id_pessoa, time_stamp, tipo_lance, descricao) VALUES(22, 182, '1:10:47', 'SUBSTITUICAO', 'Entra Carlos Cáceda!');
INSERT INTO lance (id_partida, id_pessoa, time_stamp, tipo_lance, descricao) VALUES(22, 157, '1:10:48', 'FALTA', 'Falta de Olivier Giroud em Raúl Ruidíaz!');
INSERT INTO lance (id_partida, id_pessoa, time_stamp, tipo_lance, descricao) VALUES(22, 197, '1:10:48', 'SOFREU FALTA', 'Raúl Ruidíaz sofre falta de Olivier Giroud!');
INSERT INTO lance (id_partida, id_pessoa, time_stamp, tipo_lance, descricao) VALUES(22, 154, '1:11:56', 'FALTA', 'Falta de Thomas Lemar em André Carrillo!');
INSERT INTO lance (id_partida, id_pessoa, time_stamp, tipo_lance, descricao) VALUES(22, 198, '1:11:56', 'SOFREU FALTA', 'André Carrillo sofre falta de Thomas Lemar!');
INSERT INTO lance (id_partida, id_pessoa, time_stamp, tipo_lance, descricao) VALUES(22, 156, '1:13:17', 'DEFESA', 'Defesa de Samuel Umtiti!');
INSERT INTO lance (id_partida, id_pessoa, time_stamp, tipo_lance, descricao) VALUES(22, 156, '1:14:29', 'DEFESA', 'Defesa de Samuel Umtiti!');
INSERT INTO lance (id_partida, id_pessoa, time_stamp, tipo_lance, descricao) VALUES(22, 193, '1:15:29', 'SUBSTITUICAO', 'Sai Edison Flores!');
INSERT INTO lance (id_partida, id_pessoa, time_stamp, tipo_lance, descricao) VALUES(22, 184, '1:15:29', 'SUBSTITUICAO', 'Entra Miguel Trauco!');
INSERT INTO lance (id_partida, id_pessoa, time_stamp, tipo_lance, descricao) VALUES(22, 197, '1:15:32', 'FALTA', 'Falta de Raúl Ruidíaz em Kylian Mbappé!');
INSERT INTO lance (id_partida, id_pessoa, time_stamp, tipo_lance, descricao) VALUES(22, 160, '1:15:32', 'SOFREU FALTA', 'Kylian Mbappé sofre falta de Raúl Ruidíaz!');
INSERT INTO lance (id_partida, id_pessoa, time_stamp, tipo_lance, descricao) VALUES(22, 157, '1:15:42', 'FALTA', 'Falta de Olivier Giroud em Renato Tapia!');
INSERT INTO lance (id_partida, id_pessoa, time_stamp, tipo_lance, descricao) VALUES(22, 190, '1:15:42', 'SOFREU FALTA', 'Renato Tapia sofre falta de Olivier Giroud!');
INSERT INTO lance (id_partida, id_pessoa, time_stamp, tipo_lance, descricao) VALUES(22, 158, '1:17:34', 'FALTA', 'Falta de Antoine Griezmann em Miguel Trauco!');
INSERT INTO lance (id_partida, id_pessoa, time_stamp, tipo_lance, descricao) VALUES(22, 184, '1:17:34', 'SOFREU FALTA', 'Miguel Trauco sofre falta de Antoine Griezmann!');
INSERT INTO lance (id_partida, id_pessoa, time_stamp, tipo_lance, descricao) VALUES(22, 162, '1:18:48', 'SUBSTITUICAO', 'Sai Anthony Martial!');
INSERT INTO lance (id_partida, id_pessoa, time_stamp, tipo_lance, descricao) VALUES(22, 149, '1:18:48', 'SUBSTITUICAO', 'Entra Samuel Umtiti!');
INSERT INTO lance (id_partida, id_pessoa, time_stamp, tipo_lance, descricao) VALUES(22, 195, '1:19:50', 'DEFESA', 'Defesa de Samuel Umtiti!');
INSERT INTO lance (id_partida, id_pessoa, time_stamp, tipo_lance, descricao) VALUES(22, 195, '1:21:13', 'FALTA', 'Falta de Paolo Guerrero em Alexandre Lacazette!');
INSERT INTO lance (id_partida, id_pessoa, time_stamp, tipo_lance, descricao) VALUES(22, 159, '1:21:13', 'SOFREU FALTA', 'Alexandre Lacazette sofre falta de Paolo Guerrero!');
INSERT INTO lance (id_partida, id_pessoa, time_stamp, tipo_lance, descricao) VALUES(22, 185, '1:24:15', 'FALTA', 'Falta de Christian Ramos em Ousmane Dembélé!');
INSERT INTO lance (id_partida, id_pessoa, time_stamp, tipo_lance, descricao) VALUES(22, 161, '1:24:15', 'SOFREU FALTA', 'Ousmane Dembélé sofre falta de Christian Ramos!');
INSERT INTO lance (id_partida, id_pessoa, time_stamp, tipo_lance, descricao) VALUES(22, 158, '1:27:23', 'FALTA', 'Falta de Antoine Griezmann em Christian Ramos!');
INSERT INTO lance (id_partida, id_pessoa, time_stamp, tipo_lance, descricao) VALUES(22, 185, '1:27:23', 'SOFREU FALTA', 'Christian Ramos sofre falta de Antoine Griezmann!');
INSERT INTO lance (id_partida, id_pessoa, time_stamp, tipo_lance, descricao) VALUES(22, 182, '1:29:7', 'FALTA', 'Falta de Carlos Cáceda em Alexandre Lacazette!');
INSERT INTO lance (id_partida, id_pessoa, time_stamp, tipo_lance, descricao) VALUES(22, 159, '1:29:7', 'SOFREU FALTA', 'Alexandre Lacazette sofre falta de Carlos Cáceda!');
INSERT INTO lance (id_partida, id_pessoa, time_stamp, tipo_lance, descricao) VALUES(22, 182, '1:29:7', 'CARTAO AMARELO', 'Carlos Cáceda ganhou um cartão amarelo!');
INSERT INTO apita (id_partida, id_pessoa) VALUES(23, 612);
INSERT INTO apita (id_partida, id_pessoa) VALUES(23, 579);
INSERT INTO apita (id_partida, id_pessoa) VALUES(23, 648);
INSERT INTO deslocamento (codigo_pais, id_partida, itinerario, descricao_da_escolta) VALUES('ARG', 23, 'MK9OH81XSVSGUQ90Z8ZM4KPZKVFG60GI0MNT7C0FJ4I3EMCUVQZTM8KC4JDW2U12OJQHDP3XHU', 'ABWU7SUVPBX61CKZX8EMYCPO464RFXBL15KAHYGDI8L11MZF20GZDIO7VH0BYCP19ME61');
INSERT INTO deslocamento (codigo_pais, id_partida, itinerario, descricao_da_escolta) VALUES('CRO', 23, 'R82AD00YXRHYZPRMHTQNOA8FPFTU1PI2OSIH6DEYG7TI49NAKXEVPO4R9XV8GG7IJOKGGJPEO1GRQZLQ1SJDKWM9X1IJRGR9AL8PYH4', 'IAGYHNAJMEGY738WBKSOAFWIKHRF051UYH5KQY2K187NA3CHNMONYPACN7');
INSERT INTO lance (id_partida, id_pessoa, time_stamp, tipo_lance, descricao) VALUES(23, 612, '0:45:0', 'FIM DO PRIMEIRO TEMPO', 'Juiz Flatley apita o fim do primeiro tempo!');
INSERT INTO lance (id_partida, id_pessoa, time_stamp, tipo_lance, descricao) VALUES(23, 612, '1:30:0', 'FIM DO JOGO', 'Juiz Flatley apita o fim do jogo!');
INSERT INTO lance (id_partida, id_pessoa, time_stamp, tipo_lance, descricao) VALUES(23, 229, '0:2:27', 'SUBSTITUICAO', 'Sai Eduardo Salvio!');
INSERT INTO lance (id_partida, id_pessoa, time_stamp, tipo_lance, descricao) VALUES(23, 222, '0:2:27', 'SUBSTITUICAO', 'Entra Marcos Rojo!');
INSERT INTO lance (id_partida, id_pessoa, time_stamp, tipo_lance, descricao) VALUES(23, 231, '0:3:5', 'FALTA', 'Falta de Lionel Messi em Mario Mandzukic!');
INSERT INTO lance (id_partida, id_pessoa, time_stamp, tipo_lance, descricao) VALUES(23, 269, '0:3:5', 'SOFREU FALTA', 'Mario Mandzukic sofre falta de Lionel Messi!');
INSERT INTO lance (id_partida, id_pessoa, time_stamp, tipo_lance, descricao) VALUES(23, 224, '0:5:5', 'FALTA', 'Falta de Lucas Biglia em Ivan Rakitic!');
INSERT INTO lance (id_partida, id_pessoa, time_stamp, tipo_lance, descricao) VALUES(23, 260, '0:5:5', 'SOFREU FALTA', 'Ivan Rakitic sofre falta de Lucas Biglia!');
INSERT INTO lance (id_partida, id_pessoa, time_stamp, tipo_lance, descricao) VALUES(23, 268, '0:5:7', 'DEFESA', 'Defesa de Nicolás Otamendi!');
INSERT INTO lance (id_partida, id_pessoa, time_stamp, tipo_lance, descricao) VALUES(23, 233, '0:5:45', 'DEFESA', 'Defesa de Nicolás Otamendi!');
INSERT INTO lance (id_partida, id_pessoa, time_stamp, tipo_lance, descricao) VALUES(23, 224, '0:6:38', 'FALTA', 'Falta de Lucas Biglia em Milan Badelj!');
INSERT INTO lance (id_partida, id_pessoa, time_stamp, tipo_lance, descricao) VALUES(23, 265, '0:6:38', 'SOFREU FALTA', 'Milan Badelj sofre falta de Lucas Biglia!');
INSERT INTO lance (id_partida, id_pessoa, time_stamp, tipo_lance, descricao) VALUES(23, 261, '0:7:17', 'SUBSTITUICAO', 'Sai Luka Modric!');
INSERT INTO lance (id_partida, id_pessoa, time_stamp, tipo_lance, descricao) VALUES(23, 259, '0:7:17', 'SUBSTITUICAO', 'Entra Vedran Corluka!');
INSERT INTO lance (id_partida, id_pessoa, time_stamp, tipo_lance, descricao) VALUES(23, 270, '0:8:29', 'SUBSTITUICAO', 'Sai Ivan Perisic!');
INSERT INTO lance (id_partida, id_pessoa, time_stamp, tipo_lance, descricao) VALUES(23, 258, '0:8:29', 'SUBSTITUICAO', 'Entra Josip Pivaric!');
INSERT INTO lance (id_partida, id_pessoa, time_stamp, tipo_lance, descricao) VALUES(23, 225, '0:9:48', 'DEFESA', 'Defesa de Nicolás Otamendi!');
INSERT INTO lance (id_partida, id_pessoa, time_stamp, tipo_lance, descricao) VALUES(23, 269, '0:10:44', 'FALTA', 'Falta de Mario Mandzukic em Éver Banega!');
INSERT INTO lance (id_partida, id_pessoa, time_stamp, tipo_lance, descricao) VALUES(23, 228, '0:10:44', 'SOFREU FALTA', 'Éver Banega sofre falta de Mario Mandzukic!');
INSERT INTO lance (id_partida, id_pessoa, time_stamp, tipo_lance, descricao) VALUES(23, 232, '0:15:31', 'FALTA', 'Falta de Paulo Dybala em Mateo Kovacic!');
INSERT INTO lance (id_partida, id_pessoa, time_stamp, tipo_lance, descricao) VALUES(23, 266, '0:15:31', 'SOFREU FALTA', 'Mateo Kovacic sofre falta de Paulo Dybala!');
INSERT INTO lance (id_partida, id_pessoa, time_stamp, tipo_lance, descricao) VALUES(23, 232, '0:17:9', 'FALTA', 'Falta de Paulo Dybala em Marcelo Brozovic!');
INSERT INTO lance (id_partida, id_pessoa, time_stamp, tipo_lance, descricao) VALUES(23, 262, '0:17:9', 'SOFREU FALTA', 'Marcelo Brozovic sofre falta de Paulo Dybala!');
INSERT INTO lance (id_partida, id_pessoa, time_stamp, tipo_lance, descricao) VALUES(23, 266, '0:18:26', 'SUBSTITUICAO', 'Sai Mateo Kovacic!');
INSERT INTO lance (id_partida, id_pessoa, time_stamp, tipo_lance, descricao) VALUES(23, 261, '0:18:26', 'SUBSTITUICAO', 'Entra Luka Modric!');
INSERT INTO lance (id_partida, id_pessoa, time_stamp, tipo_lance, descricao) VALUES(23, 226, '0:18:45', 'FALTA', 'Falta de Ángel Di Maria em Josip Pivaric!');
INSERT INTO lance (id_partida, id_pessoa, time_stamp, tipo_lance, descricao) VALUES(23, 258, '0:18:45', 'SOFREU FALTA', 'Josip Pivaric sofre falta de Ángel Di Maria!');
INSERT INTO lance (id_partida, id_pessoa, time_stamp, tipo_lance, descricao) VALUES(23, 222, '0:19:28', 'FALTA', 'Falta de Marcos Rojo em Josip Pivaric!');
INSERT INTO lance (id_partida, id_pessoa, time_stamp, tipo_lance, descricao) VALUES(23, 258, '0:19:28', 'SOFREU FALTA', 'Josip Pivaric sofre falta de Marcos Rojo!');
INSERT INTO lance (id_partida, id_pessoa, time_stamp, tipo_lance, descricao) VALUES(23, 268, '0:19:33', 'FALTA', 'Falta de Nikola Kalinic em Ángel Di Maria!');
INSERT INTO lance (id_partida, id_pessoa, time_stamp, tipo_lance, descricao) VALUES(23, 226, '0:19:33', 'SOFREU FALTA', 'Ángel Di Maria sofre falta de Nikola Kalinic!');
INSERT INTO lance (id_partida, id_pessoa, time_stamp, tipo_lance, descricao) VALUES(23, 267, '0:19:58', 'FALTA', 'Falta de Andrej Kramaric em Marcos Acuña!');
INSERT INTO lance (id_partida, id_pessoa, time_stamp, tipo_lance, descricao) VALUES(23, 227, '0:19:58', 'SOFREU FALTA', 'Marcos Acuña sofre falta de Andrej Kramaric!');
INSERT INTO lance (id_partida, id_pessoa, time_stamp, tipo_lance, descricao) VALUES(23, 269, '0:20:51', 'FALTA', 'Falta de Mario Mandzukic em Marcos Acuña!');
INSERT INTO lance (id_partida, id_pessoa, time_stamp, tipo_lance, descricao) VALUES(23, 227, '0:20:51', 'SOFREU FALTA', 'Marcos Acuña sofre falta de Mario Mandzukic!');
INSERT INTO lance (id_partida, id_pessoa, time_stamp, tipo_lance, descricao) VALUES(23, 262, '0:23:13', 'FALTA', 'Falta de Marcelo Brozovic em Ángel Di Maria!');
INSERT INTO lance (id_partida, id_pessoa, time_stamp, tipo_lance, descricao) VALUES(23, 226, '0:23:13', 'SOFREU FALTA', 'Ángel Di Maria sofre falta de Marcelo Brozovic!');
INSERT INTO lance (id_partida, id_pessoa, time_stamp, tipo_lance, descricao) VALUES(23, 225, '0:28:36', 'FALTA', 'Falta de Enzo Pérez em Ivan Rakitic!');
INSERT INTO lance (id_partida, id_pessoa, time_stamp, tipo_lance, descricao) VALUES(23, 260, '0:28:36', 'SOFREU FALTA', 'Ivan Rakitic sofre falta de Enzo Pérez!');
INSERT INTO lance (id_partida, id_pessoa, time_stamp, tipo_lance, descricao) VALUES(23, 222, '0:34:59', 'FALTA', 'Falta de Marcos Rojo em Milan Badelj!');
INSERT INTO lance (id_partida, id_pessoa, time_stamp, tipo_lance, descricao) VALUES(23, 265, '0:34:59', 'SOFREU FALTA', 'Milan Badelj sofre falta de Marcos Rojo!');
INSERT INTO lance (id_partida, id_pessoa, time_stamp, tipo_lance, descricao) VALUES(23, 231, '0:36:35', 'DEFESA', 'Defesa de Nicolás Otamendi!');
INSERT INTO lance (id_partida, id_pessoa, time_stamp, tipo_lance, descricao) VALUES(23, 260, '0:37:32', 'FALTA', 'Falta de Ivan Rakitic em Gonzalo Higuaín!');
INSERT INTO lance (id_partida, id_pessoa, time_stamp, tipo_lance, descricao) VALUES(23, 234, '0:37:32', 'SOFREU FALTA', 'Gonzalo Higuaín sofre falta de Ivan Rakitic!');
INSERT INTO lance (id_partida, id_pessoa, time_stamp, tipo_lance, descricao) VALUES(23, 261, '0:40:6', 'SUBSTITUICAO', 'Sai Luka Modric!');
INSERT INTO lance (id_partida, id_pessoa, time_stamp, tipo_lance, descricao) VALUES(23, 270, '0:40:6', 'SUBSTITUICAO', 'Entra Ivan Perisic!');
INSERT INTO lance (id_partida, id_pessoa, time_stamp, tipo_lance, descricao) VALUES(23, 234, '0:41:14', 'FALTA', 'Falta de Gonzalo Higuaín em Vedran Corluka!');
INSERT INTO lance (id_partida, id_pessoa, time_stamp, tipo_lance, descricao) VALUES(23, 259, '0:41:14', 'SOFREU FALTA', 'Vedran Corluka sofre falta de Gonzalo Higuaín!');
INSERT INTO lance (id_partida, id_pessoa, time_stamp, tipo_lance, descricao) VALUES(23, 226, '0:42:22', 'FALTA', 'Falta de Ángel Di Maria em Vedran Corluka!');
INSERT INTO lance (id_partida, id_pessoa, time_stamp, tipo_lance, descricao) VALUES(23, 259, '0:42:22', 'SOFREU FALTA', 'Vedran Corluka sofre falta de Ángel Di Maria!');
INSERT INTO lance (id_partida, id_pessoa, time_stamp, tipo_lance, descricao) VALUES(23, 262, '0:42:23', 'GOL', 'Gol de Marcelo Brozovic!');
INSERT INTO lance (id_partida, id_pessoa, time_stamp, tipo_lance, descricao) VALUES(23, 228, '0:42:51', 'FALTA', 'Falta de Éver Banega em Josip Pivaric!');
INSERT INTO lance (id_partida, id_pessoa, time_stamp, tipo_lance, descricao) VALUES(23, 258, '0:42:51', 'SOFREU FALTA', 'Josip Pivaric sofre falta de Éver Banega!');
INSERT INTO lance (id_partida, id_pessoa, time_stamp, tipo_lance, descricao) VALUES(23, 226, '0:43:37', 'DEFESA', 'Defesa de Nicolás Otamendi!');
INSERT INTO lance (id_partida, id_pessoa, time_stamp, tipo_lance, descricao) VALUES(23, 226, '0:44:57', 'FALTA', 'Falta de Ángel Di Maria em Milan Badelj!');
INSERT INTO lance (id_partida, id_pessoa, time_stamp, tipo_lance, descricao) VALUES(23, 265, '0:44:57', 'SOFREU FALTA', 'Milan Badelj sofre falta de Ángel Di Maria!');
INSERT INTO lance (id_partida, id_pessoa, time_stamp, tipo_lance, descricao) VALUES(23, 225, '0:45:25', 'FALTA', 'Falta de Enzo Pérez em Vedran Corluka!');
INSERT INTO lance (id_partida, id_pessoa, time_stamp, tipo_lance, descricao) VALUES(23, 259, '0:45:25', 'SOFREU FALTA', 'Vedran Corluka sofre falta de Enzo Pérez!');
INSERT INTO lance (id_partida, id_pessoa, time_stamp, tipo_lance, descricao) VALUES(23, 269, '0:47:3', 'DEFESA', 'Defesa de Nicolás Otamendi!');
INSERT INTO lance (id_partida, id_pessoa, time_stamp, tipo_lance, descricao) VALUES(23, 260, '0:48:25', 'FALTA', 'Falta de Ivan Rakitic em Marcos Acuña!');
INSERT INTO lance (id_partida, id_pessoa, time_stamp, tipo_lance, descricao) VALUES(23, 227, '0:48:25', 'SOFREU FALTA', 'Marcos Acuña sofre falta de Ivan Rakitic!');
INSERT INTO lance (id_partida, id_pessoa, time_stamp, tipo_lance, descricao) VALUES(23, 268, '0:49:6', 'DEFESA', 'Defesa de Nicolás Otamendi!');
INSERT INTO lance (id_partida, id_pessoa, time_stamp, tipo_lance, descricao) VALUES(23, 231, '0:49:57', 'FALTA', 'Falta de Lionel Messi em Milan Badelj!');
INSERT INTO lance (id_partida, id_pessoa, time_stamp, tipo_lance, descricao) VALUES(23, 265, '0:49:57', 'SOFREU FALTA', 'Milan Badelj sofre falta de Lionel Messi!');
INSERT INTO lance (id_partida, id_pessoa, time_stamp, tipo_lance, descricao) VALUES(23, 270, '0:52:52', 'FALTA', 'Falta de Ivan Perisic em Enzo Pérez!');
INSERT INTO lance (id_partida, id_pessoa, time_stamp, tipo_lance, descricao) VALUES(23, 225, '0:52:52', 'SOFREU FALTA', 'Enzo Pérez sofre falta de Ivan Perisic!');
INSERT INTO lance (id_partida, id_pessoa, time_stamp, tipo_lance, descricao) VALUES(23, 233, '0:53:47', 'DEFESA', 'Defesa de Nicolás Otamendi!');
INSERT INTO lance (id_partida, id_pessoa, time_stamp, tipo_lance, descricao) VALUES(23, 224, '0:55:37', 'FALTA', 'Falta de Lucas Biglia em Vedran Corluka!');
INSERT INTO lance (id_partida, id_pessoa, time_stamp, tipo_lance, descricao) VALUES(23, 259, '0:55:37', 'SOFREU FALTA', 'Vedran Corluka sofre falta de Lucas Biglia!');
INSERT INTO lance (id_partida, id_pessoa, time_stamp, tipo_lance, descricao) VALUES(23, 233, '0:56:14', 'FALTA', 'Falta de Sergio Agüero em Mario Mandzukic!');
INSERT INTO lance (id_partida, id_pessoa, time_stamp, tipo_lance, descricao) VALUES(23, 269, '0:56:14', 'SOFREU FALTA', 'Mario Mandzukic sofre falta de Sergio Agüero!');
INSERT INTO lance (id_partida, id_pessoa, time_stamp, tipo_lance, descricao) VALUES(23, 262, '0:58:25', 'FALTA', 'Falta de Marcelo Brozovic em Marcos Acuña!');
INSERT INTO lance (id_partida, id_pessoa, time_stamp, tipo_lance, descricao) VALUES(23, 227, '0:58:25', 'SOFREU FALTA', 'Marcos Acuña sofre falta de Marcelo Brozovic!');
INSERT INTO lance (id_partida, id_pessoa, time_stamp, tipo_lance, descricao) VALUES(23, 262, '0:58:25', 'CARTAO AMARELO', 'Marcelo Brozovic ganhou um cartão amarelo!');
INSERT INTO lance (id_partida, id_pessoa, time_stamp, tipo_lance, descricao) VALUES(23, 260, '0:59:30', 'GOL', 'Gol de Ivan Rakitic!');
INSERT INTO lance (id_partida, id_pessoa, time_stamp, tipo_lance, descricao) VALUES(23, 260, '1:2:39', 'FALTA', 'Falta de Ivan Rakitic em Sergio Agüero!');
INSERT INTO lance (id_partida, id_pessoa, time_stamp, tipo_lance, descricao) VALUES(23, 233, '1:2:39', 'SOFREU FALTA', 'Sergio Agüero sofre falta de Ivan Rakitic!');
INSERT INTO lance (id_partida, id_pessoa, time_stamp, tipo_lance, descricao) VALUES(23, 263, '1:3:25', 'DEFESA', 'Defesa de Nicolás Otamendi!');
INSERT INTO lance (id_partida, id_pessoa, time_stamp, tipo_lance, descricao) VALUES(23, 230, '1:4:28', 'FALTA', 'Falta de Mauro Icardi em Mario Pasalic!');
INSERT INTO lance (id_partida, id_pessoa, time_stamp, tipo_lance, descricao) VALUES(23, 264, '1:4:28', 'SOFREU FALTA', 'Mario Pasalic sofre falta de Mauro Icardi!');
INSERT INTO lance (id_partida, id_pessoa, time_stamp, tipo_lance, descricao) VALUES(23, 222, '1:4:59', 'FALTA', 'Falta de Marcos Rojo em Marko Rog!');
INSERT INTO lance (id_partida, id_pessoa, time_stamp, tipo_lance, descricao) VALUES(23, 263, '1:4:59', 'SOFREU FALTA', 'Marko Rog sofre falta de Marcos Rojo!');
INSERT INTO lance (id_partida, id_pessoa, time_stamp, tipo_lance, descricao) VALUES(23, 233, '1:5:41', 'FALTA', 'Falta de Sergio Agüero em Nikola Kalinic!');
INSERT INTO lance (id_partida, id_pessoa, time_stamp, tipo_lance, descricao) VALUES(23, 268, '1:5:41', 'SOFREU FALTA', 'Nikola Kalinic sofre falta de Sergio Agüero!');
INSERT INTO lance (id_partida, id_pessoa, time_stamp, tipo_lance, descricao) VALUES(23, 222, '1:5:55', 'FALTA', 'Falta de Marcos Rojo em Josip Pivaric!');
INSERT INTO lance (id_partida, id_pessoa, time_stamp, tipo_lance, descricao) VALUES(23, 258, '1:5:55', 'SOFREU FALTA', 'Josip Pivaric sofre falta de Marcos Rojo!');
INSERT INTO lance (id_partida, id_pessoa, time_stamp, tipo_lance, descricao) VALUES(23, 262, '1:7:22', 'FALTA', 'Falta de Marcelo Brozovic em Marcos Acuña!');
INSERT INTO lance (id_partida, id_pessoa, time_stamp, tipo_lance, descricao) VALUES(23, 227, '1:7:22', 'SOFREU FALTA', 'Marcos Acuña sofre falta de Marcelo Brozovic!');
INSERT INTO lance (id_partida, id_pessoa, time_stamp, tipo_lance, descricao) VALUES(23, 226, '1:10:27', 'FALTA', 'Falta de Ángel Di Maria em Vedran Corluka!');
INSERT INTO lance (id_partida, id_pessoa, time_stamp, tipo_lance, descricao) VALUES(23, 259, '1:10:27', 'SOFREU FALTA', 'Vedran Corluka sofre falta de Ángel Di Maria!');
INSERT INTO lance (id_partida, id_pessoa, time_stamp, tipo_lance, descricao) VALUES(23, 264, '1:10:33', 'FALTA', 'Falta de Mario Pasalic em Marcos Acuña!');
INSERT INTO lance (id_partida, id_pessoa, time_stamp, tipo_lance, descricao) VALUES(23, 227, '1:10:33', 'SOFREU FALTA', 'Marcos Acuña sofre falta de Mario Pasalic!');
INSERT INTO lance (id_partida, id_pessoa, time_stamp, tipo_lance, descricao) VALUES(23, 265, '1:11:4', 'FALTA', 'Falta de Milan Badelj em Lionel Messi!');
INSERT INTO lance (id_partida, id_pessoa, time_stamp, tipo_lance, descricao) VALUES(23, 231, '1:11:4', 'SOFREU FALTA', 'Lionel Messi sofre falta de Milan Badelj!');
INSERT INTO lance (id_partida, id_pessoa, time_stamp, tipo_lance, descricao) VALUES(23, 226, '1:12:22', 'DEFESA', 'Defesa de Nicolás Otamendi!');
INSERT INTO lance (id_partida, id_pessoa, time_stamp, tipo_lance, descricao) VALUES(23, 234, '1:12:33', 'FALTA', 'Falta de Gonzalo Higuaín em Marcelo Brozovic!');
INSERT INTO lance (id_partida, id_pessoa, time_stamp, tipo_lance, descricao) VALUES(23, 262, '1:12:33', 'SOFREU FALTA', 'Marcelo Brozovic sofre falta de Gonzalo Higuaín!');
INSERT INTO lance (id_partida, id_pessoa, time_stamp, tipo_lance, descricao) VALUES(23, 260, '1:13:1', 'DEFESA', 'Defesa de Nicolás Otamendi!');
INSERT INTO lance (id_partida, id_pessoa, time_stamp, tipo_lance, descricao) VALUES(23, 269, '1:15:43', 'FALTA', 'Falta de Mario Mandzukic em Lucas Biglia!');
INSERT INTO lance (id_partida, id_pessoa, time_stamp, tipo_lance, descricao) VALUES(23, 224, '1:15:43', 'SOFREU FALTA', 'Lucas Biglia sofre falta de Mario Mandzukic!');
INSERT INTO lance (id_partida, id_pessoa, time_stamp, tipo_lance, descricao) VALUES(23, 263, '1:16:6', 'FALTA', 'Falta de Marko Rog em Mauro Icardi!');
INSERT INTO lance (id_partida, id_pessoa, time_stamp, tipo_lance, descricao) VALUES(23, 230, '1:16:6', 'SOFREU FALTA', 'Mauro Icardi sofre falta de Marko Rog!');
INSERT INTO lance (id_partida, id_pessoa, time_stamp, tipo_lance, descricao) VALUES(23, 260, '1:18:30', 'DEFESA', 'Defesa de Nicolás Otamendi!');
INSERT INTO lance (id_partida, id_pessoa, time_stamp, tipo_lance, descricao) VALUES(23, 267, '1:18:36', 'FALTA', 'Falta de Andrej Kramaric em Ángel Di Maria!');
INSERT INTO lance (id_partida, id_pessoa, time_stamp, tipo_lance, descricao) VALUES(23, 226, '1:18:36', 'SOFREU FALTA', 'Ángel Di Maria sofre falta de Andrej Kramaric!');
INSERT INTO lance (id_partida, id_pessoa, time_stamp, tipo_lance, descricao) VALUES(23, 269, '1:18:37', 'FALTA', 'Falta de Mario Mandzukic em Sergio Agüero!');
INSERT INTO lance (id_partida, id_pessoa, time_stamp, tipo_lance, descricao) VALUES(23, 233, '1:18:37', 'SOFREU FALTA', 'Sergio Agüero sofre falta de Mario Mandzukic!');
INSERT INTO lance (id_partida, id_pessoa, time_stamp, tipo_lance, descricao) VALUES(23, 231, '1:18:40', 'FALTA', 'Falta de Lionel Messi em Vedran Corluka!');
INSERT INTO lance (id_partida, id_pessoa, time_stamp, tipo_lance, descricao) VALUES(23, 259, '1:18:40', 'SOFREU FALTA', 'Vedran Corluka sofre falta de Lionel Messi!');
INSERT INTO lance (id_partida, id_pessoa, time_stamp, tipo_lance, descricao) VALUES(23, 227, '1:19:17', 'FALTA', 'Falta de Marcos Acuña em Vedran Corluka!');
INSERT INTO lance (id_partida, id_pessoa, time_stamp, tipo_lance, descricao) VALUES(23, 259, '1:19:17', 'SOFREU FALTA', 'Vedran Corluka sofre falta de Marcos Acuña!');
INSERT INTO lance (id_partida, id_pessoa, time_stamp, tipo_lance, descricao) VALUES(23, 260, '1:20:13', 'FALTA', 'Falta de Ivan Rakitic em Marcos Acuña!');
INSERT INTO lance (id_partida, id_pessoa, time_stamp, tipo_lance, descricao) VALUES(23, 227, '1:20:13', 'SOFREU FALTA', 'Marcos Acuña sofre falta de Ivan Rakitic!');
INSERT INTO lance (id_partida, id_pessoa, time_stamp, tipo_lance, descricao) VALUES(23, 258, '1:20:34', 'FALTA', 'Falta de Josip Pivaric em Sergio Agüero!');
INSERT INTO lance (id_partida, id_pessoa, time_stamp, tipo_lance, descricao) VALUES(23, 233, '1:20:34', 'SOFREU FALTA', 'Sergio Agüero sofre falta de Josip Pivaric!');
INSERT INTO lance (id_partida, id_pessoa, time_stamp, tipo_lance, descricao) VALUES(23, 224, '1:22:48', 'FALTA', 'Falta de Lucas Biglia em Mario Pasalic!');
INSERT INTO lance (id_partida, id_pessoa, time_stamp, tipo_lance, descricao) VALUES(23, 264, '1:22:48', 'SOFREU FALTA', 'Mario Pasalic sofre falta de Lucas Biglia!');
INSERT INTO lance (id_partida, id_pessoa, time_stamp, tipo_lance, descricao) VALUES(23, 268, '1:27:32', 'FALTA', 'Falta de Nikola Kalinic em Sergio Agüero!');
INSERT INTO lance (id_partida, id_pessoa, time_stamp, tipo_lance, descricao) VALUES(23, 233, '1:27:32', 'SOFREU FALTA', 'Sergio Agüero sofre falta de Nikola Kalinic!');
INSERT INTO lance (id_partida, id_pessoa, time_stamp, tipo_lance, descricao) VALUES(23, 258, '1:28:20', 'FALTA', 'Falta de Josip Pivaric em Enzo Pérez!');
INSERT INTO lance (id_partida, id_pessoa, time_stamp, tipo_lance, descricao) VALUES(23, 225, '1:28:20', 'SOFREU FALTA', 'Enzo Pérez sofre falta de Josip Pivaric!');
INSERT INTO apita (id_partida, id_pessoa) VALUES(24, 587);
INSERT INTO apita (id_partida, id_pessoa) VALUES(24, 628);
INSERT INTO apita (id_partida, id_pessoa) VALUES(24, 654);
INSERT INTO deslocamento (codigo_pais, id_partida, itinerario, descricao_da_escolta) VALUES('BRA', 24, 'XW9UXBUX4CBGNT7THDNWJW6U4IZ9AAR10EXB0R271YAC2SH7T7OSC', '1A0O0OMVX4UKPJ552ZLP4UV42LB2PCW9ZJMXLL1OVGAGRRC8BYEYHWWGP5WONUGVHVUG6IUR764YUPNKJC01871CXGHQZNAB9P8576B3DW0K18V9RLEK3PWJ3ST0AE2U53YEQRNNB6XLGQK');
INSERT INTO deslocamento (codigo_pais, id_partida, itinerario, descricao_da_escolta) VALUES('CRI', 24, 'UH8NJ0HU3YBONL394GO8JRT980J71KDNH4F2FPLFWEL1Q8AZCYRACMPDY8PSQJ3SVYHSGB3P5IMFF1T90T4C3DK4OBDH92ZMK3G11RTB5CE3AK86PP16P0ZSNMEE7WPCT94LV2IJA2H08R4EDG1UA26UEXNONODIXBJAPWLWHS6WS8T6R9B045C', 'CKH7P35VZ8D7H4ZR5FMS5KBFDR6NNMO29S7FPNHNWL7T5WYXKU5ZST52IB387RHMUK7Z6TCS795UNRKR2JD3RZJPWF6NTJQEDU9UZ800SN1TXLP00MFYNN45ARD1XY8XS0Q2S024SNLE702K0GWGE20Z0DTH59D3ODA65WIAULFACZ7KZ3BRB1T0A0BOGU9SKR03Z');
INSERT INTO lance (id_partida, id_pessoa, time_stamp, tipo_lance, descricao) VALUES(24, 587, '0:45:0', 'FIM DO PRIMEIRO TEMPO', 'Juiz Barbarino apita o fim do primeiro tempo!');
INSERT INTO lance (id_partida, id_pessoa, time_stamp, tipo_lance, descricao) VALUES(24, 587, '1:30:0', 'FIM DO JOGO', 'Juiz Barbarino apita o fim do jogo!');
INSERT INTO lance (id_partida, id_pessoa, time_stamp, tipo_lance, descricao) VALUES(24, 298, '0:2:49', 'FALTA', 'Falta de Fernandinho em Johnny Acosta!');
INSERT INTO lance (id_partida, id_pessoa, time_stamp, tipo_lance, descricao) VALUES(24, 333, '0:2:49', 'SOFREU FALTA', 'Johnny Acosta sofre falta de Fernandinho!');
INSERT INTO lance (id_partida, id_pessoa, time_stamp, tipo_lance, descricao) VALUES(24, 298, '0:3:32', 'FALTA', 'Falta de Fernandinho em Marco Ureña!');
INSERT INTO lance (id_partida, id_pessoa, time_stamp, tipo_lance, descricao) VALUES(24, 341, '0:3:32', 'SOFREU FALTA', 'Marco Ureña sofre falta de Fernandinho!');
INSERT INTO lance (id_partida, id_pessoa, time_stamp, tipo_lance, descricao) VALUES(24, 301, '0:3:38', 'DEFESA', 'Defesa de Filipe Luís!');
INSERT INTO lance (id_partida, id_pessoa, time_stamp, tipo_lance, descricao) VALUES(24, 300, '0:3:47', 'FALTA', 'Falta de Renato Augusto em David Guzmán!');
INSERT INTO lance (id_partida, id_pessoa, time_stamp, tipo_lance, descricao) VALUES(24, 338, '0:3:47', 'SOFREU FALTA', 'David Guzmán sofre falta de Renato Augusto!');
INSERT INTO lance (id_partida, id_pessoa, time_stamp, tipo_lance, descricao) VALUES(24, 337, '0:8:49', 'FALTA', 'Falta de Randall Azofeifa em Douglas Costa!');
INSERT INTO lance (id_partida, id_pessoa, time_stamp, tipo_lance, descricao) VALUES(24, 303, '0:8:49', 'SOFREU FALTA', 'Douglas Costa sofre falta de Randall Azofeifa!');
INSERT INTO lance (id_partida, id_pessoa, time_stamp, tipo_lance, descricao) VALUES(24, 301, '0:12:6', 'FALTA', 'Falta de Giuliano em Randall Azofeifa!');
INSERT INTO lance (id_partida, id_pessoa, time_stamp, tipo_lance, descricao) VALUES(24, 337, '0:12:6', 'SOFREU FALTA', 'Randall Azofeifa sofre falta de Giuliano!');
INSERT INTO lance (id_partida, id_pessoa, time_stamp, tipo_lance, descricao) VALUES(24, 301, '0:12:12', 'DEFESA', 'Defesa de Filipe Luís!');
INSERT INTO lance (id_partida, id_pessoa, time_stamp, tipo_lance, descricao) VALUES(24, 297, '0:14:11', 'FALTA', 'Falta de Paulinho em Michael Umaña!');
INSERT INTO lance (id_partida, id_pessoa, time_stamp, tipo_lance, descricao) VALUES(24, 332, '0:14:11', 'SOFREU FALTA', 'Michael Umaña sofre falta de Paulinho!');
INSERT INTO lance (id_partida, id_pessoa, time_stamp, tipo_lance, descricao) VALUES(24, 305, '0:14:15', 'SUBSTITUICAO', 'Sai Gabriel Jesus!');
INSERT INTO lance (id_partida, id_pessoa, time_stamp, tipo_lance, descricao) VALUES(24, 292, '0:14:15', 'SUBSTITUICAO', 'Entra Miranda!');
INSERT INTO lance (id_partida, id_pessoa, time_stamp, tipo_lance, descricao) VALUES(24, 338, '0:16:15', 'DEFESA', 'Defesa de Filipe Luís!');
INSERT INTO lance (id_partida, id_pessoa, time_stamp, tipo_lance, descricao) VALUES(24, 298, '0:20:12', 'FALTA', 'Falta de Fernandinho em Celso Borges!');
INSERT INTO lance (id_partida, id_pessoa, time_stamp, tipo_lance, descricao) VALUES(24, 335, '0:20:12', 'SOFREU FALTA', 'Celso Borges sofre falta de Fernandinho!');
INSERT INTO lance (id_partida, id_pessoa, time_stamp, tipo_lance, descricao) VALUES(24, 296, '0:20:26', 'SUBSTITUICAO', 'Sai Willian!');
INSERT INTO lance (id_partida, id_pessoa, time_stamp, tipo_lance, descricao) VALUES(24, 291, '0:20:26', 'SUBSTITUICAO', 'Entra Thiago Silva!');
INSERT INTO lance (id_partida, id_pessoa, time_stamp, tipo_lance, descricao) VALUES(24, 297, '0:22:42', 'SUBSTITUICAO', 'Sai Paulinho!');
INSERT INTO lance (id_partida, id_pessoa, time_stamp, tipo_lance, descricao) VALUES(24, 305, '0:22:42', 'SUBSTITUICAO', 'Entra Gabriel Jesus!');
INSERT INTO lance (id_partida, id_pessoa, time_stamp, tipo_lance, descricao) VALUES(24, 333, '0:24:11', 'SUBSTITUICAO', 'Sai Johnny Acosta!');
INSERT INTO lance (id_partida, id_pessoa, time_stamp, tipo_lance, descricao) VALUES(24, 326, '0:24:11', 'SUBSTITUICAO', 'Entra Giancarlo González!');
INSERT INTO lance (id_partida, id_pessoa, time_stamp, tipo_lance, descricao) VALUES(24, 342, '0:30:37', 'SUBSTITUICAO', 'Sai Johan Venegas!');
INSERT INTO lance (id_partida, id_pessoa, time_stamp, tipo_lance, descricao) VALUES(24, 330, '0:30:37', 'SUBSTITUICAO', 'Entra Kendall Waston!');
INSERT INTO lance (id_partida, id_pessoa, time_stamp, tipo_lance, descricao) VALUES(24, 330, '0:31:57', 'FALTA', 'Falta de Kendall Waston em Neymar Jr!');
INSERT INTO lance (id_partida, id_pessoa, time_stamp, tipo_lance, descricao) VALUES(24, 306, '0:31:57', 'SOFREU FALTA', 'Neymar Jr sofre falta de Kendall Waston!');
INSERT INTO lance (id_partida, id_pessoa, time_stamp, tipo_lance, descricao) VALUES(24, 334, '0:35:58', 'FALTA', 'Falta de Bryan Ruiz em Roberto Firmino!');
INSERT INTO lance (id_partida, id_pessoa, time_stamp, tipo_lance, descricao) VALUES(24, 304, '0:35:58', 'SOFREU FALTA', 'Roberto Firmino sofre falta de Bryan Ruiz!');
INSERT INTO lance (id_partida, id_pessoa, time_stamp, tipo_lance, descricao) VALUES(24, 334, '0:36:43', 'GOL', 'Gol de Bryan Ruiz!');
INSERT INTO lance (id_partida, id_pessoa, time_stamp, tipo_lance, descricao) VALUES(24, 334, '0:37:11', 'FALTA', 'Falta de Bryan Ruiz em Roberto Firmino!');
INSERT INTO lance (id_partida, id_pessoa, time_stamp, tipo_lance, descricao) VALUES(24, 304, '0:37:11', 'SOFREU FALTA', 'Roberto Firmino sofre falta de Bryan Ruiz!');
INSERT INTO lance (id_partida, id_pessoa, time_stamp, tipo_lance, descricao) VALUES(24, 301, '0:38:51', 'FALTA', 'Falta de Giuliano em Michael Umaña!');
INSERT INTO lance (id_partida, id_pessoa, time_stamp, tipo_lance, descricao) VALUES(24, 332, '0:38:51', 'SOFREU FALTA', 'Michael Umaña sofre falta de Giuliano!');
INSERT INTO lance (id_partida, id_pessoa, time_stamp, tipo_lance, descricao) VALUES(24, 326, '0:41:27', 'FALTA', 'Falta de Giancarlo González em Thiago Silva!');
INSERT INTO lance (id_partida, id_pessoa, time_stamp, tipo_lance, descricao) VALUES(24, 291, '0:41:27', 'SOFREU FALTA', 'Thiago Silva sofre falta de Giancarlo González!');
INSERT INTO lance (id_partida, id_pessoa, time_stamp, tipo_lance, descricao) VALUES(24, 336, '0:42:5', 'DEFESA', 'Defesa de Filipe Luís!');
INSERT INTO lance (id_partida, id_pessoa, time_stamp, tipo_lance, descricao) VALUES(24, 300, '0:43:39', 'FALTA', 'Falta de Renato Augusto em Joel Campbell!');
INSERT INTO lance (id_partida, id_pessoa, time_stamp, tipo_lance, descricao) VALUES(24, 340, '0:43:39', 'SOFREU FALTA', 'Joel Campbell sofre falta de Renato Augusto!');
INSERT INTO lance (id_partida, id_pessoa, time_stamp, tipo_lance, descricao) VALUES(24, 306, '0:47:38', 'GOL', 'Gol de Neymar Jr!');
INSERT INTO lance (id_partida, id_pessoa, time_stamp, tipo_lance, descricao) VALUES(24, 337, '0:48:25', 'FALTA', 'Falta de Randall Azofeifa em Roberto Firmino!');
INSERT INTO lance (id_partida, id_pessoa, time_stamp, tipo_lance, descricao) VALUES(24, 304, '0:48:25', 'SOFREU FALTA', 'Roberto Firmino sofre falta de Randall Azofeifa!');
INSERT INTO lance (id_partida, id_pessoa, time_stamp, tipo_lance, descricao) VALUES(24, 330, '0:54:53', 'FALTA', 'Falta de Kendall Waston em Thiago Silva!');
INSERT INTO lance (id_partida, id_pessoa, time_stamp, tipo_lance, descricao) VALUES(24, 291, '0:54:53', 'SOFREU FALTA', 'Thiago Silva sofre falta de Kendall Waston!');
INSERT INTO lance (id_partida, id_pessoa, time_stamp, tipo_lance, descricao) VALUES(24, 341, '0:56:33', 'FALTA', 'Falta de Marco Ureña em Renato Augusto!');
INSERT INTO lance (id_partida, id_pessoa, time_stamp, tipo_lance, descricao) VALUES(24, 300, '0:56:33', 'SOFREU FALTA', 'Renato Augusto sofre falta de Marco Ureña!');
INSERT INTO lance (id_partida, id_pessoa, time_stamp, tipo_lance, descricao) VALUES(24, 299, '0:56:55', 'FALTA', 'Falta de Casemiro em Marco Ureña!');
INSERT INTO lance (id_partida, id_pessoa, time_stamp, tipo_lance, descricao) VALUES(24, 341, '0:56:55', 'SOFREU FALTA', 'Marco Ureña sofre falta de Casemiro!');
INSERT INTO lance (id_partida, id_pessoa, time_stamp, tipo_lance, descricao) VALUES(24, 300, '0:57:9', 'FALTA', 'Falta de Renato Augusto em Kendall Waston!');
INSERT INTO lance (id_partida, id_pessoa, time_stamp, tipo_lance, descricao) VALUES(24, 330, '0:57:9', 'SOFREU FALTA', 'Kendall Waston sofre falta de Renato Augusto!');
INSERT INTO lance (id_partida, id_pessoa, time_stamp, tipo_lance, descricao) VALUES(24, 306, '0:57:17', 'GOL', 'Gol de Neymar Jr!');
INSERT INTO lance (id_partida, id_pessoa, time_stamp, tipo_lance, descricao) VALUES(24, 334, '0:57:36', 'SUBSTITUICAO', 'Sai Bryan Ruiz!');
INSERT INTO lance (id_partida, id_pessoa, time_stamp, tipo_lance, descricao) VALUES(24, 342, '0:57:36', 'SUBSTITUICAO', 'Entra Johan Venegas!');
INSERT INTO lance (id_partida, id_pessoa, time_stamp, tipo_lance, descricao) VALUES(24, 306, '0:59:25', 'GOL', 'Gol de Neymar Jr!');
INSERT INTO lance (id_partida, id_pessoa, time_stamp, tipo_lance, descricao) VALUES(24, 338, '0:59:27', 'FALTA', 'Falta de David Guzmán em Philippe Coutinho!');
INSERT INTO lance (id_partida, id_pessoa, time_stamp, tipo_lance, descricao) VALUES(24, 302, '0:59:27', 'SOFREU FALTA', 'Philippe Coutinho sofre falta de David Guzmán!');
INSERT INTO lance (id_partida, id_pessoa, time_stamp, tipo_lance, descricao) VALUES(24, 306, '1:0:44', 'GOL', 'Gol de Neymar Jr!');
INSERT INTO lance (id_partida, id_pessoa, time_stamp, tipo_lance, descricao) VALUES(24, 336, '1:2:22', 'FALTA', 'Falta de Christian Bolaños em Philippe Coutinho!');
INSERT INTO lance (id_partida, id_pessoa, time_stamp, tipo_lance, descricao) VALUES(24, 302, '1:2:22', 'SOFREU FALTA', 'Philippe Coutinho sofre falta de Christian Bolaños!');
INSERT INTO lance (id_partida, id_pessoa, time_stamp, tipo_lance, descricao) VALUES(24, 306, '1:4:59', 'GOL', 'Gol de Neymar Jr!');
INSERT INTO lance (id_partida, id_pessoa, time_stamp, tipo_lance, descricao) VALUES(24, 335, '1:7:12', 'FALTA', 'Falta de Celso Borges em Roberto Firmino!');
INSERT INTO lance (id_partida, id_pessoa, time_stamp, tipo_lance, descricao) VALUES(24, 304, '1:7:12', 'SOFREU FALTA', 'Roberto Firmino sofre falta de Celso Borges!');
INSERT INTO lance (id_partida, id_pessoa, time_stamp, tipo_lance, descricao) VALUES(24, 303, '1:8:40', 'FALTA', 'Falta de Douglas Costa em Rodney Wallace!');
INSERT INTO lance (id_partida, id_pessoa, time_stamp, tipo_lance, descricao) VALUES(24, 339, '1:8:40', 'SOFREU FALTA', 'Rodney Wallace sofre falta de Douglas Costa!');
INSERT INTO lance (id_partida, id_pessoa, time_stamp, tipo_lance, descricao) VALUES(24, 342, '1:13:2', 'FALTA', 'Falta de Johan Venegas em Douglas Costa!');
INSERT INTO lance (id_partida, id_pessoa, time_stamp, tipo_lance, descricao) VALUES(24, 303, '1:13:2', 'SOFREU FALTA', 'Douglas Costa sofre falta de Johan Venegas!');
INSERT INTO lance (id_partida, id_pessoa, time_stamp, tipo_lance, descricao) VALUES(24, 330, '1:15:16', 'FALTA', 'Falta de Kendall Waston em Thiago Silva!');
INSERT INTO lance (id_partida, id_pessoa, time_stamp, tipo_lance, descricao) VALUES(24, 291, '1:15:16', 'SOFREU FALTA', 'Thiago Silva sofre falta de Kendall Waston!');
INSERT INTO lance (id_partida, id_pessoa, time_stamp, tipo_lance, descricao) VALUES(24, 338, '1:15:41', 'SUBSTITUICAO', 'Sai David Guzmán!');
INSERT INTO lance (id_partida, id_pessoa, time_stamp, tipo_lance, descricao) VALUES(24, 325, '1:15:41', 'SUBSTITUICAO', 'Entra Keylor Navas!');
INSERT INTO lance (id_partida, id_pessoa, time_stamp, tipo_lance, descricao) VALUES(24, 342, '1:16:51', 'FALTA', 'Falta de Johan Venegas em Roberto Firmino!');
INSERT INTO lance (id_partida, id_pessoa, time_stamp, tipo_lance, descricao) VALUES(24, 304, '1:16:51', 'SOFREU FALTA', 'Roberto Firmino sofre falta de Johan Venegas!');
INSERT INTO lance (id_partida, id_pessoa, time_stamp, tipo_lance, descricao) VALUES(24, 302, '1:19:36', 'FALTA', 'Falta de Philippe Coutinho em Celso Borges!');
INSERT INTO lance (id_partida, id_pessoa, time_stamp, tipo_lance, descricao) VALUES(24, 335, '1:19:36', 'SOFREU FALTA', 'Celso Borges sofre falta de Philippe Coutinho!');
INSERT INTO lance (id_partida, id_pessoa, time_stamp, tipo_lance, descricao) VALUES(24, 299, '1:19:43', 'FALTA', 'Falta de Casemiro em Rodney Wallace!');
INSERT INTO lance (id_partida, id_pessoa, time_stamp, tipo_lance, descricao) VALUES(24, 339, '1:19:43', 'SOFREU FALTA', 'Rodney Wallace sofre falta de Casemiro!');
INSERT INTO lance (id_partida, id_pessoa, time_stamp, tipo_lance, descricao) VALUES(24, 335, '1:20:23', 'DEFESA', 'Defesa de Filipe Luís!');
INSERT INTO lance (id_partida, id_pessoa, time_stamp, tipo_lance, descricao) VALUES(24, 298, '1:21:32', 'FALTA', 'Falta de Fernandinho em Keylor Navas!');
INSERT INTO lance (id_partida, id_pessoa, time_stamp, tipo_lance, descricao) VALUES(24, 325, '1:21:32', 'SOFREU FALTA', 'Keylor Navas sofre falta de Fernandinho!');
INSERT INTO lance (id_partida, id_pessoa, time_stamp, tipo_lance, descricao) VALUES(24, 301, '1:22:26', 'FALTA', 'Falta de Giuliano em Rodney Wallace!');
INSERT INTO lance (id_partida, id_pessoa, time_stamp, tipo_lance, descricao) VALUES(24, 339, '1:22:26', 'SOFREU FALTA', 'Rodney Wallace sofre falta de Giuliano!');
INSERT INTO lance (id_partida, id_pessoa, time_stamp, tipo_lance, descricao) VALUES(24, 306, '1:24:20', 'GOL', 'Gol de Neymar Jr!');
INSERT INTO lance (id_partida, id_pessoa, time_stamp, tipo_lance, descricao) VALUES(24, 303, '1:25:39', 'FALTA', 'Falta de Douglas Costa em Kendall Waston!');
INSERT INTO lance (id_partida, id_pessoa, time_stamp, tipo_lance, descricao) VALUES(24, 330, '1:25:39', 'SOFREU FALTA', 'Kendall Waston sofre falta de Douglas Costa!');
INSERT INTO lance (id_partida, id_pessoa, time_stamp, tipo_lance, descricao) VALUES(24, 336, '1:27:37', 'FALTA', 'Falta de Christian Bolaños em Casemiro!');
INSERT INTO lance (id_partida, id_pessoa, time_stamp, tipo_lance, descricao) VALUES(24, 299, '1:27:37', 'SOFREU FALTA', 'Casemiro sofre falta de Christian Bolaños!');
INSERT INTO lance (id_partida, id_pessoa, time_stamp, tipo_lance, descricao) VALUES(24, 325, '1:29:48', 'DEFESA', 'Defesa de Filipe Luís!');
INSERT INTO apita (id_partida, id_pessoa) VALUES(25, 587);
INSERT INTO apita (id_partida, id_pessoa) VALUES(25, 659);
INSERT INTO apita (id_partida, id_pessoa) VALUES(25, 618);
INSERT INTO deslocamento (codigo_pais, id_partida, itinerario, descricao_da_escolta) VALUES('ISL', 25, 'GQYOQAF8O4CFVM7IA8RTR5FQ1QJO2Q7KFI55FRYAQKZ8E6VBWTZ8IVYKLHWA00G771AMQBCTJQDGGGL4', 'I1I18CTUUU84YKZE2BN5IVUQFZ2SREF51FS97F8ZR26REYUGNCOE89WXG1VIKADPPCCT10GWDYOQYDMRFVEO0A72T52GTZPQYQBCWBOX62BJUF8DPEDY6ZZPFJ967ACNJ81ICK5DGQS89XIN6Y1PV0U91W7MBRZ5ZXAVN0BEJARPG0PRAWAJJX1SO2RPNSCY0WILXXAGXWFVIE2AGPLPRQWC');
INSERT INTO deslocamento (codigo_pais, id_partida, itinerario, descricao_da_escolta) VALUES('NIG', 25, 'RHVIV1083YUSE3NV3VWRGJJ9QI7HWHKAGPFPP7B5OXPQISCV73Y4AUZH7V1M3TLVOULYY7G5U1CT4318GLJ2SP9VZ7S3FYB5L3BYGN79W2KISGND43FRJSD8U080PN05ZHHA1C23OKG0E1DTTO9MSTV20CEPOGUJCPTK9NM1AMD9MM43XPHANNMFWOJY8NPHZ6YZH2UGCIMGQVQOIL289T5YDNXUDX', 'W65JQXFV45A7FBFZB85QXVQIFA9W4F9DPPZJUL90D07D8WZX7YWWHHFBPWEPYS1Z57S0L5EZ8FM7XNJTKMYFSN6HJX37HUCU8IIBD9LBU7XB4IOCNUEL3VGRAKRXCGSOD18OEHQLAXVV04MAI1UXQ00NC0A2RX9NOJ7DKA7FD2LG9V1G8QPKV58NBUMOGX3MYHGR6J0I3PTXPU');
INSERT INTO lance (id_partida, id_pessoa, time_stamp, tipo_lance, descricao) VALUES(25, 587, '0:45:0', 'FIM DO PRIMEIRO TEMPO', 'Juiz Barbarino apita o fim do primeiro tempo!');
INSERT INTO lance (id_partida, id_pessoa, time_stamp, tipo_lance, descricao) VALUES(25, 587, '1:30:0', 'FIM DO JOGO', 'Juiz Barbarino apita o fim do jogo!');
INSERT INTO lance (id_partida, id_pessoa, time_stamp, tipo_lance, descricao) VALUES(25, 251, '0:7:44', 'FALTA', 'Falta de Vidar Örn Kjartansson em Victor Musa!');
INSERT INTO lance (id_partida, id_pessoa, time_stamp, tipo_lance, descricao) VALUES(25, 284, '0:7:44', 'SOFREU FALTA', 'Victor Musa sofre falta de Vidar Örn Kjartansson!');
INSERT INTO lance (id_partida, id_pessoa, time_stamp, tipo_lance, descricao) VALUES(25, 249, '0:12:17', 'FALTA', 'Falta de Alfred Finnbogason em Ogenyi Onazi!');
INSERT INTO lance (id_partida, id_pessoa, time_stamp, tipo_lance, descricao) VALUES(25, 279, '0:12:17', 'SOFREU FALTA', 'Ogenyi Onazi sofre falta de Alfred Finnbogason!');
INSERT INTO lance (id_partida, id_pessoa, time_stamp, tipo_lance, descricao) VALUES(25, 248, '0:14:53', 'DEFESA', 'Defesa de Ari Skúlason!');
INSERT INTO lance (id_partida, id_pessoa, time_stamp, tipo_lance, descricao) VALUES(25, 244, '0:15:20', 'FALTA', 'Falta de Emil Hallfredsson em Moses Simon!');
INSERT INTO lance (id_partida, id_pessoa, time_stamp, tipo_lance, descricao) VALUES(25, 285, '0:15:20', 'SOFREU FALTA', 'Moses Simon sofre falta de Emil Hallfredsson!');
INSERT INTO lance (id_partida, id_pessoa, time_stamp, tipo_lance, descricao) VALUES(25, 247, '0:17:34', 'DEFESA', 'Defesa de Ari Skúlason!');
INSERT INTO lance (id_partida, id_pessoa, time_stamp, tipo_lance, descricao) VALUES(25, 288, '0:18:21', 'FALTA', 'Falta de Kelechi Iheanacho em Aron Gunnarsson!');
INSERT INTO lance (id_partida, id_pessoa, time_stamp, tipo_lance, descricao) VALUES(25, 242, '0:18:21', 'SOFREU FALTA', 'Aron Gunnarsson sofre falta de Kelechi Iheanacho!');
INSERT INTO lance (id_partida, id_pessoa, time_stamp, tipo_lance, descricao) VALUES(25, 280, '0:19:17', 'SUBSTITUICAO', 'Sai Etebo Oghenekaro!');
INSERT INTO lance (id_partida, id_pessoa, time_stamp, tipo_lance, descricao) VALUES(25, 272, '0:19:17', 'SUBSTITUICAO', 'Entra Elderson Echiejilé!');
INSERT INTO lance (id_partida, id_pessoa, time_stamp, tipo_lance, descricao) VALUES(25, 246, '0:22:3', 'DEFESA', 'Defesa de Ari Skúlason!');
INSERT INTO lance (id_partida, id_pessoa, time_stamp, tipo_lance, descricao) VALUES(25, 287, '0:23:47', 'DEFESA', 'Defesa de Ari Skúlason!');
INSERT INTO lance (id_partida, id_pessoa, time_stamp, tipo_lance, descricao) VALUES(25, 287, '0:27:40', 'FALTA', 'Falta de Alex Iwobi em Björn Sigurdarson!');
INSERT INTO lance (id_partida, id_pessoa, time_stamp, tipo_lance, descricao) VALUES(25, 252, '0:27:40', 'SOFREU FALTA', 'Björn Sigurdarson sofre falta de Alex Iwobi!');
INSERT INTO lance (id_partida, id_pessoa, time_stamp, tipo_lance, descricao) VALUES(25, 285, '0:29:3', 'FALTA', 'Falta de Moses Simon em Rúrik Gíslason!');
INSERT INTO lance (id_partida, id_pessoa, time_stamp, tipo_lance, descricao) VALUES(25, 247, '0:29:3', 'SOFREU FALTA', 'Rúrik Gíslason sofre falta de Moses Simon!');
INSERT INTO lance (id_partida, id_pessoa, time_stamp, tipo_lance, descricao) VALUES(25, 250, '0:32:49', 'FALTA', 'Falta de Jón Dadi Bödvarsson em Victor Musa!');
INSERT INTO lance (id_partida, id_pessoa, time_stamp, tipo_lance, descricao) VALUES(25, 284, '0:32:49', 'SOFREU FALTA', 'Victor Musa sofre falta de Jón Dadi Bödvarsson!');
INSERT INTO lance (id_partida, id_pessoa, time_stamp, tipo_lance, descricao) VALUES(25, 287, '0:36:43', 'DEFESA', 'Defesa de Ari Skúlason!');
INSERT INTO lance (id_partida, id_pessoa, time_stamp, tipo_lance, descricao) VALUES(25, 272, '0:38:7', 'FALTA', 'Falta de Elderson Echiejilé em Birkir Bjarnason!');
INSERT INTO lance (id_partida, id_pessoa, time_stamp, tipo_lance, descricao) VALUES(25, 243, '0:38:7', 'SOFREU FALTA', 'Birkir Bjarnason sofre falta de Elderson Echiejilé!');
INSERT INTO lance (id_partida, id_pessoa, time_stamp, tipo_lance, descricao) VALUES(25, 279, '0:38:28', 'FALTA', 'Falta de Ogenyi Onazi em Gylfi Sigurdsson!');
INSERT INTO lance (id_partida, id_pessoa, time_stamp, tipo_lance, descricao) VALUES(25, 245, '0:38:28', 'SOFREU FALTA', 'Gylfi Sigurdsson sofre falta de Ogenyi Onazi!');
INSERT INTO lance (id_partida, id_pessoa, time_stamp, tipo_lance, descricao) VALUES(25, 282, '0:38:53', 'SUBSTITUICAO', 'Sai Mikel Agu!');
INSERT INTO lance (id_partida, id_pessoa, time_stamp, tipo_lance, descricao) VALUES(25, 274, '0:38:53', 'SUBSTITUICAO', 'Entra William Troost-Ekong!');
INSERT INTO lance (id_partida, id_pessoa, time_stamp, tipo_lance, descricao) VALUES(25, 284, '0:39:8', 'FALTA', 'Falta de Victor Musa em Jón Dadi Bödvarsson!');
INSERT INTO lance (id_partida, id_pessoa, time_stamp, tipo_lance, descricao) VALUES(25, 250, '0:39:8', 'SOFREU FALTA', 'Jón Dadi Bödvarsson sofre falta de Victor Musa!');
INSERT INTO lance (id_partida, id_pessoa, time_stamp, tipo_lance, descricao) VALUES(25, 247, '0:39:58', 'DEFESA', 'Defesa de Ari Skúlason!');
INSERT INTO lance (id_partida, id_pessoa, time_stamp, tipo_lance, descricao) VALUES(25, 252, '0:41:25', 'DEFESA', 'Defesa de Ari Skúlason!');
INSERT INTO lance (id_partida, id_pessoa, time_stamp, tipo_lance, descricao) VALUES(25, 272, '0:42:16', 'FALTA', 'Falta de Elderson Echiejilé em Emil Hallfredsson!');
INSERT INTO lance (id_partida, id_pessoa, time_stamp, tipo_lance, descricao) VALUES(25, 244, '0:42:16', 'SOFREU FALTA', 'Emil Hallfredsson sofre falta de Elderson Echiejilé!');
INSERT INTO lance (id_partida, id_pessoa, time_stamp, tipo_lance, descricao) VALUES(25, 242, '0:43:51', 'FALTA', 'Falta de Aron Gunnarsson em William Troost-Ekong!');
INSERT INTO lance (id_partida, id_pessoa, time_stamp, tipo_lance, descricao) VALUES(25, 274, '0:43:51', 'SOFREU FALTA', 'William Troost-Ekong sofre falta de Aron Gunnarsson!');
INSERT INTO lance (id_partida, id_pessoa, time_stamp, tipo_lance, descricao) VALUES(25, 243, '0:44:1', 'FALTA', 'Falta de Birkir Bjarnason em Kelechi Iheanacho!');
INSERT INTO lance (id_partida, id_pessoa, time_stamp, tipo_lance, descricao) VALUES(25, 288, '0:44:1', 'SOFREU FALTA', 'Kelechi Iheanacho sofre falta de Birkir Bjarnason!');
INSERT INTO lance (id_partida, id_pessoa, time_stamp, tipo_lance, descricao) VALUES(25, 278, '0:44:16', 'FALTA', 'Falta de John Obi Mikel em Björn Sigurdarson!');
INSERT INTO lance (id_partida, id_pessoa, time_stamp, tipo_lance, descricao) VALUES(25, 252, '0:44:16', 'SOFREU FALTA', 'Björn Sigurdarson sofre falta de John Obi Mikel!');
INSERT INTO lance (id_partida, id_pessoa, time_stamp, tipo_lance, descricao) VALUES(25, 249, '0:45:38', 'DEFESA', 'Defesa de Ari Skúlason!');
INSERT INTO lance (id_partida, id_pessoa, time_stamp, tipo_lance, descricao) VALUES(25, 283, '0:46:18', 'DEFESA', 'Defesa de Ari Skúlason!');
INSERT INTO lance (id_partida, id_pessoa, time_stamp, tipo_lance, descricao) VALUES(25, 283, '0:47:37', 'DEFESA', 'Defesa de Ari Skúlason!');
INSERT INTO lance (id_partida, id_pessoa, time_stamp, tipo_lance, descricao) VALUES(25, 278, '0:51:46', 'DEFESA', 'Defesa de Ari Skúlason!');
INSERT INTO lance (id_partida, id_pessoa, time_stamp, tipo_lance, descricao) VALUES(25, 252, '0:54:15', 'FALTA', 'Falta de Björn Sigurdarson em William Troost-Ekong!');
INSERT INTO lance (id_partida, id_pessoa, time_stamp, tipo_lance, descricao) VALUES(25, 274, '0:54:15', 'SOFREU FALTA', 'William Troost-Ekong sofre falta de Björn Sigurdarson!');
INSERT INTO lance (id_partida, id_pessoa, time_stamp, tipo_lance, descricao) VALUES(25, 243, '0:54:44', 'GOL', 'Gol de Birkir Bjarnason!');
INSERT INTO lance (id_partida, id_pessoa, time_stamp, tipo_lance, descricao) VALUES(25, 248, '0:55:30', 'FALTA', 'Falta de Johann Gudmundsson em Kelechi Iheanacho!');
INSERT INTO lance (id_partida, id_pessoa, time_stamp, tipo_lance, descricao) VALUES(25, 288, '0:55:30', 'SOFREU FALTA', 'Kelechi Iheanacho sofre falta de Johann Gudmundsson!');
INSERT INTO lance (id_partida, id_pessoa, time_stamp, tipo_lance, descricao) VALUES(25, 246, '0:57:16', 'FALTA', 'Falta de Arnór Ingvi Traustason em Moses Simon!');
INSERT INTO lance (id_partida, id_pessoa, time_stamp, tipo_lance, descricao) VALUES(25, 285, '0:57:16', 'SOFREU FALTA', 'Moses Simon sofre falta de Arnór Ingvi Traustason!');
INSERT INTO lance (id_partida, id_pessoa, time_stamp, tipo_lance, descricao) VALUES(25, 272, '0:58:24', 'FALTA', 'Falta de Elderson Echiejilé em Björn Sigurdarson!');
INSERT INTO lance (id_partida, id_pessoa, time_stamp, tipo_lance, descricao) VALUES(25, 252, '0:58:24', 'SOFREU FALTA', 'Björn Sigurdarson sofre falta de Elderson Echiejilé!');
INSERT INTO lance (id_partida, id_pessoa, time_stamp, tipo_lance, descricao) VALUES(25, 246, '1:2:12', 'FALTA', 'Falta de Arnór Ingvi Traustason em Alex Iwobi!');
INSERT INTO lance (id_partida, id_pessoa, time_stamp, tipo_lance, descricao) VALUES(25, 287, '1:2:12', 'SOFREU FALTA', 'Alex Iwobi sofre falta de Arnór Ingvi Traustason!');
INSERT INTO lance (id_partida, id_pessoa, time_stamp, tipo_lance, descricao) VALUES(25, 250, '1:2:42', 'FALTA', 'Falta de Jón Dadi Bödvarsson em Wilfred Ndidi!');
INSERT INTO lance (id_partida, id_pessoa, time_stamp, tipo_lance, descricao) VALUES(25, 281, '1:2:42', 'SOFREU FALTA', 'Wilfred Ndidi sofre falta de Jón Dadi Bödvarsson!');
INSERT INTO lance (id_partida, id_pessoa, time_stamp, tipo_lance, descricao) VALUES(25, 284, '1:6:45', 'FALTA', 'Falta de Victor Musa em Birkir Bjarnason!');
INSERT INTO lance (id_partida, id_pessoa, time_stamp, tipo_lance, descricao) VALUES(25, 243, '1:6:45', 'SOFREU FALTA', 'Birkir Bjarnason sofre falta de Victor Musa!');
INSERT INTO lance (id_partida, id_pessoa, time_stamp, tipo_lance, descricao) VALUES(25, 286, '1:7:47', 'FALTA', 'Falta de Odion Ighalo em Gylfi Sigurdsson!');
INSERT INTO lance (id_partida, id_pessoa, time_stamp, tipo_lance, descricao) VALUES(25, 245, '1:7:47', 'SOFREU FALTA', 'Gylfi Sigurdsson sofre falta de Odion Ighalo!');
INSERT INTO lance (id_partida, id_pessoa, time_stamp, tipo_lance, descricao) VALUES(25, 272, '1:11:12', 'FALTA', 'Falta de Elderson Echiejilé em Vidar Örn Kjartansson!');
INSERT INTO lance (id_partida, id_pessoa, time_stamp, tipo_lance, descricao) VALUES(25, 251, '1:11:12', 'SOFREU FALTA', 'Vidar Örn Kjartansson sofre falta de Elderson Echiejilé!');
INSERT INTO lance (id_partida, id_pessoa, time_stamp, tipo_lance, descricao) VALUES(25, 242, '1:11:37', 'DEFESA', 'Defesa de Ari Skúlason!');
INSERT INTO lance (id_partida, id_pessoa, time_stamp, tipo_lance, descricao) VALUES(25, 250, '1:11:43', 'FALTA', 'Falta de Jón Dadi Bödvarsson em Moses Simon!');
INSERT INTO lance (id_partida, id_pessoa, time_stamp, tipo_lance, descricao) VALUES(25, 285, '1:11:43', 'SOFREU FALTA', 'Moses Simon sofre falta de Jón Dadi Bödvarsson!');
INSERT INTO lance (id_partida, id_pessoa, time_stamp, tipo_lance, descricao) VALUES(25, 288, '1:12:16', 'FALTA', 'Falta de Kelechi Iheanacho em Johann Gudmundsson!');
INSERT INTO lance (id_partida, id_pessoa, time_stamp, tipo_lance, descricao) VALUES(25, 248, '1:12:16', 'SOFREU FALTA', 'Johann Gudmundsson sofre falta de Kelechi Iheanacho!');
INSERT INTO lance (id_partida, id_pessoa, time_stamp, tipo_lance, descricao) VALUES(25, 245, '1:20:22', 'SUBSTITUICAO', 'Sai Gylfi Sigurdsson!');
INSERT INTO lance (id_partida, id_pessoa, time_stamp, tipo_lance, descricao) VALUES(25, 235, '1:20:22', 'SUBSTITUICAO', 'Entra Hannes Halldórsson!');
INSERT INTO lance (id_partida, id_pessoa, time_stamp, tipo_lance, descricao) VALUES(25, 244, '1:21:18', 'SUBSTITUICAO', 'Sai Emil Hallfredsson!');
INSERT INTO lance (id_partida, id_pessoa, time_stamp, tipo_lance, descricao) VALUES(25, 240, '1:21:18', 'SUBSTITUICAO', 'Entra Sverrir Ingason!');
INSERT INTO lance (id_partida, id_pessoa, time_stamp, tipo_lance, descricao) VALUES(25, 242, '1:21:26', 'FALTA', 'Falta de Aron Gunnarsson em Alex Iwobi!');
INSERT INTO lance (id_partida, id_pessoa, time_stamp, tipo_lance, descricao) VALUES(25, 287, '1:21:26', 'SOFREU FALTA', 'Alex Iwobi sofre falta de Aron Gunnarsson!');
INSERT INTO lance (id_partida, id_pessoa, time_stamp, tipo_lance, descricao) VALUES(25, 287, '1:25:15', 'DEFESA', 'Defesa de Ari Skúlason!');
INSERT INTO lance (id_partida, id_pessoa, time_stamp, tipo_lance, descricao) VALUES(25, 240, '1:27:42', 'FALTA', 'Falta de Sverrir Ingason em Wilfred Ndidi!');
INSERT INTO lance (id_partida, id_pessoa, time_stamp, tipo_lance, descricao) VALUES(25, 281, '1:27:42', 'SOFREU FALTA', 'Wilfred Ndidi sofre falta de Sverrir Ingason!');
INSERT INTO apita (id_partida, id_pessoa) VALUES(26, 647);
INSERT INTO apita (id_partida, id_pessoa) VALUES(26, 663);
INSERT INTO apita (id_partida, id_pessoa) VALUES(26, 628);
INSERT INTO deslocamento (codigo_pais, id_partida, itinerario, descricao_da_escolta) VALUES('SRB', 26, 'GUTTSV3RYGYS7A0WUMG87S2K4A6VPFVQ0TA079OKWEYJC8SUGXUDUYMX1JYSZICTVH1OA9YU86L33TH6RMO2UR6CHM8YK5UOCFY5HDU', '89FYNT3IC2AN3K8DLZHXBAJCL70X5MYO1I3VMIYXT0VS5HU2HUTR56E8ZCNQ2FM0DWVUQM0DATELO1GDM8Q');
INSERT INTO deslocamento (codigo_pais, id_partida, itinerario, descricao_da_escolta) VALUES('SWI', 26, '2HS5D55J4I5NN5OIW9L53QQL23T85JD3ZC76E0RVRRI2Y18TM8RMWURM0GCKM6NVEBXK7SE6S0NMHXXB49V721HEVVG7XGJUDXYWDXV43V4', 'HEECSBPMLP2N4SZMLHILQ3IU9A7HO0EH6K7QREOV16JX4L2U8JSWMSQN5TDSEI8ULVQUUJ4H2XUUTVZXIMJEIS5O3TU7A6RT8ZMJ5HAYOL3Z764K4PJ183M2ZC0AY7H5FBV4IQ2AMUZ6YGQ7ZJDUWZUEMTT3R9ARE8T5K9CNXJPOEPETV3LO4WIPRRRZ68TNTI20WUX0HZ7NKFA7P9HYXVXSZDO3RMRY0B4');
INSERT INTO lance (id_partida, id_pessoa, time_stamp, tipo_lance, descricao) VALUES(26, 647, '0:45:0', 'FIM DO PRIMEIRO TEMPO', 'Juiz Balcitis apita o fim do primeiro tempo!');
INSERT INTO lance (id_partida, id_pessoa, time_stamp, tipo_lance, descricao) VALUES(26, 647, '1:30:0', 'FIM DO JOGO', 'Juiz Balcitis apita o fim do jogo!');
INSERT INTO lance (id_partida, id_pessoa, time_stamp, tipo_lance, descricao) VALUES(26, 354, '0:2:41', 'GOL', 'Gol de Luka Milivojevic!');
INSERT INTO lance (id_partida, id_pessoa, time_stamp, tipo_lance, descricao) VALUES(26, 355, '0:3:28', 'FALTA', 'Falta de Adem Ljajic em Blerim Dzemaili!');
INSERT INTO lance (id_partida, id_pessoa, time_stamp, tipo_lance, descricao) VALUES(26, 316, '0:3:28', 'SOFREU FALTA', 'Blerim Dzemaili sofre falta de Adem Ljajic!');
INSERT INTO lance (id_partida, id_pessoa, time_stamp, tipo_lance, descricao) VALUES(26, 324, '0:3:32', 'FALTA', 'Falta de Eren Derdiyok em Nemanja Matic!');
INSERT INTO lance (id_partida, id_pessoa, time_stamp, tipo_lance, descricao) VALUES(26, 353, '0:3:32', 'SOFREU FALTA', 'Nemanja Matic sofre falta de Eren Derdiyok!');
INSERT INTO lance (id_partida, id_pessoa, time_stamp, tipo_lance, descricao) VALUES(26, 323, '0:4:52', 'SUBSTITUICAO', 'Sai Admir Mehmedi!');
INSERT INTO lance (id_partida, id_pessoa, time_stamp, tipo_lance, descricao) VALUES(26, 309, '0:4:52', 'SUBSTITUICAO', 'Entra Manuel Akanji!');
INSERT INTO lance (id_partida, id_pessoa, time_stamp, tipo_lance, descricao) VALUES(26, 309, '0:5:9', 'FALTA', 'Falta de Manuel Akanji em Filip Kostic!');
INSERT INTO lance (id_partida, id_pessoa, time_stamp, tipo_lance, descricao) VALUES(26, 358, '0:5:9', 'SOFREU FALTA', 'Filip Kostic sofre falta de Manuel Akanji!');
INSERT INTO lance (id_partida, id_pessoa, time_stamp, tipo_lance, descricao) VALUES(26, 357, '0:9:6', 'SUBSTITUICAO', 'Sai Mijat Gacinovic!');
INSERT INTO lance (id_partida, id_pessoa, time_stamp, tipo_lance, descricao) VALUES(26, 347, '0:9:6', 'SUBSTITUICAO', 'Entra Matija Nastasic!');
INSERT INTO lance (id_partida, id_pessoa, time_stamp, tipo_lance, descricao) VALUES(26, 309, '0:9:10', 'SUBSTITUICAO', 'Sai Manuel Akanji!');
INSERT INTO lance (id_partida, id_pessoa, time_stamp, tipo_lance, descricao) VALUES(26, 313, '0:9:10', 'SUBSTITUICAO', 'Entra Fabian Schär!');
INSERT INTO lance (id_partida, id_pessoa, time_stamp, tipo_lance, descricao) VALUES(26, 319, '0:9:15', 'FALTA', 'Falta de Valon Behrami em Matija Nastasic!');
INSERT INTO lance (id_partida, id_pessoa, time_stamp, tipo_lance, descricao) VALUES(26, 347, '0:9:15', 'SOFREU FALTA', 'Matija Nastasic sofre falta de Valon Behrami!');
INSERT INTO lance (id_partida, id_pessoa, time_stamp, tipo_lance, descricao) VALUES(26, 317, '0:11:39', 'FALTA', 'Falta de Denis Zakaria em Luka Milivojevic!');
INSERT INTO lance (id_partida, id_pessoa, time_stamp, tipo_lance, descricao) VALUES(26, 354, '0:11:39', 'SOFREU FALTA', 'Luka Milivojevic sofre falta de Denis Zakaria!');
INSERT INTO lance (id_partida, id_pessoa, time_stamp, tipo_lance, descricao) VALUES(26, 317, '0:13:28', 'FALTA', 'Falta de Denis Zakaria em Nemanja Matic!');
INSERT INTO lance (id_partida, id_pessoa, time_stamp, tipo_lance, descricao) VALUES(26, 353, '0:13:28', 'SOFREU FALTA', 'Nemanja Matic sofre falta de Denis Zakaria!');
INSERT INTO lance (id_partida, id_pessoa, time_stamp, tipo_lance, descricao) VALUES(26, 356, '0:16:34', 'FALTA', 'Falta de Nemanja Gudelj em Valon Behrami!');
INSERT INTO lance (id_partida, id_pessoa, time_stamp, tipo_lance, descricao) VALUES(26, 319, '0:16:34', 'SOFREU FALTA', 'Valon Behrami sofre falta de Nemanja Gudelj!');
INSERT INTO lance (id_partida, id_pessoa, time_stamp, tipo_lance, descricao) VALUES(26, 313, '0:18:10', 'FALTA', 'Falta de Fabian Schär em Luka Milivojevic!');
INSERT INTO lance (id_partida, id_pessoa, time_stamp, tipo_lance, descricao) VALUES(26, 354, '0:18:10', 'SOFREU FALTA', 'Luka Milivojevic sofre falta de Fabian Schär!');
INSERT INTO lance (id_partida, id_pessoa, time_stamp, tipo_lance, descricao) VALUES(26, 347, '0:19:45', 'DEFESA', 'Defesa de Matija Nastasic!');
INSERT INTO lance (id_partida, id_pessoa, time_stamp, tipo_lance, descricao) VALUES(26, 353, '0:22:35', 'FALTA', 'Falta de Nemanja Matic em Haris Seferovic!');
INSERT INTO lance (id_partida, id_pessoa, time_stamp, tipo_lance, descricao) VALUES(26, 322, '0:22:35', 'SOFREU FALTA', 'Haris Seferovic sofre falta de Nemanja Matic!');
INSERT INTO lance (id_partida, id_pessoa, time_stamp, tipo_lance, descricao) VALUES(26, 313, '0:23:22', 'FALTA', 'Falta de Fabian Schär em Jagos Vukovic!');
INSERT INTO lance (id_partida, id_pessoa, time_stamp, tipo_lance, descricao) VALUES(26, 350, '0:23:22', 'SOFREU FALTA', 'Jagos Vukovic sofre falta de Fabian Schär!');
INSERT INTO lance (id_partida, id_pessoa, time_stamp, tipo_lance, descricao) VALUES(26, 313, '0:26:15', 'DEFESA', 'Defesa de Matija Nastasic!');
INSERT INTO lance (id_partida, id_pessoa, time_stamp, tipo_lance, descricao) VALUES(26, 316, '0:28:25', 'SUBSTITUICAO', 'Sai Blerim Dzemaili!');
INSERT INTO lance (id_partida, id_pessoa, time_stamp, tipo_lance, descricao) VALUES(26, 310, '0:28:25', 'SUBSTITUICAO', 'Entra Michael Lang!');
INSERT INTO lance (id_partida, id_pessoa, time_stamp, tipo_lance, descricao) VALUES(26, 313, '0:29:39', 'DEFESA', 'Defesa de Matija Nastasic!');
INSERT INTO lance (id_partida, id_pessoa, time_stamp, tipo_lance, descricao) VALUES(26, 315, '0:31:24', 'ASSISTENCIA', 'Assistencia de Breel Embolo!');
INSERT INTO lance (id_partida, id_pessoa, time_stamp, tipo_lance, descricao) VALUES(26, 315, '0:31:24', 'GOL', 'Gol de Steven Zuber!');
INSERT INTO lance (id_partida, id_pessoa, time_stamp, tipo_lance, descricao) VALUES(26, 351, '0:31:57', 'FALTA', 'Falta de Dusan Tadic em Granit Xhaka!');
INSERT INTO lance (id_partida, id_pessoa, time_stamp, tipo_lance, descricao) VALUES(26, 314, '0:31:57', 'SOFREU FALTA', 'Granit Xhaka sofre falta de Dusan Tadic!');
INSERT INTO lance (id_partida, id_pessoa, time_stamp, tipo_lance, descricao) VALUES(26, 324, '0:33:22', 'FALTA', 'Falta de Eren Derdiyok em Sergej Milinkovic-Savic!');
INSERT INTO lance (id_partida, id_pessoa, time_stamp, tipo_lance, descricao) VALUES(26, 352, '0:33:22', 'SOFREU FALTA', 'Sergej Milinkovic-Savic sofre falta de Eren Derdiyok!');
INSERT INTO lance (id_partida, id_pessoa, time_stamp, tipo_lance, descricao) VALUES(26, 321, '0:35:30', 'DEFESA', 'Defesa de Matija Nastasic!');
INSERT INTO lance (id_partida, id_pessoa, time_stamp, tipo_lance, descricao) VALUES(26, 354, '0:38:45', 'DEFESA', 'Defesa de Matija Nastasic!');
INSERT INTO lance (id_partida, id_pessoa, time_stamp, tipo_lance, descricao) VALUES(26, 352, '0:39:39', 'DEFESA', 'Defesa de Matija Nastasic!');
INSERT INTO lance (id_partida, id_pessoa, time_stamp, tipo_lance, descricao) VALUES(26, 352, '0:41:46', 'DEFESA', 'Defesa de Matija Nastasic!');
INSERT INTO lance (id_partida, id_pessoa, time_stamp, tipo_lance, descricao) VALUES(26, 350, '0:43:2', 'DEFESA', 'Defesa de Matija Nastasic!');
INSERT INTO lance (id_partida, id_pessoa, time_stamp, tipo_lance, descricao) VALUES(26, 321, '0:45:24', 'FALTA', 'Falta de Breel Embolo em Jagos Vukovic!');
INSERT INTO lance (id_partida, id_pessoa, time_stamp, tipo_lance, descricao) VALUES(26, 350, '0:45:24', 'SOFREU FALTA', 'Jagos Vukovic sofre falta de Breel Embolo!');
INSERT INTO lance (id_partida, id_pessoa, time_stamp, tipo_lance, descricao) VALUES(26, 352, '0:46:59', 'SUBSTITUICAO', 'Sai Sergej Milinkovic-Savic!');
INSERT INTO lance (id_partida, id_pessoa, time_stamp, tipo_lance, descricao) VALUES(26, 343, '0:46:59', 'SUBSTITUICAO', 'Entra Vladimir Stojkovic!');
INSERT INTO lance (id_partida, id_pessoa, time_stamp, tipo_lance, descricao) VALUES(26, 319, '0:51:50', 'FALTA', 'Falta de Valon Behrami em Nemanja Matic!');
INSERT INTO lance (id_partida, id_pessoa, time_stamp, tipo_lance, descricao) VALUES(26, 353, '0:51:50', 'SOFREU FALTA', 'Nemanja Matic sofre falta de Valon Behrami!');
INSERT INTO lance (id_partida, id_pessoa, time_stamp, tipo_lance, descricao) VALUES(26, 315, '0:55:27', 'FALTA', 'Falta de Steven Zuber em Jagos Vukovic!');
INSERT INTO lance (id_partida, id_pessoa, time_stamp, tipo_lance, descricao) VALUES(26, 350, '0:55:27', 'SOFREU FALTA', 'Jagos Vukovic sofre falta de Steven Zuber!');
INSERT INTO lance (id_partida, id_pessoa, time_stamp, tipo_lance, descricao) VALUES(26, 355, '0:55:38', 'DEFESA', 'Defesa de Matija Nastasic!');
INSERT INTO lance (id_partida, id_pessoa, time_stamp, tipo_lance, descricao) VALUES(26, 320, '0:59:37', 'FALTA', 'Falta de Gerson Fernandes em Aleksandar Prijovic!');
INSERT INTO lance (id_partida, id_pessoa, time_stamp, tipo_lance, descricao) VALUES(26, 360, '0:59:37', 'SOFREU FALTA', 'Aleksandar Prijovic sofre falta de Gerson Fernandes!');
INSERT INTO lance (id_partida, id_pessoa, time_stamp, tipo_lance, descricao) VALUES(26, 353, '0:59:59', 'DEFESA', 'Defesa de Matija Nastasic!');
INSERT INTO lance (id_partida, id_pessoa, time_stamp, tipo_lance, descricao) VALUES(26, 347, '1:3:42', 'FALTA', 'Falta de Matija Nastasic em Haris Seferovic!');
INSERT INTO lance (id_partida, id_pessoa, time_stamp, tipo_lance, descricao) VALUES(26, 322, '1:3:42', 'SOFREU FALTA', 'Haris Seferovic sofre falta de Matija Nastasic!');
INSERT INTO lance (id_partida, id_pessoa, time_stamp, tipo_lance, descricao) VALUES(26, 318, '1:4:39', 'FALTA', 'Falta de Xherdan Shaqiri em Aleksandar Mitrovic!');
INSERT INTO lance (id_partida, id_pessoa, time_stamp, tipo_lance, descricao) VALUES(26, 359, '1:4:39', 'SOFREU FALTA', 'Aleksandar Mitrovic sofre falta de Xherdan Shaqiri!');
INSERT INTO lance (id_partida, id_pessoa, time_stamp, tipo_lance, descricao) VALUES(26, 343, '1:9:8', 'FALTA', 'Falta de Vladimir Stojkovic em Gerson Fernandes!');
INSERT INTO lance (id_partida, id_pessoa, time_stamp, tipo_lance, descricao) VALUES(26, 320, '1:9:8', 'SOFREU FALTA', 'Gerson Fernandes sofre falta de Vladimir Stojkovic!');
INSERT INTO lance (id_partida, id_pessoa, time_stamp, tipo_lance, descricao) VALUES(26, 343, '1:9:8', 'CARTAO AMARELO', 'Vladimir Stojkovic ganhou um cartão amarelo!');
INSERT INTO lance (id_partida, id_pessoa, time_stamp, tipo_lance, descricao) VALUES(26, 360, '1:9:15', 'DEFESA', 'Defesa de Matija Nastasic!');
INSERT INTO lance (id_partida, id_pessoa, time_stamp, tipo_lance, descricao) VALUES(26, 347, '1:10:24', 'FALTA', 'Falta de Matija Nastasic em Gerson Fernandes!');
INSERT INTO lance (id_partida, id_pessoa, time_stamp, tipo_lance, descricao) VALUES(26, 320, '1:10:24', 'SOFREU FALTA', 'Gerson Fernandes sofre falta de Matija Nastasic!');
INSERT INTO lance (id_partida, id_pessoa, time_stamp, tipo_lance, descricao) VALUES(26, 321, '1:13:35', 'FALTA', 'Falta de Breel Embolo em Nemanja Gudelj!');
INSERT INTO lance (id_partida, id_pessoa, time_stamp, tipo_lance, descricao) VALUES(26, 356, '1:13:35', 'SOFREU FALTA', 'Nemanja Gudelj sofre falta de Breel Embolo!');
INSERT INTO lance (id_partida, id_pessoa, time_stamp, tipo_lance, descricao) VALUES(26, 321, '1:13:35', 'CARTAO AMARELO', 'Breel Embolo ganhou um cartão amarelo!');
INSERT INTO lance (id_partida, id_pessoa, time_stamp, tipo_lance, descricao) VALUES(26, 315, '1:13:45', 'FALTA', 'Falta de Steven Zuber em Filip Kostic!');
INSERT INTO lance (id_partida, id_pessoa, time_stamp, tipo_lance, descricao) VALUES(26, 358, '1:13:45', 'SOFREU FALTA', 'Filip Kostic sofre falta de Steven Zuber!');
INSERT INTO lance (id_partida, id_pessoa, time_stamp, tipo_lance, descricao) VALUES(26, 315, '1:13:45', 'CARTAO AMARELO', 'Steven Zuber ganhou um cartão amarelo!');
INSERT INTO lance (id_partida, id_pessoa, time_stamp, tipo_lance, descricao) VALUES(26, 354, '1:14:16', 'FALTA', 'Falta de Luka Milivojevic em Valon Behrami!');
INSERT INTO lance (id_partida, id_pessoa, time_stamp, tipo_lance, descricao) VALUES(26, 319, '1:14:16', 'SOFREU FALTA', 'Valon Behrami sofre falta de Luka Milivojevic!');
INSERT INTO lance (id_partida, id_pessoa, time_stamp, tipo_lance, descricao) VALUES(26, 322, '1:16:19', 'GOL', 'Gol de Haris Seferovic!');
INSERT INTO lance (id_partida, id_pessoa, time_stamp, tipo_lance, descricao) VALUES(26, 314, '1:19:40', 'FALTA', 'Falta de Granit Xhaka em Aleksandar Prijovic!');
INSERT INTO lance (id_partida, id_pessoa, time_stamp, tipo_lance, descricao) VALUES(26, 360, '1:19:40', 'SOFREU FALTA', 'Aleksandar Prijovic sofre falta de Granit Xhaka!');
INSERT INTO lance (id_partida, id_pessoa, time_stamp, tipo_lance, descricao) VALUES(26, 313, '1:23:12', 'ASSISTENCIA', 'Assistencia de Denis Zakaria!');
INSERT INTO lance (id_partida, id_pessoa, time_stamp, tipo_lance, descricao) VALUES(26, 313, '1:23:12', 'GOL', 'Gol de Fabian Schär!');
INSERT INTO lance (id_partida, id_pessoa, time_stamp, tipo_lance, descricao) VALUES(26, 343, '1:24:5', 'FALTA', 'Falta de Vladimir Stojkovic em Fabian Schär!');
INSERT INTO lance (id_partida, id_pessoa, time_stamp, tipo_lance, descricao) VALUES(26, 313, '1:24:5', 'SOFREU FALTA', 'Fabian Schär sofre falta de Vladimir Stojkovic!');
INSERT INTO lance (id_partida, id_pessoa, time_stamp, tipo_lance, descricao) VALUES(26, 314, '1:25:15', 'FALTA', 'Falta de Granit Xhaka em Jagos Vukovic!');
INSERT INTO lance (id_partida, id_pessoa, time_stamp, tipo_lance, descricao) VALUES(26, 350, '1:25:15', 'SOFREU FALTA', 'Jagos Vukovic sofre falta de Granit Xhaka!');
INSERT INTO lance (id_partida, id_pessoa, time_stamp, tipo_lance, descricao) VALUES(26, 322, '1:26:16', 'SUBSTITUICAO', 'Sai Haris Seferovic!');
INSERT INTO lance (id_partida, id_pessoa, time_stamp, tipo_lance, descricao) VALUES(26, 311, '1:26:16', 'SUBSTITUICAO', 'Entra Ricardo Rodríguez!');
INSERT INTO lance (id_partida, id_pessoa, time_stamp, tipo_lance, descricao) VALUES(26, 313, '1:27:51', 'DEFESA', 'Defesa de Matija Nastasic!');
INSERT INTO apita (id_partida, id_pessoa) VALUES(27, 662);
INSERT INTO apita (id_partida, id_pessoa) VALUES(27, 648);
INSERT INTO apita (id_partida, id_pessoa) VALUES(27, 589);
INSERT INTO deslocamento (codigo_pais, id_partida, itinerario, descricao_da_escolta) VALUES('BEL', 27, 'YWJRPHHDH6XY5QD97BZB57P1SZRG58796HUANF5ZIZMHLIJWV3IY60F', 'HR9ZZBIJ9Y1Y5DV2FA2GUHPJP4UC0ICGC325FG9HRDIXRV1SHPS678H9C0J4QGT0WVWBKZW9AUYQ9224DC4K0GJDW23P6E1LUSA59ZIS3T5MJ09J8P1OLIAQMSPR5GC63N6R165O4LQHK6352TRRNN9LSUTQJ0WXQ9T63SSCTMUA23FPZTYMZVTQNV9HMPEDZ30KN6');
INSERT INTO deslocamento (codigo_pais, id_partida, itinerario, descricao_da_escolta) VALUES('TUN', 27, 'KBP7A29SZOD0ZBJ74QCSHSKZEIQK9C5C3ROLKXSXOCK2IYPBP554KN410Z32MY', 'WTB7IX8XH7OEFISRQ2O5DGA1PWWUU40LZTXJH0HOQIY66JZTIIM983QQSJSVBNCMHDPVUIJZVAP5RE5G7CMMS1N5DH17IVMCGMZ23D898WN7OU8NNMX8BZ4P0TSMRLR9XMZFPDM3DNO5NPRSJNU58NBQSJB');
INSERT INTO lance (id_partida, id_pessoa, time_stamp, tipo_lance, descricao) VALUES(27, 662, '0:45:0', 'FIM DO PRIMEIRO TEMPO', 'Juiz Bverger apita o fim do primeiro tempo!');
INSERT INTO lance (id_partida, id_pessoa, time_stamp, tipo_lance, descricao) VALUES(27, 662, '1:30:0', 'FIM DO JOGO', 'Juiz Bverger apita o fim do jogo!');
INSERT INTO lance (id_partida, id_pessoa, time_stamp, tipo_lance, descricao) VALUES(27, 441, '0:2:22', 'FALTA', 'Falta de Kevin De Bruyne em Yoann Touzghar!');
INSERT INTO lance (id_partida, id_pessoa, time_stamp, tipo_lance, descricao) VALUES(27, 484, '0:2:22', 'SOFREU FALTA', 'Yoann Touzghar sofre falta de Kevin De Bruyne!');
INSERT INTO lance (id_partida, id_pessoa, time_stamp, tipo_lance, descricao) VALUES(27, 443, '0:3:24', 'FALTA', 'Falta de Youri Tielemans em Anice Bradi!');
INSERT INTO lance (id_partida, id_pessoa, time_stamp, tipo_lance, descricao) VALUES(27, 485, '0:3:24', 'SOFREU FALTA', 'Anice Bradi sofre falta de Youri Tielemans!');
INSERT INTO lance (id_partida, id_pessoa, time_stamp, tipo_lance, descricao) VALUES(27, 481, '0:3:32', 'FALTA', 'Falta de Youssef Msakni em Nacer Chadli!');
INSERT INTO lance (id_partida, id_pessoa, time_stamp, tipo_lance, descricao) VALUES(27, 445, '0:3:32', 'SOFREU FALTA', 'Nacer Chadli sofre falta de Youssef Msakni!');
INSERT INTO lance (id_partida, id_pessoa, time_stamp, tipo_lance, descricao) VALUES(27, 479, '0:9:36', 'ASSISTENCIA', 'Assistencia de Wahbi Khazri!');
INSERT INTO lance (id_partida, id_pessoa, time_stamp, tipo_lance, descricao) VALUES(27, 479, '0:9:36', 'GOL', 'Gol de Ghaylène Chaalali!');
INSERT INTO lance (id_partida, id_pessoa, time_stamp, tipo_lance, descricao) VALUES(27, 484, '0:9:47', 'FALTA', 'Falta de Yoann Touzghar em Kevin De Bruyne!');
INSERT INTO lance (id_partida, id_pessoa, time_stamp, tipo_lance, descricao) VALUES(27, 441, '0:9:47', 'SOFREU FALTA', 'Kevin De Bruyne sofre falta de Yoann Touzghar!');
INSERT INTO lance (id_partida, id_pessoa, time_stamp, tipo_lance, descricao) VALUES(27, 447, '0:11:22', 'FALTA', 'Falta de Yannick Carrasco em Fakhreddine Ben Youssef!');
INSERT INTO lance (id_partida, id_pessoa, time_stamp, tipo_lance, descricao) VALUES(27, 482, '0:11:22', 'SOFREU FALTA', 'Fakhreddine Ben Youssef sofre falta de Yannick Carrasco!');
INSERT INTO lance (id_partida, id_pessoa, time_stamp, tipo_lance, descricao) VALUES(27, 486, '0:12:57', 'SUBSTITUICAO', 'Sai Ahmed Akaïchi!');
INSERT INTO lance (id_partida, id_pessoa, time_stamp, tipo_lance, descricao) VALUES(27, 474, '0:12:57', 'SUBSTITUICAO', 'Entra Yassine Meriah!');
INSERT INTO lance (id_partida, id_pessoa, time_stamp, tipo_lance, descricao) VALUES(27, 448, '0:14:29', 'DEFESA', 'Defesa de Vincent Kompany!');
INSERT INTO lance (id_partida, id_pessoa, time_stamp, tipo_lance, descricao) VALUES(27, 442, '0:14:58', 'DEFESA', 'Defesa de Vincent Kompany!');
INSERT INTO lance (id_partida, id_pessoa, time_stamp, tipo_lance, descricao) VALUES(27, 474, '0:16:11', 'FALTA', 'Falta de Yassine Meriah em Dries Mertens!');
INSERT INTO lance (id_partida, id_pessoa, time_stamp, tipo_lance, descricao) VALUES(27, 448, '0:16:11', 'SOFREU FALTA', 'Dries Mertens sofre falta de Yassine Meriah!');
INSERT INTO lance (id_partida, id_pessoa, time_stamp, tipo_lance, descricao) VALUES(27, 483, '0:16:24', 'FALTA', 'Falta de Taha Yassine Khenissi em Youri Tielemans!');
INSERT INTO lance (id_partida, id_pessoa, time_stamp, tipo_lance, descricao) VALUES(27, 443, '0:16:24', 'SOFREU FALTA', 'Youri Tielemans sofre falta de Taha Yassine Khenissi!');
INSERT INTO lance (id_partida, id_pessoa, time_stamp, tipo_lance, descricao) VALUES(27, 442, '0:18:54', 'DEFESA', 'Defesa de Vincent Kompany!');
INSERT INTO lance (id_partida, id_pessoa, time_stamp, tipo_lance, descricao) VALUES(27, 440, '0:21:20', 'DEFESA', 'Defesa de Vincent Kompany!');
INSERT INTO lance (id_partida, id_pessoa, time_stamp, tipo_lance, descricao) VALUES(27, 440, '0:23:14', 'FALTA', 'Falta de Radja Nainggolan em Taha Yassine Khenissi!');
INSERT INTO lance (id_partida, id_pessoa, time_stamp, tipo_lance, descricao) VALUES(27, 483, '0:23:14', 'SOFREU FALTA', 'Taha Yassine Khenissi sofre falta de Radja Nainggolan!');
INSERT INTO lance (id_partida, id_pessoa, time_stamp, tipo_lance, descricao) VALUES(27, 484, '0:24:35', 'GOL', 'Gol de Yoann Touzghar!');
INSERT INTO lance (id_partida, id_pessoa, time_stamp, tipo_lance, descricao) VALUES(27, 477, '0:26:8', 'FALTA', 'Falta de Wahbi Khazri em Mousa Dembélé!');
INSERT INTO lance (id_partida, id_pessoa, time_stamp, tipo_lance, descricao) VALUES(27, 444, '0:26:8', 'SOFREU FALTA', 'Mousa Dembélé sofre falta de Wahbi Khazri!');
INSERT INTO lance (id_partida, id_pessoa, time_stamp, tipo_lance, descricao) VALUES(27, 483, '0:26:56', 'FALTA', 'Falta de Taha Yassine Khenissi em Kevin De Bruyne!');
INSERT INTO lance (id_partida, id_pessoa, time_stamp, tipo_lance, descricao) VALUES(27, 441, '0:26:56', 'SOFREU FALTA', 'Kevin De Bruyne sofre falta de Taha Yassine Khenissi!');
INSERT INTO lance (id_partida, id_pessoa, time_stamp, tipo_lance, descricao) VALUES(27, 441, '0:27:8', 'SUBSTITUICAO', 'Sai Kevin De Bruyne!');
INSERT INTO lance (id_partida, id_pessoa, time_stamp, tipo_lance, descricao) VALUES(27, 436, '0:27:8', 'SUBSTITUICAO', 'Entra Jan Vertonghen!');
INSERT INTO lance (id_partida, id_pessoa, time_stamp, tipo_lance, descricao) VALUES(27, 481, '0:28:16', 'FALTA', 'Falta de Youssef Msakni em Nacer Chadli!');
INSERT INTO lance (id_partida, id_pessoa, time_stamp, tipo_lance, descricao) VALUES(27, 445, '0:28:16', 'SOFREU FALTA', 'Nacer Chadli sofre falta de Youssef Msakni!');
INSERT INTO lance (id_partida, id_pessoa, time_stamp, tipo_lance, descricao) VALUES(27, 484, '0:29:24', 'DEFESA', 'Defesa de Vincent Kompany!');
INSERT INTO lance (id_partida, id_pessoa, time_stamp, tipo_lance, descricao) VALUES(27, 483, '0:30:31', 'FALTA', 'Falta de Taha Yassine Khenissi em Marouane Fellaini!');
INSERT INTO lance (id_partida, id_pessoa, time_stamp, tipo_lance, descricao) VALUES(27, 442, '0:30:31', 'SOFREU FALTA', 'Marouane Fellaini sofre falta de Taha Yassine Khenissi!');
INSERT INTO lance (id_partida, id_pessoa, time_stamp, tipo_lance, descricao) VALUES(27, 478, '0:32:53', 'DEFESA', 'Defesa de Vincent Kompany!');
INSERT INTO lance (id_partida, id_pessoa, time_stamp, tipo_lance, descricao) VALUES(27, 479, '0:33:4', 'DEFESA', 'Defesa de Vincent Kompany!');
INSERT INTO lance (id_partida, id_pessoa, time_stamp, tipo_lance, descricao) VALUES(27, 481, '0:36:8', 'DEFESA', 'Defesa de Vincent Kompany!');
INSERT INTO lance (id_partida, id_pessoa, time_stamp, tipo_lance, descricao) VALUES(27, 446, '0:37:1', 'DEFESA', 'Defesa de Vincent Kompany!');
INSERT INTO lance (id_partida, id_pessoa, time_stamp, tipo_lance, descricao) VALUES(27, 440, '0:39:38', 'DEFESA', 'Defesa de Vincent Kompany!');
INSERT INTO lance (id_partida, id_pessoa, time_stamp, tipo_lance, descricao) VALUES(27, 442, '0:41:19', 'FALTA', 'Falta de Marouane Fellaini em Wahbi Khazri!');
INSERT INTO lance (id_partida, id_pessoa, time_stamp, tipo_lance, descricao) VALUES(27, 477, '0:41:19', 'SOFREU FALTA', 'Wahbi Khazri sofre falta de Marouane Fellaini!');
INSERT INTO lance (id_partida, id_pessoa, time_stamp, tipo_lance, descricao) VALUES(27, 447, '0:46:14', 'FALTA', 'Falta de Yannick Carrasco em Ghaylène Chaalali!');
INSERT INTO lance (id_partida, id_pessoa, time_stamp, tipo_lance, descricao) VALUES(27, 479, '0:46:14', 'SOFREU FALTA', 'Ghaylène Chaalali sofre falta de Yannick Carrasco!');
INSERT INTO lance (id_partida, id_pessoa, time_stamp, tipo_lance, descricao) VALUES(27, 485, '0:47:14', 'DEFESA', 'Defesa de Vincent Kompany!');
INSERT INTO lance (id_partida, id_pessoa, time_stamp, tipo_lance, descricao) VALUES(27, 485, '0:48:14', 'FALTA', 'Falta de Anice Bradi em Eden Hazard!');
INSERT INTO lance (id_partida, id_pessoa, time_stamp, tipo_lance, descricao) VALUES(27, 446, '0:48:14', 'SOFREU FALTA', 'Eden Hazard sofre falta de Anice Bradi!');
INSERT INTO lance (id_partida, id_pessoa, time_stamp, tipo_lance, descricao) VALUES(27, 450, '0:49:48', 'FALTA', 'Falta de Romelu Lukaku em Yassine Meriah!');
INSERT INTO lance (id_partida, id_pessoa, time_stamp, tipo_lance, descricao) VALUES(27, 474, '0:49:48', 'SOFREU FALTA', 'Yassine Meriah sofre falta de Romelu Lukaku!');
INSERT INTO lance (id_partida, id_pessoa, time_stamp, tipo_lance, descricao) VALUES(27, 442, '0:50:41', 'DEFESA', 'Defesa de Vincent Kompany!');
INSERT INTO lance (id_partida, id_pessoa, time_stamp, tipo_lance, descricao) VALUES(27, 485, '0:51:32', 'FALTA', 'Falta de Anice Bradi em Mousa Dembélé!');
INSERT INTO lance (id_partida, id_pessoa, time_stamp, tipo_lance, descricao) VALUES(27, 444, '0:51:32', 'SOFREU FALTA', 'Mousa Dembélé sofre falta de Anice Bradi!');
INSERT INTO lance (id_partida, id_pessoa, time_stamp, tipo_lance, descricao) VALUES(27, 450, '0:52:32', 'FALTA', 'Falta de Romelu Lukaku em Ferjani Sassi!');
INSERT INTO lance (id_partida, id_pessoa, time_stamp, tipo_lance, descricao) VALUES(27, 476, '0:52:32', 'SOFREU FALTA', 'Ferjani Sassi sofre falta de Romelu Lukaku!');
INSERT INTO lance (id_partida, id_pessoa, time_stamp, tipo_lance, descricao) VALUES(27, 444, '0:54:16', 'DEFESA', 'Defesa de Vincent Kompany!');
INSERT INTO lance (id_partida, id_pessoa, time_stamp, tipo_lance, descricao) VALUES(27, 446, '0:54:21', 'FALTA', 'Falta de Eden Hazard em Fakhreddine Ben Youssef!');
INSERT INTO lance (id_partida, id_pessoa, time_stamp, tipo_lance, descricao) VALUES(27, 482, '0:54:21', 'SOFREU FALTA', 'Fakhreddine Ben Youssef sofre falta de Eden Hazard!');
INSERT INTO lance (id_partida, id_pessoa, time_stamp, tipo_lance, descricao) VALUES(27, 444, '0:54:51', 'FALTA', 'Falta de Mousa Dembélé em Mohamed Amine Ben Amor!');
INSERT INTO lance (id_partida, id_pessoa, time_stamp, tipo_lance, descricao) VALUES(27, 478, '0:54:51', 'SOFREU FALTA', 'Mohamed Amine Ben Amor sofre falta de Mousa Dembélé!');
INSERT INTO lance (id_partida, id_pessoa, time_stamp, tipo_lance, descricao) VALUES(27, 436, '0:56:24', 'DEFESA', 'Defesa de Vincent Kompany!');
INSERT INTO lance (id_partida, id_pessoa, time_stamp, tipo_lance, descricao) VALUES(27, 482, '0:56:41', 'FALTA', 'Falta de Fakhreddine Ben Youssef em Radja Nainggolan!');
INSERT INTO lance (id_partida, id_pessoa, time_stamp, tipo_lance, descricao) VALUES(27, 440, '0:56:41', 'SOFREU FALTA', 'Radja Nainggolan sofre falta de Fakhreddine Ben Youssef!');
INSERT INTO lance (id_partida, id_pessoa, time_stamp, tipo_lance, descricao) VALUES(27, 476, '0:58:26', 'FALTA', 'Falta de Ferjani Sassi em Youri Tielemans!');
INSERT INTO lance (id_partida, id_pessoa, time_stamp, tipo_lance, descricao) VALUES(27, 443, '0:58:26', 'SOFREU FALTA', 'Youri Tielemans sofre falta de Ferjani Sassi!');
INSERT INTO lance (id_partida, id_pessoa, time_stamp, tipo_lance, descricao) VALUES(27, 477, '1:5:32', 'FALTA', 'Falta de Wahbi Khazri em Youri Tielemans!');
INSERT INTO lance (id_partida, id_pessoa, time_stamp, tipo_lance, descricao) VALUES(27, 443, '1:5:32', 'SOFREU FALTA', 'Youri Tielemans sofre falta de Wahbi Khazri!');
INSERT INTO lance (id_partida, id_pessoa, time_stamp, tipo_lance, descricao) VALUES(27, 449, '1:6:12', 'SUBSTITUICAO', 'Sai Michy Batshuayi!');
INSERT INTO lance (id_partida, id_pessoa, time_stamp, tipo_lance, descricao) VALUES(27, 434, '1:6:12', 'SUBSTITUICAO', 'Entra Toby Alderweireld!');
INSERT INTO lance (id_partida, id_pessoa, time_stamp, tipo_lance, descricao) VALUES(27, 444, '1:6:30', 'FALTA', 'Falta de Mousa Dembélé em Naïm Sliti!');
INSERT INTO lance (id_partida, id_pessoa, time_stamp, tipo_lance, descricao) VALUES(27, 480, '1:6:30', 'SOFREU FALTA', 'Naïm Sliti sofre falta de Mousa Dembélé!');
INSERT INTO lance (id_partida, id_pessoa, time_stamp, tipo_lance, descricao) VALUES(27, 434, '1:8:24', 'FALTA', 'Falta de Toby Alderweireld em Yoann Touzghar!');
INSERT INTO lance (id_partida, id_pessoa, time_stamp, tipo_lance, descricao) VALUES(27, 484, '1:8:24', 'SOFREU FALTA', 'Yoann Touzghar sofre falta de Toby Alderweireld!');
INSERT INTO lance (id_partida, id_pessoa, time_stamp, tipo_lance, descricao) VALUES(27, 442, '1:9:23', 'FALTA', 'Falta de Marouane Fellaini em Yoann Touzghar!');
INSERT INTO lance (id_partida, id_pessoa, time_stamp, tipo_lance, descricao) VALUES(27, 484, '1:9:23', 'SOFREU FALTA', 'Yoann Touzghar sofre falta de Marouane Fellaini!');
INSERT INTO lance (id_partida, id_pessoa, time_stamp, tipo_lance, descricao) VALUES(27, 446, '1:11:55', 'FALTA', 'Falta de Eden Hazard em Ghaylène Chaalali!');
INSERT INTO lance (id_partida, id_pessoa, time_stamp, tipo_lance, descricao) VALUES(27, 479, '1:11:55', 'SOFREU FALTA', 'Ghaylène Chaalali sofre falta de Eden Hazard!');
INSERT INTO lance (id_partida, id_pessoa, time_stamp, tipo_lance, descricao) VALUES(27, 447, '1:13:19', 'FALTA', 'Falta de Yannick Carrasco em Taha Yassine Khenissi!');
INSERT INTO lance (id_partida, id_pessoa, time_stamp, tipo_lance, descricao) VALUES(27, 483, '1:13:19', 'SOFREU FALTA', 'Taha Yassine Khenissi sofre falta de Yannick Carrasco!');
INSERT INTO lance (id_partida, id_pessoa, time_stamp, tipo_lance, descricao) VALUES(27, 477, '1:14:4', 'DEFESA', 'Defesa de Vincent Kompany!');
INSERT INTO lance (id_partida, id_pessoa, time_stamp, tipo_lance, descricao) VALUES(27, 436, '1:15:23', 'DEFESA', 'Defesa de Vincent Kompany!');
INSERT INTO lance (id_partida, id_pessoa, time_stamp, tipo_lance, descricao) VALUES(27, 479, '1:21:3', 'FALTA', 'Falta de Ghaylène Chaalali em Youri Tielemans!');
INSERT INTO lance (id_partida, id_pessoa, time_stamp, tipo_lance, descricao) VALUES(27, 443, '1:21:3', 'SOFREU FALTA', 'Youri Tielemans sofre falta de Ghaylène Chaalali!');
INSERT INTO lance (id_partida, id_pessoa, time_stamp, tipo_lance, descricao) VALUES(27, 480, '1:24:2', 'DEFESA', 'Defesa de Vincent Kompany!');
INSERT INTO lance (id_partida, id_pessoa, time_stamp, tipo_lance, descricao) VALUES(27, 436, '1:24:3', 'DEFESA', 'Defesa de Vincent Kompany!');
INSERT INTO lance (id_partida, id_pessoa, time_stamp, tipo_lance, descricao) VALUES(27, 484, '1:24:46', 'FALTA', 'Falta de Yoann Touzghar em Yannick Carrasco!');
INSERT INTO lance (id_partida, id_pessoa, time_stamp, tipo_lance, descricao) VALUES(27, 447, '1:24:46', 'SOFREU FALTA', 'Yannick Carrasco sofre falta de Yoann Touzghar!');
INSERT INTO lance (id_partida, id_pessoa, time_stamp, tipo_lance, descricao) VALUES(27, 480, '1:25:57', 'FALTA', 'Falta de Naïm Sliti em Youri Tielemans!');
INSERT INTO lance (id_partida, id_pessoa, time_stamp, tipo_lance, descricao) VALUES(27, 443, '1:25:57', 'SOFREU FALTA', 'Youri Tielemans sofre falta de Naïm Sliti!');
INSERT INTO lance (id_partida, id_pessoa, time_stamp, tipo_lance, descricao) VALUES(27, 480, '1:27:17', 'FALTA', 'Falta de Naïm Sliti em Nacer Chadli!');
INSERT INTO lance (id_partida, id_pessoa, time_stamp, tipo_lance, descricao) VALUES(27, 445, '1:27:17', 'SOFREU FALTA', 'Nacer Chadli sofre falta de Naïm Sliti!');
INSERT INTO lance (id_partida, id_pessoa, time_stamp, tipo_lance, descricao) VALUES(27, 446, '1:28:42', 'FALTA', 'Falta de Eden Hazard em Naïm Sliti!');
INSERT INTO lance (id_partida, id_pessoa, time_stamp, tipo_lance, descricao) VALUES(27, 480, '1:28:42', 'SOFREU FALTA', 'Naïm Sliti sofre falta de Eden Hazard!');
INSERT INTO apita (id_partida, id_pessoa) VALUES(28, 677);
INSERT INTO apita (id_partida, id_pessoa) VALUES(28, 584);
INSERT INTO apita (id_partida, id_pessoa) VALUES(28, 659);
INSERT INTO deslocamento (codigo_pais, id_partida, itinerario, descricao_da_escolta) VALUES('KOR', 28, 'B826SUYUOYA4IXIPJIB4SHSVMFVAX5ZZQ9FZX6G0XQ52F81ZQ8WDACZ3PHTM8Y7S8KNIRT2MBKHBMZQNN6TYJVZOK', 'JQN329TN34USH6GJC05XR00F8CEJIMV98FJL8HSIS96V35YXR9T8TX4TZI404JEQJVUBW4L4HWES4FMDNQ1I3WPKL0W0N2NI4PMHLXAXYZ16TLZU5');
INSERT INTO deslocamento (codigo_pais, id_partida, itinerario, descricao_da_escolta) VALUES('MEX', 28, 'NOS5XWGJ06IUQPJ5XO3F2ZQDUD5S19BB5VO9091ZAB6EODILWXYK009X7OKT0XS04GZ5AKFYXDE03LZQ5T5DL1KEW1BLYH8NTGKIONKMS9WXWI4WZ3YH1OPD5UIJJ39PE0HWBRCSJTVLEXSN7OW4T1VE1GM3EBDZAHT5BHVI1G7I2D8IC4L4GE5MEC54EJNHQ6L7E', 'MZ3ODN3NLXHD1JZIS5LG09L0DR20161BEOSWB2BRS00HWASDRIOQV86NNDLVVDVP6G9M0DHZ43X9IEDC9YITSLQFRFI8RP6PFKLQAFMOAYV1K7EJ9IW64C7UZ34V5IIP7I473WB4L4S30Z5UB98I29UCN01HK1S1PG3CCGQMH1V9TD4A');
INSERT INTO lance (id_partida, id_pessoa, time_stamp, tipo_lance, descricao) VALUES(28, 677, '0:45:0', 'FIM DO PRIMEIRO TEMPO', 'Juiz Batchelder apita o fim do primeiro tempo!');
INSERT INTO lance (id_partida, id_pessoa, time_stamp, tipo_lance, descricao) VALUES(28, 677, '1:30:0', 'FIM DO JOGO', 'Juiz Batchelder apita o fim do jogo!');
INSERT INTO lance (id_partida, id_pessoa, time_stamp, tipo_lance, descricao) VALUES(28, 424, '0:2:30', 'FALTA', 'Falta de Nam Taehee em Hirving Lozano!');
INSERT INTO lance (id_partida, id_pessoa, time_stamp, tipo_lance, descricao) VALUES(28, 392, '0:2:30', 'SOFREU FALTA', 'Hirving Lozano sofre falta de Nam Taehee!');
INSERT INTO lance (id_partida, id_pessoa, time_stamp, tipo_lance, descricao) VALUES(28, 392, '0:2:53', 'FALTA', 'Falta de Hirving Lozano em Son Heungmin!');
INSERT INTO lance (id_partida, id_pessoa, time_stamp, tipo_lance, descricao) VALUES(28, 429, '0:2:53', 'SOFREU FALTA', 'Son Heungmin sofre falta de Hirving Lozano!');
INSERT INTO lance (id_partida, id_pessoa, time_stamp, tipo_lance, descricao) VALUES(28, 429, '0:3:24', 'FALTA', 'Falta de Son Heungmin em Carlos Vela!');
INSERT INTO lance (id_partida, id_pessoa, time_stamp, tipo_lance, descricao) VALUES(28, 394, '0:3:24', 'SOFREU FALTA', 'Carlos Vela sofre falta de Son Heungmin!');
INSERT INTO lance (id_partida, id_pessoa, time_stamp, tipo_lance, descricao) VALUES(28, 388, '0:5:12', 'ASSISTENCIA', 'Assistencia de Jonathan dos Santos!');
INSERT INTO lance (id_partida, id_pessoa, time_stamp, tipo_lance, descricao) VALUES(28, 388, '0:5:12', 'GOL', 'Gol de Andrés Guardado!');
INSERT INTO lance (id_partida, id_pessoa, time_stamp, tipo_lance, descricao) VALUES(28, 426, '0:6:51', 'FALTA', 'Falta de Lee Chungyoung em Andrés Guardado!');
INSERT INTO lance (id_partida, id_pessoa, time_stamp, tipo_lance, descricao) VALUES(28, 388, '0:6:51', 'SOFREU FALTA', 'Andrés Guardado sofre falta de Lee Chungyoung!');
INSERT INTO lance (id_partida, id_pessoa, time_stamp, tipo_lance, descricao) VALUES(28, 395, '0:7:37', 'FALTA', 'Falta de Javier Hernández em Son Heungmin!');
INSERT INTO lance (id_partida, id_pessoa, time_stamp, tipo_lance, descricao) VALUES(28, 429, '0:7:37', 'SOFREU FALTA', 'Son Heungmin sofre falta de Javier Hernández!');
INSERT INTO lance (id_partida, id_pessoa, time_stamp, tipo_lance, descricao) VALUES(28, 387, '0:17:26', 'DEFESA', 'Defesa de Hong Jeongho!');
INSERT INTO lance (id_partida, id_pessoa, time_stamp, tipo_lance, descricao) VALUES(28, 429, '0:17:34', 'FALTA', 'Falta de Son Heungmin em Giovani dos Santos!');
INSERT INTO lance (id_partida, id_pessoa, time_stamp, tipo_lance, descricao) VALUES(28, 387, '0:17:34', 'SOFREU FALTA', 'Giovani dos Santos sofre falta de Son Heungmin!');
INSERT INTO lance (id_partida, id_pessoa, time_stamp, tipo_lance, descricao) VALUES(28, 393, '0:18:48', 'FALTA', 'Falta de Raúl Jiménez em Ji Dongwon!');
INSERT INTO lance (id_partida, id_pessoa, time_stamp, tipo_lance, descricao) VALUES(28, 430, '0:18:48', 'SOFREU FALTA', 'Ji Dongwon sofre falta de Raúl Jiménez!');
INSERT INTO lance (id_partida, id_pessoa, time_stamp, tipo_lance, descricao) VALUES(28, 389, '0:19:20', 'FALTA', 'Falta de Héctor Herrera em Kim Shinwook!');
INSERT INTO lance (id_partida, id_pessoa, time_stamp, tipo_lance, descricao) VALUES(28, 431, '0:19:20', 'SOFREU FALTA', 'Kim Shinwook sofre falta de Héctor Herrera!');
INSERT INTO lance (id_partida, id_pessoa, time_stamp, tipo_lance, descricao) VALUES(28, 391, '0:19:25', 'FALTA', 'Falta de Jesús Corona em Han Kookyoung!');
INSERT INTO lance (id_partida, id_pessoa, time_stamp, tipo_lance, descricao) VALUES(28, 425, '0:19:25', 'SOFREU FALTA', 'Han Kookyoung sofre falta de Jesús Corona!');
INSERT INTO lance (id_partida, id_pessoa, time_stamp, tipo_lance, descricao) VALUES(28, 431, '0:19:55', 'DEFESA', 'Defesa de Hong Jeongho!');
INSERT INTO lance (id_partida, id_pessoa, time_stamp, tipo_lance, descricao) VALUES(28, 422, '0:23:39', 'DEFESA', 'Defesa de Hong Jeongho!');
INSERT INTO lance (id_partida, id_pessoa, time_stamp, tipo_lance, descricao) VALUES(28, 426, '0:23:48', 'FALTA', 'Falta de Lee Chungyoung em Andrés Guardado!');
INSERT INTO lance (id_partida, id_pessoa, time_stamp, tipo_lance, descricao) VALUES(28, 388, '0:23:48', 'SOFREU FALTA', 'Andrés Guardado sofre falta de Lee Chungyoung!');
INSERT INTO lance (id_partida, id_pessoa, time_stamp, tipo_lance, descricao) VALUES(28, 396, '0:24:20', 'SUBSTITUICAO', 'Sai Oribe Peralta!');
INSERT INTO lance (id_partida, id_pessoa, time_stamp, tipo_lance, descricao) VALUES(28, 381, '0:24:20', 'SUBSTITUICAO', 'Entra Diego Reyes!');
INSERT INTO lance (id_partida, id_pessoa, time_stamp, tipo_lance, descricao) VALUES(28, 388, '0:29:12', 'FALTA', 'Falta de Andrés Guardado em Kim Shinwook!');
INSERT INTO lance (id_partida, id_pessoa, time_stamp, tipo_lance, descricao) VALUES(28, 431, '0:29:12', 'SOFREU FALTA', 'Kim Shinwook sofre falta de Andrés Guardado!');
INSERT INTO lance (id_partida, id_pessoa, time_stamp, tipo_lance, descricao) VALUES(28, 427, '0:30:5', 'FALTA', 'Falta de Jung Wooyoung em Hirving Lozano!');
INSERT INTO lance (id_partida, id_pessoa, time_stamp, tipo_lance, descricao) VALUES(28, 392, '0:30:5', 'SOFREU FALTA', 'Hirving Lozano sofre falta de Jung Wooyoung!');
INSERT INTO lance (id_partida, id_pessoa, time_stamp, tipo_lance, descricao) VALUES(28, 381, '0:31:20', 'SUBSTITUICAO', 'Sai Diego Reyes!');
INSERT INTO lance (id_partida, id_pessoa, time_stamp, tipo_lance, descricao) VALUES(28, 380, '0:31:20', 'SUBSTITUICAO', 'Entra Hugo Ayala!');
INSERT INTO lance (id_partida, id_pessoa, time_stamp, tipo_lance, descricao) VALUES(28, 390, '0:32:14', 'DEFESA', 'Defesa de Hong Jeongho!');
INSERT INTO lance (id_partida, id_pessoa, time_stamp, tipo_lance, descricao) VALUES(28, 429, '0:32:59', 'FALTA', 'Falta de Son Heungmin em Héctor Herrera!');
INSERT INTO lance (id_partida, id_pessoa, time_stamp, tipo_lance, descricao) VALUES(28, 389, '0:32:59', 'SOFREU FALTA', 'Héctor Herrera sofre falta de Son Heungmin!');
INSERT INTO lance (id_partida, id_pessoa, time_stamp, tipo_lance, descricao) VALUES(28, 389, '0:36:30', 'DEFESA', 'Defesa de Hong Jeongho!');
INSERT INTO lance (id_partida, id_pessoa, time_stamp, tipo_lance, descricao) VALUES(28, 427, '0:36:45', 'FALTA', 'Falta de Jung Wooyoung em Hirving Lozano!');
INSERT INTO lance (id_partida, id_pessoa, time_stamp, tipo_lance, descricao) VALUES(28, 392, '0:36:45', 'SOFREU FALTA', 'Hirving Lozano sofre falta de Jung Wooyoung!');
INSERT INTO lance (id_partida, id_pessoa, time_stamp, tipo_lance, descricao) VALUES(28, 395, '0:36:54', 'FALTA', 'Falta de Javier Hernández em Jung Wooyoung!');
INSERT INTO lance (id_partida, id_pessoa, time_stamp, tipo_lance, descricao) VALUES(28, 427, '0:36:54', 'SOFREU FALTA', 'Jung Wooyoung sofre falta de Javier Hernández!');
INSERT INTO lance (id_partida, id_pessoa, time_stamp, tipo_lance, descricao) VALUES(28, 427, '0:37:22', 'FALTA', 'Falta de Jung Wooyoung em Hirving Lozano!');
INSERT INTO lance (id_partida, id_pessoa, time_stamp, tipo_lance, descricao) VALUES(28, 392, '0:37:22', 'SOFREU FALTA', 'Hirving Lozano sofre falta de Jung Wooyoung!');
INSERT INTO lance (id_partida, id_pessoa, time_stamp, tipo_lance, descricao) VALUES(28, 423, '0:43:34', 'DEFESA', 'Defesa de Hong Jeongho!');
INSERT INTO lance (id_partida, id_pessoa, time_stamp, tipo_lance, descricao) VALUES(28, 380, '0:44:38', 'DEFESA', 'Defesa de Hong Jeongho!');
INSERT INTO lance (id_partida, id_pessoa, time_stamp, tipo_lance, descricao) VALUES(28, 423, '0:45:4', 'DEFESA', 'Defesa de Hong Jeongho!');
INSERT INTO lance (id_partida, id_pessoa, time_stamp, tipo_lance, descricao) VALUES(28, 390, '0:46:8', 'FALTA', 'Falta de Javier Aquino em Jung Wooyoung!');
INSERT INTO lance (id_partida, id_pessoa, time_stamp, tipo_lance, descricao) VALUES(28, 427, '0:46:8', 'SOFREU FALTA', 'Jung Wooyoung sofre falta de Javier Aquino!');
INSERT INTO lance (id_partida, id_pessoa, time_stamp, tipo_lance, descricao) VALUES(28, 390, '0:46:8', 'CARTAO VERMELHO', 'Javier Aquino foi expulso!');
INSERT INTO lance (id_partida, id_pessoa, time_stamp, tipo_lance, descricao) VALUES(28, 386, '0:50:40', 'GOL', 'Gol de Jonathan dos Santos!');
INSERT INTO lance (id_partida, id_pessoa, time_stamp, tipo_lance, descricao) VALUES(28, 426, '0:55:30', 'DEFESA', 'Defesa de Hong Jeongho!');
INSERT INTO lance (id_partida, id_pessoa, time_stamp, tipo_lance, descricao) VALUES(28, 393, '0:56:22', 'FALTA', 'Falta de Raúl Jiménez em Lee Chungyoung!');
INSERT INTO lance (id_partida, id_pessoa, time_stamp, tipo_lance, descricao) VALUES(28, 426, '0:56:22', 'SOFREU FALTA', 'Lee Chungyoung sofre falta de Raúl Jiménez!');
INSERT INTO lance (id_partida, id_pessoa, time_stamp, tipo_lance, descricao) VALUES(28, 432, '1:3:2', 'FALTA', 'Falta de Hwang Heechan em Giovani dos Santos!');
INSERT INTO lance (id_partida, id_pessoa, time_stamp, tipo_lance, descricao) VALUES(28, 387, '1:3:2', 'SOFREU FALTA', 'Giovani dos Santos sofre falta de Hwang Heechan!');
INSERT INTO lance (id_partida, id_pessoa, time_stamp, tipo_lance, descricao) VALUES(28, 387, '1:3:53', 'FALTA', 'Falta de Giovani dos Santos em Kim Shinwook!');
INSERT INTO lance (id_partida, id_pessoa, time_stamp, tipo_lance, descricao) VALUES(28, 431, '1:3:53', 'SOFREU FALTA', 'Kim Shinwook sofre falta de Giovani dos Santos!');
INSERT INTO lance (id_partida, id_pessoa, time_stamp, tipo_lance, descricao) VALUES(28, 388, '1:7:12', 'DEFESA', 'Defesa de Hong Jeongho!');
INSERT INTO lance (id_partida, id_pessoa, time_stamp, tipo_lance, descricao) VALUES(28, 388, '1:7:36', 'FALTA', 'Falta de Andrés Guardado em Lee Chungyoung!');
INSERT INTO lance (id_partida, id_pessoa, time_stamp, tipo_lance, descricao) VALUES(28, 426, '1:7:36', 'SOFREU FALTA', 'Lee Chungyoung sofre falta de Andrés Guardado!');
INSERT INTO lance (id_partida, id_pessoa, time_stamp, tipo_lance, descricao) VALUES(28, 392, '1:9:27', 'GOL', 'Gol de Hirving Lozano!');
INSERT INTO lance (id_partida, id_pessoa, time_stamp, tipo_lance, descricao) VALUES(28, 388, '1:12:20', 'DEFESA', 'Defesa de Hong Jeongho!');
INSERT INTO lance (id_partida, id_pessoa, time_stamp, tipo_lance, descricao) VALUES(28, 392, '1:12:30', 'FALTA', 'Falta de Hirving Lozano em Son Heungmin!');
INSERT INTO lance (id_partida, id_pessoa, time_stamp, tipo_lance, descricao) VALUES(28, 429, '1:12:30', 'SOFREU FALTA', 'Son Heungmin sofre falta de Hirving Lozano!');
INSERT INTO lance (id_partida, id_pessoa, time_stamp, tipo_lance, descricao) VALUES(28, 422, '1:12:34', 'FALTA', 'Falta de Kwon Changhoon em Jonathan dos Santos!');
INSERT INTO lance (id_partida, id_pessoa, time_stamp, tipo_lance, descricao) VALUES(28, 386, '1:12:34', 'SOFREU FALTA', 'Jonathan dos Santos sofre falta de Kwon Changhoon!');
INSERT INTO lance (id_partida, id_pessoa, time_stamp, tipo_lance, descricao) VALUES(28, 391, '1:13:24', 'FALTA', 'Falta de Jesús Corona em Kim Shinwook!');
INSERT INTO lance (id_partida, id_pessoa, time_stamp, tipo_lance, descricao) VALUES(28, 431, '1:13:24', 'SOFREU FALTA', 'Kim Shinwook sofre falta de Jesús Corona!');
INSERT INTO lance (id_partida, id_pessoa, time_stamp, tipo_lance, descricao) VALUES(28, 423, '1:14:18', 'DEFESA', 'Defesa de Hong Jeongho!');
INSERT INTO lance (id_partida, id_pessoa, time_stamp, tipo_lance, descricao) VALUES(28, 387, '1:15:40', 'GOL', 'Gol de Giovani dos Santos!');
INSERT INTO lance (id_partida, id_pessoa, time_stamp, tipo_lance, descricao) VALUES(28, 426, '1:17:36', 'FALTA', 'Falta de Lee Chungyoung em Andrés Guardado!');
INSERT INTO lance (id_partida, id_pessoa, time_stamp, tipo_lance, descricao) VALUES(28, 388, '1:17:36', 'SOFREU FALTA', 'Andrés Guardado sofre falta de Lee Chungyoung!');
INSERT INTO lance (id_partida, id_pessoa, time_stamp, tipo_lance, descricao) VALUES(28, 391, '1:17:38', 'FALTA', 'Falta de Jesús Corona em Ki Sungyueng!');
INSERT INTO lance (id_partida, id_pessoa, time_stamp, tipo_lance, descricao) VALUES(28, 423, '1:17:38', 'SOFREU FALTA', 'Ki Sungyueng sofre falta de Jesús Corona!');
INSERT INTO lance (id_partida, id_pessoa, time_stamp, tipo_lance, descricao) VALUES(28, 427, '1:19:10', 'FALTA', 'Falta de Jung Wooyoung em Hugo Ayala!');
INSERT INTO lance (id_partida, id_pessoa, time_stamp, tipo_lance, descricao) VALUES(28, 380, '1:19:10', 'SOFREU FALTA', 'Hugo Ayala sofre falta de Jung Wooyoung!');
INSERT INTO lance (id_partida, id_pessoa, time_stamp, tipo_lance, descricao) VALUES(28, 387, '1:19:21', 'FALTA', 'Falta de Giovani dos Santos em Son Heungmin!');
INSERT INTO lance (id_partida, id_pessoa, time_stamp, tipo_lance, descricao) VALUES(28, 429, '1:19:21', 'SOFREU FALTA', 'Son Heungmin sofre falta de Giovani dos Santos!');
INSERT INTO lance (id_partida, id_pessoa, time_stamp, tipo_lance, descricao) VALUES(28, 393, '1:21:11', 'GOL', 'Gol de Raúl Jiménez!');
INSERT INTO lance (id_partida, id_pessoa, time_stamp, tipo_lance, descricao) VALUES(28, 388, '1:24:28', 'FALTA', 'Falta de Andrés Guardado em Jung Wooyoung!');
INSERT INTO lance (id_partida, id_pessoa, time_stamp, tipo_lance, descricao) VALUES(28, 427, '1:24:28', 'SOFREU FALTA', 'Jung Wooyoung sofre falta de Andrés Guardado!');
INSERT INTO lance (id_partida, id_pessoa, time_stamp, tipo_lance, descricao) VALUES(28, 388, '1:24:28', 'CARTAO AMARELO', 'Andrés Guardado ganhou um cartão amarelo!');
INSERT INTO lance (id_partida, id_pessoa, time_stamp, tipo_lance, descricao) VALUES(28, 387, '1:26:22', 'FALTA', 'Falta de Giovani dos Santos em Hwang Heechan!');
INSERT INTO lance (id_partida, id_pessoa, time_stamp, tipo_lance, descricao) VALUES(28, 432, '1:26:22', 'SOFREU FALTA', 'Hwang Heechan sofre falta de Giovani dos Santos!');
INSERT INTO lance (id_partida, id_pessoa, time_stamp, tipo_lance, descricao) VALUES(28, 387, '1:27:7', 'FALTA', 'Falta de Giovani dos Santos em Ji Dongwon!');
INSERT INTO lance (id_partida, id_pessoa, time_stamp, tipo_lance, descricao) VALUES(28, 430, '1:27:7', 'SOFREU FALTA', 'Ji Dongwon sofre falta de Giovani dos Santos!');
INSERT INTO lance (id_partida, id_pessoa, time_stamp, tipo_lance, descricao) VALUES(28, 387, '1:27:7', 'CARTAO AMARELO', 'Giovani dos Santos ganhou um cartão amarelo!');
INSERT INTO lance (id_partida, id_pessoa, time_stamp, tipo_lance, descricao) VALUES(28, 380, '1:27:43', 'FALTA', 'Falta de Hugo Ayala em Son Heungmin!');
INSERT INTO lance (id_partida, id_pessoa, time_stamp, tipo_lance, descricao) VALUES(28, 429, '1:27:43', 'SOFREU FALTA', 'Son Heungmin sofre falta de Hugo Ayala!');
INSERT INTO lance (id_partida, id_pessoa, time_stamp, tipo_lance, descricao) VALUES(28, 386, '1:29:58', 'FALTA', 'Falta de Jonathan dos Santos em Nam Taehee!');
INSERT INTO lance (id_partida, id_pessoa, time_stamp, tipo_lance, descricao) VALUES(28, 424, '1:29:58', 'SOFREU FALTA', 'Nam Taehee sofre falta de Jonathan dos Santos!');
INSERT INTO apita (id_partida, id_pessoa) VALUES(29, 612);
INSERT INTO apita (id_partida, id_pessoa) VALUES(29, 648);
INSERT INTO apita (id_partida, id_pessoa) VALUES(29, 589);
INSERT INTO deslocamento (codigo_pais, id_partida, itinerario, descricao_da_escolta) VALUES('GER', 29, 'K3OB13FKQYBQBWPBJLE6EM82QHIJQHOZBOQYQID5X25Q6E8N4KD6RPH84WUTU64JJLPXF0VAIIJLQR5MJ5PFERHWGS43YTK08WGUZKHEZCYJG6RM0HKZRY', '2E2RX51MY8SN3KKW8XKQB38QKARDQIUJJSOQ63UI709KXSYCPVLCGHD8FMHWOX5POIDL530FCBT');
INSERT INTO deslocamento (codigo_pais, id_partida, itinerario, descricao_da_escolta) VALUES('SWE', 29, '3X21MPY57RDCOPLTV84J5T6PONGV4GAEY2FRUPK999S6FB6QSGTEHJPJ1MM8JCA0R8OWK49GX5J5AAKNQ0DYW56ON50ICLZ792OGXKFYGNQ', 'AUI0C9RS9MEVB9JOE1DMFM6IVD0GUPRJPUO3X9FD3H7XX2EXA0TPJEHXX9F8IK8U45GRVQ1FVAS8OIU39DG35C9LN0FX3H4SIN22VXBU9O3JVJJPOM9FE');
INSERT INTO lance (id_partida, id_pessoa, time_stamp, tipo_lance, descricao) VALUES(29, 612, '0:45:0', 'FIM DO PRIMEIRO TEMPO', 'Juiz Flatley apita o fim do primeiro tempo!');
INSERT INTO lance (id_partida, id_pessoa, time_stamp, tipo_lance, descricao) VALUES(29, 612, '1:30:0', 'FIM DO JOGO', 'Juiz Flatley apita o fim do jogo!');
INSERT INTO lance (id_partida, id_pessoa, time_stamp, tipo_lance, descricao) VALUES(29, 406, '0:1:49', 'FALTA', 'Falta de Emil Forsberg em Leon Goretzka!');
INSERT INTO lance (id_partida, id_pessoa, time_stamp, tipo_lance, descricao) VALUES(29, 370, '0:1:49', 'SOFREU FALTA', 'Leon Goretzka sofre falta de Emil Forsberg!');
INSERT INTO lance (id_partida, id_pessoa, time_stamp, tipo_lance, descricao) VALUES(29, 368, '0:4:31', 'FALTA', 'Falta de Toni Kroos em Marcus Berg!');
INSERT INTO lance (id_partida, id_pessoa, time_stamp, tipo_lance, descricao) VALUES(29, 412, '0:4:31', 'SOFREU FALTA', 'Marcus Berg sofre falta de Toni Kroos!');
INSERT INTO lance (id_partida, id_pessoa, time_stamp, tipo_lance, descricao) VALUES(29, 405, '0:5:15', 'DEFESA', 'Defesa de Joshua Kimmich!');
INSERT INTO lance (id_partida, id_pessoa, time_stamp, tipo_lance, descricao) VALUES(29, 405, '0:6:3', 'DEFESA', 'Defesa de Joshua Kimmich!');
INSERT INTO lance (id_partida, id_pessoa, time_stamp, tipo_lance, descricao) VALUES(29, 413, '0:9:12', 'FALTA', 'Falta de John Guidetti em Mario Götze!');
INSERT INTO lance (id_partida, id_pessoa, time_stamp, tipo_lance, descricao) VALUES(29, 376, '0:9:12', 'SOFREU FALTA', 'Mario Götze sofre falta de John Guidetti!');
INSERT INTO lance (id_partida, id_pessoa, time_stamp, tipo_lance, descricao) VALUES(29, 410, '0:12:33', 'FALTA', 'Falta de Albin Ekdal em Timo Werner!');
INSERT INTO lance (id_partida, id_pessoa, time_stamp, tipo_lance, descricao) VALUES(29, 378, '0:12:33', 'SOFREU FALTA', 'Timo Werner sofre falta de Albin Ekdal!');
INSERT INTO lance (id_partida, id_pessoa, time_stamp, tipo_lance, descricao) VALUES(29, 370, '0:12:40', 'SUBSTITUICAO', 'Sai Leon Goretzka!');
INSERT INTO lance (id_partida, id_pessoa, time_stamp, tipo_lance, descricao) VALUES(29, 366, '0:12:40', 'SUBSTITUICAO', 'Entra Jonas Hector!');
INSERT INTO lance (id_partida, id_pessoa, time_stamp, tipo_lance, descricao) VALUES(29, 413, '0:12:56', 'FALTA', 'Falta de John Guidetti em Sebastian Rudy!');
INSERT INTO lance (id_partida, id_pessoa, time_stamp, tipo_lance, descricao) VALUES(29, 372, '0:12:56', 'SOFREU FALTA', 'Sebastian Rudy sofre falta de John Guidetti!');
INSERT INTO lance (id_partida, id_pessoa, time_stamp, tipo_lance, descricao) VALUES(29, 404, '0:15:13', 'GOL', 'Gol de Pontus Jansson!');
INSERT INTO lance (id_partida, id_pessoa, time_stamp, tipo_lance, descricao) VALUES(29, 375, '0:17:3', 'SUBSTITUICAO', 'Sai Sami Khedira!');
INSERT INTO lance (id_partida, id_pessoa, time_stamp, tipo_lance, descricao) VALUES(29, 364, '0:17:3', 'SUBSTITUICAO', 'Entra Jérôme Boateng!');
INSERT INTO lance (id_partida, id_pessoa, time_stamp, tipo_lance, descricao) VALUES(29, 413, '0:17:31', 'DEFESA', 'Defesa de Joshua Kimmich!');
INSERT INTO lance (id_partida, id_pessoa, time_stamp, tipo_lance, descricao) VALUES(29, 373, '0:19:7', 'SUBSTITUICAO', 'Sai Leroy Sané!');
INSERT INTO lance (id_partida, id_pessoa, time_stamp, tipo_lance, descricao) VALUES(29, 375, '0:19:7', 'SUBSTITUICAO', 'Entra Sami Khedira!');
INSERT INTO lance (id_partida, id_pessoa, time_stamp, tipo_lance, descricao) VALUES(29, 366, '0:19:11', 'DEFESA', 'Defesa de Joshua Kimmich!');
INSERT INTO lance (id_partida, id_pessoa, time_stamp, tipo_lance, descricao) VALUES(29, 372, '0:19:40', 'FALTA', 'Falta de Sebastian Rudy em Albin Ekdal!');
INSERT INTO lance (id_partida, id_pessoa, time_stamp, tipo_lance, descricao) VALUES(29, 410, '0:19:40', 'SOFREU FALTA', 'Albin Ekdal sofre falta de Sebastian Rudy!');
INSERT INTO lance (id_partida, id_pessoa, time_stamp, tipo_lance, descricao) VALUES(29, 371, '0:19:54', 'FALTA', 'Falta de Julian Brandt em Jimmy Durmaz!');
INSERT INTO lance (id_partida, id_pessoa, time_stamp, tipo_lance, descricao) VALUES(29, 409, '0:19:54', 'SOFREU FALTA', 'Jimmy Durmaz sofre falta de Julian Brandt!');
INSERT INTO lance (id_partida, id_pessoa, time_stamp, tipo_lance, descricao) VALUES(29, 411, '0:21:21', 'FALTA', 'Falta de Isaac Kiese Thelin em Timo Werner!');
INSERT INTO lance (id_partida, id_pessoa, time_stamp, tipo_lance, descricao) VALUES(29, 378, '0:21:21', 'SOFREU FALTA', 'Timo Werner sofre falta de Isaac Kiese Thelin!');
INSERT INTO lance (id_partida, id_pessoa, time_stamp, tipo_lance, descricao) VALUES(29, 404, '0:23:55', 'FALTA', 'Falta de Pontus Jansson em Sami Khedira!');
INSERT INTO lance (id_partida, id_pessoa, time_stamp, tipo_lance, descricao) VALUES(29, 375, '0:23:55', 'SOFREU FALTA', 'Sami Khedira sofre falta de Pontus Jansson!');
INSERT INTO lance (id_partida, id_pessoa, time_stamp, tipo_lance, descricao) VALUES(29, 378, '0:28:32', 'FALTA', 'Falta de Timo Werner em Gustav Svensson!');
INSERT INTO lance (id_partida, id_pessoa, time_stamp, tipo_lance, descricao) VALUES(29, 407, '0:28:32', 'SOFREU FALTA', 'Gustav Svensson sofre falta de Timo Werner!');
INSERT INTO lance (id_partida, id_pessoa, time_stamp, tipo_lance, descricao) VALUES(29, 414, '0:28:48', 'DEFESA', 'Defesa de Joshua Kimmich!');
INSERT INTO lance (id_partida, id_pessoa, time_stamp, tipo_lance, descricao) VALUES(29, 408, '0:30:15', 'FALTA', 'Falta de Viktor Claesson em Toni Kroos!');
INSERT INTO lance (id_partida, id_pessoa, time_stamp, tipo_lance, descricao) VALUES(29, 368, '0:30:15', 'SOFREU FALTA', 'Toni Kroos sofre falta de Viktor Claesson!');
INSERT INTO lance (id_partida, id_pessoa, time_stamp, tipo_lance, descricao) VALUES(29, 364, '0:30:31', 'SUBSTITUICAO', 'Sai Jérôme Boateng!');
INSERT INTO lance (id_partida, id_pessoa, time_stamp, tipo_lance, descricao) VALUES(29, 367, '0:30:31', 'SUBSTITUICAO', 'Entra Julian Draxler!');
INSERT INTO lance (id_partida, id_pessoa, time_stamp, tipo_lance, descricao) VALUES(29, 376, '0:31:7', 'FALTA', 'Falta de Mario Götze em Sebastian Larsson!');
INSERT INTO lance (id_partida, id_pessoa, time_stamp, tipo_lance, descricao) VALUES(29, 405, '0:31:7', 'SOFREU FALTA', 'Sebastian Larsson sofre falta de Mario Götze!');
INSERT INTO lance (id_partida, id_pessoa, time_stamp, tipo_lance, descricao) VALUES(29, 407, '0:33:18', 'FALTA', 'Falta de Gustav Svensson em Timo Werner!');
INSERT INTO lance (id_partida, id_pessoa, time_stamp, tipo_lance, descricao) VALUES(29, 378, '0:33:18', 'SOFREU FALTA', 'Timo Werner sofre falta de Gustav Svensson!');
INSERT INTO lance (id_partida, id_pessoa, time_stamp, tipo_lance, descricao) VALUES(29, 405, '0:33:19', 'FALTA', 'Falta de Sebastian Larsson em Julian Brandt!');
INSERT INTO lance (id_partida, id_pessoa, time_stamp, tipo_lance, descricao) VALUES(29, 371, '0:33:19', 'SOFREU FALTA', 'Julian Brandt sofre falta de Sebastian Larsson!');
INSERT INTO lance (id_partida, id_pessoa, time_stamp, tipo_lance, descricao) VALUES(29, 409, '0:33:41', 'FALTA', 'Falta de Jimmy Durmaz em Mesut Özil!');
INSERT INTO lance (id_partida, id_pessoa, time_stamp, tipo_lance, descricao) VALUES(29, 374, '0:33:41', 'SOFREU FALTA', 'Mesut Özil sofre falta de Jimmy Durmaz!');
INSERT INTO lance (id_partida, id_pessoa, time_stamp, tipo_lance, descricao) VALUES(29, 371, '0:36:56', 'FALTA', 'Falta de Julian Brandt em Gustav Svensson!');
INSERT INTO lance (id_partida, id_pessoa, time_stamp, tipo_lance, descricao) VALUES(29, 407, '0:36:56', 'SOFREU FALTA', 'Gustav Svensson sofre falta de Julian Brandt!');
INSERT INTO lance (id_partida, id_pessoa, time_stamp, tipo_lance, descricao) VALUES(29, 412, '0:39:54', 'GOL', 'Gol de Marcus Berg!');
INSERT INTO lance (id_partida, id_pessoa, time_stamp, tipo_lance, descricao) VALUES(29, 378, '0:42:20', 'FALTA', 'Falta de Timo Werner em Albin Ekdal!');
INSERT INTO lance (id_partida, id_pessoa, time_stamp, tipo_lance, descricao) VALUES(29, 410, '0:42:20', 'SOFREU FALTA', 'Albin Ekdal sofre falta de Timo Werner!');
INSERT INTO lance (id_partida, id_pessoa, time_stamp, tipo_lance, descricao) VALUES(29, 367, '0:43:24', 'FALTA', 'Falta de Julian Draxler em Albin Ekdal!');
INSERT INTO lance (id_partida, id_pessoa, time_stamp, tipo_lance, descricao) VALUES(29, 410, '0:43:24', 'SOFREU FALTA', 'Albin Ekdal sofre falta de Julian Draxler!');
INSERT INTO lance (id_partida, id_pessoa, time_stamp, tipo_lance, descricao) VALUES(29, 411, '0:45:14', 'FALTA', 'Falta de Isaac Kiese Thelin em Julian Brandt!');
INSERT INTO lance (id_partida, id_pessoa, time_stamp, tipo_lance, descricao) VALUES(29, 371, '0:45:14', 'SOFREU FALTA', 'Julian Brandt sofre falta de Isaac Kiese Thelin!');
INSERT INTO lance (id_partida, id_pessoa, time_stamp, tipo_lance, descricao) VALUES(29, 405, '0:46:1', 'FALTA', 'Falta de Sebastian Larsson em Sami Khedira!');
INSERT INTO lance (id_partida, id_pessoa, time_stamp, tipo_lance, descricao) VALUES(29, 375, '0:46:1', 'SOFREU FALTA', 'Sami Khedira sofre falta de Sebastian Larsson!');
INSERT INTO lance (id_partida, id_pessoa, time_stamp, tipo_lance, descricao) VALUES(29, 371, '0:46:4', 'DEFESA', 'Defesa de Joshua Kimmich!');
INSERT INTO lance (id_partida, id_pessoa, time_stamp, tipo_lance, descricao) VALUES(29, 369, '0:46:30', 'FALTA', 'Falta de Emre Can em Viktor Claesson!');
INSERT INTO lance (id_partida, id_pessoa, time_stamp, tipo_lance, descricao) VALUES(29, 408, '0:46:30', 'SOFREU FALTA', 'Viktor Claesson sofre falta de Emre Can!');
INSERT INTO lance (id_partida, id_pessoa, time_stamp, tipo_lance, descricao) VALUES(29, 410, '0:48:19', 'FALTA', 'Falta de Albin Ekdal em Mesut Özil!');
INSERT INTO lance (id_partida, id_pessoa, time_stamp, tipo_lance, descricao) VALUES(29, 374, '0:48:19', 'SOFREU FALTA', 'Mesut Özil sofre falta de Albin Ekdal!');
INSERT INTO lance (id_partida, id_pessoa, time_stamp, tipo_lance, descricao) VALUES(29, 375, '0:48:56', 'FALTA', 'Falta de Sami Khedira em Gustav Svensson!');
INSERT INTO lance (id_partida, id_pessoa, time_stamp, tipo_lance, descricao) VALUES(29, 407, '0:48:56', 'SOFREU FALTA', 'Gustav Svensson sofre falta de Sami Khedira!');
INSERT INTO lance (id_partida, id_pessoa, time_stamp, tipo_lance, descricao) VALUES(29, 378, '0:50:8', 'FALTA', 'Falta de Timo Werner em Sebastian Larsson!');
INSERT INTO lance (id_partida, id_pessoa, time_stamp, tipo_lance, descricao) VALUES(29, 405, '0:50:8', 'SOFREU FALTA', 'Sebastian Larsson sofre falta de Timo Werner!');
INSERT INTO lance (id_partida, id_pessoa, time_stamp, tipo_lance, descricao) VALUES(29, 378, '0:51:47', 'FALTA', 'Falta de Timo Werner em Sebastian Larsson!');
INSERT INTO lance (id_partida, id_pessoa, time_stamp, tipo_lance, descricao) VALUES(29, 405, '0:51:47', 'SOFREU FALTA', 'Sebastian Larsson sofre falta de Timo Werner!');
INSERT INTO lance (id_partida, id_pessoa, time_stamp, tipo_lance, descricao) VALUES(29, 368, '0:52:49', 'DEFESA', 'Defesa de Joshua Kimmich!');
INSERT INTO lance (id_partida, id_pessoa, time_stamp, tipo_lance, descricao) VALUES(29, 411, '0:55:35', 'FALTA', 'Falta de Isaac Kiese Thelin em Mario Götze!');
INSERT INTO lance (id_partida, id_pessoa, time_stamp, tipo_lance, descricao) VALUES(29, 376, '0:55:35', 'SOFREU FALTA', 'Mario Götze sofre falta de Isaac Kiese Thelin!');
INSERT INTO lance (id_partida, id_pessoa, time_stamp, tipo_lance, descricao) VALUES(29, 407, '0:58:9', 'FALTA', 'Falta de Gustav Svensson em Emre Can!');
INSERT INTO lance (id_partida, id_pessoa, time_stamp, tipo_lance, descricao) VALUES(29, 369, '0:58:9', 'SOFREU FALTA', 'Emre Can sofre falta de Gustav Svensson!');
INSERT INTO lance (id_partida, id_pessoa, time_stamp, tipo_lance, descricao) VALUES(29, 413, '0:58:28', 'DEFESA', 'Defesa de Joshua Kimmich!');
INSERT INTO lance (id_partida, id_pessoa, time_stamp, tipo_lance, descricao) VALUES(29, 409, '1:1:1', 'DEFESA', 'Defesa de Joshua Kimmich!');
INSERT INTO lance (id_partida, id_pessoa, time_stamp, tipo_lance, descricao) VALUES(29, 371, '1:9:20', 'FALTA', 'Falta de Julian Brandt em Sebastian Larsson!');
INSERT INTO lance (id_partida, id_pessoa, time_stamp, tipo_lance, descricao) VALUES(29, 405, '1:9:20', 'SOFREU FALTA', 'Sebastian Larsson sofre falta de Julian Brandt!');
INSERT INTO lance (id_partida, id_pessoa, time_stamp, tipo_lance, descricao) VALUES(29, 369, '1:14:12', 'DEFESA', 'Defesa de Joshua Kimmich!');
INSERT INTO lance (id_partida, id_pessoa, time_stamp, tipo_lance, descricao) VALUES(29, 372, '1:14:18', 'FALTA', 'Falta de Sebastian Rudy em John Guidetti!');
INSERT INTO lance (id_partida, id_pessoa, time_stamp, tipo_lance, descricao) VALUES(29, 413, '1:14:18', 'SOFREU FALTA', 'John Guidetti sofre falta de Sebastian Rudy!');
INSERT INTO lance (id_partida, id_pessoa, time_stamp, tipo_lance, descricao) VALUES(29, 376, '1:15:12', 'DEFESA', 'Defesa de Joshua Kimmich!');
INSERT INTO lance (id_partida, id_pessoa, time_stamp, tipo_lance, descricao) VALUES(29, 409, '1:18:16', 'FALTA', 'Falta de Jimmy Durmaz em Emre Can!');
INSERT INTO lance (id_partida, id_pessoa, time_stamp, tipo_lance, descricao) VALUES(29, 369, '1:18:16', 'SOFREU FALTA', 'Emre Can sofre falta de Jimmy Durmaz!');
INSERT INTO lance (id_partida, id_pessoa, time_stamp, tipo_lance, descricao) VALUES(29, 405, '1:23:18', 'FALTA', 'Falta de Sebastian Larsson em Emre Can!');
INSERT INTO lance (id_partida, id_pessoa, time_stamp, tipo_lance, descricao) VALUES(29, 369, '1:23:18', 'SOFREU FALTA', 'Emre Can sofre falta de Sebastian Larsson!');
INSERT INTO lance (id_partida, id_pessoa, time_stamp, tipo_lance, descricao) VALUES(29, 408, '1:28:6', 'FALTA', 'Falta de Viktor Claesson em Julian Brandt!');
INSERT INTO lance (id_partida, id_pessoa, time_stamp, tipo_lance, descricao) VALUES(29, 371, '1:28:6', 'SOFREU FALTA', 'Julian Brandt sofre falta de Viktor Claesson!');
INSERT INTO lance (id_partida, id_pessoa, time_stamp, tipo_lance, descricao) VALUES(29, 408, '1:28:6', 'CARTAO AMARELO', 'Viktor Claesson ganhou um cartão amarelo!');
INSERT INTO lance (id_partida, id_pessoa, time_stamp, tipo_lance, descricao) VALUES(29, 377, '1:28:38', 'FALTA', 'Falta de Thomas Müller em Isaac Kiese Thelin!');
INSERT INTO lance (id_partida, id_pessoa, time_stamp, tipo_lance, descricao) VALUES(29, 411, '1:28:38', 'SOFREU FALTA', 'Isaac Kiese Thelin sofre falta de Thomas Müller!');
INSERT INTO apita (id_partida, id_pessoa) VALUES(30, 587);
INSERT INTO apita (id_partida, id_pessoa) VALUES(30, 589);
INSERT INTO apita (id_partida, id_pessoa) VALUES(30, 673);
INSERT INTO deslocamento (codigo_pais, id_partida, itinerario, descricao_da_escolta) VALUES('ENG', 30, '1APP52DEYP6DPS0Z2B069XPSN7I70ABJOLVE6WAPUTXC1PKBECINNI1DV6B8TFOYNWZD6W2GALLQAN07WH3Y1X6GURT9UC6OF8YF0GFSJCNB6LDIFELMMZ70ZTTPC2V8P7KBYVHQBLOYJ4JJOL3Q0UCPB8QHX0PQRPW9ABTU65KALJQ4JJB09FI554A0FA3L57H4', 'KIM1JT4JBE2RV7NZYRLG1EGB3P6C8FNBVW9BY9ZVNV30IITCPWGP5YRFCK83W2L600697LAZ2Z2FKP3U54WL88F7E39OA69');
INSERT INTO deslocamento (codigo_pais, id_partida, itinerario, descricao_da_escolta) VALUES('PAN', 30, 'J79RLUEDWRXF5L5WRN72F982U94EMVZ50H5NQLJLZSZRK9B38M6W8GPK9H7MZA1A11PYPSFGEWCXKRSU7BG9YC7T1VOJO6VZ1YZSUNNPH0RLE29RZMPY41MY4564E62IBN6W19ATX028UWP9W6UBR659MAYZRTLK8JK16', 'ZZM5AE8NDIQ6HHM00ER6K1KLBEOSALLYDJG4ZV50B86QIVLE7HSFJ9C8OB360QN26228BSBFJ14M44CQ3KU22GODHHPY29AVUEUQ2NCPGN6SE0DU8MDP5VA');
INSERT INTO lance (id_partida, id_pessoa, time_stamp, tipo_lance, descricao) VALUES(30, 587, '0:45:0', 'FIM DO PRIMEIRO TEMPO', 'Juiz Barbarino apita o fim do primeiro tempo!');
INSERT INTO lance (id_partida, id_pessoa, time_stamp, tipo_lance, descricao) VALUES(30, 587, '1:30:0', 'FIM DO JOGO', 'Juiz Barbarino apita o fim do jogo!');
INSERT INTO lance (id_partida, id_pessoa, time_stamp, tipo_lance, descricao) VALUES(30, 503, '0:2:3', 'DEFESA', 'Defesa de John Stones!');
INSERT INTO lance (id_partida, id_pessoa, time_stamp, tipo_lance, descricao) VALUES(30, 502, '0:2:25', 'FALTA', 'Falta de Harry Kane em Gabriel Torres!');
INSERT INTO lance (id_partida, id_pessoa, time_stamp, tipo_lance, descricao) VALUES(30, 466, '0:2:25', 'SOFREU FALTA', 'Gabriel Torres sofre falta de Harry Kane!');
INSERT INTO lance (id_partida, id_pessoa, time_stamp, tipo_lance, descricao) VALUES(30, 466, '0:2:27', 'FALTA', 'Falta de Gabriel Torres em Dele Alli!');
INSERT INTO lance (id_partida, id_pessoa, time_stamp, tipo_lance, descricao) VALUES(30, 497, '0:2:27', 'SOFREU FALTA', 'Dele Alli sofre falta de Gabriel Torres!');
INSERT INTO lance (id_partida, id_pessoa, time_stamp, tipo_lance, descricao) VALUES(30, 497, '0:2:32', 'FALTA', 'Falta de Dele Alli em Abdiel Arroyo!');
INSERT INTO lance (id_partida, id_pessoa, time_stamp, tipo_lance, descricao) VALUES(30, 468, '0:2:32', 'SOFREU FALTA', 'Abdiel Arroyo sofre falta de Dele Alli!');
INSERT INTO lance (id_partida, id_pessoa, time_stamp, tipo_lance, descricao) VALUES(30, 462, '0:6:28', 'FALTA', 'Falta de Armando Cooper em Eric Dier!');
INSERT INTO lance (id_partida, id_pessoa, time_stamp, tipo_lance, descricao) VALUES(30, 498, '0:6:28', 'SOFREU FALTA', 'Eric Dier sofre falta de Armando Cooper!');
INSERT INTO lance (id_partida, id_pessoa, time_stamp, tipo_lance, descricao) VALUES(30, 461, '0:10:2', 'FALTA', 'Falta de Édgar Bárcenas em Phil Jones!');
INSERT INTO lance (id_partida, id_pessoa, time_stamp, tipo_lance, descricao) VALUES(30, 494, '0:10:2', 'SOFREU FALTA', 'Phil Jones sofre falta de Édgar Bárcenas!');
INSERT INTO lance (id_partida, id_pessoa, time_stamp, tipo_lance, descricao) VALUES(30, 463, '0:12:17', 'FALTA', 'Falta de Alberto Quintero em Jesse Lingard!');
INSERT INTO lance (id_partida, id_pessoa, time_stamp, tipo_lance, descricao) VALUES(30, 500, '0:12:17', 'SOFREU FALTA', 'Jesse Lingard sofre falta de Alberto Quintero!');
INSERT INTO lance (id_partida, id_pessoa, time_stamp, tipo_lance, descricao) VALUES(30, 500, '0:14:46', 'FALTA', 'Falta de Jesse Lingard em Gabriel Torres!');
INSERT INTO lance (id_partida, id_pessoa, time_stamp, tipo_lance, descricao) VALUES(30, 466, '0:14:46', 'SOFREU FALTA', 'Gabriel Torres sofre falta de Jesse Lingard!');
INSERT INTO lance (id_partida, id_pessoa, time_stamp, tipo_lance, descricao) VALUES(30, 460, '0:16:44', 'FALTA', 'Falta de Gabriel Gómez em Harry Kane!');
INSERT INTO lance (id_partida, id_pessoa, time_stamp, tipo_lance, descricao) VALUES(30, 502, '0:16:44', 'SOFREU FALTA', 'Harry Kane sofre falta de Gabriel Gómez!');
INSERT INTO lance (id_partida, id_pessoa, time_stamp, tipo_lance, descricao) VALUES(30, 503, '0:21:55', 'FALTA', 'Falta de Marcus Rashford em Abdiel Arroyo!');
INSERT INTO lance (id_partida, id_pessoa, time_stamp, tipo_lance, descricao) VALUES(30, 468, '0:21:55', 'SOFREU FALTA', 'Abdiel Arroyo sofre falta de Marcus Rashford!');
INSERT INTO lance (id_partida, id_pessoa, time_stamp, tipo_lance, descricao) VALUES(30, 498, '0:23:21', 'DEFESA', 'Defesa de John Stones!');
INSERT INTO lance (id_partida, id_pessoa, time_stamp, tipo_lance, descricao) VALUES(30, 502, '0:24:37', 'FALTA', 'Falta de Harry Kane em Aníbal Godoy!');
INSERT INTO lance (id_partida, id_pessoa, time_stamp, tipo_lance, descricao) VALUES(30, 464, '0:24:37', 'SOFREU FALTA', 'Aníbal Godoy sofre falta de Harry Kane!');
INSERT INTO lance (id_partida, id_pessoa, time_stamp, tipo_lance, descricao) VALUES(30, 494, '0:27:22', 'DEFESA', 'Defesa de John Stones!');
INSERT INTO lance (id_partida, id_pessoa, time_stamp, tipo_lance, descricao) VALUES(30, 466, '0:28:29', 'DEFESA', 'Defesa de John Stones!');
INSERT INTO lance (id_partida, id_pessoa, time_stamp, tipo_lance, descricao) VALUES(30, 496, '0:30:43', 'DEFESA', 'Defesa de John Stones!');
INSERT INTO lance (id_partida, id_pessoa, time_stamp, tipo_lance, descricao) VALUES(30, 503, '0:32:26', 'SUBSTITUICAO', 'Sai Marcus Rashford!');
INSERT INTO lance (id_partida, id_pessoa, time_stamp, tipo_lance, descricao) VALUES(30, 487, '0:32:26', 'SUBSTITUICAO', 'Entra Joe Hart!');
INSERT INTO lance (id_partida, id_pessoa, time_stamp, tipo_lance, descricao) VALUES(30, 463, '0:32:30', 'DEFESA', 'Defesa de John Stones!');
INSERT INTO lance (id_partida, id_pessoa, time_stamp, tipo_lance, descricao) VALUES(30, 465, '0:33:25', 'FALTA', 'Falta de Blas Pérez em Eric Dier!');
INSERT INTO lance (id_partida, id_pessoa, time_stamp, tipo_lance, descricao) VALUES(30, 498, '0:33:25', 'SOFREU FALTA', 'Eric Dier sofre falta de Blas Pérez!');
INSERT INTO lance (id_partida, id_pessoa, time_stamp, tipo_lance, descricao) VALUES(30, 468, '0:40:10', 'GOL', 'Gol de Abdiel Arroyo!');
INSERT INTO lance (id_partida, id_pessoa, time_stamp, tipo_lance, descricao) VALUES(30, 468, '0:40:30', 'FALTA', 'Falta de Abdiel Arroyo em Harry Kane!');
INSERT INTO lance (id_partida, id_pessoa, time_stamp, tipo_lance, descricao) VALUES(30, 502, '0:40:30', 'SOFREU FALTA', 'Harry Kane sofre falta de Abdiel Arroyo!');
INSERT INTO lance (id_partida, id_pessoa, time_stamp, tipo_lance, descricao) VALUES(30, 458, '0:40:32', 'FALTA', 'Falta de Luis Ovalle em Raheem Sterling!');
INSERT INTO lance (id_partida, id_pessoa, time_stamp, tipo_lance, descricao) VALUES(30, 501, '0:40:32', 'SOFREU FALTA', 'Raheem Sterling sofre falta de Luis Ovalle!');
INSERT INTO lance (id_partida, id_pessoa, time_stamp, tipo_lance, descricao) VALUES(30, 468, '0:45:58', 'FALTA', 'Falta de Abdiel Arroyo em Jesse Lingard!');
INSERT INTO lance (id_partida, id_pessoa, time_stamp, tipo_lance, descricao) VALUES(30, 500, '0:45:58', 'SOFREU FALTA', 'Jesse Lingard sofre falta de Abdiel Arroyo!');
INSERT INTO lance (id_partida, id_pessoa, time_stamp, tipo_lance, descricao) VALUES(30, 467, '0:47:26', 'FALTA', 'Falta de Luis Tejada em Phil Jones!');
INSERT INTO lance (id_partida, id_pessoa, time_stamp, tipo_lance, descricao) VALUES(30, 494, '0:47:26', 'SOFREU FALTA', 'Phil Jones sofre falta de Luis Tejada!');
INSERT INTO lance (id_partida, id_pessoa, time_stamp, tipo_lance, descricao) VALUES(30, 497, '0:49:25', 'DEFESA', 'Defesa de John Stones!');
INSERT INTO lance (id_partida, id_pessoa, time_stamp, tipo_lance, descricao) VALUES(30, 502, '0:50:19', 'SUBSTITUICAO', 'Sai Harry Kane!');
INSERT INTO lance (id_partida, id_pessoa, time_stamp, tipo_lance, descricao) VALUES(30, 493, '0:50:19', 'SUBSTITUICAO', 'Entra Danny Rose!');
INSERT INTO lance (id_partida, id_pessoa, time_stamp, tipo_lance, descricao) VALUES(30, 463, '0:56:29', 'FALTA', 'Falta de Alberto Quintero em Jordan Henderson!');
INSERT INTO lance (id_partida, id_pessoa, time_stamp, tipo_lance, descricao) VALUES(30, 495, '0:56:29', 'SOFREU FALTA', 'Jordan Henderson sofre falta de Alberto Quintero!');
INSERT INTO lance (id_partida, id_pessoa, time_stamp, tipo_lance, descricao) VALUES(30, 493, '0:58:4', 'FALTA', 'Falta de Danny Rose em Gabriel Gómez!');
INSERT INTO lance (id_partida, id_pessoa, time_stamp, tipo_lance, descricao) VALUES(30, 460, '0:58:4', 'SOFREU FALTA', 'Gabriel Gómez sofre falta de Danny Rose!');
INSERT INTO lance (id_partida, id_pessoa, time_stamp, tipo_lance, descricao) VALUES(30, 500, '0:59:18', 'FALTA', 'Falta de Jesse Lingard em Alberto Quintero!');
INSERT INTO lance (id_partida, id_pessoa, time_stamp, tipo_lance, descricao) VALUES(30, 463, '0:59:18', 'SOFREU FALTA', 'Alberto Quintero sofre falta de Jesse Lingard!');
INSERT INTO lance (id_partida, id_pessoa, time_stamp, tipo_lance, descricao) VALUES(30, 460, '1:0:46', 'DEFESA', 'Defesa de John Stones!');
INSERT INTO lance (id_partida, id_pessoa, time_stamp, tipo_lance, descricao) VALUES(30, 465, '1:2:20', 'FALTA', 'Falta de Blas Pérez em Jamie Vardy!');
INSERT INTO lance (id_partida, id_pessoa, time_stamp, tipo_lance, descricao) VALUES(30, 504, '1:2:20', 'SOFREU FALTA', 'Jamie Vardy sofre falta de Blas Pérez!');
INSERT INTO lance (id_partida, id_pessoa, time_stamp, tipo_lance, descricao) VALUES(30, 468, '1:4:42', 'FALTA', 'Falta de Abdiel Arroyo em Danny Rose!');
INSERT INTO lance (id_partida, id_pessoa, time_stamp, tipo_lance, descricao) VALUES(30, 493, '1:4:42', 'SOFREU FALTA', 'Danny Rose sofre falta de Abdiel Arroyo!');
INSERT INTO lance (id_partida, id_pessoa, time_stamp, tipo_lance, descricao) VALUES(30, 499, '1:12:15', 'FALTA', 'Falta de Adam Lallana em Blas Pérez!');
INSERT INTO lance (id_partida, id_pessoa, time_stamp, tipo_lance, descricao) VALUES(30, 465, '1:12:15', 'SOFREU FALTA', 'Blas Pérez sofre falta de Adam Lallana!');
INSERT INTO lance (id_partida, id_pessoa, time_stamp, tipo_lance, descricao) VALUES(30, 495, '1:13:15', 'FALTA', 'Falta de Jordan Henderson em Alberto Quintero!');
INSERT INTO lance (id_partida, id_pessoa, time_stamp, tipo_lance, descricao) VALUES(30, 463, '1:13:15', 'SOFREU FALTA', 'Alberto Quintero sofre falta de Jordan Henderson!');
INSERT INTO lance (id_partida, id_pessoa, time_stamp, tipo_lance, descricao) VALUES(30, 499, '1:14:49', 'FALTA', 'Falta de Adam Lallana em Aníbal Godoy!');
INSERT INTO lance (id_partida, id_pessoa, time_stamp, tipo_lance, descricao) VALUES(30, 464, '1:14:49', 'SOFREU FALTA', 'Aníbal Godoy sofre falta de Adam Lallana!');
INSERT INTO lance (id_partida, id_pessoa, time_stamp, tipo_lance, descricao) VALUES(30, 500, '1:14:51', 'DEFESA', 'Defesa de John Stones!');
INSERT INTO lance (id_partida, id_pessoa, time_stamp, tipo_lance, descricao) VALUES(30, 459, '1:17:30', 'FALTA', 'Falta de Felipe Baloy em Joe Hart!');
INSERT INTO lance (id_partida, id_pessoa, time_stamp, tipo_lance, descricao) VALUES(30, 487, '1:17:30', 'SOFREU FALTA', 'Joe Hart sofre falta de Felipe Baloy!');
INSERT INTO lance (id_partida, id_pessoa, time_stamp, tipo_lance, descricao) VALUES(30, 468, '1:18:17', 'FALTA', 'Falta de Abdiel Arroyo em Eric Dier!');
INSERT INTO lance (id_partida, id_pessoa, time_stamp, tipo_lance, descricao) VALUES(30, 498, '1:18:17', 'SOFREU FALTA', 'Eric Dier sofre falta de Abdiel Arroyo!');
INSERT INTO lance (id_partida, id_pessoa, time_stamp, tipo_lance, descricao) VALUES(30, 494, '1:21:57', 'DEFESA', 'Defesa de John Stones!');
INSERT INTO lance (id_partida, id_pessoa, time_stamp, tipo_lance, descricao) VALUES(30, 498, '1:23:8', 'FALTA', 'Falta de Eric Dier em Abdiel Arroyo!');
INSERT INTO lance (id_partida, id_pessoa, time_stamp, tipo_lance, descricao) VALUES(30, 468, '1:23:8', 'SOFREU FALTA', 'Abdiel Arroyo sofre falta de Eric Dier!');
INSERT INTO lance (id_partida, id_pessoa, time_stamp, tipo_lance, descricao) VALUES(30, 464, '1:23:51', 'GOL', 'Gol de Aníbal Godoy!');
INSERT INTO lance (id_partida, id_pessoa, time_stamp, tipo_lance, descricao) VALUES(30, 501, '1:29:38', 'FALTA', 'Falta de Raheem Sterling em Abdiel Arroyo!');
INSERT INTO lance (id_partida, id_pessoa, time_stamp, tipo_lance, descricao) VALUES(30, 468, '1:29:38', 'SOFREU FALTA', 'Abdiel Arroyo sofre falta de Raheem Sterling!');
INSERT INTO apita (id_partida, id_pessoa) VALUES(31, 597);
INSERT INTO apita (id_partida, id_pessoa) VALUES(31, 678);
INSERT INTO apita (id_partida, id_pessoa) VALUES(31, 664);
INSERT INTO deslocamento (codigo_pais, id_partida, itinerario, descricao_da_escolta) VALUES('JPN', 31, 'NOHCLQR5EFTQSYA9EEJFQD5ZLQCTRETSOG31U0BNCGHZ67Q58LUVWA5KTS14O7N9WACL5JONC5CK5F3N9GUGU75NLSHC9H9F3ID55FAY6GS17VONZ', '4HMGPYFZAMCMN557QXC7S4G6JNPDP0E4NVM12W3OZGEXWU3X5AE1L15ABQ7BJBJKIH82TEF44XIM0TJZU2IPWMTW0MZMZ1FY64OOVAD15J7XTSJSGHQR34Y5YMBG');
INSERT INTO deslocamento (codigo_pais, id_partida, itinerario, descricao_da_escolta) VALUES('SEN', 31, '2FCSTP5E4DTYRUMP5DHCHFRLX5CGSZJ96MCE4E9DNNME63MJLP3J4EGXX04YNZVE4U1ERIU0DEY43NO4S24D6AE2FOQEJK0Y2HKLCH1D5CF0PM4KMAFU4SI3P88D1QR3', 'ABWDC2LA1H45ON2UF2JEF3J8Q5DIYLOVLMOKIHJI4UDKN8BVGTVYIYIH2XWGYCLP3JTC8RM8SAKVZ8US4SCFZZMXDHSUUCT2IXREO9XYGXFHOWR3CEMG9G0E66809');
INSERT INTO lance (id_partida, id_pessoa, time_stamp, tipo_lance, descricao) VALUES(31, 597, '0:45:0', 'FIM DO PRIMEIRO TEMPO', 'Juiz Bellar apita o fim do primeiro tempo!');
INSERT INTO lance (id_partida, id_pessoa, time_stamp, tipo_lance, descricao) VALUES(31, 597, '1:30:0', 'FIM DO JOGO', 'Juiz Bellar apita o fim do jogo!');
INSERT INTO lance (id_partida, id_pessoa, time_stamp, tipo_lance, descricao) VALUES(31, 567, '0:3:39', 'FALTA', 'Falta de Hotaru Yamaguchi em Idrissa Gueye!');
INSERT INTO lance (id_partida, id_pessoa, time_stamp, tipo_lance, descricao) VALUES(31, 530, '0:3:39', 'SOFREU FALTA', 'Idrissa Gueye sofre falta de Hotaru Yamaguchi!');
INSERT INTO lance (id_partida, id_pessoa, time_stamp, tipo_lance, descricao) VALUES(31, 571, '0:3:56', 'DEFESA', 'Defesa de Hiroki Sakai!');
INSERT INTO lance (id_partida, id_pessoa, time_stamp, tipo_lance, descricao) VALUES(31, 531, '0:10:18', 'DEFESA', 'Defesa de Hiroki Sakai!');
INSERT INTO lance (id_partida, id_pessoa, time_stamp, tipo_lance, descricao) VALUES(31, 575, '0:11:35', 'FALTA', 'Falta de Yuya Kubo em Keita Baldé!');
INSERT INTO lance (id_partida, id_pessoa, time_stamp, tipo_lance, descricao) VALUES(31, 537, '0:11:35', 'SOFREU FALTA', 'Keita Baldé sofre falta de Yuya Kubo!');
INSERT INTO lance (id_partida, id_pessoa, time_stamp, tipo_lance, descricao) VALUES(31, 537, '0:11:41', 'DEFESA', 'Defesa de Hiroki Sakai!');
INSERT INTO lance (id_partida, id_pessoa, time_stamp, tipo_lance, descricao) VALUES(31, 573, '0:12:51', 'DEFESA', 'Defesa de Hiroki Sakai!');
INSERT INTO lance (id_partida, id_pessoa, time_stamp, tipo_lance, descricao) VALUES(31, 531, '0:13:35', 'DEFESA', 'Defesa de Hiroki Sakai!');
INSERT INTO lance (id_partida, id_pessoa, time_stamp, tipo_lance, descricao) VALUES(31, 572, '0:20:29', 'FALTA', 'Falta de Takashi Usami em Keita Baldé!');
INSERT INTO lance (id_partida, id_pessoa, time_stamp, tipo_lance, descricao) VALUES(31, 537, '0:20:29', 'SOFREU FALTA', 'Keita Baldé sofre falta de Takashi Usami!');
INSERT INTO lance (id_partida, id_pessoa, time_stamp, tipo_lance, descricao) VALUES(31, 572, '0:20:47', 'FALTA', 'Falta de Takashi Usami em Mame Diouf!');
INSERT INTO lance (id_partida, id_pessoa, time_stamp, tipo_lance, descricao) VALUES(31, 540, '0:20:47', 'SOFREU FALTA', 'Mame Diouf sofre falta de Takashi Usami!');
INSERT INTO lance (id_partida, id_pessoa, time_stamp, tipo_lance, descricao) VALUES(31, 576, '0:21:32', 'SUBSTITUICAO', 'Sai Yuya Osako!');
INSERT INTO lance (id_partida, id_pessoa, time_stamp, tipo_lance, descricao) VALUES(31, 561, '0:21:32', 'SUBSTITUICAO', 'Entra Masato Morishige!');
INSERT INTO lance (id_partida, id_pessoa, time_stamp, tipo_lance, descricao) VALUES(31, 540, '0:21:45', 'FALTA', 'Falta de Mame Diouf em Hotaru Yamaguchi!');
INSERT INTO lance (id_partida, id_pessoa, time_stamp, tipo_lance, descricao) VALUES(31, 567, '0:21:45', 'SOFREU FALTA', 'Hotaru Yamaguchi sofre falta de Mame Diouf!');
INSERT INTO lance (id_partida, id_pessoa, time_stamp, tipo_lance, descricao) VALUES(31, 572, '0:21:53', 'FALTA', 'Falta de Takashi Usami em Mame Diouf!');
INSERT INTO lance (id_partida, id_pessoa, time_stamp, tipo_lance, descricao) VALUES(31, 540, '0:21:53', 'SOFREU FALTA', 'Mame Diouf sofre falta de Takashi Usami!');
INSERT INTO lance (id_partida, id_pessoa, time_stamp, tipo_lance, descricao) VALUES(31, 530, '0:22:7', 'FALTA', 'Falta de Idrissa Gueye em Hotaru Yamaguchi!');
INSERT INTO lance (id_partida, id_pessoa, time_stamp, tipo_lance, descricao) VALUES(31, 567, '0:22:7', 'SOFREU FALTA', 'Hotaru Yamaguchi sofre falta de Idrissa Gueye!');
INSERT INTO lance (id_partida, id_pessoa, time_stamp, tipo_lance, descricao) VALUES(31, 571, '0:23:4', 'FALTA', 'Falta de Keisuke Honda em Keita Baldé!');
INSERT INTO lance (id_partida, id_pessoa, time_stamp, tipo_lance, descricao) VALUES(31, 537, '0:23:4', 'SOFREU FALTA', 'Keita Baldé sofre falta de Keisuke Honda!');
INSERT INTO lance (id_partida, id_pessoa, time_stamp, tipo_lance, descricao) VALUES(31, 574, '0:24:7', 'FALTA', 'Falta de Shinji Okazaki em Cheikh Ndoye!');
INSERT INTO lance (id_partida, id_pessoa, time_stamp, tipo_lance, descricao) VALUES(31, 532, '0:24:7', 'SOFREU FALTA', 'Cheikh Ndoye sofre falta de Shinji Okazaki!');
INSERT INTO lance (id_partida, id_pessoa, time_stamp, tipo_lance, descricao) VALUES(31, 536, '0:24:18', 'FALTA', 'Falta de Moussa Konaté em Hotaru Yamaguchi!');
INSERT INTO lance (id_partida, id_pessoa, time_stamp, tipo_lance, descricao) VALUES(31, 567, '0:24:18', 'SOFREU FALTA', 'Hotaru Yamaguchi sofre falta de Moussa Konaté!');
INSERT INTO lance (id_partida, id_pessoa, time_stamp, tipo_lance, descricao) VALUES(31, 534, '0:25:18', 'FALTA', 'Falta de Sadio Mané em Maya Yoshida!');
INSERT INTO lance (id_partida, id_pessoa, time_stamp, tipo_lance, descricao) VALUES(31, 566, '0:25:18', 'SOFREU FALTA', 'Maya Yoshida sofre falta de Sadio Mané!');
INSERT INTO lance (id_partida, id_pessoa, time_stamp, tipo_lance, descricao) VALUES(31, 532, '0:27:15', 'DEFESA', 'Defesa de Hiroki Sakai!');
INSERT INTO lance (id_partida, id_pessoa, time_stamp, tipo_lance, descricao) VALUES(31, 574, '0:31:24', 'FALTA', 'Falta de Shinji Okazaki em Moussa Konaté!');
INSERT INTO lance (id_partida, id_pessoa, time_stamp, tipo_lance, descricao) VALUES(31, 536, '0:31:24', 'SOFREU FALTA', 'Moussa Konaté sofre falta de Shinji Okazaki!');
INSERT INTO lance (id_partida, id_pessoa, time_stamp, tipo_lance, descricao) VALUES(31, 571, '0:36:57', 'DEFESA', 'Defesa de Hiroki Sakai!');
INSERT INTO lance (id_partida, id_pessoa, time_stamp, tipo_lance, descricao) VALUES(31, 531, '0:39:2', 'DEFESA', 'Defesa de Hiroki Sakai!');
INSERT INTO lance (id_partida, id_pessoa, time_stamp, tipo_lance, descricao) VALUES(31, 539, '0:41:19', 'FALTA', 'Falta de Ismaïla Sarr em Shinji Okazaki!');
INSERT INTO lance (id_partida, id_pessoa, time_stamp, tipo_lance, descricao) VALUES(31, 574, '0:41:19', 'SOFREU FALTA', 'Shinji Okazaki sofre falta de Ismaïla Sarr!');
INSERT INTO lance (id_partida, id_pessoa, time_stamp, tipo_lance, descricao) VALUES(31, 571, '0:43:29', 'ASSISTENCIA', 'Assistencia de Shinji Kagawa!');
INSERT INTO lance (id_partida, id_pessoa, time_stamp, tipo_lance, descricao) VALUES(31, 571, '0:43:29', 'GOL', 'Gol de Keisuke Honda!');
INSERT INTO lance (id_partida, id_pessoa, time_stamp, tipo_lance, descricao) VALUES(31, 539, '0:46:22', 'FALTA', 'Falta de Ismaïla Sarr em Maya Yoshida!');
INSERT INTO lance (id_partida, id_pessoa, time_stamp, tipo_lance, descricao) VALUES(31, 566, '0:46:22', 'SOFREU FALTA', 'Maya Yoshida sofre falta de Ismaïla Sarr!');
INSERT INTO lance (id_partida, id_pessoa, time_stamp, tipo_lance, descricao) VALUES(31, 568, '0:47:40', 'DEFESA', 'Defesa de Hiroki Sakai!');
INSERT INTO lance (id_partida, id_pessoa, time_stamp, tipo_lance, descricao) VALUES(31, 573, '0:48:3', 'DEFESA', 'Defesa de Hiroki Sakai!');
INSERT INTO lance (id_partida, id_pessoa, time_stamp, tipo_lance, descricao) VALUES(31, 540, '0:48:6', 'FALTA', 'Falta de Mame Diouf em Takashi Usami!');
INSERT INTO lance (id_partida, id_pessoa, time_stamp, tipo_lance, descricao) VALUES(31, 572, '0:48:6', 'SOFREU FALTA', 'Takashi Usami sofre falta de Mame Diouf!');
INSERT INTO lance (id_partida, id_pessoa, time_stamp, tipo_lance, descricao) VALUES(31, 534, '0:51:36', 'FALTA', 'Falta de Sadio Mané em Shinji Okazaki!');
INSERT INTO lance (id_partida, id_pessoa, time_stamp, tipo_lance, descricao) VALUES(31, 574, '0:51:36', 'SOFREU FALTA', 'Shinji Okazaki sofre falta de Sadio Mané!');
INSERT INTO lance (id_partida, id_pessoa, time_stamp, tipo_lance, descricao) VALUES(31, 531, '0:53:12', 'FALTA', 'Falta de Cheikhou Kouyaté em Makoto Hasebe!');
INSERT INTO lance (id_partida, id_pessoa, time_stamp, tipo_lance, descricao) VALUES(31, 569, '0:53:12', 'SOFREU FALTA', 'Makoto Hasebe sofre falta de Cheikhou Kouyaté!');
INSERT INTO lance (id_partida, id_pessoa, time_stamp, tipo_lance, descricao) VALUES(31, 530, '0:53:53', 'FALTA', 'Falta de Idrissa Gueye em Yuya Kubo!');
INSERT INTO lance (id_partida, id_pessoa, time_stamp, tipo_lance, descricao) VALUES(31, 575, '0:53:53', 'SOFREU FALTA', 'Yuya Kubo sofre falta de Idrissa Gueye!');
INSERT INTO lance (id_partida, id_pessoa, time_stamp, tipo_lance, descricao) VALUES(31, 569, '0:54:13', 'FALTA', 'Falta de Makoto Hasebe em Moussa Sow!');
INSERT INTO lance (id_partida, id_pessoa, time_stamp, tipo_lance, descricao) VALUES(31, 535, '0:54:13', 'SOFREU FALTA', 'Moussa Sow sofre falta de Makoto Hasebe!');
INSERT INTO lance (id_partida, id_pessoa, time_stamp, tipo_lance, descricao) VALUES(31, 535, '0:56:37', 'FALTA', 'Falta de Moussa Sow em Makoto Hasebe!');
INSERT INTO lance (id_partida, id_pessoa, time_stamp, tipo_lance, descricao) VALUES(31, 569, '0:56:37', 'SOFREU FALTA', 'Makoto Hasebe sofre falta de Moussa Sow!');
INSERT INTO lance (id_partida, id_pessoa, time_stamp, tipo_lance, descricao) VALUES(31, 537, '0:56:47', 'SUBSTITUICAO', 'Sai Keita Baldé!');
INSERT INTO lance (id_partida, id_pessoa, time_stamp, tipo_lance, descricao) VALUES(31, 523, '0:56:47', 'SUBSTITUICAO', 'Entra Khadim N’Diaye!');
INSERT INTO lance (id_partida, id_pessoa, time_stamp, tipo_lance, descricao) VALUES(31, 533, '1:0:29', 'GOL', 'Gol de Papa Alioune N’Diaye!');
INSERT INTO lance (id_partida, id_pessoa, time_stamp, tipo_lance, descricao) VALUES(31, 575, '1:0:46', 'DEFESA', 'Defesa de Hiroki Sakai!');
INSERT INTO lance (id_partida, id_pessoa, time_stamp, tipo_lance, descricao) VALUES(31, 536, '1:6:30', 'FALTA', 'Falta de Moussa Konaté em Keisuke Honda!');
INSERT INTO lance (id_partida, id_pessoa, time_stamp, tipo_lance, descricao) VALUES(31, 571, '1:6:30', 'SOFREU FALTA', 'Keisuke Honda sofre falta de Moussa Konaté!');
INSERT INTO lance (id_partida, id_pessoa, time_stamp, tipo_lance, descricao) VALUES(31, 523, '1:8:58', 'FALTA', 'Falta de Khadim N’Diaye em Keisuke Honda!');
INSERT INTO lance (id_partida, id_pessoa, time_stamp, tipo_lance, descricao) VALUES(31, 571, '1:8:58', 'SOFREU FALTA', 'Keisuke Honda sofre falta de Khadim N’Diaye!');
INSERT INTO lance (id_partida, id_pessoa, time_stamp, tipo_lance, descricao) VALUES(31, 530, '1:12:18', 'GOL', 'Gol de Idrissa Gueye!');
INSERT INTO lance (id_partida, id_pessoa, time_stamp, tipo_lance, descricao) VALUES(31, 533, '1:12:33', 'FALTA', 'Falta de Papa Alioune N’Diaye em Maya Yoshida!');
INSERT INTO lance (id_partida, id_pessoa, time_stamp, tipo_lance, descricao) VALUES(31, 566, '1:12:33', 'SOFREU FALTA', 'Maya Yoshida sofre falta de Papa Alioune N’Diaye!');
INSERT INTO lance (id_partida, id_pessoa, time_stamp, tipo_lance, descricao) VALUES(31, 574, '1:13:34', 'FALTA', 'Falta de Shinji Okazaki em M’Baye Niang!');
INSERT INTO lance (id_partida, id_pessoa, time_stamp, tipo_lance, descricao) VALUES(31, 538, '1:13:34', 'SOFREU FALTA', 'M’Baye Niang sofre falta de Shinji Okazaki!');
INSERT INTO lance (id_partida, id_pessoa, time_stamp, tipo_lance, descricao) VALUES(31, 561, '1:14:38', 'DEFESA', 'Defesa de Hiroki Sakai!');
INSERT INTO lance (id_partida, id_pessoa, time_stamp, tipo_lance, descricao) VALUES(31, 567, '1:16:41', 'FALTA', 'Falta de Hotaru Yamaguchi em Mame Diouf!');
INSERT INTO lance (id_partida, id_pessoa, time_stamp, tipo_lance, descricao) VALUES(31, 540, '1:16:41', 'SOFREU FALTA', 'Mame Diouf sofre falta de Hotaru Yamaguchi!');
INSERT INTO lance (id_partida, id_pessoa, time_stamp, tipo_lance, descricao) VALUES(31, 540, '1:21:2', 'DEFESA', 'Defesa de Hiroki Sakai!');
INSERT INTO lance (id_partida, id_pessoa, time_stamp, tipo_lance, descricao) VALUES(31, 567, '1:21:3', 'FALTA', 'Falta de Hotaru Yamaguchi em Moussa Sow!');
INSERT INTO lance (id_partida, id_pessoa, time_stamp, tipo_lance, descricao) VALUES(31, 535, '1:21:3', 'SOFREU FALTA', 'Moussa Sow sofre falta de Hotaru Yamaguchi!');
INSERT INTO lance (id_partida, id_pessoa, time_stamp, tipo_lance, descricao) VALUES(31, 532, '1:22:7', 'GOL', 'Gol de Cheikh Ndoye!');
INSERT INTO lance (id_partida, id_pessoa, time_stamp, tipo_lance, descricao) VALUES(31, 530, '1:23:19', 'DEFESA', 'Defesa de Hiroki Sakai!');
INSERT INTO lance (id_partida, id_pessoa, time_stamp, tipo_lance, descricao) VALUES(31, 571, '1:26:55', 'FALTA', 'Falta de Keisuke Honda em Papa Alioune N’Diaye!');
INSERT INTO lance (id_partida, id_pessoa, time_stamp, tipo_lance, descricao) VALUES(31, 533, '1:26:55', 'SOFREU FALTA', 'Papa Alioune N’Diaye sofre falta de Keisuke Honda!');
INSERT INTO apita (id_partida, id_pessoa) VALUES(32, 687);
INSERT INTO apita (id_partida, id_pessoa) VALUES(32, 663);
INSERT INTO apita (id_partida, id_pessoa) VALUES(32, 628);
INSERT INTO deslocamento (codigo_pais, id_partida, itinerario, descricao_da_escolta) VALUES('COL', 32, '9XKPC55NEUS52B8M8SR6INIQ2BZ6KQ67JGZO3PYK24P9DTKFGTKXJCHVP4WBG9CXXUWWMTTS4GEO7INJ1UZ1FIXG8D983XE212LS7Y3WA13C82YGQNJWJLRP7PXIUUZHCLWE65L', '0C0OPVIFP2SQNRSQL6USAVCQCV9WGTJVBG5GUDAMHR22CJ4U2G3AK3BFAKL3VV96S');
INSERT INTO deslocamento (codigo_pais, id_partida, itinerario, descricao_da_escolta) VALUES('POL', 32, 'OGWM5H5ILT2KN21P49ZILIE0GK1G0VR5JF5X8QKVFBSSM06SCG1AHJVFB5FVQYSZC7AI7DQNYDDJ0WOPNIEU4RY9TZVCKZFQT2QPZYV8ZNLDGLOPR0IHU74UIBYHSND97X08G80YXF5QFV3ILGVUR85V75GY9NQLKMFTVQJSATTOCOPXIQ6L2SS91EAK2CZKZTG3PKX46CU7PRTTQTPTQES14G1QQ8084I', 'SHVH82CO08UUKVQ4IWF4UAO9JSGO8LWDG1AL4MR0OZ23JVR49ERLZOER3W7PWYQOLQNSUE96FOQ5IUZYBLO33KO2XSSIPBEZJNR3I8K5FVGK8JJI6JOKKWUBCV5BW0QEJ0W4D6PDBTYHED4OJJLGW4PW2Q0XDIIOFBBHXOFA3LI18N681R2MOKRPKA');
INSERT INTO lance (id_partida, id_pessoa, time_stamp, tipo_lance, descricao) VALUES(32, 687, '0:45:0', 'FIM DO PRIMEIRO TEMPO', 'Juiz Becke apita o fim do primeiro tempo!');
INSERT INTO lance (id_partida, id_pessoa, time_stamp, tipo_lance, descricao) VALUES(32, 687, '1:30:0', 'FIM DO JOGO', 'Juiz Becke apita o fim do jogo!');
INSERT INTO lance (id_partida, id_pessoa, time_stamp, tipo_lance, descricao) VALUES(32, 550, '0:2:4', 'FALTA', 'Falta de James Rodríguez em Artur Jedrzejczyk!');
INSERT INTO lance (id_partida, id_pessoa, time_stamp, tipo_lance, descricao) VALUES(32, 512, '0:2:4', 'SOFREU FALTA', 'Artur Jedrzejczyk sofre falta de James Rodríguez!');
INSERT INTO lance (id_partida, id_pessoa, time_stamp, tipo_lance, descricao) VALUES(32, 553, '0:4:5', 'DEFESA', 'Defesa de Dávinson Sánchez!');
INSERT INTO lance (id_partida, id_pessoa, time_stamp, tipo_lance, descricao) VALUES(32, 557, '0:4:20', 'FALTA', 'Falta de Yimmi Chará em Piotr Zielinski!');
INSERT INTO lance (id_partida, id_pessoa, time_stamp, tipo_lance, descricao) VALUES(32, 518, '0:4:20', 'SOFREU FALTA', 'Piotr Zielinski sofre falta de Yimmi Chará!');
INSERT INTO lance (id_partida, id_pessoa, time_stamp, tipo_lance, descricao) VALUES(32, 555, '0:4:22', 'DEFESA', 'Defesa de Dávinson Sánchez!');
INSERT INTO lance (id_partida, id_pessoa, time_stamp, tipo_lance, descricao) VALUES(32, 520, '0:7:47', 'FALTA', 'Falta de Robert Lewandowski em Duván Zapata!');
INSERT INTO lance (id_partida, id_pessoa, time_stamp, tipo_lance, descricao) VALUES(32, 558, '0:7:47', 'SOFREU FALTA', 'Duván Zapata sofre falta de Robert Lewandowski!');
INSERT INTO lance (id_partida, id_pessoa, time_stamp, tipo_lance, descricao) VALUES(32, 558, '0:7:53', 'FALTA', 'Falta de Duván Zapata em Maciej Rybus!');
INSERT INTO lance (id_partida, id_pessoa, time_stamp, tipo_lance, descricao) VALUES(32, 513, '0:7:53', 'SOFREU FALTA', 'Maciej Rybus sofre falta de Duván Zapata!');
INSERT INTO lance (id_partida, id_pessoa, time_stamp, tipo_lance, descricao) VALUES(32, 549, '0:9:8', 'FALTA', 'Falta de Abel Aguilar em Lukasz Teodorczyk!');
INSERT INTO lance (id_partida, id_pessoa, time_stamp, tipo_lance, descricao) VALUES(32, 521, '0:9:8', 'SOFREU FALTA', 'Lukasz Teodorczyk sofre falta de Abel Aguilar!');
INSERT INTO lance (id_partida, id_pessoa, time_stamp, tipo_lance, descricao) VALUES(32, 550, '0:11:34', 'FALTA', 'Falta de James Rodríguez em Maciej Rybus!');
INSERT INTO lance (id_partida, id_pessoa, time_stamp, tipo_lance, descricao) VALUES(32, 513, '0:11:34', 'SOFREU FALTA', 'Maciej Rybus sofre falta de James Rodríguez!');
INSERT INTO lance (id_partida, id_pessoa, time_stamp, tipo_lance, descricao) VALUES(32, 558, '0:12:59', 'SUBSTITUICAO', 'Sai Duván Zapata!');
INSERT INTO lance (id_partida, id_pessoa, time_stamp, tipo_lance, descricao) VALUES(32, 541, '0:12:59', 'SUBSTITUICAO', 'Entra David Ospina!');
INSERT INTO lance (id_partida, id_pessoa, time_stamp, tipo_lance, descricao) VALUES(32, 522, '0:13:49', 'FALTA', 'Falta de Arkadiusz Milik em Abel Aguilar!');
INSERT INTO lance (id_partida, id_pessoa, time_stamp, tipo_lance, descricao) VALUES(32, 549, '0:13:49', 'SOFREU FALTA', 'Abel Aguilar sofre falta de Arkadiusz Milik!');
INSERT INTO lance (id_partida, id_pessoa, time_stamp, tipo_lance, descricao) VALUES(32, 548, '0:15:8', 'DEFESA', 'Defesa de Dávinson Sánchez!');
INSERT INTO lance (id_partida, id_pessoa, time_stamp, tipo_lance, descricao) VALUES(32, 548, '0:18:28', 'FALTA', 'Falta de Juan Guillermo Cuadrado em Artur Jedrzejczyk!');
INSERT INTO lance (id_partida, id_pessoa, time_stamp, tipo_lance, descricao) VALUES(32, 512, '0:18:28', 'SOFREU FALTA', 'Artur Jedrzejczyk sofre falta de Juan Guillermo Cuadrado!');
INSERT INTO lance (id_partida, id_pessoa, time_stamp, tipo_lance, descricao) VALUES(32, 557, '0:23:48', 'SUBSTITUICAO', 'Sai Yimmi Chará!');
INSERT INTO lance (id_partida, id_pessoa, time_stamp, tipo_lance, descricao) VALUES(32, 544, '0:23:48', 'SUBSTITUICAO', 'Entra Frank Fabra!');
INSERT INTO lance (id_partida, id_pessoa, time_stamp, tipo_lance, descricao) VALUES(32, 520, '0:25:12', 'FALTA', 'Falta de Robert Lewandowski em Radamel Falcao García!');
INSERT INTO lance (id_partida, id_pessoa, time_stamp, tipo_lance, descricao) VALUES(32, 553, '0:25:12', 'SOFREU FALTA', 'Radamel Falcao García sofre falta de Robert Lewandowski!');
INSERT INTO lance (id_partida, id_pessoa, time_stamp, tipo_lance, descricao) VALUES(32, 549, '0:25:22', 'DEFESA', 'Defesa de Dávinson Sánchez!');
INSERT INTO lance (id_partida, id_pessoa, time_stamp, tipo_lance, descricao) VALUES(32, 550, '0:28:7', 'SUBSTITUICAO', 'Sai James Rodríguez!');
INSERT INTO lance (id_partida, id_pessoa, time_stamp, tipo_lance, descricao) VALUES(32, 558, '0:28:7', 'SUBSTITUICAO', 'Entra Duván Zapata!');
INSERT INTO lance (id_partida, id_pessoa, time_stamp, tipo_lance, descricao) VALUES(32, 555, '0:28:12', 'FALTA', 'Falta de Carlos Bacca em Kamil Grosicki!');
INSERT INTO lance (id_partida, id_pessoa, time_stamp, tipo_lance, descricao) VALUES(32, 515, '0:28:12', 'SOFREU FALTA', 'Kamil Grosicki sofre falta de Carlos Bacca!');
INSERT INTO lance (id_partida, id_pessoa, time_stamp, tipo_lance, descricao) VALUES(32, 517, '0:33:43', 'FALTA', 'Falta de Krzysztof Maczynski em Carlos Bacca!');
INSERT INTO lance (id_partida, id_pessoa, time_stamp, tipo_lance, descricao) VALUES(32, 555, '0:33:43', 'SOFREU FALTA', 'Carlos Bacca sofre falta de Krzysztof Maczynski!');
INSERT INTO lance (id_partida, id_pessoa, time_stamp, tipo_lance, descricao) VALUES(32, 548, '0:36:29', 'SUBSTITUICAO', 'Sai Juan Guillermo Cuadrado!');
INSERT INTO lance (id_partida, id_pessoa, time_stamp, tipo_lance, descricao) VALUES(32, 557, '0:36:29', 'SUBSTITUICAO', 'Entra Yimmi Chará!');
INSERT INTO lance (id_partida, id_pessoa, time_stamp, tipo_lance, descricao) VALUES(32, 555, '0:37:2', 'FALTA', 'Falta de Carlos Bacca em Jakub Blaszczykowski!');
INSERT INTO lance (id_partida, id_pessoa, time_stamp, tipo_lance, descricao) VALUES(32, 514, '0:37:2', 'SOFREU FALTA', 'Jakub Blaszczykowski sofre falta de Carlos Bacca!');
INSERT INTO lance (id_partida, id_pessoa, time_stamp, tipo_lance, descricao) VALUES(32, 513, '0:39:23', 'FALTA', 'Falta de Maciej Rybus em Teófilo Gutiérrez!');
INSERT INTO lance (id_partida, id_pessoa, time_stamp, tipo_lance, descricao) VALUES(32, 554, '0:39:23', 'SOFREU FALTA', 'Teófilo Gutiérrez sofre falta de Maciej Rybus!');
INSERT INTO lance (id_partida, id_pessoa, time_stamp, tipo_lance, descricao) VALUES(32, 519, '0:39:29', 'FALTA', 'Falta de Karol Linetty em Edwin Cardona!');
INSERT INTO lance (id_partida, id_pessoa, time_stamp, tipo_lance, descricao) VALUES(32, 556, '0:39:29', 'SOFREU FALTA', 'Edwin Cardona sofre falta de Karol Linetty!');
INSERT INTO lance (id_partida, id_pessoa, time_stamp, tipo_lance, descricao) VALUES(32, 549, '0:42:13', 'SUBSTITUICAO', 'Sai Abel Aguilar!');
INSERT INTO lance (id_partida, id_pessoa, time_stamp, tipo_lance, descricao) VALUES(32, 542, '0:42:13', 'SUBSTITUICAO', 'Entra Cristian Zapata!');
INSERT INTO lance (id_partida, id_pessoa, time_stamp, tipo_lance, descricao) VALUES(32, 518, '0:44:52', 'SUBSTITUICAO', 'Sai Piotr Zielinski!');
INSERT INTO lance (id_partida, id_pessoa, time_stamp, tipo_lance, descricao) VALUES(32, 509, '0:44:52', 'SUBSTITUICAO', 'Entra Michal Pazdan!');
INSERT INTO lance (id_partida, id_pessoa, time_stamp, tipo_lance, descricao) VALUES(32, 516, '0:45:22', 'DEFESA', 'Defesa de Dávinson Sánchez!');
INSERT INTO lance (id_partida, id_pessoa, time_stamp, tipo_lance, descricao) VALUES(32, 520, '0:47:57', 'FALTA', 'Falta de Robert Lewandowski em Cristian Zapata!');
INSERT INTO lance (id_partida, id_pessoa, time_stamp, tipo_lance, descricao) VALUES(32, 542, '0:47:57', 'SOFREU FALTA', 'Cristian Zapata sofre falta de Robert Lewandowski!');
INSERT INTO lance (id_partida, id_pessoa, time_stamp, tipo_lance, descricao) VALUES(32, 517, '0:48:7', 'FALTA', 'Falta de Krzysztof Maczynski em Yimmi Chará!');
INSERT INTO lance (id_partida, id_pessoa, time_stamp, tipo_lance, descricao) VALUES(32, 557, '0:48:7', 'SOFREU FALTA', 'Yimmi Chará sofre falta de Krzysztof Maczynski!');
INSERT INTO lance (id_partida, id_pessoa, time_stamp, tipo_lance, descricao) VALUES(32, 554, '0:48:12', 'FALTA', 'Falta de Teófilo Gutiérrez em Michal Pazdan!');
INSERT INTO lance (id_partida, id_pessoa, time_stamp, tipo_lance, descricao) VALUES(32, 509, '0:48:12', 'SOFREU FALTA', 'Michal Pazdan sofre falta de Teófilo Gutiérrez!');
INSERT INTO lance (id_partida, id_pessoa, time_stamp, tipo_lance, descricao) VALUES(32, 553, '0:48:15', 'FALTA', 'Falta de Radamel Falcao García em Karol Linetty!');
INSERT INTO lance (id_partida, id_pessoa, time_stamp, tipo_lance, descricao) VALUES(32, 519, '0:48:15', 'SOFREU FALTA', 'Karol Linetty sofre falta de Radamel Falcao García!');
INSERT INTO lance (id_partida, id_pessoa, time_stamp, tipo_lance, descricao) VALUES(32, 541, '0:48:52', 'FALTA', 'Falta de David Ospina em Kamil Grosicki!');
INSERT INTO lance (id_partida, id_pessoa, time_stamp, tipo_lance, descricao) VALUES(32, 515, '0:48:52', 'SOFREU FALTA', 'Kamil Grosicki sofre falta de David Ospina!');
INSERT INTO lance (id_partida, id_pessoa, time_stamp, tipo_lance, descricao) VALUES(32, 509, '0:49:10', 'FALTA', 'Falta de Michal Pazdan em Wílmar Barrios!');
INSERT INTO lance (id_partida, id_pessoa, time_stamp, tipo_lance, descricao) VALUES(32, 552, '0:49:10', 'SOFREU FALTA', 'Wílmar Barrios sofre falta de Michal Pazdan!');
INSERT INTO lance (id_partida, id_pessoa, time_stamp, tipo_lance, descricao) VALUES(32, 516, '0:49:31', 'FALTA', 'Falta de Grzegorz Krychowiak em Teófilo Gutiérrez!');
INSERT INTO lance (id_partida, id_pessoa, time_stamp, tipo_lance, descricao) VALUES(32, 554, '0:49:31', 'SOFREU FALTA', 'Teófilo Gutiérrez sofre falta de Grzegorz Krychowiak!');
INSERT INTO lance (id_partida, id_pessoa, time_stamp, tipo_lance, descricao) VALUES(32, 516, '0:51:5', 'DEFESA', 'Defesa de Dávinson Sánchez!');
INSERT INTO lance (id_partida, id_pessoa, time_stamp, tipo_lance, descricao) VALUES(32, 542, '0:51:40', 'SUBSTITUICAO', 'Sai Cristian Zapata!');
INSERT INTO lance (id_partida, id_pessoa, time_stamp, tipo_lance, descricao) VALUES(32, 546, '0:51:40', 'SUBSTITUICAO', 'Entra Yerry Mina!');
INSERT INTO lance (id_partida, id_pessoa, time_stamp, tipo_lance, descricao) VALUES(32, 558, '0:54:16', 'FALTA', 'Falta de Duván Zapata em Michal Pazdan!');
INSERT INTO lance (id_partida, id_pessoa, time_stamp, tipo_lance, descricao) VALUES(32, 509, '0:54:16', 'SOFREU FALTA', 'Michal Pazdan sofre falta de Duván Zapata!');
INSERT INTO lance (id_partida, id_pessoa, time_stamp, tipo_lance, descricao) VALUES(32, 512, '0:58:17', 'FALTA', 'Falta de Artur Jedrzejczyk em Yerry Mina!');
INSERT INTO lance (id_partida, id_pessoa, time_stamp, tipo_lance, descricao) VALUES(32, 546, '0:58:17', 'SOFREU FALTA', 'Yerry Mina sofre falta de Artur Jedrzejczyk!');
INSERT INTO lance (id_partida, id_pessoa, time_stamp, tipo_lance, descricao) VALUES(32, 557, '1:1:55', 'FALTA', 'Falta de Yimmi Chará em Jakub Blaszczykowski!');
INSERT INTO lance (id_partida, id_pessoa, time_stamp, tipo_lance, descricao) VALUES(32, 514, '1:1:55', 'SOFREU FALTA', 'Jakub Blaszczykowski sofre falta de Yimmi Chará!');
INSERT INTO lance (id_partida, id_pessoa, time_stamp, tipo_lance, descricao) VALUES(32, 558, '1:2:25', 'FALTA', 'Falta de Duván Zapata em Maciej Rybus!');
INSERT INTO lance (id_partida, id_pessoa, time_stamp, tipo_lance, descricao) VALUES(32, 513, '1:2:25', 'SOFREU FALTA', 'Maciej Rybus sofre falta de Duván Zapata!');
INSERT INTO lance (id_partida, id_pessoa, time_stamp, tipo_lance, descricao) VALUES(32, 509, '1:4:40', 'DEFESA', 'Defesa de Dávinson Sánchez!');
INSERT INTO lance (id_partida, id_pessoa, time_stamp, tipo_lance, descricao) VALUES(32, 552, '1:4:59', 'DEFESA', 'Defesa de Dávinson Sánchez!');
INSERT INTO lance (id_partida, id_pessoa, time_stamp, tipo_lance, descricao) VALUES(32, 541, '1:5:8', 'SUBSTITUICAO', 'Sai David Ospina!');
INSERT INTO lance (id_partida, id_pessoa, time_stamp, tipo_lance, descricao) VALUES(32, 550, '1:5:8', 'SUBSTITUICAO', 'Entra James Rodríguez!');
INSERT INTO lance (id_partida, id_pessoa, time_stamp, tipo_lance, descricao) VALUES(32, 557, '1:5:26', 'SUBSTITUICAO', 'Sai Yimmi Chará!');
INSERT INTO lance (id_partida, id_pessoa, time_stamp, tipo_lance, descricao) VALUES(32, 542, '1:5:26', 'SUBSTITUICAO', 'Entra Cristian Zapata!');
INSERT INTO lance (id_partida, id_pessoa, time_stamp, tipo_lance, descricao) VALUES(32, 558, '1:7:19', 'FALTA', 'Falta de Duván Zapata em Maciej Rybus!');
INSERT INTO lance (id_partida, id_pessoa, time_stamp, tipo_lance, descricao) VALUES(32, 513, '1:7:19', 'SOFREU FALTA', 'Maciej Rybus sofre falta de Duván Zapata!');
INSERT INTO lance (id_partida, id_pessoa, time_stamp, tipo_lance, descricao) VALUES(32, 515, '1:8:56', 'FALTA', 'Falta de Kamil Grosicki em Cristian Zapata!');
INSERT INTO lance (id_partida, id_pessoa, time_stamp, tipo_lance, descricao) VALUES(32, 542, '1:8:56', 'SOFREU FALTA', 'Cristian Zapata sofre falta de Kamil Grosicki!');
INSERT INTO lance (id_partida, id_pessoa, time_stamp, tipo_lance, descricao) VALUES(32, 517, '1:11:46', 'FALTA', 'Falta de Krzysztof Maczynski em Giovanni Moreno!');
INSERT INTO lance (id_partida, id_pessoa, time_stamp, tipo_lance, descricao) VALUES(32, 551, '1:11:46', 'SOFREU FALTA', 'Giovanni Moreno sofre falta de Krzysztof Maczynski!');
INSERT INTO lance (id_partida, id_pessoa, time_stamp, tipo_lance, descricao) VALUES(32, 517, '1:13:39', 'GOL', 'Gol de Krzysztof Maczynski!');
INSERT INTO lance (id_partida, id_pessoa, time_stamp, tipo_lance, descricao) VALUES(32, 542, '1:16:41', 'FALTA', 'Falta de Cristian Zapata em Arkadiusz Milik!');
INSERT INTO lance (id_partida, id_pessoa, time_stamp, tipo_lance, descricao) VALUES(32, 522, '1:16:41', 'SOFREU FALTA', 'Arkadiusz Milik sofre falta de Cristian Zapata!');
INSERT INTO lance (id_partida, id_pessoa, time_stamp, tipo_lance, descricao) VALUES(32, 513, '1:18:51', 'FALTA', 'Falta de Maciej Rybus em Giovanni Moreno!');
INSERT INTO lance (id_partida, id_pessoa, time_stamp, tipo_lance, descricao) VALUES(32, 551, '1:18:51', 'SOFREU FALTA', 'Giovanni Moreno sofre falta de Maciej Rybus!');
INSERT INTO lance (id_partida, id_pessoa, time_stamp, tipo_lance, descricao) VALUES(32, 550, '1:19:33', 'GOL', 'Gol de James Rodríguez!');
INSERT INTO lance (id_partida, id_pessoa, time_stamp, tipo_lance, descricao) VALUES(32, 514, '1:19:47', 'FALTA', 'Falta de Jakub Blaszczykowski em Giovanni Moreno!');
INSERT INTO lance (id_partida, id_pessoa, time_stamp, tipo_lance, descricao) VALUES(32, 551, '1:19:47', 'SOFREU FALTA', 'Giovanni Moreno sofre falta de Jakub Blaszczykowski!');
INSERT INTO lance (id_partida, id_pessoa, time_stamp, tipo_lance, descricao) VALUES(32, 556, '1:21:18', 'FALTA', 'Falta de Edwin Cardona em Jakub Blaszczykowski!');
INSERT INTO lance (id_partida, id_pessoa, time_stamp, tipo_lance, descricao) VALUES(32, 514, '1:21:18', 'SOFREU FALTA', 'Jakub Blaszczykowski sofre falta de Edwin Cardona!');
INSERT INTO lance (id_partida, id_pessoa, time_stamp, tipo_lance, descricao) VALUES(32, 555, '1:26:47', 'FALTA', 'Falta de Carlos Bacca em Kamil Grosicki!');
INSERT INTO lance (id_partida, id_pessoa, time_stamp, tipo_lance, descricao) VALUES(32, 515, '1:26:47', 'SOFREU FALTA', 'Kamil Grosicki sofre falta de Carlos Bacca!');
INSERT INTO lance (id_partida, id_pessoa, time_stamp, tipo_lance, descricao) VALUES(32, 516, '1:29:46', 'FALTA', 'Falta de Grzegorz Krychowiak em James Rodríguez!');
INSERT INTO lance (id_partida, id_pessoa, time_stamp, tipo_lance, descricao) VALUES(32, 550, '1:29:46', 'SOFREU FALTA', 'James Rodríguez sofre falta de Grzegorz Krychowiak!');
INSERT INTO apita (id_partida, id_pessoa) VALUES(33, 682);
INSERT INTO apita (id_partida, id_pessoa) VALUES(33, 684);
INSERT INTO apita (id_partida, id_pessoa) VALUES(33, 679);
INSERT INTO deslocamento (codigo_pais, id_partida, itinerario, descricao_da_escolta) VALUES('RUS', 33, '4G9DFR6QFI47Z4OQUG53WLL7WVTXPCM7YZDH0XLC7BJPWLSXT6ENCEFT4CRT8IAD67I90GZ7425VB6KKD5ET784TTTMYF1EYBGTZDS6MGHTKIUR82GQCEQF7DYPG4B1CYHU5MUHV81N0PUL9CN59LBUUAWWOD0SEPQVBAVWH94ENDORTNQEQF20WW95Z83RIIIL98J8Q1YA', '7HRVFCAWVC8WZ9OA06IFN5E4DRUDRYZR1KYPSJU524XGKYK957Z4P4DCCXSXR7F7NR4PK9SRLMNSI8TOHVIU84B7GWM517O5ZZ2335Y5OISDRV3EDDQ5YU8SP7IYXX0O8S2SF0VL7NF0L');
INSERT INTO deslocamento (codigo_pais, id_partida, itinerario, descricao_da_escolta) VALUES('URY', 33, 'QV2H2XQSGF1JN6W9I1REE92L8NSE8LPHHRRX5P5D7QLX05MZZ7ENIG3Q2RJOELU4ZUC6O9E26OGYXFUDA3PAGB8AXA5OGQ8W5R7G3QKZ3MR4AE3X6GOL5TXYVCIOEZWPQU2FHNJUT0G4TE9TGHRACW0L4IV0H6VEZBNQMYPT632FN2FRCZH6HWN33QL82TNWECER0TGS18DI4U8BDDYRYZ6DXTW5NR1NQFBKYX0SSZ', 'JSF9JRJ5Y458PGB3G7LEKH01YTYNPNG99UXVSUMNDVCSVHWEW3TVGU4C1NK036PKY594SQLWU8B');
INSERT INTO lance (id_partida, id_pessoa, time_stamp, tipo_lance, descricao) VALUES(33, 682, '0:45:0', 'FIM DO PRIMEIRO TEMPO', 'Juiz Bredin apita o fim do primeiro tempo!');
INSERT INTO lance (id_partida, id_pessoa, time_stamp, tipo_lance, descricao) VALUES(33, 682, '1:30:0', 'FIM DO JOGO', 'Juiz Bredin apita o fim do jogo!');
INSERT INTO lance (id_partida, id_pessoa, time_stamp, tipo_lance, descricao) VALUES(33, 12, '0:2:6', 'FALTA', 'Falta de Aleksandr Erokhin em Edinson Cavani!');
INSERT INTO lance (id_partida, id_pessoa, time_stamp, tipo_lance, descricao) VALUES(33, 69, '0:2:6', 'SOFREU FALTA', 'Edinson Cavani sofre falta de Aleksandr Erokhin!');
INSERT INTO lance (id_partida, id_pessoa, time_stamp, tipo_lance, descricao) VALUES(33, 70, '0:3:28', 'FALTA', 'Falta de Luis Suárez em Aleksei Miranchuk!');
INSERT INTO lance (id_partida, id_pessoa, time_stamp, tipo_lance, descricao) VALUES(33, 8, '0:3:28', 'SOFREU FALTA', 'Aleksei Miranchuk sofre falta de Luis Suárez!');
INSERT INTO lance (id_partida, id_pessoa, time_stamp, tipo_lance, descricao) VALUES(33, 9, '0:3:32', 'FALTA', 'Falta de Denis Glushakov em Matías Vecino!');
INSERT INTO lance (id_partida, id_pessoa, time_stamp, tipo_lance, descricao) VALUES(33, 68, '0:3:32', 'SOFREU FALTA', 'Matías Vecino sofre falta de Denis Glushakov!');
INSERT INTO lance (id_partida, id_pessoa, time_stamp, tipo_lance, descricao) VALUES(33, 8, '0:14:17', 'DEFESA', 'Defesa de Fedor Kudrayashov!');
INSERT INTO lance (id_partida, id_pessoa, time_stamp, tipo_lance, descricao) VALUES(33, 17, '0:16:46', 'FALTA', 'Falta de Fedor Smolov em Edinson Cavani!');
INSERT INTO lance (id_partida, id_pessoa, time_stamp, tipo_lance, descricao) VALUES(33, 69, '0:16:46', 'SOFREU FALTA', 'Edinson Cavani sofre falta de Fedor Smolov!');
INSERT INTO lance (id_partida, id_pessoa, time_stamp, tipo_lance, descricao) VALUES(33, 9, '0:18:15', 'FALTA', 'Falta de Denis Glushakov em Nicolás Lodeiro!');
INSERT INTO lance (id_partida, id_pessoa, time_stamp, tipo_lance, descricao) VALUES(33, 65, '0:18:15', 'SOFREU FALTA', 'Nicolás Lodeiro sofre falta de Denis Glushakov!');
INSERT INTO lance (id_partida, id_pessoa, time_stamp, tipo_lance, descricao) VALUES(33, 72, '0:18:19', 'ASSISTENCIA', 'Assistencia de Nicolás Lodeiro!');
INSERT INTO lance (id_partida, id_pessoa, time_stamp, tipo_lance, descricao) VALUES(33, 72, '0:18:19', 'GOL', 'Gol de Diego Rolán!');
INSERT INTO lance (id_partida, id_pessoa, time_stamp, tipo_lance, descricao) VALUES(33, 10, '0:19:23', 'FALTA', 'Falta de Aleksandr Golovin em Diego Rolán!');
INSERT INTO lance (id_partida, id_pessoa, time_stamp, tipo_lance, descricao) VALUES(33, 72, '0:19:23', 'SOFREU FALTA', 'Diego Rolán sofre falta de Aleksandr Golovin!');
INSERT INTO lance (id_partida, id_pessoa, time_stamp, tipo_lance, descricao) VALUES(33, 12, '0:19:36', 'DEFESA', 'Defesa de Fedor Kudrayashov!');
INSERT INTO lance (id_partida, id_pessoa, time_stamp, tipo_lance, descricao) VALUES(33, 67, '0:22:21', 'FALTA', 'Falta de Cristian Rodríguez em Alan Dzagoev!');
INSERT INTO lance (id_partida, id_pessoa, time_stamp, tipo_lance, descricao) VALUES(33, 13, '0:22:21', 'SOFREU FALTA', 'Alan Dzagoev sofre falta de Cristian Rodríguez!');
INSERT INTO lance (id_partida, id_pessoa, time_stamp, tipo_lance, descricao) VALUES(33, 69, '0:24:23', 'FALTA', 'Falta de Edinson Cavani em Aleksei Miranchuk!');
INSERT INTO lance (id_partida, id_pessoa, time_stamp, tipo_lance, descricao) VALUES(33, 8, '0:24:23', 'SOFREU FALTA', 'Aleksei Miranchuk sofre falta de Edinson Cavani!');
INSERT INTO lance (id_partida, id_pessoa, time_stamp, tipo_lance, descricao) VALUES(33, 65, '0:25:2', 'FALTA', 'Falta de Nicolás Lodeiro em Aleksei Miranchuk!');
INSERT INTO lance (id_partida, id_pessoa, time_stamp, tipo_lance, descricao) VALUES(33, 8, '0:25:2', 'SOFREU FALTA', 'Aleksei Miranchuk sofre falta de Nicolás Lodeiro!');
INSERT INTO lance (id_partida, id_pessoa, time_stamp, tipo_lance, descricao) VALUES(33, 8, '0:25:6', 'FALTA', 'Falta de Aleksei Miranchuk em Carlos Sánchez!');
INSERT INTO lance (id_partida, id_pessoa, time_stamp, tipo_lance, descricao) VALUES(33, 66, '0:25:6', 'SOFREU FALTA', 'Carlos Sánchez sofre falta de Aleksei Miranchuk!');
INSERT INTO lance (id_partida, id_pessoa, time_stamp, tipo_lance, descricao) VALUES(33, 13, '0:25:15', 'FALTA', 'Falta de Alan Dzagoev em Luis Suárez!');
INSERT INTO lance (id_partida, id_pessoa, time_stamp, tipo_lance, descricao) VALUES(33, 70, '0:25:15', 'SOFREU FALTA', 'Luis Suárez sofre falta de Alan Dzagoev!');
INSERT INTO lance (id_partida, id_pessoa, time_stamp, tipo_lance, descricao) VALUES(33, 13, '0:25:23', 'DEFESA', 'Defesa de Fedor Kudrayashov!');
INSERT INTO lance (id_partida, id_pessoa, time_stamp, tipo_lance, descricao) VALUES(33, 8, '0:25:29', 'FALTA', 'Falta de Aleksei Miranchuk em Matías Vecino!');
INSERT INTO lance (id_partida, id_pessoa, time_stamp, tipo_lance, descricao) VALUES(33, 68, '0:25:29', 'SOFREU FALTA', 'Matías Vecino sofre falta de Aleksei Miranchuk!');
INSERT INTO lance (id_partida, id_pessoa, time_stamp, tipo_lance, descricao) VALUES(33, 10, '0:25:58', 'FALTA', 'Falta de Aleksandr Golovin em Edinson Cavani!');
INSERT INTO lance (id_partida, id_pessoa, time_stamp, tipo_lance, descricao) VALUES(33, 69, '0:25:58', 'SOFREU FALTA', 'Edinson Cavani sofre falta de Aleksandr Golovin!');
INSERT INTO lance (id_partida, id_pessoa, time_stamp, tipo_lance, descricao) VALUES(33, 14, '0:27:12', 'SUBSTITUICAO', 'Sai Daler Kuzyayev!');
INSERT INTO lance (id_partida, id_pessoa, time_stamp, tipo_lance, descricao) VALUES(33, 2, '0:27:12', 'SUBSTITUICAO', 'Entra Igor Smolnikov!');
INSERT INTO lance (id_partida, id_pessoa, time_stamp, tipo_lance, descricao) VALUES(33, 18, '0:27:15', 'DEFESA', 'Defesa de Fedor Kudrayashov!');
INSERT INTO lance (id_partida, id_pessoa, time_stamp, tipo_lance, descricao) VALUES(33, 62, '0:28:21', 'FALTA', 'Falta de Mathías Corujo em Alan Dzagoev!');
INSERT INTO lance (id_partida, id_pessoa, time_stamp, tipo_lance, descricao) VALUES(33, 13, '0:28:21', 'SOFREU FALTA', 'Alan Dzagoev sofre falta de Mathías Corujo!');
INSERT INTO lance (id_partida, id_pessoa, time_stamp, tipo_lance, descricao) VALUES(33, 63, '0:28:28', 'DEFESA', 'Defesa de Fedor Kudrayashov!');
INSERT INTO lance (id_partida, id_pessoa, time_stamp, tipo_lance, descricao) VALUES(33, 71, '0:32:47', 'FALTA', 'Falta de Cristhian Stuani em Fedor Smolov!');
INSERT INTO lance (id_partida, id_pessoa, time_stamp, tipo_lance, descricao) VALUES(33, 17, '0:32:47', 'SOFREU FALTA', 'Fedor Smolov sofre falta de Cristhian Stuani!');
INSERT INTO lance (id_partida, id_pessoa, time_stamp, tipo_lance, descricao) VALUES(33, 9, '0:33:52', 'DEFESA', 'Defesa de Fedor Kudrayashov!');
INSERT INTO lance (id_partida, id_pessoa, time_stamp, tipo_lance, descricao) VALUES(33, 9, '0:34:20', 'FALTA', 'Falta de Denis Glushakov em Álvaro González!');
INSERT INTO lance (id_partida, id_pessoa, time_stamp, tipo_lance, descricao) VALUES(33, 64, '0:34:20', 'SOFREU FALTA', 'Álvaro González sofre falta de Denis Glushakov!');
INSERT INTO lance (id_partida, id_pessoa, time_stamp, tipo_lance, descricao) VALUES(33, 69, '0:35:53', 'ASSISTENCIA', 'Assistencia de Diego Rolán!');
INSERT INTO lance (id_partida, id_pessoa, time_stamp, tipo_lance, descricao) VALUES(33, 69, '0:35:53', 'GOL', 'Gol de Edinson Cavani!');
INSERT INTO lance (id_partida, id_pessoa, time_stamp, tipo_lance, descricao) VALUES(33, 9, '0:36:22', 'FALTA', 'Falta de Denis Glushakov em Mathías Corujo!');
INSERT INTO lance (id_partida, id_pessoa, time_stamp, tipo_lance, descricao) VALUES(33, 62, '0:36:22', 'SOFREU FALTA', 'Mathías Corujo sofre falta de Denis Glushakov!');
INSERT INTO lance (id_partida, id_pessoa, time_stamp, tipo_lance, descricao) VALUES(33, 8, '0:37:34', 'DEFESA', 'Defesa de Fedor Kudrayashov!');
INSERT INTO lance (id_partida, id_pessoa, time_stamp, tipo_lance, descricao) VALUES(33, 68, '0:40:5', 'SUBSTITUICAO', 'Sai Matías Vecino!');
INSERT INTO lance (id_partida, id_pessoa, time_stamp, tipo_lance, descricao) VALUES(33, 55, '0:40:5', 'SUBSTITUICAO', 'Entra Fernando Muslera!');
INSERT INTO lance (id_partida, id_pessoa, time_stamp, tipo_lance, descricao) VALUES(33, 72, '0:42:26', 'FALTA', 'Falta de Diego Rolán em Daler Kuzyayev!');
INSERT INTO lance (id_partida, id_pessoa, time_stamp, tipo_lance, descricao) VALUES(33, 15, '0:42:26', 'SOFREU FALTA', 'Daler Kuzyayev sofre falta de Diego Rolán!');
INSERT INTO lance (id_partida, id_pessoa, time_stamp, tipo_lance, descricao) VALUES(33, 70, '0:42:33', 'FALTA', 'Falta de Luis Suárez em Igor Smolnikov!');
INSERT INTO lance (id_partida, id_pessoa, time_stamp, tipo_lance, descricao) VALUES(33, 2, '0:42:33', 'SOFREU FALTA', 'Igor Smolnikov sofre falta de Luis Suárez!');
INSERT INTO lance (id_partida, id_pessoa, time_stamp, tipo_lance, descricao) VALUES(33, 18, '0:45:23', 'FALTA', 'Falta de Aleksandr Kokorin em Cristian Rodríguez!');
INSERT INTO lance (id_partida, id_pessoa, time_stamp, tipo_lance, descricao) VALUES(33, 67, '0:45:23', 'SOFREU FALTA', 'Cristian Rodríguez sofre falta de Aleksandr Kokorin!');
INSERT INTO lance (id_partida, id_pessoa, time_stamp, tipo_lance, descricao) VALUES(33, 18, '0:46:48', 'FALTA', 'Falta de Aleksandr Kokorin em Fernando Muslera!');
INSERT INTO lance (id_partida, id_pessoa, time_stamp, tipo_lance, descricao) VALUES(33, 55, '0:46:48', 'SOFREU FALTA', 'Fernando Muslera sofre falta de Aleksandr Kokorin!');
INSERT INTO lance (id_partida, id_pessoa, time_stamp, tipo_lance, descricao) VALUES(33, 62, '0:47:24', 'FALTA', 'Falta de Mathías Corujo em Aleksandr Erokhin!');
INSERT INTO lance (id_partida, id_pessoa, time_stamp, tipo_lance, descricao) VALUES(33, 12, '0:47:24', 'SOFREU FALTA', 'Aleksandr Erokhin sofre falta de Mathías Corujo!');
INSERT INTO lance (id_partida, id_pessoa, time_stamp, tipo_lance, descricao) VALUES(33, 8, '0:50:22', 'FALTA', 'Falta de Aleksei Miranchuk em Carlos Sánchez!');
INSERT INTO lance (id_partida, id_pessoa, time_stamp, tipo_lance, descricao) VALUES(33, 66, '0:50:22', 'SOFREU FALTA', 'Carlos Sánchez sofre falta de Aleksei Miranchuk!');
INSERT INTO lance (id_partida, id_pessoa, time_stamp, tipo_lance, descricao) VALUES(33, 8, '0:53:31', 'FALTA', 'Falta de Aleksei Miranchuk em Carlos Sánchez!');
INSERT INTO lance (id_partida, id_pessoa, time_stamp, tipo_lance, descricao) VALUES(33, 66, '0:53:31', 'SOFREU FALTA', 'Carlos Sánchez sofre falta de Aleksei Miranchuk!');
INSERT INTO lance (id_partida, id_pessoa, time_stamp, tipo_lance, descricao) VALUES(33, 67, '0:54:19', 'DEFESA', 'Defesa de Fedor Kudrayashov!');
INSERT INTO lance (id_partida, id_pessoa, time_stamp, tipo_lance, descricao) VALUES(33, 69, '0:55:16', 'FALTA', 'Falta de Edinson Cavani em Aleksandr Golovin!');
INSERT INTO lance (id_partida, id_pessoa, time_stamp, tipo_lance, descricao) VALUES(33, 10, '0:55:16', 'SOFREU FALTA', 'Aleksandr Golovin sofre falta de Edinson Cavani!');
INSERT INTO lance (id_partida, id_pessoa, time_stamp, tipo_lance, descricao) VALUES(33, 9, '0:59:44', 'FALTA', 'Falta de Denis Glushakov em Fernando Muslera!');
INSERT INTO lance (id_partida, id_pessoa, time_stamp, tipo_lance, descricao) VALUES(33, 55, '0:59:44', 'SOFREU FALTA', 'Fernando Muslera sofre falta de Denis Glushakov!');
INSERT INTO lance (id_partida, id_pessoa, time_stamp, tipo_lance, descricao) VALUES(33, 2, '1:5:54', 'FALTA', 'Falta de Igor Smolnikov em Nicolás Lodeiro!');
INSERT INTO lance (id_partida, id_pessoa, time_stamp, tipo_lance, descricao) VALUES(33, 65, '1:5:54', 'SOFREU FALTA', 'Nicolás Lodeiro sofre falta de Igor Smolnikov!');
INSERT INTO lance (id_partida, id_pessoa, time_stamp, tipo_lance, descricao) VALUES(33, 69, '1:6:35', 'DEFESA', 'Defesa de Fedor Kudrayashov!');
INSERT INTO lance (id_partida, id_pessoa, time_stamp, tipo_lance, descricao) VALUES(33, 70, '1:8:17', 'FALTA', 'Falta de Luis Suárez em Aleksandr Kokorin!');
INSERT INTO lance (id_partida, id_pessoa, time_stamp, tipo_lance, descricao) VALUES(33, 18, '1:8:17', 'SOFREU FALTA', 'Aleksandr Kokorin sofre falta de Luis Suárez!');
INSERT INTO lance (id_partida, id_pessoa, time_stamp, tipo_lance, descricao) VALUES(33, 67, '1:8:59', 'SUBSTITUICAO', 'Sai Cristian Rodríguez!');
INSERT INTO lance (id_partida, id_pessoa, time_stamp, tipo_lance, descricao) VALUES(33, 60, '1:8:59', 'SUBSTITUICAO', 'Entra Sebastián Coates!');
INSERT INTO lance (id_partida, id_pessoa, time_stamp, tipo_lance, descricao) VALUES(33, 16, '1:9:43', 'FALTA', 'Falta de Dmitry Poloz em Sebastián Coates!');
INSERT INTO lance (id_partida, id_pessoa, time_stamp, tipo_lance, descricao) VALUES(33, 60, '1:9:43', 'SOFREU FALTA', 'Sebastián Coates sofre falta de Dmitry Poloz!');
INSERT INTO lance (id_partida, id_pessoa, time_stamp, tipo_lance, descricao) VALUES(33, 8, '1:12:18', 'ASSISTENCIA', 'Assistencia de Fedor Smolov!');
INSERT INTO lance (id_partida, id_pessoa, time_stamp, tipo_lance, descricao) VALUES(33, 8, '1:12:18', 'GOL', 'Gol de Aleksei Miranchuk!');
INSERT INTO lance (id_partida, id_pessoa, time_stamp, tipo_lance, descricao) VALUES(33, 69, '1:13:30', 'FALTA', 'Falta de Edinson Cavani em Aleksandr Kokorin!');
INSERT INTO lance (id_partida, id_pessoa, time_stamp, tipo_lance, descricao) VALUES(33, 18, '1:13:30', 'SOFREU FALTA', 'Aleksandr Kokorin sofre falta de Edinson Cavani!');
INSERT INTO lance (id_partida, id_pessoa, time_stamp, tipo_lance, descricao) VALUES(33, 69, '1:13:30', 'CARTAO AMARELO', 'Edinson Cavani ganhou um cartão amarelo!');
INSERT INTO lance (id_partida, id_pessoa, time_stamp, tipo_lance, descricao) VALUES(33, 12, '1:16:6', 'FALTA', 'Falta de Aleksandr Erokhin em Egidio Arévalo Ríos!');
INSERT INTO lance (id_partida, id_pessoa, time_stamp, tipo_lance, descricao) VALUES(33, 63, '1:16:6', 'SOFREU FALTA', 'Egidio Arévalo Ríos sofre falta de Aleksandr Erokhin!');
INSERT INTO lance (id_partida, id_pessoa, time_stamp, tipo_lance, descricao) VALUES(33, 71, '1:18:10', 'DEFESA', 'Defesa de Fedor Kudrayashov!');
INSERT INTO lance (id_partida, id_pessoa, time_stamp, tipo_lance, descricao) VALUES(33, 2, '1:18:47', 'FALTA', 'Falta de Igor Smolnikov em Cristhian Stuani!');
INSERT INTO lance (id_partida, id_pessoa, time_stamp, tipo_lance, descricao) VALUES(33, 71, '1:18:47', 'SOFREU FALTA', 'Cristhian Stuani sofre falta de Igor Smolnikov!');
INSERT INTO lance (id_partida, id_pessoa, time_stamp, tipo_lance, descricao) VALUES(33, 13, '1:26:24', 'GOL', 'Gol de Alan Dzagoev!');
INSERT INTO lance (id_partida, id_pessoa, time_stamp, tipo_lance, descricao) VALUES(33, 60, '1:27:1', 'DEFESA', 'Defesa de Fedor Kudrayashov!');
INSERT INTO lance (id_partida, id_pessoa, time_stamp, tipo_lance, descricao) VALUES(33, 16, '1:27:59', 'DEFESA', 'Defesa de Fedor Kudrayashov!');
INSERT INTO lance (id_partida, id_pessoa, time_stamp, tipo_lance, descricao) VALUES(33, 63, '1:29:43', 'SUBSTITUICAO', 'Sai Egidio Arévalo Ríos!');
INSERT INTO lance (id_partida, id_pessoa, time_stamp, tipo_lance, descricao) VALUES(33, 58, '1:29:43', 'SUBSTITUICAO', 'Entra Martín Cáceres!');
INSERT INTO apita (id_partida, id_pessoa) VALUES(34, 602);
INSERT INTO apita (id_partida, id_pessoa) VALUES(34, 609);
INSERT INTO apita (id_partida, id_pessoa) VALUES(34, 608);
INSERT INTO deslocamento (codigo_pais, id_partida, itinerario, descricao_da_escolta) VALUES('EGY', 34, '337ZXJCCO13X91V6LX4F1PJXLYKQECW4UBZEV3YAC41F409ELYVCPDQNTJN98V7ME9C7CQKS93C6YE3VZFFQQTORVLV', 'PZCQ6OA4XBC5NCDVATYPQ2J2QR5UVVM048DK1W9KD87YDJCOQ2QBXG6WPJAPTQJBYLAP923OTOLS4VZGPRE2FLDYCQ4SVU0XY691JWPX9BRI4N14U3AB');
INSERT INTO deslocamento (codigo_pais, id_partida, itinerario, descricao_da_escolta) VALUES('SAU', 34, 'R5NILNS8L29XY38V772CQ3E354YZ972UZKHAWT7J6ZXISUFU2IX6H95X1TNRZ38NAO8NW89N9TF1F5LKYE61K5MZOTICGPTD0KHDW274JJ7Y4ES5IC3V', 'HCFCI8DZ6HU9BA5YHY5GBRB7Y4KAM3DV8GTHBBN34EMCNY3EXHAO7O5ZBHNOYCMCD8A4RXWGKCL6E9UABFNF3YXTL3G4X9E21J8OX8X9U3D5C8VBWNMTYHJOKQTXQ2TL8TF5AFMDSOV9V2RMIEHJWVDUATEGO9S1K27T3ZBQBIAKVJ3S9GPMVJYMPU5QBFYS53Y257SSD0INU3900VGHUGGBDUDJ4UP5USP2');
INSERT INTO lance (id_partida, id_pessoa, time_stamp, tipo_lance, descricao) VALUES(34, 602, '0:45:0', 'FIM DO PRIMEIRO TEMPO', 'Juiz Bacak apita o fim do primeiro tempo!');
INSERT INTO lance (id_partida, id_pessoa, time_stamp, tipo_lance, descricao) VALUES(34, 602, '1:30:0', 'FIM DO JOGO', 'Juiz Bacak apita o fim do jogo!');
INSERT INTO lance (id_partida, id_pessoa, time_stamp, tipo_lance, descricao) VALUES(34, 30, '0:2:15', 'FALTA', 'Falta de Salman Al-Moasher em Mohamed Abdel Shaly!');
INSERT INTO lance (id_partida, id_pessoa, time_stamp, tipo_lance, descricao) VALUES(34, 44, '0:2:15', 'SOFREU FALTA', 'Mohamed Abdel Shaly sofre falta de Salman Al-Moasher!');
INSERT INTO lance (id_partida, id_pessoa, time_stamp, tipo_lance, descricao) VALUES(34, 34, '0:5:50', 'FALTA', 'Falta de Mohammad Al-Sahlawi em Ramadan Sobhi!');
INSERT INTO lance (id_partida, id_pessoa, time_stamp, tipo_lance, descricao) VALUES(34, 51, '0:5:50', 'SOFREU FALTA', 'Ramadan Sobhi sofre falta de Mohammad Al-Sahlawi!');
INSERT INTO lance (id_partida, id_pessoa, time_stamp, tipo_lance, descricao) VALUES(34, 50, '0:9:14', 'FALTA', 'Falta de Abdallah El Said em Fahad Al-Muwallad!');
INSERT INTO lance (id_partida, id_pessoa, time_stamp, tipo_lance, descricao) VALUES(34, 36, '0:9:14', 'SOFREU FALTA', 'Fahad Al-Muwallad sofre falta de Abdallah El Said!');
INSERT INTO lance (id_partida, id_pessoa, time_stamp, tipo_lance, descricao) VALUES(34, 53, '0:9:34', 'FALTA', 'Falta de Mohamed Salah em Nawaf Al-Abed!');
INSERT INTO lance (id_partida, id_pessoa, time_stamp, tipo_lance, descricao) VALUES(34, 33, '0:9:34', 'SOFREU FALTA', 'Nawaf Al-Abed sofre falta de Mohamed Salah!');
INSERT INTO lance (id_partida, id_pessoa, time_stamp, tipo_lance, descricao) VALUES(34, 47, '0:9:55', 'GOL', 'Gol de Mahmoud Kahraba!');
INSERT INTO lance (id_partida, id_pessoa, time_stamp, tipo_lance, descricao) VALUES(34, 51, '0:10:3', 'FALTA', 'Falta de Ramadan Sobhi em Abdulmalek Al-Khaibri!');
INSERT INTO lance (id_partida, id_pessoa, time_stamp, tipo_lance, descricao) VALUES(34, 29, '0:10:3', 'SOFREU FALTA', 'Abdulmalek Al-Khaibri sofre falta de Ramadan Sobhi!');
INSERT INTO lance (id_partida, id_pessoa, time_stamp, tipo_lance, descricao) VALUES(34, 48, '0:12:36', 'FALTA', 'Falta de Mohamed Elneny em Taisir Al-Jassim!');
INSERT INTO lance (id_partida, id_pessoa, time_stamp, tipo_lance, descricao) VALUES(34, 27, '0:12:36', 'SOFREU FALTA', 'Taisir Al-Jassim sofre falta de Mohamed Elneny!');
INSERT INTO lance (id_partida, id_pessoa, time_stamp, tipo_lance, descricao) VALUES(34, 34, '0:12:38', 'FALTA', 'Falta de Mohammad Al-Sahlawi em Saad El-Din Samir!');
INSERT INTO lance (id_partida, id_pessoa, time_stamp, tipo_lance, descricao) VALUES(34, 45, '0:12:38', 'SOFREU FALTA', 'Saad El-Din Samir sofre falta de Mohammad Al-Sahlawi!');
INSERT INTO lance (id_partida, id_pessoa, time_stamp, tipo_lance, descricao) VALUES(34, 53, '0:13:3', 'FALTA', 'Falta de Mohamed Salah em Nawaf Al-Abed!');
INSERT INTO lance (id_partida, id_pessoa, time_stamp, tipo_lance, descricao) VALUES(34, 33, '0:13:3', 'SOFREU FALTA', 'Nawaf Al-Abed sofre falta de Mohamed Salah!');
INSERT INTO lance (id_partida, id_pessoa, time_stamp, tipo_lance, descricao) VALUES(34, 53, '0:16:25', 'DEFESA', 'Defesa de Ramy Rabia!');
INSERT INTO lance (id_partida, id_pessoa, time_stamp, tipo_lance, descricao) VALUES(34, 49, '0:16:33', 'DEFESA', 'Defesa de Ramy Rabia!');
INSERT INTO lance (id_partida, id_pessoa, time_stamp, tipo_lance, descricao) VALUES(34, 47, '0:18:52', 'DEFESA', 'Defesa de Ramy Rabia!');
INSERT INTO lance (id_partida, id_pessoa, time_stamp, tipo_lance, descricao) VALUES(34, 48, '0:18:56', 'FALTA', 'Falta de Mohamed Elneny em Taisir Al-Jassim!');
INSERT INTO lance (id_partida, id_pessoa, time_stamp, tipo_lance, descricao) VALUES(34, 27, '0:18:56', 'SOFREU FALTA', 'Taisir Al-Jassim sofre falta de Mohamed Elneny!');
INSERT INTO lance (id_partida, id_pessoa, time_stamp, tipo_lance, descricao) VALUES(34, 26, '0:19:11', 'SUBSTITUICAO', 'Sai Mohammed Al-Beraik!');
INSERT INTO lance (id_partida, id_pessoa, time_stamp, tipo_lance, descricao) VALUES(34, 21, '0:19:11', 'SUBSTITUICAO', 'Entra Abdullah Al-Zori!');
INSERT INTO lance (id_partida, id_pessoa, time_stamp, tipo_lance, descricao) VALUES(34, 33, '0:20:7', 'FALTA', 'Falta de Nawaf Al-Abed em Mohamed Abdel Shaly!');
INSERT INTO lance (id_partida, id_pessoa, time_stamp, tipo_lance, descricao) VALUES(34, 44, '0:20:7', 'SOFREU FALTA', 'Mohamed Abdel Shaly sofre falta de Nawaf Al-Abed!');
INSERT INTO lance (id_partida, id_pessoa, time_stamp, tipo_lance, descricao) VALUES(34, 33, '0:20:40', 'FALTA', 'Falta de Nawaf Al-Abed em Saad El-Din Samir!');
INSERT INTO lance (id_partida, id_pessoa, time_stamp, tipo_lance, descricao) VALUES(34, 45, '0:20:40', 'SOFREU FALTA', 'Saad El-Din Samir sofre falta de Nawaf Al-Abed!');
INSERT INTO lance (id_partida, id_pessoa, time_stamp, tipo_lance, descricao) VALUES(34, 45, '0:22:48', 'SUBSTITUICAO', 'Sai Saad El-Din Samir!');
INSERT INTO lance (id_partida, id_pessoa, time_stamp, tipo_lance, descricao) VALUES(34, 38, '0:22:48', 'SUBSTITUICAO', 'Entra Ali Gabr!');
INSERT INTO lance (id_partida, id_pessoa, time_stamp, tipo_lance, descricao) VALUES(34, 51, '0:24:22', 'FALTA', 'Falta de Ramadan Sobhi em Abdulmalek Al-Khaibri!');
INSERT INTO lance (id_partida, id_pessoa, time_stamp, tipo_lance, descricao) VALUES(34, 29, '0:24:22', 'SOFREU FALTA', 'Abdulmalek Al-Khaibri sofre falta de Ramadan Sobhi!');
INSERT INTO lance (id_partida, id_pessoa, time_stamp, tipo_lance, descricao) VALUES(34, 34, '0:24:54', 'FALTA', 'Falta de Mohammad Al-Sahlawi em Abdallah El Said!');
INSERT INTO lance (id_partida, id_pessoa, time_stamp, tipo_lance, descricao) VALUES(34, 50, '0:24:54', 'SOFREU FALTA', 'Abdallah El Said sofre falta de Mohammad Al-Sahlawi!');
INSERT INTO lance (id_partida, id_pessoa, time_stamp, tipo_lance, descricao) VALUES(34, 29, '0:25:49', 'DEFESA', 'Defesa de Ramy Rabia!');
INSERT INTO lance (id_partida, id_pessoa, time_stamp, tipo_lance, descricao) VALUES(34, 47, '0:27:30', 'FALTA', 'Falta de Mahmoud Kahraba em Fahad Al-Muwallad!');
INSERT INTO lance (id_partida, id_pessoa, time_stamp, tipo_lance, descricao) VALUES(34, 36, '0:27:30', 'SOFREU FALTA', 'Fahad Al-Muwallad sofre falta de Mahmoud Kahraba!');
INSERT INTO lance (id_partida, id_pessoa, time_stamp, tipo_lance, descricao) VALUES(34, 27, '0:27:39', 'FALTA', 'Falta de Taisir Al-Jassim em Mohamed Elneny!');
INSERT INTO lance (id_partida, id_pessoa, time_stamp, tipo_lance, descricao) VALUES(34, 48, '0:27:39', 'SOFREU FALTA', 'Mohamed Elneny sofre falta de Taisir Al-Jassim!');
INSERT INTO lance (id_partida, id_pessoa, time_stamp, tipo_lance, descricao) VALUES(34, 49, '0:29:57', 'FALTA', 'Falta de Trezeguet em Mohammad Al-Sahlawi!');
INSERT INTO lance (id_partida, id_pessoa, time_stamp, tipo_lance, descricao) VALUES(34, 34, '0:29:57', 'SOFREU FALTA', 'Mohammad Al-Sahlawi sofre falta de Trezeguet!');
INSERT INTO lance (id_partida, id_pessoa, time_stamp, tipo_lance, descricao) VALUES(34, 32, '0:30:9', 'DEFESA', 'Defesa de Ramy Rabia!');
INSERT INTO lance (id_partida, id_pessoa, time_stamp, tipo_lance, descricao) VALUES(34, 27, '0:32:25', 'FALTA', 'Falta de Taisir Al-Jassim em Ahmed Hassan!');
INSERT INTO lance (id_partida, id_pessoa, time_stamp, tipo_lance, descricao) VALUES(34, 52, '0:32:25', 'SOFREU FALTA', 'Ahmed Hassan sofre falta de Taisir Al-Jassim!');
INSERT INTO lance (id_partida, id_pessoa, time_stamp, tipo_lance, descricao) VALUES(34, 27, '0:32:25', 'CARTAO VERMELHO', 'Taisir Al-Jassim foi expulso!');
INSERT INTO lance (id_partida, id_pessoa, time_stamp, tipo_lance, descricao) VALUES(34, 30, '0:33:33', 'FALTA', 'Falta de Salman Al-Moasher em Mohamed Salah!');
INSERT INTO lance (id_partida, id_pessoa, time_stamp, tipo_lance, descricao) VALUES(34, 53, '0:33:33', 'SOFREU FALTA', 'Mohamed Salah sofre falta de Salman Al-Moasher!');
INSERT INTO lance (id_partida, id_pessoa, time_stamp, tipo_lance, descricao) VALUES(34, 32, '0:34:23', 'SUBSTITUICAO', 'Sai Salem Al-Dosari!');
INSERT INTO lance (id_partida, id_pessoa, time_stamp, tipo_lance, descricao) VALUES(34, 24, '0:34:23', 'SUBSTITUICAO', 'Entra Yasser Al-Shahrani!');
INSERT INTO lance (id_partida, id_pessoa, time_stamp, tipo_lance, descricao) VALUES(34, 53, '0:36:34', 'DEFESA', 'Defesa de Ramy Rabia!');
INSERT INTO lance (id_partida, id_pessoa, time_stamp, tipo_lance, descricao) VALUES(34, 21, '0:38:4', 'FALTA', 'Falta de Abdullah Al-Zori em Ali Gabr!');
INSERT INTO lance (id_partida, id_pessoa, time_stamp, tipo_lance, descricao) VALUES(34, 38, '0:38:4', 'SOFREU FALTA', 'Ali Gabr sofre falta de Abdullah Al-Zori!');
INSERT INTO lance (id_partida, id_pessoa, time_stamp, tipo_lance, descricao) VALUES(34, 51, '0:40:3', 'FALTA', 'Falta de Ramadan Sobhi em Salman Al-Faraj!');
INSERT INTO lance (id_partida, id_pessoa, time_stamp, tipo_lance, descricao) VALUES(34, 28, '0:40:3', 'SOFREU FALTA', 'Salman Al-Faraj sofre falta de Ramadan Sobhi!');
INSERT INTO lance (id_partida, id_pessoa, time_stamp, tipo_lance, descricao) VALUES(34, 30, '0:40:21', 'FALTA', 'Falta de Salman Al-Moasher em Mahmoud Kahraba!');
INSERT INTO lance (id_partida, id_pessoa, time_stamp, tipo_lance, descricao) VALUES(34, 47, '0:40:21', 'SOFREU FALTA', 'Mahmoud Kahraba sofre falta de Salman Al-Moasher!');
INSERT INTO lance (id_partida, id_pessoa, time_stamp, tipo_lance, descricao) VALUES(34, 36, '0:40:27', 'FALTA', 'Falta de Fahad Al-Muwallad em Mohamed Abdel Shaly!');
INSERT INTO lance (id_partida, id_pessoa, time_stamp, tipo_lance, descricao) VALUES(34, 44, '0:40:27', 'SOFREU FALTA', 'Mohamed Abdel Shaly sofre falta de Fahad Al-Muwallad!');
INSERT INTO lance (id_partida, id_pessoa, time_stamp, tipo_lance, descricao) VALUES(34, 31, '0:41:16', 'FALTA', 'Falta de Yahya Al-Shehri em Tarek Hamed!');
INSERT INTO lance (id_partida, id_pessoa, time_stamp, tipo_lance, descricao) VALUES(34, 46, '0:41:16', 'SOFREU FALTA', 'Tarek Hamed sofre falta de Yahya Al-Shehri!');
INSERT INTO lance (id_partida, id_pessoa, time_stamp, tipo_lance, descricao) VALUES(34, 31, '0:41:16', 'CARTAO AMARELO', 'Yahya Al-Shehri ganhou um cartão amarelo!');
INSERT INTO lance (id_partida, id_pessoa, time_stamp, tipo_lance, descricao) VALUES(34, 44, '0:45:2', 'FALTA', 'Falta de Mohamed Abdel Shaly em Abdulmalek Al-Khaibri!');
INSERT INTO lance (id_partida, id_pessoa, time_stamp, tipo_lance, descricao) VALUES(34, 29, '0:45:2', 'SOFREU FALTA', 'Abdulmalek Al-Khaibri sofre falta de Mohamed Abdel Shaly!');
INSERT INTO lance (id_partida, id_pessoa, time_stamp, tipo_lance, descricao) VALUES(34, 21, '0:45:15', 'FALTA', 'Falta de Abdullah Al-Zori em Trezeguet!');
INSERT INTO lance (id_partida, id_pessoa, time_stamp, tipo_lance, descricao) VALUES(34, 49, '0:45:15', 'SOFREU FALTA', 'Trezeguet sofre falta de Abdullah Al-Zori!');
INSERT INTO lance (id_partida, id_pessoa, time_stamp, tipo_lance, descricao) VALUES(34, 34, '0:46:21', 'FALTA', 'Falta de Mohammad Al-Sahlawi em Ramadan Sobhi!');
INSERT INTO lance (id_partida, id_pessoa, time_stamp, tipo_lance, descricao) VALUES(34, 51, '0:46:21', 'SOFREU FALTA', 'Ramadan Sobhi sofre falta de Mohammad Al-Sahlawi!');
INSERT INTO lance (id_partida, id_pessoa, time_stamp, tipo_lance, descricao) VALUES(34, 38, '0:49:33', 'FALTA', 'Falta de Ali Gabr em Yasser Al-Shahrani!');
INSERT INTO lance (id_partida, id_pessoa, time_stamp, tipo_lance, descricao) VALUES(34, 24, '0:49:33', 'SOFREU FALTA', 'Yasser Al-Shahrani sofre falta de Ali Gabr!');
INSERT INTO lance (id_partida, id_pessoa, time_stamp, tipo_lance, descricao) VALUES(34, 46, '0:49:34', 'FALTA', 'Falta de Tarek Hamed em Nasser Al-Shamrani!');
INSERT INTO lance (id_partida, id_pessoa, time_stamp, tipo_lance, descricao) VALUES(34, 35, '0:49:34', 'SOFREU FALTA', 'Nasser Al-Shamrani sofre falta de Tarek Hamed!');
INSERT INTO lance (id_partida, id_pessoa, time_stamp, tipo_lance, descricao) VALUES(34, 29, '0:50:26', 'DEFESA', 'Defesa de Ramy Rabia!');
INSERT INTO lance (id_partida, id_pessoa, time_stamp, tipo_lance, descricao) VALUES(34, 46, '0:53:16', 'FALTA', 'Falta de Tarek Hamed em Nawaf Al-Abed!');
INSERT INTO lance (id_partida, id_pessoa, time_stamp, tipo_lance, descricao) VALUES(34, 33, '0:53:16', 'SOFREU FALTA', 'Nawaf Al-Abed sofre falta de Tarek Hamed!');
INSERT INTO lance (id_partida, id_pessoa, time_stamp, tipo_lance, descricao) VALUES(34, 28, '0:53:17', 'FALTA', 'Falta de Salman Al-Faraj em Ahmed Hassan!');
INSERT INTO lance (id_partida, id_pessoa, time_stamp, tipo_lance, descricao) VALUES(34, 52, '0:53:17', 'SOFREU FALTA', 'Ahmed Hassan sofre falta de Salman Al-Faraj!');
INSERT INTO lance (id_partida, id_pessoa, time_stamp, tipo_lance, descricao) VALUES(34, 54, '0:55:48', 'FALTA', 'Falta de Amr Gamal em Mohammad Al-Sahlawi!');
INSERT INTO lance (id_partida, id_pessoa, time_stamp, tipo_lance, descricao) VALUES(34, 34, '0:55:48', 'SOFREU FALTA', 'Mohammad Al-Sahlawi sofre falta de Amr Gamal!');
INSERT INTO lance (id_partida, id_pessoa, time_stamp, tipo_lance, descricao) VALUES(34, 34, '0:56:41', 'GOL', 'Gol de Mohammad Al-Sahlawi!');
INSERT INTO lance (id_partida, id_pessoa, time_stamp, tipo_lance, descricao) VALUES(34, 54, '0:58:47', 'FALTA', 'Falta de Amr Gamal em Nasser Al-Shamrani!');
INSERT INTO lance (id_partida, id_pessoa, time_stamp, tipo_lance, descricao) VALUES(34, 35, '0:58:47', 'SOFREU FALTA', 'Nasser Al-Shamrani sofre falta de Amr Gamal!');
INSERT INTO lance (id_partida, id_pessoa, time_stamp, tipo_lance, descricao) VALUES(34, 31, '0:59:44', 'FALTA', 'Falta de Yahya Al-Shehri em Tarek Hamed!');
INSERT INTO lance (id_partida, id_pessoa, time_stamp, tipo_lance, descricao) VALUES(34, 46, '0:59:44', 'SOFREU FALTA', 'Tarek Hamed sofre falta de Yahya Al-Shehri!');
INSERT INTO lance (id_partida, id_pessoa, time_stamp, tipo_lance, descricao) VALUES(34, 21, '1:0:19', 'DEFESA', 'Defesa de Ramy Rabia!');
INSERT INTO lance (id_partida, id_pessoa, time_stamp, tipo_lance, descricao) VALUES(34, 38, '1:2:17', 'FALTA', 'Falta de Ali Gabr em Salman Al-Faraj!');
INSERT INTO lance (id_partida, id_pessoa, time_stamp, tipo_lance, descricao) VALUES(34, 28, '1:2:17', 'SOFREU FALTA', 'Salman Al-Faraj sofre falta de Ali Gabr!');
INSERT INTO lance (id_partida, id_pessoa, time_stamp, tipo_lance, descricao) VALUES(34, 35, '1:5:3', 'FALTA', 'Falta de Nasser Al-Shamrani em Mahmoud Kahraba!');
INSERT INTO lance (id_partida, id_pessoa, time_stamp, tipo_lance, descricao) VALUES(34, 47, '1:5:3', 'SOFREU FALTA', 'Mahmoud Kahraba sofre falta de Nasser Al-Shamrani!');
INSERT INTO lance (id_partida, id_pessoa, time_stamp, tipo_lance, descricao) VALUES(34, 49, '1:6:23', 'FALTA', 'Falta de Trezeguet em Abdullah Al-Zori!');
INSERT INTO lance (id_partida, id_pessoa, time_stamp, tipo_lance, descricao) VALUES(34, 21, '1:6:23', 'SOFREU FALTA', 'Abdullah Al-Zori sofre falta de Trezeguet!');
INSERT INTO lance (id_partida, id_pessoa, time_stamp, tipo_lance, descricao) VALUES(34, 49, '1:6:54', 'FALTA', 'Falta de Trezeguet em Nasser Al-Shamrani!');
INSERT INTO lance (id_partida, id_pessoa, time_stamp, tipo_lance, descricao) VALUES(34, 35, '1:6:54', 'SOFREU FALTA', 'Nasser Al-Shamrani sofre falta de Trezeguet!');
INSERT INTO lance (id_partida, id_pessoa, time_stamp, tipo_lance, descricao) VALUES(34, 31, '1:10:32', 'FALTA', 'Falta de Yahya Al-Shehri em Mahmoud Kahraba!');
INSERT INTO lance (id_partida, id_pessoa, time_stamp, tipo_lance, descricao) VALUES(34, 47, '1:10:32', 'SOFREU FALTA', 'Mahmoud Kahraba sofre falta de Yahya Al-Shehri!');
INSERT INTO lance (id_partida, id_pessoa, time_stamp, tipo_lance, descricao) VALUES(34, 35, '1:10:52', 'DEFESA', 'Defesa de Ramy Rabia!');
INSERT INTO lance (id_partida, id_pessoa, time_stamp, tipo_lance, descricao) VALUES(34, 54, '1:11:56', 'FALTA', 'Falta de Amr Gamal em Abdulmalek Al-Khaibri!');
INSERT INTO lance (id_partida, id_pessoa, time_stamp, tipo_lance, descricao) VALUES(34, 29, '1:11:56', 'SOFREU FALTA', 'Abdulmalek Al-Khaibri sofre falta de Amr Gamal!');
INSERT INTO lance (id_partida, id_pessoa, time_stamp, tipo_lance, descricao) VALUES(34, 51, '1:12:51', 'DEFESA', 'Defesa de Ramy Rabia!');
INSERT INTO lance (id_partida, id_pessoa, time_stamp, tipo_lance, descricao) VALUES(34, 54, '1:14:25', 'FALTA', 'Falta de Amr Gamal em Abdullah Al-Zori!');
INSERT INTO lance (id_partida, id_pessoa, time_stamp, tipo_lance, descricao) VALUES(34, 21, '1:14:25', 'SOFREU FALTA', 'Abdullah Al-Zori sofre falta de Amr Gamal!');
INSERT INTO lance (id_partida, id_pessoa, time_stamp, tipo_lance, descricao) VALUES(34, 53, '1:16:59', 'DEFESA', 'Defesa de Ramy Rabia!');
INSERT INTO lance (id_partida, id_pessoa, time_stamp, tipo_lance, descricao) VALUES(34, 47, '1:18:49', 'DEFESA', 'Defesa de Ramy Rabia!');
INSERT INTO lance (id_partida, id_pessoa, time_stamp, tipo_lance, descricao) VALUES(34, 36, '1:21:44', 'SUBSTITUICAO', 'Sai Fahad Al-Muwallad!');
INSERT INTO lance (id_partida, id_pessoa, time_stamp, tipo_lance, descricao) VALUES(34, 22, '1:21:44', 'SUBSTITUICAO', 'Entra Mansour Al-Harbi!');
INSERT INTO lance (id_partida, id_pessoa, time_stamp, tipo_lance, descricao) VALUES(34, 28, '1:22:44', 'FALTA', 'Falta de Salman Al-Faraj em Mohamed Elneny!');
INSERT INTO lance (id_partida, id_pessoa, time_stamp, tipo_lance, descricao) VALUES(34, 48, '1:22:44', 'SOFREU FALTA', 'Mohamed Elneny sofre falta de Salman Al-Faraj!');
INSERT INTO lance (id_partida, id_pessoa, time_stamp, tipo_lance, descricao) VALUES(34, 54, '1:23:16', 'DEFESA', 'Defesa de Ramy Rabia!');
INSERT INTO lance (id_partida, id_pessoa, time_stamp, tipo_lance, descricao) VALUES(34, 21, '1:23:42', 'GOL', 'Gol de Abdullah Al-Zori!');
INSERT INTO lance (id_partida, id_pessoa, time_stamp, tipo_lance, descricao) VALUES(34, 33, '1:24:54', 'FALTA', 'Falta de Nawaf Al-Abed em Mohamed Salah!');
INSERT INTO lance (id_partida, id_pessoa, time_stamp, tipo_lance, descricao) VALUES(34, 53, '1:24:54', 'SOFREU FALTA', 'Mohamed Salah sofre falta de Nawaf Al-Abed!');
INSERT INTO lance (id_partida, id_pessoa, time_stamp, tipo_lance, descricao) VALUES(34, 44, '1:26:33', 'FALTA', 'Falta de Mohamed Abdel Shaly em Nawaf Al-Abed!');
INSERT INTO lance (id_partida, id_pessoa, time_stamp, tipo_lance, descricao) VALUES(34, 33, '1:26:33', 'SOFREU FALTA', 'Nawaf Al-Abed sofre falta de Mohamed Abdel Shaly!');
INSERT INTO lance (id_partida, id_pessoa, time_stamp, tipo_lance, descricao) VALUES(34, 38, '1:26:53', 'FALTA', 'Falta de Ali Gabr em Yasser Al-Shahrani!');
INSERT INTO lance (id_partida, id_pessoa, time_stamp, tipo_lance, descricao) VALUES(34, 24, '1:26:53', 'SOFREU FALTA', 'Yasser Al-Shahrani sofre falta de Ali Gabr!');
INSERT INTO lance (id_partida, id_pessoa, time_stamp, tipo_lance, descricao) VALUES(34, 22, '1:27:5', 'FALTA', 'Falta de Mansour Al-Harbi em Mohamed Elneny!');
INSERT INTO lance (id_partida, id_pessoa, time_stamp, tipo_lance, descricao) VALUES(34, 48, '1:27:5', 'SOFREU FALTA', 'Mohamed Elneny sofre falta de Mansour Al-Harbi!');
INSERT INTO lance (id_partida, id_pessoa, time_stamp, tipo_lance, descricao) VALUES(34, 46, '1:27:6', 'GOL', 'Gol de Tarek Hamed!');
INSERT INTO apita (id_partida, id_pessoa) VALUES(35, 637);
INSERT INTO apita (id_partida, id_pessoa) VALUES(35, 638);
INSERT INTO apita (id_partida, id_pessoa) VALUES(35, 679);
INSERT INTO deslocamento (codigo_pais, id_partida, itinerario, descricao_da_escolta) VALUES('ESP', 35, '2I2FKRUZOBWLTMYXOY9SMBDLDCZ819YS8F12XOLE0ZU8IFFMC79XU9J1EQCI1V8PMDMOV5A9M42XQFD86M639B895AXGMCNE0EVF211G69KZHVK9NEMOZEPLFNSUI4WJRX7MT7FFVZ6A0I1JZY2I08OVZJ9PIG8CNBITY8PP8G3', 'IPV6VI4TBOTSIMWJ8Z7O13XZ9HV1IMJTFONJYC39LOB8RZLLLF');
INSERT INTO deslocamento (codigo_pais, id_partida, itinerario, descricao_da_escolta) VALUES('MAR', 35, 'IJOIO267OWDLZE9N39NV557CN2YHJ6KQC4BK0G9R1FPMICL4SLRM8TWNLL5VDZXRMWI4DYXXA64ZPV4KQ4Z8O7SSIX9PKNNCS89V4Q03Y3MBZ670RVEJAZCPEZWPZIMWS1HRVIQAD5JVVQ3L0', '7ZJDC35URE4LEQQZT7YPFJEEGEPR3Y6KYRKXNPZOWA0MG213E675XLDYUF77NN13HTWXF3MEIK2ES28ONWN71AXNNWCHR1AJ');
INSERT INTO lance (id_partida, id_pessoa, time_stamp, tipo_lance, descricao) VALUES(35, 637, '0:45:0', 'FIM DO PRIMEIRO TEMPO', 'Juiz Glassco apita o fim do primeiro tempo!');
INSERT INTO lance (id_partida, id_pessoa, time_stamp, tipo_lance, descricao) VALUES(35, 637, '1:30:0', 'FIM DO JOGO', 'Juiz Glassco apita o fim do jogo!');
INSERT INTO lance (id_partida, id_pessoa, time_stamp, tipo_lance, descricao) VALUES(35, 106, '0:6:41', 'FALTA', 'Falta de Álvaro Morata em Hakim Ziyech!');
INSERT INTO lance (id_partida, id_pessoa, time_stamp, tipo_lance, descricao) VALUES(35, 121, '0:6:41', 'SOFREU FALTA', 'Hakim Ziyech sofre falta de Álvaro Morata!');
INSERT INTO lance (id_partida, id_pessoa, time_stamp, tipo_lance, descricao) VALUES(35, 102, '0:8:14', 'FALTA', 'Falta de Marco Asensio em Karim El Ahmadi!');
INSERT INTO lance (id_partida, id_pessoa, time_stamp, tipo_lance, descricao) VALUES(35, 117, '0:8:14', 'SOFREU FALTA', 'Karim El Ahmadi sofre falta de Marco Asensio!');
INSERT INTO lance (id_partida, id_pessoa, time_stamp, tipo_lance, descricao) VALUES(35, 104, '0:9:52', 'FALTA', 'Falta de David Silva em Younès Belhanda!');
INSERT INTO lance (id_partida, id_pessoa, time_stamp, tipo_lance, descricao) VALUES(35, 118, '0:9:52', 'SOFREU FALTA', 'Younès Belhanda sofre falta de David Silva!');
INSERT INTO lance (id_partida, id_pessoa, time_stamp, tipo_lance, descricao) VALUES(35, 119, '0:11:29', 'FALTA', 'Falta de Nordin Amrabat em Saúl Ñíguez!');
INSERT INTO lance (id_partida, id_pessoa, time_stamp, tipo_lance, descricao) VALUES(35, 105, '0:11:29', 'SOFREU FALTA', 'Saúl Ñíguez sofre falta de Nordin Amrabat!');
INSERT INTO lance (id_partida, id_pessoa, time_stamp, tipo_lance, descricao) VALUES(35, 107, '0:11:38', 'DEFESA', 'Defesa de Gerard Piqué!');
INSERT INTO lance (id_partida, id_pessoa, time_stamp, tipo_lance, descricao) VALUES(35, 120, '0:11:54', 'DEFESA', 'Defesa de Gerard Piqué!');
INSERT INTO lance (id_partida, id_pessoa, time_stamp, tipo_lance, descricao) VALUES(35, 107, '0:14:48', 'FALTA', 'Falta de Vitolo em Mbark Boussoufa!');
INSERT INTO lance (id_partida, id_pessoa, time_stamp, tipo_lance, descricao) VALUES(35, 116, '0:14:48', 'SOFREU FALTA', 'Mbark Boussoufa sofre falta de Vitolo!');
INSERT INTO lance (id_partida, id_pessoa, time_stamp, tipo_lance, descricao) VALUES(35, 107, '0:15:8', 'FALTA', 'Falta de Vitolo em Mbark Boussoufa!');
INSERT INTO lance (id_partida, id_pessoa, time_stamp, tipo_lance, descricao) VALUES(35, 116, '0:15:8', 'SOFREU FALTA', 'Mbark Boussoufa sofre falta de Vitolo!');
INSERT INTO lance (id_partida, id_pessoa, time_stamp, tipo_lance, descricao) VALUES(35, 98, '0:15:20', 'SUBSTITUICAO', 'Sai Sergio Buesquets!');
INSERT INTO lance (id_partida, id_pessoa, time_stamp, tipo_lance, descricao) VALUES(35, 96, '0:15:20', 'SUBSTITUICAO', 'Entra Sergio Ramos!');
INSERT INTO lance (id_partida, id_pessoa, time_stamp, tipo_lance, descricao) VALUES(35, 123, '0:16:13', 'FALTA', 'Falta de Khalid Boutaib em Saúl Ñíguez!');
INSERT INTO lance (id_partida, id_pessoa, time_stamp, tipo_lance, descricao) VALUES(35, 105, '0:16:13', 'SOFREU FALTA', 'Saúl Ñíguez sofre falta de Khalid Boutaib!');
INSERT INTO lance (id_partida, id_pessoa, time_stamp, tipo_lance, descricao) VALUES(35, 116, '0:17:22', 'DEFESA', 'Defesa de Gerard Piqué!');
INSERT INTO lance (id_partida, id_pessoa, time_stamp, tipo_lance, descricao) VALUES(35, 118, '0:19:46', 'FALTA', 'Falta de Younès Belhanda em Marco Asensio!');
INSERT INTO lance (id_partida, id_pessoa, time_stamp, tipo_lance, descricao) VALUES(35, 102, '0:19:46', 'SOFREU FALTA', 'Marco Asensio sofre falta de Younès Belhanda!');
INSERT INTO lance (id_partida, id_pessoa, time_stamp, tipo_lance, descricao) VALUES(35, 102, '0:21:31', 'DEFESA', 'Defesa de Gerard Piqué!');
INSERT INTO lance (id_partida, id_pessoa, time_stamp, tipo_lance, descricao) VALUES(35, 105, '0:23:32', 'DEFESA', 'Defesa de Gerard Piqué!');
INSERT INTO lance (id_partida, id_pessoa, time_stamp, tipo_lance, descricao) VALUES(35, 118, '0:24:25', 'FALTA', 'Falta de Younès Belhanda em Andrés Iniesta!');
INSERT INTO lance (id_partida, id_pessoa, time_stamp, tipo_lance, descricao) VALUES(35, 103, '0:24:25', 'SOFREU FALTA', 'Andrés Iniesta sofre falta de Younès Belhanda!');
INSERT INTO lance (id_partida, id_pessoa, time_stamp, tipo_lance, descricao) VALUES(35, 108, '0:25:17', 'FALTA', 'Falta de Diego Costa em Aziz Bouhaddouz!');
INSERT INTO lance (id_partida, id_pessoa, time_stamp, tipo_lance, descricao) VALUES(35, 125, '0:25:17', 'SOFREU FALTA', 'Aziz Bouhaddouz sofre falta de Diego Costa!');
INSERT INTO lance (id_partida, id_pessoa, time_stamp, tipo_lance, descricao) VALUES(35, 96, '0:29:44', 'GOL', 'Gol de Sergio Ramos!');
INSERT INTO lance (id_partida, id_pessoa, time_stamp, tipo_lance, descricao) VALUES(35, 106, '0:32:53', 'FALTA', 'Falta de Álvaro Morata em Younès Belhanda!');
INSERT INTO lance (id_partida, id_pessoa, time_stamp, tipo_lance, descricao) VALUES(35, 118, '0:32:53', 'SOFREU FALTA', 'Younès Belhanda sofre falta de Álvaro Morata!');
INSERT INTO lance (id_partida, id_pessoa, time_stamp, tipo_lance, descricao) VALUES(35, 107, '0:32:57', 'DEFESA', 'Defesa de Gerard Piqué!');
INSERT INTO lance (id_partida, id_pessoa, time_stamp, tipo_lance, descricao) VALUES(35, 108, '0:33:6', 'FALTA', 'Falta de Diego Costa em Fayçal Fajr!');
INSERT INTO lance (id_partida, id_pessoa, time_stamp, tipo_lance, descricao) VALUES(35, 120, '0:33:6', 'SOFREU FALTA', 'Fayçal Fajr sofre falta de Diego Costa!');
INSERT INTO lance (id_partida, id_pessoa, time_stamp, tipo_lance, descricao) VALUES(35, 108, '0:33:29', 'FALTA', 'Falta de Diego Costa em Younès Belhanda!');
INSERT INTO lance (id_partida, id_pessoa, time_stamp, tipo_lance, descricao) VALUES(35, 118, '0:33:29', 'SOFREU FALTA', 'Younès Belhanda sofre falta de Diego Costa!');
INSERT INTO lance (id_partida, id_pessoa, time_stamp, tipo_lance, descricao) VALUES(35, 120, '0:35:44', 'SUBSTITUICAO', 'Sai Fayçal Fajr!');
INSERT INTO lance (id_partida, id_pessoa, time_stamp, tipo_lance, descricao) VALUES(35, 114, '0:35:44', 'SUBSTITUICAO', 'Entra Hamza Mendyl!');
INSERT INTO lance (id_partida, id_pessoa, time_stamp, tipo_lance, descricao) VALUES(35, 114, '0:36:14', 'DEFESA', 'Defesa de Gerard Piqué!');
INSERT INTO lance (id_partida, id_pessoa, time_stamp, tipo_lance, descricao) VALUES(35, 100, '0:37:38', 'DEFESA', 'Defesa de Gerard Piqué!');
INSERT INTO lance (id_partida, id_pessoa, time_stamp, tipo_lance, descricao) VALUES(35, 116, '0:40:7', 'FALTA', 'Falta de Mbark Boussoufa em Isco!');
INSERT INTO lance (id_partida, id_pessoa, time_stamp, tipo_lance, descricao) VALUES(35, 100, '0:40:7', 'SOFREU FALTA', 'Isco sofre falta de Mbark Boussoufa!');
INSERT INTO lance (id_partida, id_pessoa, time_stamp, tipo_lance, descricao) VALUES(35, 122, '0:43:6', 'FALTA', 'Falta de Youssef Aït Bennasser em Vitolo!');
INSERT INTO lance (id_partida, id_pessoa, time_stamp, tipo_lance, descricao) VALUES(35, 107, '0:43:6', 'SOFREU FALTA', 'Vitolo sofre falta de Youssef Aït Bennasser!');
INSERT INTO lance (id_partida, id_pessoa, time_stamp, tipo_lance, descricao) VALUES(35, 119, '0:43:20', 'DEFESA', 'Defesa de Gerard Piqué!');
INSERT INTO lance (id_partida, id_pessoa, time_stamp, tipo_lance, descricao) VALUES(35, 103, '0:46:47', 'FALTA', 'Falta de Andrés Iniesta em Youssef En-Nesyri!');
INSERT INTO lance (id_partida, id_pessoa, time_stamp, tipo_lance, descricao) VALUES(35, 126, '0:46:47', 'SOFREU FALTA', 'Youssef En-Nesyri sofre falta de Andrés Iniesta!');
INSERT INTO lance (id_partida, id_pessoa, time_stamp, tipo_lance, descricao) VALUES(35, 100, '0:47:59', 'FALTA', 'Falta de Isco em Youssef Aït Bennasser!');
INSERT INTO lance (id_partida, id_pessoa, time_stamp, tipo_lance, descricao) VALUES(35, 122, '0:47:59', 'SOFREU FALTA', 'Youssef Aït Bennasser sofre falta de Isco!');
INSERT INTO lance (id_partida, id_pessoa, time_stamp, tipo_lance, descricao) VALUES(35, 124, '0:51:37', 'FALTA', 'Falta de Rachid Alioui em Andrés Iniesta!');
INSERT INTO lance (id_partida, id_pessoa, time_stamp, tipo_lance, descricao) VALUES(35, 103, '0:51:37', 'SOFREU FALTA', 'Andrés Iniesta sofre falta de Rachid Alioui!');
INSERT INTO lance (id_partida, id_pessoa, time_stamp, tipo_lance, descricao) VALUES(35, 108, '0:53:24', 'GOL', 'Gol de Diego Costa!');
INSERT INTO lance (id_partida, id_pessoa, time_stamp, tipo_lance, descricao) VALUES(35, 122, '0:55:51', 'FALTA', 'Falta de Youssef Aït Bennasser em Vitolo!');
INSERT INTO lance (id_partida, id_pessoa, time_stamp, tipo_lance, descricao) VALUES(35, 107, '0:55:51', 'SOFREU FALTA', 'Vitolo sofre falta de Youssef Aït Bennasser!');
INSERT INTO lance (id_partida, id_pessoa, time_stamp, tipo_lance, descricao) VALUES(35, 105, '0:56:34', 'FALTA', 'Falta de Saúl Ñíguez em Youssef En-Nesyri!');
INSERT INTO lance (id_partida, id_pessoa, time_stamp, tipo_lance, descricao) VALUES(35, 126, '0:56:34', 'SOFREU FALTA', 'Youssef En-Nesyri sofre falta de Saúl Ñíguez!');
INSERT INTO lance (id_partida, id_pessoa, time_stamp, tipo_lance, descricao) VALUES(35, 121, '0:57:43', 'FALTA', 'Falta de Hakim Ziyech em Sergio Ramos!');
INSERT INTO lance (id_partida, id_pessoa, time_stamp, tipo_lance, descricao) VALUES(35, 96, '0:57:43', 'SOFREU FALTA', 'Sergio Ramos sofre falta de Hakim Ziyech!');
INSERT INTO lance (id_partida, id_pessoa, time_stamp, tipo_lance, descricao) VALUES(35, 119, '0:59:4', 'FALTA', 'Falta de Nordin Amrabat em Diego Costa!');
INSERT INTO lance (id_partida, id_pessoa, time_stamp, tipo_lance, descricao) VALUES(35, 108, '0:59:4', 'SOFREU FALTA', 'Diego Costa sofre falta de Nordin Amrabat!');
INSERT INTO lance (id_partida, id_pessoa, time_stamp, tipo_lance, descricao) VALUES(35, 123, '1:0:42', 'FALTA', 'Falta de Khalid Boutaib em Vitolo!');
INSERT INTO lance (id_partida, id_pessoa, time_stamp, tipo_lance, descricao) VALUES(35, 107, '1:0:42', 'SOFREU FALTA', 'Vitolo sofre falta de Khalid Boutaib!');
INSERT INTO lance (id_partida, id_pessoa, time_stamp, tipo_lance, descricao) VALUES(35, 119, '1:3:8', 'FALTA', 'Falta de Nordin Amrabat em Saúl Ñíguez!');
INSERT INTO lance (id_partida, id_pessoa, time_stamp, tipo_lance, descricao) VALUES(35, 105, '1:3:8', 'SOFREU FALTA', 'Saúl Ñíguez sofre falta de Nordin Amrabat!');
INSERT INTO lance (id_partida, id_pessoa, time_stamp, tipo_lance, descricao) VALUES(35, 116, '1:4:46', 'FALTA', 'Falta de Mbark Boussoufa em Saúl Ñíguez!');
INSERT INTO lance (id_partida, id_pessoa, time_stamp, tipo_lance, descricao) VALUES(35, 105, '1:4:46', 'SOFREU FALTA', 'Saúl Ñíguez sofre falta de Mbark Boussoufa!');
INSERT INTO lance (id_partida, id_pessoa, time_stamp, tipo_lance, descricao) VALUES(35, 116, '1:6:2', 'FALTA', 'Falta de Mbark Boussoufa em Saúl Ñíguez!');
INSERT INTO lance (id_partida, id_pessoa, time_stamp, tipo_lance, descricao) VALUES(35, 105, '1:6:2', 'SOFREU FALTA', 'Saúl Ñíguez sofre falta de Mbark Boussoufa!');
INSERT INTO lance (id_partida, id_pessoa, time_stamp, tipo_lance, descricao) VALUES(35, 119, '1:7:41', 'FALTA', 'Falta de Nordin Amrabat em Sergio Ramos!');
INSERT INTO lance (id_partida, id_pessoa, time_stamp, tipo_lance, descricao) VALUES(35, 96, '1:7:41', 'SOFREU FALTA', 'Sergio Ramos sofre falta de Nordin Amrabat!');
INSERT INTO lance (id_partida, id_pessoa, time_stamp, tipo_lance, descricao) VALUES(35, 119, '1:7:41', 'CARTAO AMARELO', 'Nordin Amrabat ganhou um cartão amarelo!');
INSERT INTO lance (id_partida, id_pessoa, time_stamp, tipo_lance, descricao) VALUES(35, 116, '1:7:50', 'FALTA', 'Falta de Mbark Boussoufa em Vitolo!');
INSERT INTO lance (id_partida, id_pessoa, time_stamp, tipo_lance, descricao) VALUES(35, 107, '1:7:50', 'SOFREU FALTA', 'Vitolo sofre falta de Mbark Boussoufa!');
INSERT INTO lance (id_partida, id_pessoa, time_stamp, tipo_lance, descricao) VALUES(35, 114, '1:9:17', 'DEFESA', 'Defesa de Gerard Piqué!');
INSERT INTO lance (id_partida, id_pessoa, time_stamp, tipo_lance, descricao) VALUES(35, 104, '1:10:47', 'DEFESA', 'Defesa de Gerard Piqué!');
INSERT INTO lance (id_partida, id_pessoa, time_stamp, tipo_lance, descricao) VALUES(35, 122, '1:10:48', 'FALTA', 'Falta de Youssef Aït Bennasser em Diego Costa!');
INSERT INTO lance (id_partida, id_pessoa, time_stamp, tipo_lance, descricao) VALUES(35, 108, '1:10:48', 'SOFREU FALTA', 'Diego Costa sofre falta de Youssef Aït Bennasser!');
INSERT INTO lance (id_partida, id_pessoa, time_stamp, tipo_lance, descricao) VALUES(35, 107, '1:12:36', 'SUBSTITUICAO', 'Sai Vitolo!');
INSERT INTO lance (id_partida, id_pessoa, time_stamp, tipo_lance, descricao) VALUES(35, 97, '1:12:36', 'SUBSTITUICAO', 'Entra Daniel Carvajal!');
INSERT INTO lance (id_partida, id_pessoa, time_stamp, tipo_lance, descricao) VALUES(35, 125, '1:15:22', 'DEFESA', 'Defesa de Gerard Piqué!');
INSERT INTO lance (id_partida, id_pessoa, time_stamp, tipo_lance, descricao) VALUES(35, 105, '1:15:59', 'SUBSTITUICAO', 'Sai Saúl Ñíguez!');
INSERT INTO lance (id_partida, id_pessoa, time_stamp, tipo_lance, descricao) VALUES(35, 107, '1:15:59', 'SUBSTITUICAO', 'Entra Vitolo!');
INSERT INTO lance (id_partida, id_pessoa, time_stamp, tipo_lance, descricao) VALUES(35, 126, '1:18:55', 'SUBSTITUICAO', 'Sai Youssef En-Nesyri!');
INSERT INTO lance (id_partida, id_pessoa, time_stamp, tipo_lance, descricao) VALUES(35, 115, '1:18:55', 'SUBSTITUICAO', 'Entra Achraf Hakimi!');
INSERT INTO lance (id_partida, id_pessoa, time_stamp, tipo_lance, descricao) VALUES(35, 106, '1:19:35', 'FALTA', 'Falta de Álvaro Morata em Nordin Amrabat!');
INSERT INTO lance (id_partida, id_pessoa, time_stamp, tipo_lance, descricao) VALUES(35, 119, '1:19:35', 'SOFREU FALTA', 'Nordin Amrabat sofre falta de Álvaro Morata!');
INSERT INTO lance (id_partida, id_pessoa, time_stamp, tipo_lance, descricao) VALUES(35, 106, '1:19:35', 'CARTAO AMARELO', 'Álvaro Morata ganhou um cartão amarelo!');
INSERT INTO lance (id_partida, id_pessoa, time_stamp, tipo_lance, descricao) VALUES(35, 118, '1:21:57', 'FALTA', 'Falta de Younès Belhanda em David Silva!');
INSERT INTO lance (id_partida, id_pessoa, time_stamp, tipo_lance, descricao) VALUES(35, 104, '1:21:57', 'SOFREU FALTA', 'David Silva sofre falta de Younès Belhanda!');
INSERT INTO lance (id_partida, id_pessoa, time_stamp, tipo_lance, descricao) VALUES(35, 108, '1:22:23', 'FALTA', 'Falta de Diego Costa em Youssef Aït Bennasser!');
INSERT INTO lance (id_partida, id_pessoa, time_stamp, tipo_lance, descricao) VALUES(35, 122, '1:22:23', 'SOFREU FALTA', 'Youssef Aït Bennasser sofre falta de Diego Costa!');
INSERT INTO lance (id_partida, id_pessoa, time_stamp, tipo_lance, descricao) VALUES(35, 101, '1:23:1', 'DEFESA', 'Defesa de Gerard Piqué!');
INSERT INTO lance (id_partida, id_pessoa, time_stamp, tipo_lance, descricao) VALUES(35, 101, '1:24:23', 'FALTA', 'Falta de Koke em Hakim Ziyech!');
INSERT INTO lance (id_partida, id_pessoa, time_stamp, tipo_lance, descricao) VALUES(35, 121, '1:24:23', 'SOFREU FALTA', 'Hakim Ziyech sofre falta de Koke!');
INSERT INTO lance (id_partida, id_pessoa, time_stamp, tipo_lance, descricao) VALUES(35, 96, '1:25:12', 'DEFESA', 'Defesa de Gerard Piqué!');
INSERT INTO apita (id_partida, id_pessoa) VALUES(36, 647);
INSERT INTO apita (id_partida, id_pessoa) VALUES(36, 639);
INSERT INTO apita (id_partida, id_pessoa) VALUES(36, 683);
INSERT INTO deslocamento (codigo_pais, id_partida, itinerario, descricao_da_escolta) VALUES('IRN', 36, 'QBDJA1O14FTQN7LCOK78LRT2PO9KGWRH1GH4GJTNVQSL2Q269YTCWYP8RK4V2DVHXMYHZR5E1TN49I99WCKRDPVD0JM5P8VR5KXQ1UHS3OLCLV9IK49Z2DEI1VRQEAZ3858YVTHB42YYDS2EJEUU95Y1GOYGD1O2ZSEPWKW1X75APPFJ2MGAPE4CGGSH5A7DN5', 'VNMR9R37BAXL0JPN0UONUXCIQ1P5WA1WUQT5P5HSVH2CS418PWHT9RP7LEBHB7KBJB1K0U85N52M5A0VARQ92IXCAVTL39RX713RDRH5YLFEZCCLOQHURKIANYJEAWBNOEODHIRSJULRCSN7SI7N27GWT2DOHD5CJ20UY8EF8YK69084LLV1YYUQ82UOECLGZIHK22JUD2OEWJX24ID5RDOUHJV6NZB6MDG1SXCSCBX6KQ3ZE');
INSERT INTO deslocamento (codigo_pais, id_partida, itinerario, descricao_da_escolta) VALUES('POR', 36, 'U59QYW3XDTGNGO1S1TC6JGGV3QPSJ0P61UFF66OU75USLY4JE2YKWITNYOWIGLNMDKWVIVV5ES8NWYJEVGNRBEKSB1QSJGOVRHPBCJATH3GEJF0AERXA76K89DUQECV8EM5PJICMF4JI8GJ5AQN1SNXV6QB8ZTOEHI96JL16PL4DWCA34YQYY3P0YKT2GEXVQEA0GMWZYRMH', 'U83PIEBDZPO2JH9280LXJXRBJWRB0AHRIHEMZM79WR0ZW87EX6Z1BTJ6Q2GWW9NYI7TBDWDW2LB262PLYNO4LPPZ8H56GKNWEBQZO6BA2D9ZRRAXN47JUSN3R4D51GPR8OX5MZ72MOBHQ0HRHITMNDC');
INSERT INTO lance (id_partida, id_pessoa, time_stamp, tipo_lance, descricao) VALUES(36, 647, '0:45:0', 'FIM DO PRIMEIRO TEMPO', 'Juiz Balcitis apita o fim do primeiro tempo!');
INSERT INTO lance (id_partida, id_pessoa, time_stamp, tipo_lance, descricao) VALUES(36, 647, '1:30:0', 'FIM DO JOGO', 'Juiz Balcitis apita o fim do jogo!');
INSERT INTO lance (id_partida, id_pessoa, time_stamp, tipo_lance, descricao) VALUES(36, 80, '0:3:4', 'FALTA', 'Falta de João Moutinho em Saeid Ezatolahi!');
INSERT INTO lance (id_partida, id_pessoa, time_stamp, tipo_lance, descricao) VALUES(36, 136, '0:3:4', 'SOFREU FALTA', 'Saeid Ezatolahi sofre falta de João Moutinho!');
INSERT INTO lance (id_partida, id_pessoa, time_stamp, tipo_lance, descricao) VALUES(36, 143, '0:5:26', 'FALTA', 'Falta de Reza Ghoochannejhad em Nani!');
INSERT INTO lance (id_partida, id_pessoa, time_stamp, tipo_lance, descricao) VALUES(36, 90, '0:5:26', 'SOFREU FALTA', 'Nani sofre falta de Reza Ghoochannejhad!');
INSERT INTO lance (id_partida, id_pessoa, time_stamp, tipo_lance, descricao) VALUES(36, 143, '0:5:36', 'DEFESA', 'Defesa de Milad Mohammadi!');
INSERT INTO lance (id_partida, id_pessoa, time_stamp, tipo_lance, descricao) VALUES(36, 81, '0:6:50', 'ASSISTENCIA', 'Assistencia de Ricardo Quaresma!');
INSERT INTO lance (id_partida, id_pessoa, time_stamp, tipo_lance, descricao) VALUES(36, 81, '0:6:50', 'GOL', 'Gol de João Mário!');
INSERT INTO lance (id_partida, id_pessoa, time_stamp, tipo_lance, descricao) VALUES(36, 82, '0:7:37', 'DEFESA', 'Defesa de Milad Mohammadi!');
INSERT INTO lance (id_partida, id_pessoa, time_stamp, tipo_lance, descricao) VALUES(36, 144, '0:8:51', 'FALTA', 'Falta de Sardar Azmoun em William Carvalho!');
INSERT INTO lance (id_partida, id_pessoa, time_stamp, tipo_lance, descricao) VALUES(36, 83, '0:8:51', 'SOFREU FALTA', 'William Carvalho sofre falta de Sardar Azmoun!');
INSERT INTO lance (id_partida, id_pessoa, time_stamp, tipo_lance, descricao) VALUES(36, 85, '0:9:40', 'FALTA', 'Falta de Ricardo Quaresma em Mehdi Taremi!');
INSERT INTO lance (id_partida, id_pessoa, time_stamp, tipo_lance, descricao) VALUES(36, 141, '0:9:40', 'SOFREU FALTA', 'Mehdi Taremi sofre falta de Ricardo Quaresma!');
INSERT INTO lance (id_partida, id_pessoa, time_stamp, tipo_lance, descricao) VALUES(36, 83, '0:10:42', 'DEFESA', 'Defesa de Milad Mohammadi!');
INSERT INTO lance (id_partida, id_pessoa, time_stamp, tipo_lance, descricao) VALUES(36, 143, '0:11:1', 'DEFESA', 'Defesa de Milad Mohammadi!');
INSERT INTO lance (id_partida, id_pessoa, time_stamp, tipo_lance, descricao) VALUES(36, 80, '0:11:58', 'FALTA', 'Falta de João Moutinho em Karim Ansarifard!');
INSERT INTO lance (id_partida, id_pessoa, time_stamp, tipo_lance, descricao) VALUES(36, 142, '0:11:58', 'SOFREU FALTA', 'Karim Ansarifard sofre falta de João Moutinho!');
INSERT INTO lance (id_partida, id_pessoa, time_stamp, tipo_lance, descricao) VALUES(36, 135, '0:13:7', 'DEFESA', 'Defesa de Milad Mohammadi!');
INSERT INTO lance (id_partida, id_pessoa, time_stamp, tipo_lance, descricao) VALUES(36, 83, '0:13:23', 'FALTA', 'Falta de William Carvalho em Alireza Jahanbakhsh!');
INSERT INTO lance (id_partida, id_pessoa, time_stamp, tipo_lance, descricao) VALUES(36, 138, '0:13:23', 'SOFREU FALTA', 'Alireza Jahanbakhsh sofre falta de William Carvalho!');
INSERT INTO lance (id_partida, id_pessoa, time_stamp, tipo_lance, descricao) VALUES(36, 135, '0:13:53', 'FALTA', 'Falta de Omid Ebrahimi em Gelson Martins!');
INSERT INTO lance (id_partida, id_pessoa, time_stamp, tipo_lance, descricao) VALUES(36, 88, '0:13:53', 'SOFREU FALTA', 'Gelson Martins sofre falta de Omid Ebrahimi!');
INSERT INTO lance (id_partida, id_pessoa, time_stamp, tipo_lance, descricao) VALUES(36, 82, '0:15:24', 'FALTA', 'Falta de Danilo Pereira em Sardar Azmoun!');
INSERT INTO lance (id_partida, id_pessoa, time_stamp, tipo_lance, descricao) VALUES(36, 144, '0:15:24', 'SOFREU FALTA', 'Sardar Azmoun sofre falta de Danilo Pereira!');
INSERT INTO lance (id_partida, id_pessoa, time_stamp, tipo_lance, descricao) VALUES(36, 84, '0:17:40', 'FALTA', 'Falta de André Gomes em Sardar Azmoun!');
INSERT INTO lance (id_partida, id_pessoa, time_stamp, tipo_lance, descricao) VALUES(36, 144, '0:17:40', 'SOFREU FALTA', 'Sardar Azmoun sofre falta de André Gomes!');
INSERT INTO lance (id_partida, id_pessoa, time_stamp, tipo_lance, descricao) VALUES(36, 83, '0:21:10', 'DEFESA', 'Defesa de Milad Mohammadi!');
INSERT INTO lance (id_partida, id_pessoa, time_stamp, tipo_lance, descricao) VALUES(36, 141, '0:21:12', 'FALTA', 'Falta de Mehdi Taremi em Bernardo Silva!');
INSERT INTO lance (id_partida, id_pessoa, time_stamp, tipo_lance, descricao) VALUES(36, 86, '0:21:12', 'SOFREU FALTA', 'Bernardo Silva sofre falta de Mehdi Taremi!');
INSERT INTO lance (id_partida, id_pessoa, time_stamp, tipo_lance, descricao) VALUES(36, 85, '0:21:22', 'FALTA', 'Falta de Ricardo Quaresma em Sardar Azmoun!');
INSERT INTO lance (id_partida, id_pessoa, time_stamp, tipo_lance, descricao) VALUES(36, 144, '0:21:22', 'SOFREU FALTA', 'Sardar Azmoun sofre falta de Ricardo Quaresma!');
INSERT INTO lance (id_partida, id_pessoa, time_stamp, tipo_lance, descricao) VALUES(36, 142, '0:22:16', 'DEFESA', 'Defesa de Milad Mohammadi!');
INSERT INTO lance (id_partida, id_pessoa, time_stamp, tipo_lance, descricao) VALUES(36, 87, '0:22:39', 'FALTA', 'Falta de André Silva em Sardar Azmoun!');
INSERT INTO lance (id_partida, id_pessoa, time_stamp, tipo_lance, descricao) VALUES(36, 144, '0:22:39', 'SOFREU FALTA', 'Sardar Azmoun sofre falta de André Silva!');
INSERT INTO lance (id_partida, id_pessoa, time_stamp, tipo_lance, descricao) VALUES(36, 89, '0:23:24', 'DEFESA', 'Defesa de Milad Mohammadi!');
INSERT INTO lance (id_partida, id_pessoa, time_stamp, tipo_lance, descricao) VALUES(36, 142, '0:23:47', 'FALTA', 'Falta de Karim Ansarifard em Bernardo Silva!');
INSERT INTO lance (id_partida, id_pessoa, time_stamp, tipo_lance, descricao) VALUES(36, 86, '0:23:47', 'SOFREU FALTA', 'Bernardo Silva sofre falta de Karim Ansarifard!');
INSERT INTO lance (id_partida, id_pessoa, time_stamp, tipo_lance, descricao) VALUES(36, 82, '0:29:4', 'FALTA', 'Falta de Danilo Pereira em Ehsan Hajsafi!');
INSERT INTO lance (id_partida, id_pessoa, time_stamp, tipo_lance, descricao) VALUES(36, 134, '0:29:4', 'SOFREU FALTA', 'Ehsan Hajsafi sofre falta de Danilo Pereira!');
INSERT INTO lance (id_partida, id_pessoa, time_stamp, tipo_lance, descricao) VALUES(36, 89, '0:30:32', 'DEFESA', 'Defesa de Milad Mohammadi!');
INSERT INTO lance (id_partida, id_pessoa, time_stamp, tipo_lance, descricao) VALUES(36, 81, '0:30:46', 'DEFESA', 'Defesa de Milad Mohammadi!');
INSERT INTO lance (id_partida, id_pessoa, time_stamp, tipo_lance, descricao) VALUES(36, 141, '0:34:28', 'FALTA', 'Falta de Mehdi Taremi em William Carvalho!');
INSERT INTO lance (id_partida, id_pessoa, time_stamp, tipo_lance, descricao) VALUES(36, 83, '0:34:28', 'SOFREU FALTA', 'William Carvalho sofre falta de Mehdi Taremi!');
INSERT INTO lance (id_partida, id_pessoa, time_stamp, tipo_lance, descricao) VALUES(36, 138, '0:34:38', 'DEFESA', 'Defesa de Milad Mohammadi!');
INSERT INTO lance (id_partida, id_pessoa, time_stamp, tipo_lance, descricao) VALUES(36, 89, '0:35:18', 'FALTA', 'Falta de Cristiano Ronaldo em Alireza Jahanbakhsh!');
INSERT INTO lance (id_partida, id_pessoa, time_stamp, tipo_lance, descricao) VALUES(36, 138, '0:35:18', 'SOFREU FALTA', 'Alireza Jahanbakhsh sofre falta de Cristiano Ronaldo!');
INSERT INTO lance (id_partida, id_pessoa, time_stamp, tipo_lance, descricao) VALUES(36, 87, '0:39:18', 'FALTA', 'Falta de André Silva em Saman Ghoddos!');
INSERT INTO lance (id_partida, id_pessoa, time_stamp, tipo_lance, descricao) VALUES(36, 140, '0:39:18', 'SOFREU FALTA', 'Saman Ghoddos sofre falta de André Silva!');
INSERT INTO lance (id_partida, id_pessoa, time_stamp, tipo_lance, descricao) VALUES(36, 81, '0:40:31', 'FALTA', 'Falta de João Mário em Ashkan Dejagah!');
INSERT INTO lance (id_partida, id_pessoa, time_stamp, tipo_lance, descricao) VALUES(36, 139, '0:40:31', 'SOFREU FALTA', 'Ashkan Dejagah sofre falta de João Mário!');
INSERT INTO lance (id_partida, id_pessoa, time_stamp, tipo_lance, descricao) VALUES(36, 81, '0:41:45', 'FALTA', 'Falta de João Mário em Sardar Azmoun!');
INSERT INTO lance (id_partida, id_pessoa, time_stamp, tipo_lance, descricao) VALUES(36, 144, '0:41:45', 'SOFREU FALTA', 'Sardar Azmoun sofre falta de João Mário!');
INSERT INTO lance (id_partida, id_pessoa, time_stamp, tipo_lance, descricao) VALUES(36, 135, '0:41:49', 'FALTA', 'Falta de Omid Ebrahimi em André Gomes!');
INSERT INTO lance (id_partida, id_pessoa, time_stamp, tipo_lance, descricao) VALUES(36, 84, '0:41:49', 'SOFREU FALTA', 'André Gomes sofre falta de Omid Ebrahimi!');
INSERT INTO lance (id_partida, id_pessoa, time_stamp, tipo_lance, descricao) VALUES(36, 82, '0:42:12', 'DEFESA', 'Defesa de Milad Mohammadi!');
INSERT INTO lance (id_partida, id_pessoa, time_stamp, tipo_lance, descricao) VALUES(36, 88, '0:43:24', 'DEFESA', 'Defesa de Milad Mohammadi!');
INSERT INTO lance (id_partida, id_pessoa, time_stamp, tipo_lance, descricao) VALUES(36, 144, '0:45:17', 'FALTA', 'Falta de Sardar Azmoun em William Carvalho!');
INSERT INTO lance (id_partida, id_pessoa, time_stamp, tipo_lance, descricao) VALUES(36, 83, '0:45:17', 'SOFREU FALTA', 'William Carvalho sofre falta de Sardar Azmoun!');
INSERT INTO lance (id_partida, id_pessoa, time_stamp, tipo_lance, descricao) VALUES(36, 86, '0:45:18', 'FALTA', 'Falta de Bernardo Silva em Alireza Jahanbakhsh!');
INSERT INTO lance (id_partida, id_pessoa, time_stamp, tipo_lance, descricao) VALUES(36, 138, '0:45:18', 'SOFREU FALTA', 'Alireza Jahanbakhsh sofre falta de Bernardo Silva!');
INSERT INTO lance (id_partida, id_pessoa, time_stamp, tipo_lance, descricao) VALUES(36, 137, '0:46:27', 'GOL', 'Gol de Vahid Amiri!');
INSERT INTO lance (id_partida, id_pessoa, time_stamp, tipo_lance, descricao) VALUES(36, 142, '0:48:56', 'DEFESA', 'Defesa de Milad Mohammadi!');
INSERT INTO lance (id_partida, id_pessoa, time_stamp, tipo_lance, descricao) VALUES(36, 82, '0:49:53', 'DEFESA', 'Defesa de Milad Mohammadi!');
INSERT INTO lance (id_partida, id_pessoa, time_stamp, tipo_lance, descricao) VALUES(36, 84, '0:51:49', 'FALTA', 'Falta de André Gomes em Karim Ansarifard!');
INSERT INTO lance (id_partida, id_pessoa, time_stamp, tipo_lance, descricao) VALUES(36, 142, '0:51:49', 'SOFREU FALTA', 'Karim Ansarifard sofre falta de André Gomes!');
INSERT INTO lance (id_partida, id_pessoa, time_stamp, tipo_lance, descricao) VALUES(36, 139, '0:54:23', 'GOL', 'Gol de Ashkan Dejagah!');
INSERT INTO lance (id_partida, id_pessoa, time_stamp, tipo_lance, descricao) VALUES(36, 138, '0:55:40', 'FALTA', 'Falta de Alireza Jahanbakhsh em Cristiano Ronaldo!');
INSERT INTO lance (id_partida, id_pessoa, time_stamp, tipo_lance, descricao) VALUES(36, 89, '0:55:40', 'SOFREU FALTA', 'Cristiano Ronaldo sofre falta de Alireza Jahanbakhsh!');
INSERT INTO lance (id_partida, id_pessoa, time_stamp, tipo_lance, descricao) VALUES(36, 89, '0:58:15', 'DEFESA', 'Defesa de Milad Mohammadi!');
INSERT INTO lance (id_partida, id_pessoa, time_stamp, tipo_lance, descricao) VALUES(36, 80, '0:59:13', 'FALTA', 'Falta de João Moutinho em Karim Ansarifard!');
INSERT INTO lance (id_partida, id_pessoa, time_stamp, tipo_lance, descricao) VALUES(36, 142, '0:59:13', 'SOFREU FALTA', 'Karim Ansarifard sofre falta de João Moutinho!');
INSERT INTO lance (id_partida, id_pessoa, time_stamp, tipo_lance, descricao) VALUES(36, 134, '1:8:57', 'DEFESA', 'Defesa de Milad Mohammadi!');
INSERT INTO lance (id_partida, id_pessoa, time_stamp, tipo_lance, descricao) VALUES(36, 139, '1:10:28', 'FALTA', 'Falta de Ashkan Dejagah em André Silva!');
INSERT INTO lance (id_partida, id_pessoa, time_stamp, tipo_lance, descricao) VALUES(36, 87, '1:10:28', 'SOFREU FALTA', 'André Silva sofre falta de Ashkan Dejagah!');
INSERT INTO lance (id_partida, id_pessoa, time_stamp, tipo_lance, descricao) VALUES(36, 137, '1:14:10', 'DEFESA', 'Defesa de Milad Mohammadi!');
INSERT INTO lance (id_partida, id_pessoa, time_stamp, tipo_lance, descricao) VALUES(36, 81, '1:14:19', 'FALTA', 'Falta de João Mário em Alireza Jahanbakhsh!');
INSERT INTO lance (id_partida, id_pessoa, time_stamp, tipo_lance, descricao) VALUES(36, 138, '1:14:19', 'SOFREU FALTA', 'Alireza Jahanbakhsh sofre falta de João Mário!');
INSERT INTO lance (id_partida, id_pessoa, time_stamp, tipo_lance, descricao) VALUES(36, 89, '1:14:29', 'FALTA', 'Falta de Cristiano Ronaldo em Vahid Amiri!');
INSERT INTO lance (id_partida, id_pessoa, time_stamp, tipo_lance, descricao) VALUES(36, 137, '1:14:29', 'SOFREU FALTA', 'Vahid Amiri sofre falta de Cristiano Ronaldo!');
INSERT INTO lance (id_partida, id_pessoa, time_stamp, tipo_lance, descricao) VALUES(36, 88, '1:16:53', 'SUBSTITUICAO', 'Sai Gelson Martins!');
INSERT INTO lance (id_partida, id_pessoa, time_stamp, tipo_lance, descricao) VALUES(36, 74, '1:16:53', 'SUBSTITUICAO', 'Entra Bruno Alves!');
INSERT INTO lance (id_partida, id_pessoa, time_stamp, tipo_lance, descricao) VALUES(36, 87, '1:23:4', 'FALTA', 'Falta de André Silva em Sardar Azmoun!');
INSERT INTO lance (id_partida, id_pessoa, time_stamp, tipo_lance, descricao) VALUES(36, 144, '1:23:4', 'SOFREU FALTA', 'Sardar Azmoun sofre falta de André Silva!');
INSERT INTO lance (id_partida, id_pessoa, time_stamp, tipo_lance, descricao) VALUES(36, 89, '1:26:28', 'SUBSTITUICAO', 'Sai Cristiano Ronaldo!');
INSERT INTO lance (id_partida, id_pessoa, time_stamp, tipo_lance, descricao) VALUES(36, 77, '1:26:28', 'SUBSTITUICAO', 'Entra Eliseu!');
INSERT INTO lance (id_partida, id_pessoa, time_stamp, tipo_lance, descricao) VALUES(36, 134, '1:27:5', 'FALTA', 'Falta de Ehsan Hajsafi em Eliseu!');
INSERT INTO lance (id_partida, id_pessoa, time_stamp, tipo_lance, descricao) VALUES(36, 77, '1:27:5', 'SOFREU FALTA', 'Eliseu sofre falta de Ehsan Hajsafi!');
INSERT INTO lance (id_partida, id_pessoa, time_stamp, tipo_lance, descricao) VALUES(36, 134, '1:27:5', 'CARTAO AMARELO', 'Ehsan Hajsafi ganhou um cartão amarelo!');
INSERT INTO apita (id_partida, id_pessoa) VALUES(37, 617);
INSERT INTO apita (id_partida, id_pessoa) VALUES(37, 689);
INSERT INTO apita (id_partida, id_pessoa) VALUES(37, 578);
INSERT INTO deslocamento (codigo_pais, id_partida, itinerario, descricao_da_escolta) VALUES('AUS', 37, 'SX1LN91UYL3SH1EW5MAMVDZT7XRXT3HFRMRIBUEAY35UCF7C77599BJO8HO0SDB4EXA5J5ULI9Y2IFR20OZV8IGQCDK4GORU2APPEB3CMT19NRF2ZV9EOP65RU2GV0E3SEAHZCXYVXJORHDV7REUONFMEU7UJWQWP7QJR8DX8LT1GSOJRHJEVUPE8XCFECP8GW9T03E8NQWD4OGWFXDBNMA4SMK3', '8S55UVTS5TXDL0E8LJUQQ9Q9NV3WEBNSKCP80IJ2XDKEQ8BW56GC0NP8C5R916O3FE2IKGHD912MZMTPTH1I4K27WR540KB1ZQ8LF3LYYDC8UDIZMBPTFF94L5V3LMMZZBWJNHKZ6CT0H3NTIFRY4SVTQDAJIRNL0NISQ9LF10XDWIWSSBVF4Y4HQD2KHBROYIA4U4DI3M7E4S7IQS1G6IQCTBCNH');
INSERT INTO deslocamento (codigo_pais, id_partida, itinerario, descricao_da_escolta) VALUES('PER', 37, '80IJONI27X8MLS0ZN7FU3ZJKRQ17KT2ZA2OH6VET9XUEHT68L4XEHXIJQ71', 'WKSN4IMTET223VUFEFD8T2WP5XRNUE083G7YFGJ8HN41B5LWCCEL42N3YCSG1899248WY6A75E1G84OAM5KRAPEB2D9CYDHIN49H6Y7GCHP0BH43YR45XR9N074V67I26S2E5GDX8EP2AN9VIFNHJMU65VR94MKE8X4TO08SOG7TCGNM8IM0UBTU76JJZD2V4K4MTQHSH52COB3YIEBWATU6EJVRRY2KNLZ1MA2');
INSERT INTO lance (id_partida, id_pessoa, time_stamp, tipo_lance, descricao) VALUES(37, 617, '0:45:0', 'FIM DO PRIMEIRO TEMPO', 'Juiz Doser apita o fim do primeiro tempo!');
INSERT INTO lance (id_partida, id_pessoa, time_stamp, tipo_lance, descricao) VALUES(37, 617, '1:30:0', 'FIM DO JOGO', 'Juiz Doser apita o fim do jogo!');
INSERT INTO lance (id_partida, id_pessoa, time_stamp, tipo_lance, descricao) VALUES(37, 198, '0:1:43', 'DEFESA', 'Defesa de Aziz Behich!');
INSERT INTO lance (id_partida, id_pessoa, time_stamp, tipo_lance, descricao) VALUES(37, 198, '0:2:47', 'SUBSTITUICAO', 'Sai André Carrillo!');
INSERT INTO lance (id_partida, id_pessoa, time_stamp, tipo_lance, descricao) VALUES(37, 184, '0:2:47', 'SUBSTITUICAO', 'Entra Miguel Trauco!');
INSERT INTO lance (id_partida, id_pessoa, time_stamp, tipo_lance, descricao) VALUES(37, 197, '0:7:56', 'SUBSTITUICAO', 'Sai Raúl Ruidíaz!');
INSERT INTO lance (id_partida, id_pessoa, time_stamp, tipo_lance, descricao) VALUES(37, 198, '0:7:56', 'SUBSTITUICAO', 'Entra André Carrillo!');
INSERT INTO lance (id_partida, id_pessoa, time_stamp, tipo_lance, descricao) VALUES(37, 184, '0:11:29', 'FALTA', 'Falta de Miguel Trauco em Tom Rogic!');
INSERT INTO lance (id_partida, id_pessoa, time_stamp, tipo_lance, descricao) VALUES(37, 176, '0:11:29', 'SOFREU FALTA', 'Tom Rogic sofre falta de Miguel Trauco!');
INSERT INTO lance (id_partida, id_pessoa, time_stamp, tipo_lance, descricao) VALUES(37, 193, '0:15:26', 'FALTA', 'Falta de Edison Flores em Tim Cahill!');
INSERT INTO lance (id_partida, id_pessoa, time_stamp, tipo_lance, descricao) VALUES(37, 177, '0:15:26', 'SOFREU FALTA', 'Tim Cahill sofre falta de Edison Flores!');
INSERT INTO lance (id_partida, id_pessoa, time_stamp, tipo_lance, descricao) VALUES(37, 184, '0:17:31', 'FALTA', 'Falta de Miguel Trauco em Mark Milligan!');
INSERT INTO lance (id_partida, id_pessoa, time_stamp, tipo_lance, descricao) VALUES(37, 170, '0:17:31', 'SOFREU FALTA', 'Mark Milligan sofre falta de Miguel Trauco!');
INSERT INTO lance (id_partida, id_pessoa, time_stamp, tipo_lance, descricao) VALUES(37, 174, '0:17:59', 'SUBSTITUICAO', 'Sai Massimo Luongo!');
INSERT INTO lance (id_partida, id_pessoa, time_stamp, tipo_lance, descricao) VALUES(37, 164, '0:17:59', 'SUBSTITUICAO', 'Entra Mitchell Langerak!');
INSERT INTO lance (id_partida, id_pessoa, time_stamp, tipo_lance, descricao) VALUES(37, 177, '0:20:9', 'DEFESA', 'Defesa de Aziz Behich!');
INSERT INTO lance (id_partida, id_pessoa, time_stamp, tipo_lance, descricao) VALUES(37, 184, '0:22:35', 'FALTA', 'Falta de Miguel Trauco em Jackson Irvine!');
INSERT INTO lance (id_partida, id_pessoa, time_stamp, tipo_lance, descricao) VALUES(37, 175, '0:22:35', 'SOFREU FALTA', 'Jackson Irvine sofre falta de Miguel Trauco!');
INSERT INTO lance (id_partida, id_pessoa, time_stamp, tipo_lance, descricao) VALUES(37, 190, '0:28:19', 'FALTA', 'Falta de Renato Tapia em Tim Cahill!');
INSERT INTO lance (id_partida, id_pessoa, time_stamp, tipo_lance, descricao) VALUES(37, 177, '0:28:19', 'SOFREU FALTA', 'Tim Cahill sofre falta de Renato Tapia!');
INSERT INTO lance (id_partida, id_pessoa, time_stamp, tipo_lance, descricao) VALUES(37, 176, '0:31:14', 'DEFESA', 'Defesa de Aziz Behich!');
INSERT INTO lance (id_partida, id_pessoa, time_stamp, tipo_lance, descricao) VALUES(37, 172, '0:36:24', 'DEFESA', 'Defesa de Aziz Behich!');
INSERT INTO lance (id_partida, id_pessoa, time_stamp, tipo_lance, descricao) VALUES(37, 176, '0:38:25', 'FALTA', 'Falta de Tom Rogic em Edison Flores!');
INSERT INTO lance (id_partida, id_pessoa, time_stamp, tipo_lance, descricao) VALUES(37, 193, '0:38:25', 'SOFREU FALTA', 'Edison Flores sofre falta de Tom Rogic!');
INSERT INTO lance (id_partida, id_pessoa, time_stamp, tipo_lance, descricao) VALUES(37, 192, '0:38:59', 'SUBSTITUICAO', 'Sai Yoshimar Yotún!');
INSERT INTO lance (id_partida, id_pessoa, time_stamp, tipo_lance, descricao) VALUES(37, 187, '0:38:59', 'SUBSTITUICAO', 'Entra Alberto Rodríguez!');
INSERT INTO lance (id_partida, id_pessoa, time_stamp, tipo_lance, descricao) VALUES(37, 189, '0:39:14', 'FALTA', 'Falta de Christian Cueva em Mitchell Langerak!');
INSERT INTO lance (id_partida, id_pessoa, time_stamp, tipo_lance, descricao) VALUES(37, 164, '0:39:14', 'SOFREU FALTA', 'Mitchell Langerak sofre falta de Christian Cueva!');
INSERT INTO lance (id_partida, id_pessoa, time_stamp, tipo_lance, descricao) VALUES(37, 178, '0:39:55', 'DEFESA', 'Defesa de Aziz Behich!');
INSERT INTO lance (id_partida, id_pessoa, time_stamp, tipo_lance, descricao) VALUES(37, 170, '0:40:37', 'FALTA', 'Falta de Mark Milligan em Renato Tapia!');
INSERT INTO lance (id_partida, id_pessoa, time_stamp, tipo_lance, descricao) VALUES(37, 190, '0:40:37', 'SOFREU FALTA', 'Renato Tapia sofre falta de Mark Milligan!');
INSERT INTO lance (id_partida, id_pessoa, time_stamp, tipo_lance, descricao) VALUES(37, 190, '0:41:42', 'FALTA', 'Falta de Renato Tapia em Mitchell Langerak!');
INSERT INTO lance (id_partida, id_pessoa, time_stamp, tipo_lance, descricao) VALUES(37, 164, '0:41:42', 'SOFREU FALTA', 'Mitchell Langerak sofre falta de Renato Tapia!');
INSERT INTO lance (id_partida, id_pessoa, time_stamp, tipo_lance, descricao) VALUES(37, 173, '0:44:16', 'SUBSTITUICAO', 'Sai Mile Jedinak!');
INSERT INTO lance (id_partida, id_pessoa, time_stamp, tipo_lance, descricao) VALUES(37, 168, '0:44:16', 'SUBSTITUICAO', 'Entra Trent Sainsbury!');
INSERT INTO lance (id_partida, id_pessoa, time_stamp, tipo_lance, descricao) VALUES(37, 187, '0:47:1', 'FALTA', 'Falta de Alberto Rodríguez em Tom Rogic!');
INSERT INTO lance (id_partida, id_pessoa, time_stamp, tipo_lance, descricao) VALUES(37, 176, '0:47:1', 'SOFREU FALTA', 'Tom Rogic sofre falta de Alberto Rodríguez!');
INSERT INTO lance (id_partida, id_pessoa, time_stamp, tipo_lance, descricao) VALUES(37, 193, '0:48:8', 'FALTA', 'Falta de Edison Flores em Mathew Leckie!');
INSERT INTO lance (id_partida, id_pessoa, time_stamp, tipo_lance, descricao) VALUES(37, 178, '0:48:8', 'SOFREU FALTA', 'Mathew Leckie sofre falta de Edison Flores!');
INSERT INTO lance (id_partida, id_pessoa, time_stamp, tipo_lance, descricao) VALUES(37, 194, '0:48:24', 'FALTA', 'Falta de Paolo Hurtado em Tomi Juric!');
INSERT INTO lance (id_partida, id_pessoa, time_stamp, tipo_lance, descricao) VALUES(37, 179, '0:48:24', 'SOFREU FALTA', 'Tomi Juric sofre falta de Paolo Hurtado!');
INSERT INTO lance (id_partida, id_pessoa, time_stamp, tipo_lance, descricao) VALUES(37, 170, '0:48:42', 'FALTA', 'Falta de Mark Milligan em Edison Flores!');
INSERT INTO lance (id_partida, id_pessoa, time_stamp, tipo_lance, descricao) VALUES(37, 193, '0:48:42', 'SOFREU FALTA', 'Edison Flores sofre falta de Mark Milligan!');
INSERT INTO lance (id_partida, id_pessoa, time_stamp, tipo_lance, descricao) VALUES(37, 194, '0:49:57', 'SUBSTITUICAO', 'Sai Paolo Hurtado!');
INSERT INTO lance (id_partida, id_pessoa, time_stamp, tipo_lance, descricao) VALUES(37, 185, '0:49:57', 'SUBSTITUICAO', 'Entra Christian Ramos!');
INSERT INTO lance (id_partida, id_pessoa, time_stamp, tipo_lance, descricao) VALUES(37, 179, '0:50:15', 'FALTA', 'Falta de Tomi Juric em André Carrillo!');
INSERT INTO lance (id_partida, id_pessoa, time_stamp, tipo_lance, descricao) VALUES(37, 198, '0:50:15', 'SOFREU FALTA', 'André Carrillo sofre falta de Tomi Juric!');
INSERT INTO lance (id_partida, id_pessoa, time_stamp, tipo_lance, descricao) VALUES(37, 189, '0:54:3', 'FALTA', 'Falta de Christian Cueva em Mark Milligan!');
INSERT INTO lance (id_partida, id_pessoa, time_stamp, tipo_lance, descricao) VALUES(37, 170, '0:54:3', 'SOFREU FALTA', 'Mark Milligan sofre falta de Christian Cueva!');
INSERT INTO lance (id_partida, id_pessoa, time_stamp, tipo_lance, descricao) VALUES(37, 179, '0:54:24', 'GOL', 'Gol de Tomi Juric!');
INSERT INTO lance (id_partida, id_pessoa, time_stamp, tipo_lance, descricao) VALUES(37, 175, '0:58:35', 'DEFESA', 'Defesa de Aziz Behich!');
INSERT INTO lance (id_partida, id_pessoa, time_stamp, tipo_lance, descricao) VALUES(37, 184, '1:0:53', 'FALTA', 'Falta de Miguel Trauco em Jackson Irvine!');
INSERT INTO lance (id_partida, id_pessoa, time_stamp, tipo_lance, descricao) VALUES(37, 175, '1:0:53', 'SOFREU FALTA', 'Jackson Irvine sofre falta de Miguel Trauco!');
INSERT INTO lance (id_partida, id_pessoa, time_stamp, tipo_lance, descricao) VALUES(37, 164, '1:5:39', 'FALTA', 'Falta de Mitchell Langerak em Edison Flores!');
INSERT INTO lance (id_partida, id_pessoa, time_stamp, tipo_lance, descricao) VALUES(37, 193, '1:5:39', 'SOFREU FALTA', 'Edison Flores sofre falta de Mitchell Langerak!');
INSERT INTO lance (id_partida, id_pessoa, time_stamp, tipo_lance, descricao) VALUES(37, 175, '1:5:52', 'FALTA', 'Falta de Jackson Irvine em Renato Tapia!');
INSERT INTO lance (id_partida, id_pessoa, time_stamp, tipo_lance, descricao) VALUES(37, 190, '1:5:52', 'SOFREU FALTA', 'Renato Tapia sofre falta de Jackson Irvine!');
INSERT INTO lance (id_partida, id_pessoa, time_stamp, tipo_lance, descricao) VALUES(37, 177, '1:6:7', 'FALTA', 'Falta de Tim Cahill em Miguel Trauco!');
INSERT INTO lance (id_partida, id_pessoa, time_stamp, tipo_lance, descricao) VALUES(37, 184, '1:6:7', 'SOFREU FALTA', 'Miguel Trauco sofre falta de Tim Cahill!');
INSERT INTO lance (id_partida, id_pessoa, time_stamp, tipo_lance, descricao) VALUES(37, 187, '1:9:21', 'DEFESA', 'Defesa de Aziz Behich!');
INSERT INTO lance (id_partida, id_pessoa, time_stamp, tipo_lance, descricao) VALUES(37, 179, '1:9:25', 'FALTA', 'Falta de Tomi Juric em Christian Cueva!');
INSERT INTO lance (id_partida, id_pessoa, time_stamp, tipo_lance, descricao) VALUES(37, 189, '1:9:25', 'SOFREU FALTA', 'Christian Cueva sofre falta de Tomi Juric!');
INSERT INTO lance (id_partida, id_pessoa, time_stamp, tipo_lance, descricao) VALUES(37, 180, '1:10:13', 'FALTA', 'Falta de Robbie Kruse em Alberto Rodríguez!');
INSERT INTO lance (id_partida, id_pessoa, time_stamp, tipo_lance, descricao) VALUES(37, 187, '1:10:13', 'SOFREU FALTA', 'Alberto Rodríguez sofre falta de Robbie Kruse!');
INSERT INTO lance (id_partida, id_pessoa, time_stamp, tipo_lance, descricao) VALUES(37, 180, '1:10:13', 'CARTAO AMARELO', 'Robbie Kruse ganhou um cartão amarelo!');
INSERT INTO lance (id_partida, id_pessoa, time_stamp, tipo_lance, descricao) VALUES(37, 180, '1:11:47', 'FALTA', 'Falta de Robbie Kruse em Christian Cueva!');
INSERT INTO lance (id_partida, id_pessoa, time_stamp, tipo_lance, descricao) VALUES(37, 189, '1:11:47', 'SOFREU FALTA', 'Christian Cueva sofre falta de Robbie Kruse!');
INSERT INTO lance (id_partida, id_pessoa, time_stamp, tipo_lance, descricao) VALUES(37, 171, '1:12:53', 'FALTA', 'Falta de Aaron Mooy em Christian Ramos!');
INSERT INTO lance (id_partida, id_pessoa, time_stamp, tipo_lance, descricao) VALUES(37, 185, '1:12:53', 'SOFREU FALTA', 'Christian Ramos sofre falta de Aaron Mooy!');
INSERT INTO lance (id_partida, id_pessoa, time_stamp, tipo_lance, descricao) VALUES(37, 179, '1:16:11', 'FALTA', 'Falta de Tomi Juric em Miguel Trauco!');
INSERT INTO lance (id_partida, id_pessoa, time_stamp, tipo_lance, descricao) VALUES(37, 184, '1:16:11', 'SOFREU FALTA', 'Miguel Trauco sofre falta de Tomi Juric!');
INSERT INTO lance (id_partida, id_pessoa, time_stamp, tipo_lance, descricao) VALUES(37, 184, '1:24:46', 'FALTA', 'Falta de Miguel Trauco em Tomi Juric!');
INSERT INTO lance (id_partida, id_pessoa, time_stamp, tipo_lance, descricao) VALUES(37, 179, '1:24:46', 'SOFREU FALTA', 'Tomi Juric sofre falta de Miguel Trauco!');
INSERT INTO lance (id_partida, id_pessoa, time_stamp, tipo_lance, descricao) VALUES(37, 178, '1:25:4', 'FALTA', 'Falta de Mathew Leckie em Christian Ramos!');
INSERT INTO lance (id_partida, id_pessoa, time_stamp, tipo_lance, descricao) VALUES(37, 185, '1:25:4', 'SOFREU FALTA', 'Christian Ramos sofre falta de Mathew Leckie!');
INSERT INTO lance (id_partida, id_pessoa, time_stamp, tipo_lance, descricao) VALUES(37, 190, '1:25:11', 'FALTA', 'Falta de Renato Tapia em Mathew Leckie!');
INSERT INTO lance (id_partida, id_pessoa, time_stamp, tipo_lance, descricao) VALUES(37, 178, '1:25:11', 'SOFREU FALTA', 'Mathew Leckie sofre falta de Renato Tapia!');
INSERT INTO lance (id_partida, id_pessoa, time_stamp, tipo_lance, descricao) VALUES(37, 185, '1:29:53', 'DEFESA', 'Defesa de Aziz Behich!');
INSERT INTO apita (id_partida, id_pessoa) VALUES(38, 607);
INSERT INTO apita (id_partida, id_pessoa) VALUES(38, 639);
INSERT INTO apita (id_partida, id_pessoa) VALUES(38, 683);
INSERT INTO deslocamento (codigo_pais, id_partida, itinerario, descricao_da_escolta) VALUES('DEN', 38, 'YXPMAC1HJRXNKF22REVCP16WVZ5HLB4OMSVOGY8ZT330R8D5YAKS9H17020LGU6HWIB1TOW2G5TW7GEXVASK1MPE1Y', 'N7WT97WDJ7LLKORLEYF9TYCZGBWPJ36A5ZI5TLTYKD50JYH5JALQVYEZ57M7LG3PALPUGW12FQYQ2MPR30GIRQOHVS9W9VNEJPZ8IXYWJTKE9Y7TR4DUAV7U6I9YXF2TDUGMWRIGBT98FKH6VPEFR2EYRFCAXA9D01BORU7AV7TQV9PWADDH');
INSERT INTO deslocamento (codigo_pais, id_partida, itinerario, descricao_da_escolta) VALUES('FRA', 38, 'XBLQS4QOITAU5HNI3OASETUIXCS0Q9U72CD0Z88ZQVMNS6Z1BNHYC', '6DQC3PM08J9D22EXT5PLCSHH01N1YD154DGAJXETNZXDOPE6WO4MI1WN6JMCCUC5RDIYWDN5067N5D2KWQEKIOXDR3EALCQ3X1WKGPKSA8WL3JR2QBPVP1WCPEH39NUXQEZEQSDHGWKK2MJILLTJX5N5EU4CIQTWO95ZTNL87HP3RMJD48SX4K');
INSERT INTO lance (id_partida, id_pessoa, time_stamp, tipo_lance, descricao) VALUES(38, 607, '0:45:0', 'FIM DO PRIMEIRO TEMPO', 'Juiz Fotopoulos apita o fim do primeiro tempo!');
INSERT INTO lance (id_partida, id_pessoa, time_stamp, tipo_lance, descricao) VALUES(38, 607, '1:30:0', 'FIM DO JOGO', 'Juiz Fotopoulos apita o fim do jogo!');
INSERT INTO lance (id_partida, id_pessoa, time_stamp, tipo_lance, descricao) VALUES(38, 207, '0:3:6', 'FALTA', 'Falta de Riza Durmisi em Ousmane Dembélé!');
INSERT INTO lance (id_partida, id_pessoa, time_stamp, tipo_lance, descricao) VALUES(38, 161, '0:3:6', 'SOFREU FALTA', 'Ousmane Dembélé sofre falta de Riza Durmisi!');
INSERT INTO lance (id_partida, id_pessoa, time_stamp, tipo_lance, descricao) VALUES(38, 154, '0:3:15', 'FALTA', 'Falta de Thomas Lemar em William Kvist!');
INSERT INTO lance (id_partida, id_pessoa, time_stamp, tipo_lance, descricao) VALUES(38, 208, '0:3:15', 'SOFREU FALTA', 'William Kvist sofre falta de Thomas Lemar!');
INSERT INTO lance (id_partida, id_pessoa, time_stamp, tipo_lance, descricao) VALUES(38, 212, '0:4:12', 'SUBSTITUICAO', 'Sai Pione Sisto!');
INSERT INTO lance (id_partida, id_pessoa, time_stamp, tipo_lance, descricao) VALUES(38, 201, '0:4:12', 'SUBSTITUICAO', 'Entra Simon Kjaer!');
INSERT INTO lance (id_partida, id_pessoa, time_stamp, tipo_lance, descricao) VALUES(38, 160, '0:4:25', 'DEFESA', 'Defesa de Andreas Bjelland!');
INSERT INTO lance (id_partida, id_pessoa, time_stamp, tipo_lance, descricao) VALUES(38, 207, '0:5:14', 'DEFESA', 'Defesa de Andreas Bjelland!');
INSERT INTO lance (id_partida, id_pessoa, time_stamp, tipo_lance, descricao) VALUES(38, 213, '0:5:29', 'FALTA', 'Falta de Nicklas Bendtner em Kylian Mbappé!');
INSERT INTO lance (id_partida, id_pessoa, time_stamp, tipo_lance, descricao) VALUES(38, 160, '0:5:29', 'SOFREU FALTA', 'Kylian Mbappé sofre falta de Nicklas Bendtner!');
INSERT INTO lance (id_partida, id_pessoa, time_stamp, tipo_lance, descricao) VALUES(38, 155, '0:6:9', 'DEFESA', 'Defesa de Andreas Bjelland!');
INSERT INTO lance (id_partida, id_pessoa, time_stamp, tipo_lance, descricao) VALUES(38, 161, '0:7:42', 'FALTA', 'Falta de Ousmane Dembélé em Riza Durmisi!');
INSERT INTO lance (id_partida, id_pessoa, time_stamp, tipo_lance, descricao) VALUES(38, 207, '0:7:42', 'SOFREU FALTA', 'Riza Durmisi sofre falta de Ousmane Dembélé!');
INSERT INTO lance (id_partida, id_pessoa, time_stamp, tipo_lance, descricao) VALUES(38, 162, '0:11:34', 'ASSISTENCIA', 'Assistencia de Olivier Giroud!');
INSERT INTO lance (id_partida, id_pessoa, time_stamp, tipo_lance, descricao) VALUES(38, 162, '0:11:34', 'GOL', 'Gol de Anthony Martial!');
INSERT INTO lance (id_partida, id_pessoa, time_stamp, tipo_lance, descricao) VALUES(38, 210, '0:12:22', 'SUBSTITUICAO', 'Sai Christian Eriksen!');
INSERT INTO lance (id_partida, id_pessoa, time_stamp, tipo_lance, descricao) VALUES(38, 203, '0:12:22', 'SUBSTITUICAO', 'Entra Andreas Bjelland!');
INSERT INTO lance (id_partida, id_pessoa, time_stamp, tipo_lance, descricao) VALUES(38, 213, '0:13:30', 'DEFESA', 'Defesa de Andreas Bjelland!');
INSERT INTO lance (id_partida, id_pessoa, time_stamp, tipo_lance, descricao) VALUES(38, 159, '0:13:53', 'DEFESA', 'Defesa de Andreas Bjelland!');
INSERT INTO lance (id_partida, id_pessoa, time_stamp, tipo_lance, descricao) VALUES(38, 157, '0:14:11', 'DEFESA', 'Defesa de Andreas Bjelland!');
INSERT INTO lance (id_partida, id_pessoa, time_stamp, tipo_lance, descricao) VALUES(38, 203, '0:15:23', 'DEFESA', 'Defesa de Andreas Bjelland!');
INSERT INTO lance (id_partida, id_pessoa, time_stamp, tipo_lance, descricao) VALUES(38, 155, '0:21:43', 'FALTA', 'Falta de Adrien Rabiot em Andreas Bjelland!');
INSERT INTO lance (id_partida, id_pessoa, time_stamp, tipo_lance, descricao) VALUES(38, 203, '0:21:43', 'SOFREU FALTA', 'Andreas Bjelland sofre falta de Adrien Rabiot!');
INSERT INTO lance (id_partida, id_pessoa, time_stamp, tipo_lance, descricao) VALUES(38, 216, '0:22:6', 'FALTA', 'Falta de Andreas Cornelius em Anthony Martial!');
INSERT INTO lance (id_partida, id_pessoa, time_stamp, tipo_lance, descricao) VALUES(38, 162, '0:22:6', 'SOFREU FALTA', 'Anthony Martial sofre falta de Andreas Cornelius!');
INSERT INTO lance (id_partida, id_pessoa, time_stamp, tipo_lance, descricao) VALUES(38, 209, '0:22:30', 'FALTA', 'Falta de Thomas Delaney em Thomas Lemar!');
INSERT INTO lance (id_partida, id_pessoa, time_stamp, tipo_lance, descricao) VALUES(38, 154, '0:22:30', 'SOFREU FALTA', 'Thomas Lemar sofre falta de Thomas Delaney!');
INSERT INTO lance (id_partida, id_pessoa, time_stamp, tipo_lance, descricao) VALUES(38, 159, '0:23:12', 'SUBSTITUICAO', 'Sai Alexandre Lacazette!');
INSERT INTO lance (id_partida, id_pessoa, time_stamp, tipo_lance, descricao) VALUES(38, 147, '0:23:12', 'SUBSTITUICAO', 'Entra Lucas Digne!');
INSERT INTO lance (id_partida, id_pessoa, time_stamp, tipo_lance, descricao) VALUES(38, 161, '0:25:50', 'FALTA', 'Falta de Ousmane Dembélé em Andreas Cornelius!');
INSERT INTO lance (id_partida, id_pessoa, time_stamp, tipo_lance, descricao) VALUES(38, 216, '0:25:50', 'SOFREU FALTA', 'Andreas Cornelius sofre falta de Ousmane Dembélé!');
INSERT INTO lance (id_partida, id_pessoa, time_stamp, tipo_lance, descricao) VALUES(38, 208, '0:25:58', 'FALTA', 'Falta de William Kvist em Thomas Lemar!');
INSERT INTO lance (id_partida, id_pessoa, time_stamp, tipo_lance, descricao) VALUES(38, 154, '0:25:58', 'SOFREU FALTA', 'Thomas Lemar sofre falta de William Kvist!');
INSERT INTO lance (id_partida, id_pessoa, time_stamp, tipo_lance, descricao) VALUES(38, 201, '0:27:17', 'FALTA', 'Falta de Simon Kjaer em Lucas Digne!');
INSERT INTO lance (id_partida, id_pessoa, time_stamp, tipo_lance, descricao) VALUES(38, 147, '0:27:17', 'SOFREU FALTA', 'Lucas Digne sofre falta de Simon Kjaer!');
INSERT INTO lance (id_partida, id_pessoa, time_stamp, tipo_lance, descricao) VALUES(38, 214, '0:27:48', 'FALTA', 'Falta de Nicolai Jorgensen em Kylian Mbappé!');
INSERT INTO lance (id_partida, id_pessoa, time_stamp, tipo_lance, descricao) VALUES(38, 160, '0:27:48', 'SOFREU FALTA', 'Kylian Mbappé sofre falta de Nicolai Jorgensen!');
INSERT INTO lance (id_partida, id_pessoa, time_stamp, tipo_lance, descricao) VALUES(38, 207, '0:31:26', 'FALTA', 'Falta de Riza Durmisi em Antoine Griezmann!');
INSERT INTO lance (id_partida, id_pessoa, time_stamp, tipo_lance, descricao) VALUES(38, 158, '0:31:26', 'SOFREU FALTA', 'Antoine Griezmann sofre falta de Riza Durmisi!');
INSERT INTO lance (id_partida, id_pessoa, time_stamp, tipo_lance, descricao) VALUES(38, 211, '0:31:40', 'FALTA', 'Falta de Lasse Schöne em Kylian Mbappé!');
INSERT INTO lance (id_partida, id_pessoa, time_stamp, tipo_lance, descricao) VALUES(38, 160, '0:31:40', 'SOFREU FALTA', 'Kylian Mbappé sofre falta de Lasse Schöne!');
INSERT INTO lance (id_partida, id_pessoa, time_stamp, tipo_lance, descricao) VALUES(38, 211, '0:31:41', 'FALTA', 'Falta de Lasse Schöne em Olivier Giroud!');
INSERT INTO lance (id_partida, id_pessoa, time_stamp, tipo_lance, descricao) VALUES(38, 157, '0:31:41', 'SOFREU FALTA', 'Olivier Giroud sofre falta de Lasse Schöne!');
INSERT INTO lance (id_partida, id_pessoa, time_stamp, tipo_lance, descricao) VALUES(38, 208, '0:32:59', 'FALTA', 'Falta de William Kvist em Antoine Griezmann!');
INSERT INTO lance (id_partida, id_pessoa, time_stamp, tipo_lance, descricao) VALUES(38, 158, '0:32:59', 'SOFREU FALTA', 'Antoine Griezmann sofre falta de William Kvist!');
INSERT INTO lance (id_partida, id_pessoa, time_stamp, tipo_lance, descricao) VALUES(38, 147, '0:33:11', 'FALTA', 'Falta de Lucas Digne em Simon Kjaer!');
INSERT INTO lance (id_partida, id_pessoa, time_stamp, tipo_lance, descricao) VALUES(38, 201, '0:33:11', 'SOFREU FALTA', 'Simon Kjaer sofre falta de Lucas Digne!');
INSERT INTO lance (id_partida, id_pessoa, time_stamp, tipo_lance, descricao) VALUES(38, 201, '0:37:13', 'FALTA', 'Falta de Simon Kjaer em Olivier Giroud!');
INSERT INTO lance (id_partida, id_pessoa, time_stamp, tipo_lance, descricao) VALUES(38, 157, '0:37:13', 'SOFREU FALTA', 'Olivier Giroud sofre falta de Simon Kjaer!');
INSERT INTO lance (id_partida, id_pessoa, time_stamp, tipo_lance, descricao) VALUES(38, 156, '0:41:26', 'DEFESA', 'Defesa de Andreas Bjelland!');
INSERT INTO lance (id_partida, id_pessoa, time_stamp, tipo_lance, descricao) VALUES(38, 161, '0:42:6', 'FALTA', 'Falta de Ousmane Dembélé em Riza Durmisi!');
INSERT INTO lance (id_partida, id_pessoa, time_stamp, tipo_lance, descricao) VALUES(38, 207, '0:42:6', 'SOFREU FALTA', 'Riza Durmisi sofre falta de Ousmane Dembélé!');
INSERT INTO lance (id_partida, id_pessoa, time_stamp, tipo_lance, descricao) VALUES(38, 207, '0:42:18', 'FALTA', 'Falta de Riza Durmisi em Adrien Rabiot!');
INSERT INTO lance (id_partida, id_pessoa, time_stamp, tipo_lance, descricao) VALUES(38, 155, '0:42:18', 'SOFREU FALTA', 'Adrien Rabiot sofre falta de Riza Durmisi!');
INSERT INTO lance (id_partida, id_pessoa, time_stamp, tipo_lance, descricao) VALUES(38, 211, '0:42:24', 'DEFESA', 'Defesa de Andreas Bjelland!');
INSERT INTO lance (id_partida, id_pessoa, time_stamp, tipo_lance, descricao) VALUES(38, 208, '0:42:48', 'DEFESA', 'Defesa de Andreas Bjelland!');
INSERT INTO lance (id_partida, id_pessoa, time_stamp, tipo_lance, descricao) VALUES(38, 155, '0:43:2', 'FALTA', 'Falta de Adrien Rabiot em Nicolai Jorgensen!');
INSERT INTO lance (id_partida, id_pessoa, time_stamp, tipo_lance, descricao) VALUES(38, 214, '0:43:2', 'SOFREU FALTA', 'Nicolai Jorgensen sofre falta de Adrien Rabiot!');
INSERT INTO lance (id_partida, id_pessoa, time_stamp, tipo_lance, descricao) VALUES(38, 158, '0:45:3', 'FALTA', 'Falta de Antoine Griezmann em Simon Kjaer!');
INSERT INTO lance (id_partida, id_pessoa, time_stamp, tipo_lance, descricao) VALUES(38, 201, '0:45:3', 'SOFREU FALTA', 'Simon Kjaer sofre falta de Antoine Griezmann!');
INSERT INTO lance (id_partida, id_pessoa, time_stamp, tipo_lance, descricao) VALUES(38, 215, '0:47:22', 'FALTA', 'Falta de Yussuf Poulsen em Olivier Giroud!');
INSERT INTO lance (id_partida, id_pessoa, time_stamp, tipo_lance, descricao) VALUES(38, 157, '0:47:22', 'SOFREU FALTA', 'Olivier Giroud sofre falta de Yussuf Poulsen!');
INSERT INTO lance (id_partida, id_pessoa, time_stamp, tipo_lance, descricao) VALUES(38, 154, '0:47:50', 'FALTA', 'Falta de Thomas Lemar em Peter Ankersen!');
INSERT INTO lance (id_partida, id_pessoa, time_stamp, tipo_lance, descricao) VALUES(38, 206, '0:47:50', 'SOFREU FALTA', 'Peter Ankersen sofre falta de Thomas Lemar!');
INSERT INTO lance (id_partida, id_pessoa, time_stamp, tipo_lance, descricao) VALUES(38, 161, '0:48:6', 'FALTA', 'Falta de Ousmane Dembélé em Andreas Cornelius!');
INSERT INTO lance (id_partida, id_pessoa, time_stamp, tipo_lance, descricao) VALUES(38, 216, '0:48:6', 'SOFREU FALTA', 'Andreas Cornelius sofre falta de Ousmane Dembélé!');
INSERT INTO lance (id_partida, id_pessoa, time_stamp, tipo_lance, descricao) VALUES(38, 162, '0:50:25', 'FALTA', 'Falta de Anthony Martial em Nicolai Jorgensen!');
INSERT INTO lance (id_partida, id_pessoa, time_stamp, tipo_lance, descricao) VALUES(38, 214, '0:50:25', 'SOFREU FALTA', 'Nicolai Jorgensen sofre falta de Anthony Martial!');
INSERT INTO lance (id_partida, id_pessoa, time_stamp, tipo_lance, descricao) VALUES(38, 152, '0:52:1', 'DEFESA', 'Defesa de Andreas Bjelland!');
INSERT INTO lance (id_partida, id_pessoa, time_stamp, tipo_lance, descricao) VALUES(38, 211, '0:52:59', 'SUBSTITUICAO', 'Sai Lasse Schöne!');
INSERT INTO lance (id_partida, id_pessoa, time_stamp, tipo_lance, descricao) VALUES(38, 204, '0:52:59', 'SUBSTITUICAO', 'Entra Mathias Jorgensen!');
INSERT INTO lance (id_partida, id_pessoa, time_stamp, tipo_lance, descricao) VALUES(38, 156, '0:53:2', 'FALTA', 'Falta de Paul Pogba em Thomas Delaney!');
INSERT INTO lance (id_partida, id_pessoa, time_stamp, tipo_lance, descricao) VALUES(38, 209, '0:53:2', 'SOFREU FALTA', 'Thomas Delaney sofre falta de Paul Pogba!');
INSERT INTO lance (id_partida, id_pessoa, time_stamp, tipo_lance, descricao) VALUES(38, 152, '0:53:21', 'FALTA', 'Falta de Balise Matuidi em Nicklas Bendtner!');
INSERT INTO lance (id_partida, id_pessoa, time_stamp, tipo_lance, descricao) VALUES(38, 213, '0:53:21', 'SOFREU FALTA', 'Nicklas Bendtner sofre falta de Balise Matuidi!');
INSERT INTO lance (id_partida, id_pessoa, time_stamp, tipo_lance, descricao) VALUES(38, 156, '0:58:32', 'DEFESA', 'Defesa de Andreas Bjelland!');
INSERT INTO lance (id_partida, id_pessoa, time_stamp, tipo_lance, descricao) VALUES(38, 214, '1:4:58', 'DEFESA', 'Defesa de Andreas Bjelland!');
INSERT INTO lance (id_partida, id_pessoa, time_stamp, tipo_lance, descricao) VALUES(38, 203, '1:5:2', 'FALTA', 'Falta de Andreas Bjelland em Anthony Martial!');
INSERT INTO lance (id_partida, id_pessoa, time_stamp, tipo_lance, descricao) VALUES(38, 162, '1:5:2', 'SOFREU FALTA', 'Anthony Martial sofre falta de Andreas Bjelland!');
INSERT INTO lance (id_partida, id_pessoa, time_stamp, tipo_lance, descricao) VALUES(38, 216, '1:5:17', 'SUBSTITUICAO', 'Sai Andreas Cornelius!');
INSERT INTO lance (id_partida, id_pessoa, time_stamp, tipo_lance, descricao) VALUES(38, 200, '1:5:17', 'SUBSTITUICAO', 'Entra Kannik Vestergaard!');
INSERT INTO lance (id_partida, id_pessoa, time_stamp, tipo_lance, descricao) VALUES(38, 162, '1:6:11', 'FALTA', 'Falta de Anthony Martial em Peter Ankersen!');
INSERT INTO lance (id_partida, id_pessoa, time_stamp, tipo_lance, descricao) VALUES(38, 206, '1:6:11', 'SOFREU FALTA', 'Peter Ankersen sofre falta de Anthony Martial!');
INSERT INTO lance (id_partida, id_pessoa, time_stamp, tipo_lance, descricao) VALUES(38, 157, '1:10:9', 'FALTA', 'Falta de Olivier Giroud em Mathias Jorgensen!');
INSERT INTO lance (id_partida, id_pessoa, time_stamp, tipo_lance, descricao) VALUES(38, 204, '1:10:9', 'SOFREU FALTA', 'Mathias Jorgensen sofre falta de Olivier Giroud!');
INSERT INTO lance (id_partida, id_pessoa, time_stamp, tipo_lance, descricao) VALUES(38, 156, '1:13:15', 'FALTA', 'Falta de Paul Pogba em Yussuf Poulsen!');
INSERT INTO lance (id_partida, id_pessoa, time_stamp, tipo_lance, descricao) VALUES(38, 215, '1:13:15', 'SOFREU FALTA', 'Yussuf Poulsen sofre falta de Paul Pogba!');
INSERT INTO lance (id_partida, id_pessoa, time_stamp, tipo_lance, descricao) VALUES(38, 154, '1:13:21', 'DEFESA', 'Defesa de Andreas Bjelland!');
INSERT INTO lance (id_partida, id_pessoa, time_stamp, tipo_lance, descricao) VALUES(38, 214, '1:13:51', 'FALTA', 'Falta de Nicolai Jorgensen em N’Golo Kanté!');
INSERT INTO lance (id_partida, id_pessoa, time_stamp, tipo_lance, descricao) VALUES(38, 153, '1:13:51', 'SOFREU FALTA', 'N’Golo Kanté sofre falta de Nicolai Jorgensen!');
INSERT INTO lance (id_partida, id_pessoa, time_stamp, tipo_lance, descricao) VALUES(38, 213, '1:14:40', 'FALTA', 'Falta de Nicklas Bendtner em Anthony Martial!');
INSERT INTO lance (id_partida, id_pessoa, time_stamp, tipo_lance, descricao) VALUES(38, 162, '1:14:40', 'SOFREU FALTA', 'Anthony Martial sofre falta de Nicklas Bendtner!');
INSERT INTO lance (id_partida, id_pessoa, time_stamp, tipo_lance, descricao) VALUES(38, 204, '1:15:9', 'FALTA', 'Falta de Mathias Jorgensen em Adrien Rabiot!');
INSERT INTO lance (id_partida, id_pessoa, time_stamp, tipo_lance, descricao) VALUES(38, 155, '1:15:9', 'SOFREU FALTA', 'Adrien Rabiot sofre falta de Mathias Jorgensen!');
INSERT INTO lance (id_partida, id_pessoa, time_stamp, tipo_lance, descricao) VALUES(38, 209, '1:18:40', 'FALTA', 'Falta de Thomas Delaney em N’Golo Kanté!');
INSERT INTO lance (id_partida, id_pessoa, time_stamp, tipo_lance, descricao) VALUES(38, 153, '1:18:40', 'SOFREU FALTA', 'N’Golo Kanté sofre falta de Thomas Delaney!');
INSERT INTO lance (id_partida, id_pessoa, time_stamp, tipo_lance, descricao) VALUES(38, 207, '1:20:13', 'DEFESA', 'Defesa de Andreas Bjelland!');
INSERT INTO lance (id_partida, id_pessoa, time_stamp, tipo_lance, descricao) VALUES(38, 204, '1:21:43', 'FALTA', 'Falta de Mathias Jorgensen em Olivier Giroud!');
INSERT INTO lance (id_partida, id_pessoa, time_stamp, tipo_lance, descricao) VALUES(38, 157, '1:21:43', 'SOFREU FALTA', 'Olivier Giroud sofre falta de Mathias Jorgensen!');
INSERT INTO lance (id_partida, id_pessoa, time_stamp, tipo_lance, descricao) VALUES(38, 161, '1:22:46', 'DEFESA', 'Defesa de Andreas Bjelland!');
INSERT INTO lance (id_partida, id_pessoa, time_stamp, tipo_lance, descricao) VALUES(38, 203, '1:26:53', 'DEFESA', 'Defesa de Andreas Bjelland!');
INSERT INTO lance (id_partida, id_pessoa, time_stamp, tipo_lance, descricao) VALUES(38, 206, '1:27:5', 'DEFESA', 'Defesa de Andreas Bjelland!');
INSERT INTO lance (id_partida, id_pessoa, time_stamp, tipo_lance, descricao) VALUES(38, 207, '1:27:16', 'GOL', 'Gol de Riza Durmisi!');
INSERT INTO apita (id_partida, id_pessoa) VALUES(39, 617);
INSERT INTO apita (id_partida, id_pessoa) VALUES(39, 654);
INSERT INTO apita (id_partida, id_pessoa) VALUES(39, 604);
INSERT INTO deslocamento (codigo_pais, id_partida, itinerario, descricao_da_escolta) VALUES('ARG', 39, '4QN99NX3LO3766Y9GWXX19W8VVOZBIKJUY1MA2AZG2RBTQXK5TC3AZQ54PON971DETNHEL9NV8R8SUOE7E3RFQJ4I6', 'UOWZJBO79DQFUUZIBIRNKBJQ4DJ7YKS8I3O88IH7DWOBR8J7QHHV1SHTFG4F1QJZUR70G1J3AUJXWI863MRQD7HZV532NCFXNZQAAT1Z8OUGJT66I8MP92VXKIEK7RP8OWK6186KV2SZMAPC86U');
INSERT INTO deslocamento (codigo_pais, id_partida, itinerario, descricao_da_escolta) VALUES('NIG', 39, '00YUE3Z2OQ1R8W2XJAFKCB3GK5LJ2CLA79IY7Z28ID5EAA0ZI2381JNY6RKIRQAME0U9NDZTHHB8FYFJEVB9JNJXVU1PPTQ2DTAKQ1MEDJ0THPSHLAE6OAC1Q7O3LJEY1J5VY52', 'J76AW0PGBUEOPTNCQI3TMS23EC28T7SPH0XRECE0RH21FZJH53EQCJA0ED5U7QWEBYGZ667ODCBF0BXO3UC02CN8Z6MBHU2AUX0RTTL950M9H5ADPQ1NO6M8KI9');
INSERT INTO lance (id_partida, id_pessoa, time_stamp, tipo_lance, descricao) VALUES(39, 617, '0:45:0', 'FIM DO PRIMEIRO TEMPO', 'Juiz Doser apita o fim do primeiro tempo!');
INSERT INTO lance (id_partida, id_pessoa, time_stamp, tipo_lance, descricao) VALUES(39, 617, '1:30:0', 'FIM DO JOGO', 'Juiz Doser apita o fim do jogo!');
INSERT INTO lance (id_partida, id_pessoa, time_stamp, tipo_lance, descricao) VALUES(39, 227, '0:2:34', 'DEFESA', 'Defesa de Nicolás Otamendi!');
INSERT INTO lance (id_partida, id_pessoa, time_stamp, tipo_lance, descricao) VALUES(39, 226, '0:3:43', 'FALTA', 'Falta de Ángel Di Maria em Victor Musa!');
INSERT INTO lance (id_partida, id_pessoa, time_stamp, tipo_lance, descricao) VALUES(39, 284, '0:3:43', 'SOFREU FALTA', 'Victor Musa sofre falta de Ángel Di Maria!');
INSERT INTO lance (id_partida, id_pessoa, time_stamp, tipo_lance, descricao) VALUES(39, 230, '0:5:9', 'FALTA', 'Falta de Mauro Icardi em Mikel Agu!');
INSERT INTO lance (id_partida, id_pessoa, time_stamp, tipo_lance, descricao) VALUES(39, 282, '0:5:9', 'SOFREU FALTA', 'Mikel Agu sofre falta de Mauro Icardi!');
INSERT INTO lance (id_partida, id_pessoa, time_stamp, tipo_lance, descricao) VALUES(39, 279, '0:5:41', 'FALTA', 'Falta de Ogenyi Onazi em Lucas Biglia!');
INSERT INTO lance (id_partida, id_pessoa, time_stamp, tipo_lance, descricao) VALUES(39, 224, '0:5:41', 'SOFREU FALTA', 'Lucas Biglia sofre falta de Ogenyi Onazi!');
INSERT INTO lance (id_partida, id_pessoa, time_stamp, tipo_lance, descricao) VALUES(39, 282, '0:5:52', 'FALTA', 'Falta de Mikel Agu em Paulo Dybala!');
INSERT INTO lance (id_partida, id_pessoa, time_stamp, tipo_lance, descricao) VALUES(39, 232, '0:5:52', 'SOFREU FALTA', 'Paulo Dybala sofre falta de Mikel Agu!');
INSERT INTO lance (id_partida, id_pessoa, time_stamp, tipo_lance, descricao) VALUES(39, 279, '0:10:14', 'FALTA', 'Falta de Ogenyi Onazi em Marcos Acuña!');
INSERT INTO lance (id_partida, id_pessoa, time_stamp, tipo_lance, descricao) VALUES(39, 227, '0:10:14', 'SOFREU FALTA', 'Marcos Acuña sofre falta de Ogenyi Onazi!');
INSERT INTO lance (id_partida, id_pessoa, time_stamp, tipo_lance, descricao) VALUES(39, 278, '0:11:39', 'FALTA', 'Falta de John Obi Mikel em Éver Banega!');
INSERT INTO lance (id_partida, id_pessoa, time_stamp, tipo_lance, descricao) VALUES(39, 228, '0:11:39', 'SOFREU FALTA', 'Éver Banega sofre falta de John Obi Mikel!');
INSERT INTO lance (id_partida, id_pessoa, time_stamp, tipo_lance, descricao) VALUES(39, 286, '0:12:39', 'DEFESA', 'Defesa de Nicolás Otamendi!');
INSERT INTO lance (id_partida, id_pessoa, time_stamp, tipo_lance, descricao) VALUES(39, 285, '0:12:45', 'FALTA', 'Falta de Moses Simon em Ángel Di Maria!');
INSERT INTO lance (id_partida, id_pessoa, time_stamp, tipo_lance, descricao) VALUES(39, 226, '0:12:45', 'SOFREU FALTA', 'Ángel Di Maria sofre falta de Moses Simon!');
INSERT INTO lance (id_partida, id_pessoa, time_stamp, tipo_lance, descricao) VALUES(39, 279, '0:14:5', 'FALTA', 'Falta de Ogenyi Onazi em Sergio Agüero!');
INSERT INTO lance (id_partida, id_pessoa, time_stamp, tipo_lance, descricao) VALUES(39, 233, '0:14:5', 'SOFREU FALTA', 'Sergio Agüero sofre falta de Ogenyi Onazi!');
INSERT INTO lance (id_partida, id_pessoa, time_stamp, tipo_lance, descricao) VALUES(39, 234, '0:14:30', 'FALTA', 'Falta de Gonzalo Higuaín em Moses Simon!');
INSERT INTO lance (id_partida, id_pessoa, time_stamp, tipo_lance, descricao) VALUES(39, 285, '0:14:30', 'SOFREU FALTA', 'Moses Simon sofre falta de Gonzalo Higuaín!');
INSERT INTO lance (id_partida, id_pessoa, time_stamp, tipo_lance, descricao) VALUES(39, 224, '0:14:51', 'SUBSTITUICAO', 'Sai Lucas Biglia!');
INSERT INTO lance (id_partida, id_pessoa, time_stamp, tipo_lance, descricao) VALUES(39, 223, '0:14:51', 'SUBSTITUICAO', 'Entra Ramiro Funes Mori!');
INSERT INTO lance (id_partida, id_pessoa, time_stamp, tipo_lance, descricao) VALUES(39, 225, '0:23:54', 'FALTA', 'Falta de Enzo Pérez em Kelechi Iheanacho!');
INSERT INTO lance (id_partida, id_pessoa, time_stamp, tipo_lance, descricao) VALUES(39, 288, '0:23:54', 'SOFREU FALTA', 'Kelechi Iheanacho sofre falta de Enzo Pérez!');
INSERT INTO lance (id_partida, id_pessoa, time_stamp, tipo_lance, descricao) VALUES(39, 234, '0:25:37', 'ASSISTENCIA', 'Assistencia de Sergio Agüero!');
INSERT INTO lance (id_partida, id_pessoa, time_stamp, tipo_lance, descricao) VALUES(39, 234, '0:25:37', 'GOL', 'Gol de Gonzalo Higuaín!');
INSERT INTO lance (id_partida, id_pessoa, time_stamp, tipo_lance, descricao) VALUES(39, 232, '0:28:42', 'FALTA', 'Falta de Paulo Dybala em Alex Iwobi!');
INSERT INTO lance (id_partida, id_pessoa, time_stamp, tipo_lance, descricao) VALUES(39, 287, '0:28:42', 'SOFREU FALTA', 'Alex Iwobi sofre falta de Paulo Dybala!');
INSERT INTO lance (id_partida, id_pessoa, time_stamp, tipo_lance, descricao) VALUES(39, 226, '0:31:7', 'DEFESA', 'Defesa de Nicolás Otamendi!');
INSERT INTO lance (id_partida, id_pessoa, time_stamp, tipo_lance, descricao) VALUES(39, 229, '0:31:15', 'FALTA', 'Falta de Eduardo Salvio em Ogenyi Onazi!');
INSERT INTO lance (id_partida, id_pessoa, time_stamp, tipo_lance, descricao) VALUES(39, 279, '0:31:15', 'SOFREU FALTA', 'Ogenyi Onazi sofre falta de Eduardo Salvio!');
INSERT INTO lance (id_partida, id_pessoa, time_stamp, tipo_lance, descricao) VALUES(39, 283, '0:31:39', 'ASSISTENCIA', 'Assistencia de Odion Ighalo!');
INSERT INTO lance (id_partida, id_pessoa, time_stamp, tipo_lance, descricao) VALUES(39, 283, '0:31:39', 'GOL', 'Gol de Ahmed Musa!');
INSERT INTO lance (id_partida, id_pessoa, time_stamp, tipo_lance, descricao) VALUES(39, 223, '0:32:41', 'DEFESA', 'Defesa de Nicolás Otamendi!');
INSERT INTO lance (id_partida, id_pessoa, time_stamp, tipo_lance, descricao) VALUES(39, 225, '0:34:5', 'FALTA', 'Falta de Enzo Pérez em Victor Musa!');
INSERT INTO lance (id_partida, id_pessoa, time_stamp, tipo_lance, descricao) VALUES(39, 284, '0:34:5', 'SOFREU FALTA', 'Victor Musa sofre falta de Enzo Pérez!');
INSERT INTO lance (id_partida, id_pessoa, time_stamp, tipo_lance, descricao) VALUES(39, 232, '0:36:33', 'DEFESA', 'Defesa de Nicolás Otamendi!');
INSERT INTO lance (id_partida, id_pessoa, time_stamp, tipo_lance, descricao) VALUES(39, 284, '0:39:17', 'SUBSTITUICAO', 'Sai Victor Musa!');
INSERT INTO lance (id_partida, id_pessoa, time_stamp, tipo_lance, descricao) VALUES(39, 271, '0:39:17', 'SUBSTITUICAO', 'Entra Ikechukwu Ezenwa!');
INSERT INTO lance (id_partida, id_pessoa, time_stamp, tipo_lance, descricao) VALUES(39, 233, '0:41:29', 'DEFESA', 'Defesa de Nicolás Otamendi!');
INSERT INTO lance (id_partida, id_pessoa, time_stamp, tipo_lance, descricao) VALUES(39, 223, '0:42:15', 'FALTA', 'Falta de Ramiro Funes Mori em Ahmed Musa!');
INSERT INTO lance (id_partida, id_pessoa, time_stamp, tipo_lance, descricao) VALUES(39, 283, '0:42:15', 'SOFREU FALTA', 'Ahmed Musa sofre falta de Ramiro Funes Mori!');
INSERT INTO lance (id_partida, id_pessoa, time_stamp, tipo_lance, descricao) VALUES(39, 223, '0:46:46', 'FALTA', 'Falta de Ramiro Funes Mori em Mikel Agu!');
INSERT INTO lance (id_partida, id_pessoa, time_stamp, tipo_lance, descricao) VALUES(39, 282, '0:46:46', 'SOFREU FALTA', 'Mikel Agu sofre falta de Ramiro Funes Mori!');
INSERT INTO lance (id_partida, id_pessoa, time_stamp, tipo_lance, descricao) VALUES(39, 282, '0:47:47', 'SUBSTITUICAO', 'Sai Mikel Agu!');
INSERT INTO lance (id_partida, id_pessoa, time_stamp, tipo_lance, descricao) VALUES(39, 272, '0:47:47', 'SUBSTITUICAO', 'Entra Elderson Echiejilé!');
INSERT INTO lance (id_partida, id_pessoa, time_stamp, tipo_lance, descricao) VALUES(39, 226, '0:51:33', 'DEFESA', 'Defesa de Nicolás Otamendi!');
INSERT INTO lance (id_partida, id_pessoa, time_stamp, tipo_lance, descricao) VALUES(39, 227, '0:55:29', 'FALTA', 'Falta de Marcos Acuña em Odion Ighalo!');
INSERT INTO lance (id_partida, id_pessoa, time_stamp, tipo_lance, descricao) VALUES(39, 286, '0:55:29', 'SOFREU FALTA', 'Odion Ighalo sofre falta de Marcos Acuña!');
INSERT INTO lance (id_partida, id_pessoa, time_stamp, tipo_lance, descricao) VALUES(39, 234, '0:57:42', 'ASSISTENCIA', 'Assistencia de Paulo Dybala!');
INSERT INTO lance (id_partida, id_pessoa, time_stamp, tipo_lance, descricao) VALUES(39, 234, '0:57:42', 'GOL', 'Gol de Gonzalo Higuaín!');
INSERT INTO lance (id_partida, id_pessoa, time_stamp, tipo_lance, descricao) VALUES(39, 227, '0:59:11', 'FALTA', 'Falta de Marcos Acuña em Wilfred Ndidi!');
INSERT INTO lance (id_partida, id_pessoa, time_stamp, tipo_lance, descricao) VALUES(39, 281, '0:59:11', 'SOFREU FALTA', 'Wilfred Ndidi sofre falta de Marcos Acuña!');
INSERT INTO lance (id_partida, id_pessoa, time_stamp, tipo_lance, descricao) VALUES(39, 228, '1:2:8', 'FALTA', 'Falta de Éver Banega em Moses Simon!');
INSERT INTO lance (id_partida, id_pessoa, time_stamp, tipo_lance, descricao) VALUES(39, 285, '1:2:8', 'SOFREU FALTA', 'Moses Simon sofre falta de Éver Banega!');
INSERT INTO lance (id_partida, id_pessoa, time_stamp, tipo_lance, descricao) VALUES(39, 230, '1:2:35', 'FALTA', 'Falta de Mauro Icardi em Moses Simon!');
INSERT INTO lance (id_partida, id_pessoa, time_stamp, tipo_lance, descricao) VALUES(39, 285, '1:2:35', 'SOFREU FALTA', 'Moses Simon sofre falta de Mauro Icardi!');
INSERT INTO lance (id_partida, id_pessoa, time_stamp, tipo_lance, descricao) VALUES(39, 231, '1:3:27', 'FALTA', 'Falta de Lionel Messi em Moses Simon!');
INSERT INTO lance (id_partida, id_pessoa, time_stamp, tipo_lance, descricao) VALUES(39, 285, '1:3:27', 'SOFREU FALTA', 'Moses Simon sofre falta de Lionel Messi!');
INSERT INTO lance (id_partida, id_pessoa, time_stamp, tipo_lance, descricao) VALUES(39, 271, '1:4:52', 'DEFESA', 'Defesa de Nicolás Otamendi!');
INSERT INTO lance (id_partida, id_pessoa, time_stamp, tipo_lance, descricao) VALUES(39, 272, '1:4:53', 'FALTA', 'Falta de Elderson Echiejilé em Lionel Messi!');
INSERT INTO lance (id_partida, id_pessoa, time_stamp, tipo_lance, descricao) VALUES(39, 231, '1:4:53', 'SOFREU FALTA', 'Lionel Messi sofre falta de Elderson Echiejilé!');
INSERT INTO lance (id_partida, id_pessoa, time_stamp, tipo_lance, descricao) VALUES(39, 281, '1:9:56', 'DEFESA', 'Defesa de Nicolás Otamendi!');
INSERT INTO lance (id_partida, id_pessoa, time_stamp, tipo_lance, descricao) VALUES(39, 228, '1:11:17', 'FALTA', 'Falta de Éver Banega em Ikechukwu Ezenwa!');
INSERT INTO lance (id_partida, id_pessoa, time_stamp, tipo_lance, descricao) VALUES(39, 271, '1:11:17', 'SOFREU FALTA', 'Ikechukwu Ezenwa sofre falta de Éver Banega!');
INSERT INTO lance (id_partida, id_pessoa, time_stamp, tipo_lance, descricao) VALUES(39, 225, '1:12:17', 'DEFESA', 'Defesa de Nicolás Otamendi!');
INSERT INTO lance (id_partida, id_pessoa, time_stamp, tipo_lance, descricao) VALUES(39, 286, '1:12:42', 'DEFESA', 'Defesa de Nicolás Otamendi!');
INSERT INTO lance (id_partida, id_pessoa, time_stamp, tipo_lance, descricao) VALUES(39, 229, '1:16:42', 'FALTA', 'Falta de Eduardo Salvio em Ahmed Musa!');
INSERT INTO lance (id_partida, id_pessoa, time_stamp, tipo_lance, descricao) VALUES(39, 283, '1:16:42', 'SOFREU FALTA', 'Ahmed Musa sofre falta de Eduardo Salvio!');
INSERT INTO lance (id_partida, id_pessoa, time_stamp, tipo_lance, descricao) VALUES(39, 271, '1:17:12', 'FALTA', 'Falta de Ikechukwu Ezenwa em Ángel Di Maria!');
INSERT INTO lance (id_partida, id_pessoa, time_stamp, tipo_lance, descricao) VALUES(39, 226, '1:17:12', 'SOFREU FALTA', 'Ángel Di Maria sofre falta de Ikechukwu Ezenwa!');
INSERT INTO lance (id_partida, id_pessoa, time_stamp, tipo_lance, descricao) VALUES(39, 281, '1:17:52', 'FALTA', 'Falta de Wilfred Ndidi em Ramiro Funes Mori!');
INSERT INTO lance (id_partida, id_pessoa, time_stamp, tipo_lance, descricao) VALUES(39, 223, '1:17:52', 'SOFREU FALTA', 'Ramiro Funes Mori sofre falta de Wilfred Ndidi!');
INSERT INTO lance (id_partida, id_pessoa, time_stamp, tipo_lance, descricao) VALUES(39, 231, '1:18:20', 'FALTA', 'Falta de Lionel Messi em Wilfred Ndidi!');
INSERT INTO lance (id_partida, id_pessoa, time_stamp, tipo_lance, descricao) VALUES(39, 281, '1:18:20', 'SOFREU FALTA', 'Wilfred Ndidi sofre falta de Lionel Messi!');
INSERT INTO lance (id_partida, id_pessoa, time_stamp, tipo_lance, descricao) VALUES(39, 272, '1:18:44', 'FALTA', 'Falta de Elderson Echiejilé em Ramiro Funes Mori!');
INSERT INTO lance (id_partida, id_pessoa, time_stamp, tipo_lance, descricao) VALUES(39, 223, '1:18:44', 'SOFREU FALTA', 'Ramiro Funes Mori sofre falta de Elderson Echiejilé!');
INSERT INTO lance (id_partida, id_pessoa, time_stamp, tipo_lance, descricao) VALUES(39, 228, '1:18:49', 'DEFESA', 'Defesa de Nicolás Otamendi!');
INSERT INTO lance (id_partida, id_pessoa, time_stamp, tipo_lance, descricao) VALUES(39, 223, '1:18:58', 'FALTA', 'Falta de Ramiro Funes Mori em Ikechukwu Ezenwa!');
INSERT INTO lance (id_partida, id_pessoa, time_stamp, tipo_lance, descricao) VALUES(39, 271, '1:18:58', 'SOFREU FALTA', 'Ikechukwu Ezenwa sofre falta de Ramiro Funes Mori!');
INSERT INTO lance (id_partida, id_pessoa, time_stamp, tipo_lance, descricao) VALUES(39, 288, '1:22:29', 'DEFESA', 'Defesa de Nicolás Otamendi!');
INSERT INTO lance (id_partida, id_pessoa, time_stamp, tipo_lance, descricao) VALUES(39, 230, '1:23:32', 'DEFESA', 'Defesa de Nicolás Otamendi!');
INSERT INTO apita (id_partida, id_pessoa) VALUES(40, 652);
INSERT INTO apita (id_partida, id_pessoa) VALUES(40, 649);
INSERT INTO apita (id_partida, id_pessoa) VALUES(40, 593);
INSERT INTO deslocamento (codigo_pais, id_partida, itinerario, descricao_da_escolta) VALUES('CRO', 40, '9YM6EH26CZX9EXVYXYXEGJWQB9IZS7PVGK4UNZO7PX3559UAHWYW9TOZC64F9DNEJB342AK7JZZTQ0UCPIR6I3VX5FSR4I8MJYV3GZHHM1MK44JML200WR6QQF8XS2CB0NJ1E06ZBJTQRL3B5GFCSIZ22FNA0TZUYKT', 'USHU5AZM7P9EM71LW9TSXQ99N58SU92G1MQN8UHRTN5MGIY31N7Y1A3DTIH9BG28X2M9QONB2B9JVW2EHF0GBDP1SN4ZNHQMV6YO5YNM9550AUS6QD26QV6TNVQCUXYVUXYY7OIS1NHGH');
INSERT INTO deslocamento (codigo_pais, id_partida, itinerario, descricao_da_escolta) VALUES('ISL', 40, '0847JJOU5AAFAKHK2MGKFM539B4JECO0LY4SHXNPGA1XY2N8KQV497TNCA8IOEP3WJ3MPZCE81DEUHFGY68YQT1NFRPHYFACV8BO8BSVNQ6H4O2451TSF0MCSPG8K5P21ATWG1HWONL9WTT1YUL7VS65V85S4ULRADP35GYDT7D2PMQ86PKZUS', 'JEYAH5Y14C38TEZ6R6HNYODPIS7WPJV7S7GZGFQI4FJZVN64HS23MES5AI1Z7CMUQ6QW8AZLP9SSEO44VDO6R2');
INSERT INTO lance (id_partida, id_pessoa, time_stamp, tipo_lance, descricao) VALUES(40, 652, '0:45:0', 'FIM DO PRIMEIRO TEMPO', 'Juiz Aerni apita o fim do primeiro tempo!');
INSERT INTO lance (id_partida, id_pessoa, time_stamp, tipo_lance, descricao) VALUES(40, 652, '1:30:0', 'FIM DO JOGO', 'Juiz Aerni apita o fim do jogo!');
INSERT INTO lance (id_partida, id_pessoa, time_stamp, tipo_lance, descricao) VALUES(40, 267, '0:3:17', 'DEFESA', 'Defesa de Domagoj Vida!');
INSERT INTO lance (id_partida, id_pessoa, time_stamp, tipo_lance, descricao) VALUES(40, 248, '0:4:39', 'FALTA', 'Falta de Johann Gudmundsson em Ivan Perisic!');
INSERT INTO lance (id_partida, id_pessoa, time_stamp, tipo_lance, descricao) VALUES(40, 270, '0:4:39', 'SOFREU FALTA', 'Ivan Perisic sofre falta de Johann Gudmundsson!');
INSERT INTO lance (id_partida, id_pessoa, time_stamp, tipo_lance, descricao) VALUES(40, 260, '0:6:33', 'FALTA', 'Falta de Ivan Rakitic em Birkir Bjarnason!');
INSERT INTO lance (id_partida, id_pessoa, time_stamp, tipo_lance, descricao) VALUES(40, 243, '0:6:33', 'SOFREU FALTA', 'Birkir Bjarnason sofre falta de Ivan Rakitic!');
INSERT INTO lance (id_partida, id_pessoa, time_stamp, tipo_lance, descricao) VALUES(40, 260, '0:6:33', 'CARTAO AMARELO', 'Ivan Rakitic ganhou um cartão amarelo!');
INSERT INTO lance (id_partida, id_pessoa, time_stamp, tipo_lance, descricao) VALUES(40, 267, '0:10:39', 'SUBSTITUICAO', 'Sai Andrej Kramaric!');
INSERT INTO lance (id_partida, id_pessoa, time_stamp, tipo_lance, descricao) VALUES(40, 255, '0:10:39', 'SUBSTITUICAO', 'Entra Ivan Strinic!');
INSERT INTO lance (id_partida, id_pessoa, time_stamp, tipo_lance, descricao) VALUES(40, 244, '0:12:51', 'SUBSTITUICAO', 'Sai Emil Hallfredsson!');
INSERT INTO lance (id_partida, id_pessoa, time_stamp, tipo_lance, descricao) VALUES(40, 235, '0:12:51', 'SUBSTITUICAO', 'Entra Hannes Halldórsson!');
INSERT INTO lance (id_partida, id_pessoa, time_stamp, tipo_lance, descricao) VALUES(40, 268, '0:19:19', 'SUBSTITUICAO', 'Sai Nikola Kalinic!');
INSERT INTO lance (id_partida, id_pessoa, time_stamp, tipo_lance, descricao) VALUES(40, 253, '0:19:19', 'SUBSTITUICAO', 'Entra Danijel Subasic!');
INSERT INTO lance (id_partida, id_pessoa, time_stamp, tipo_lance, descricao) VALUES(40, 262, '0:20:27', 'FALTA', 'Falta de Marcelo Brozovic em Jón Dadi Bödvarsson!');
INSERT INTO lance (id_partida, id_pessoa, time_stamp, tipo_lance, descricao) VALUES(40, 250, '0:20:27', 'SOFREU FALTA', 'Jón Dadi Bödvarsson sofre falta de Marcelo Brozovic!');
INSERT INTO lance (id_partida, id_pessoa, time_stamp, tipo_lance, descricao) VALUES(40, 265, '0:22:17', 'FALTA', 'Falta de Milan Badelj em Vidar Örn Kjartansson!');
INSERT INTO lance (id_partida, id_pessoa, time_stamp, tipo_lance, descricao) VALUES(40, 251, '0:22:17', 'SOFREU FALTA', 'Vidar Örn Kjartansson sofre falta de Milan Badelj!');
INSERT INTO lance (id_partida, id_pessoa, time_stamp, tipo_lance, descricao) VALUES(40, 262, '0:24:42', 'FALTA', 'Falta de Marcelo Brozovic em Johann Gudmundsson!');
INSERT INTO lance (id_partida, id_pessoa, time_stamp, tipo_lance, descricao) VALUES(40, 248, '0:24:42', 'SOFREU FALTA', 'Johann Gudmundsson sofre falta de Marcelo Brozovic!');
INSERT INTO lance (id_partida, id_pessoa, time_stamp, tipo_lance, descricao) VALUES(40, 269, '0:26:6', 'FALTA', 'Falta de Mario Mandzukic em Johann Gudmundsson!');
INSERT INTO lance (id_partida, id_pessoa, time_stamp, tipo_lance, descricao) VALUES(40, 248, '0:26:6', 'SOFREU FALTA', 'Johann Gudmundsson sofre falta de Mario Mandzukic!');
INSERT INTO lance (id_partida, id_pessoa, time_stamp, tipo_lance, descricao) VALUES(40, 270, '0:27:36', 'SUBSTITUICAO', 'Sai Ivan Perisic!');
INSERT INTO lance (id_partida, id_pessoa, time_stamp, tipo_lance, descricao) VALUES(40, 268, '0:27:36', 'SUBSTITUICAO', 'Entra Nikola Kalinic!');
INSERT INTO lance (id_partida, id_pessoa, time_stamp, tipo_lance, descricao) VALUES(40, 266, '0:28:4', 'DEFESA', 'Defesa de Domagoj Vida!');
INSERT INTO lance (id_partida, id_pessoa, time_stamp, tipo_lance, descricao) VALUES(40, 248, '0:29:34', 'FALTA', 'Falta de Johann Gudmundsson em Mateo Kovacic!');
INSERT INTO lance (id_partida, id_pessoa, time_stamp, tipo_lance, descricao) VALUES(40, 266, '0:29:34', 'SOFREU FALTA', 'Mateo Kovacic sofre falta de Johann Gudmundsson!');
INSERT INTO lance (id_partida, id_pessoa, time_stamp, tipo_lance, descricao) VALUES(40, 266, '0:31:39', 'DEFESA', 'Defesa de Domagoj Vida!');
INSERT INTO lance (id_partida, id_pessoa, time_stamp, tipo_lance, descricao) VALUES(40, 255, '0:33:42', 'FALTA', 'Falta de Ivan Strinic em Johann Gudmundsson!');
INSERT INTO lance (id_partida, id_pessoa, time_stamp, tipo_lance, descricao) VALUES(40, 248, '0:33:42', 'SOFREU FALTA', 'Johann Gudmundsson sofre falta de Ivan Strinic!');
INSERT INTO lance (id_partida, id_pessoa, time_stamp, tipo_lance, descricao) VALUES(40, 253, '0:35:49', 'FALTA', 'Falta de Danijel Subasic em Vidar Örn Kjartansson!');
INSERT INTO lance (id_partida, id_pessoa, time_stamp, tipo_lance, descricao) VALUES(40, 251, '0:35:49', 'SOFREU FALTA', 'Vidar Örn Kjartansson sofre falta de Danijel Subasic!');
INSERT INTO lance (id_partida, id_pessoa, time_stamp, tipo_lance, descricao) VALUES(40, 251, '0:37:21', 'DEFESA', 'Defesa de Domagoj Vida!');
INSERT INTO lance (id_partida, id_pessoa, time_stamp, tipo_lance, descricao) VALUES(40, 251, '0:37:29', 'FALTA', 'Falta de Vidar Örn Kjartansson em Ivan Strinic!');
INSERT INTO lance (id_partida, id_pessoa, time_stamp, tipo_lance, descricao) VALUES(40, 255, '0:37:29', 'SOFREU FALTA', 'Ivan Strinic sofre falta de Vidar Örn Kjartansson!');
INSERT INTO lance (id_partida, id_pessoa, time_stamp, tipo_lance, descricao) VALUES(40, 251, '0:37:29', 'CARTAO AMARELO', 'Vidar Örn Kjartansson ganhou um cartão amarelo!');
INSERT INTO lance (id_partida, id_pessoa, time_stamp, tipo_lance, descricao) VALUES(40, 243, '0:40:4', 'FALTA', 'Falta de Birkir Bjarnason em Mario Mandzukic!');
INSERT INTO lance (id_partida, id_pessoa, time_stamp, tipo_lance, descricao) VALUES(40, 269, '0:40:4', 'SOFREU FALTA', 'Mario Mandzukic sofre falta de Birkir Bjarnason!');
INSERT INTO lance (id_partida, id_pessoa, time_stamp, tipo_lance, descricao) VALUES(40, 246, '0:40:34', 'FALTA', 'Falta de Arnór Ingvi Traustason em Marko Rog!');
INSERT INTO lance (id_partida, id_pessoa, time_stamp, tipo_lance, descricao) VALUES(40, 263, '0:40:34', 'SOFREU FALTA', 'Marko Rog sofre falta de Arnór Ingvi Traustason!');
INSERT INTO lance (id_partida, id_pessoa, time_stamp, tipo_lance, descricao) VALUES(40, 247, '0:42:6', 'DEFESA', 'Defesa de Domagoj Vida!');
INSERT INTO lance (id_partida, id_pessoa, time_stamp, tipo_lance, descricao) VALUES(40, 249, '0:43:41', 'FALTA', 'Falta de Alfred Finnbogason em Marko Rog!');
INSERT INTO lance (id_partida, id_pessoa, time_stamp, tipo_lance, descricao) VALUES(40, 263, '0:43:41', 'SOFREU FALTA', 'Marko Rog sofre falta de Alfred Finnbogason!');
INSERT INTO lance (id_partida, id_pessoa, time_stamp, tipo_lance, descricao) VALUES(40, 250, '0:44:47', 'FALTA', 'Falta de Jón Dadi Bödvarsson em Ivan Strinic!');
INSERT INTO lance (id_partida, id_pessoa, time_stamp, tipo_lance, descricao) VALUES(40, 255, '0:44:47', 'SOFREU FALTA', 'Ivan Strinic sofre falta de Jón Dadi Bödvarsson!');
INSERT INTO lance (id_partida, id_pessoa, time_stamp, tipo_lance, descricao) VALUES(40, 262, '0:46:26', 'FALTA', 'Falta de Marcelo Brozovic em Björn Sigurdarson!');
INSERT INTO lance (id_partida, id_pessoa, time_stamp, tipo_lance, descricao) VALUES(40, 252, '0:46:26', 'SOFREU FALTA', 'Björn Sigurdarson sofre falta de Marcelo Brozovic!');
INSERT INTO lance (id_partida, id_pessoa, time_stamp, tipo_lance, descricao) VALUES(40, 248, '0:50:43', 'DEFESA', 'Defesa de Domagoj Vida!');
INSERT INTO lance (id_partida, id_pessoa, time_stamp, tipo_lance, descricao) VALUES(40, 249, '0:52:5', 'FALTA', 'Falta de Alfred Finnbogason em Marko Rog!');
INSERT INTO lance (id_partida, id_pessoa, time_stamp, tipo_lance, descricao) VALUES(40, 263, '0:52:5', 'SOFREU FALTA', 'Marko Rog sofre falta de Alfred Finnbogason!');
INSERT INTO lance (id_partida, id_pessoa, time_stamp, tipo_lance, descricao) VALUES(40, 250, '0:54:35', 'SUBSTITUICAO', 'Sai Jón Dadi Bödvarsson!');
INSERT INTO lance (id_partida, id_pessoa, time_stamp, tipo_lance, descricao) VALUES(40, 238, '0:54:35', 'SUBSTITUICAO', 'Entra Kári Árnason!');
INSERT INTO lance (id_partida, id_pessoa, time_stamp, tipo_lance, descricao) VALUES(40, 262, '0:56:17', 'SUBSTITUICAO', 'Sai Marcelo Brozovic!');
INSERT INTO lance (id_partida, id_pessoa, time_stamp, tipo_lance, descricao) VALUES(40, 270, '0:56:17', 'SUBSTITUICAO', 'Entra Ivan Perisic!');
INSERT INTO lance (id_partida, id_pessoa, time_stamp, tipo_lance, descricao) VALUES(40, 246, '0:57:28', 'DEFESA', 'Defesa de Domagoj Vida!');
INSERT INTO lance (id_partida, id_pessoa, time_stamp, tipo_lance, descricao) VALUES(40, 243, '0:57:56', 'DEFESA', 'Defesa de Domagoj Vida!');
INSERT INTO lance (id_partida, id_pessoa, time_stamp, tipo_lance, descricao) VALUES(40, 247, '0:59:23', 'DEFESA', 'Defesa de Domagoj Vida!');
INSERT INTO lance (id_partida, id_pessoa, time_stamp, tipo_lance, descricao) VALUES(40, 249, '1:3:57', 'SUBSTITUICAO', 'Sai Alfred Finnbogason!');
INSERT INTO lance (id_partida, id_pessoa, time_stamp, tipo_lance, descricao) VALUES(40, 250, '1:3:57', 'SUBSTITUICAO', 'Entra Jón Dadi Bödvarsson!');
INSERT INTO lance (id_partida, id_pessoa, time_stamp, tipo_lance, descricao) VALUES(40, 266, '1:4:22', 'FALTA', 'Falta de Mateo Kovacic em Björn Sigurdarson!');
INSERT INTO lance (id_partida, id_pessoa, time_stamp, tipo_lance, descricao) VALUES(40, 252, '1:4:22', 'SOFREU FALTA', 'Björn Sigurdarson sofre falta de Mateo Kovacic!');
INSERT INTO lance (id_partida, id_pessoa, time_stamp, tipo_lance, descricao) VALUES(40, 248, '1:4:34', 'DEFESA', 'Defesa de Domagoj Vida!');
INSERT INTO lance (id_partida, id_pessoa, time_stamp, tipo_lance, descricao) VALUES(40, 235, '1:9:51', 'DEFESA', 'Defesa de Domagoj Vida!');
INSERT INTO lance (id_partida, id_pessoa, time_stamp, tipo_lance, descricao) VALUES(40, 265, '1:12:13', 'DEFESA', 'Defesa de Domagoj Vida!');
INSERT INTO lance (id_partida, id_pessoa, time_stamp, tipo_lance, descricao) VALUES(40, 248, '1:13:11', 'FALTA', 'Falta de Johann Gudmundsson em Mateo Kovacic!');
INSERT INTO lance (id_partida, id_pessoa, time_stamp, tipo_lance, descricao) VALUES(40, 266, '1:13:11', 'SOFREU FALTA', 'Mateo Kovacic sofre falta de Johann Gudmundsson!');
INSERT INTO lance (id_partida, id_pessoa, time_stamp, tipo_lance, descricao) VALUES(40, 238, '1:13:26', 'FALTA', 'Falta de Kári Árnason em Mario Pasalic!');
INSERT INTO lance (id_partida, id_pessoa, time_stamp, tipo_lance, descricao) VALUES(40, 264, '1:13:26', 'SOFREU FALTA', 'Mario Pasalic sofre falta de Kári Árnason!');
INSERT INTO lance (id_partida, id_pessoa, time_stamp, tipo_lance, descricao) VALUES(40, 252, '1:15:54', 'FALTA', 'Falta de Björn Sigurdarson em Nikola Kalinic!');
INSERT INTO lance (id_partida, id_pessoa, time_stamp, tipo_lance, descricao) VALUES(40, 268, '1:15:54', 'SOFREU FALTA', 'Nikola Kalinic sofre falta de Björn Sigurdarson!');
INSERT INTO lance (id_partida, id_pessoa, time_stamp, tipo_lance, descricao) VALUES(40, 261, '1:16:23', 'DEFESA', 'Defesa de Domagoj Vida!');
INSERT INTO lance (id_partida, id_pessoa, time_stamp, tipo_lance, descricao) VALUES(40, 243, '1:17:14', 'FALTA', 'Falta de Birkir Bjarnason em Nikola Kalinic!');
INSERT INTO lance (id_partida, id_pessoa, time_stamp, tipo_lance, descricao) VALUES(40, 268, '1:17:14', 'SOFREU FALTA', 'Nikola Kalinic sofre falta de Birkir Bjarnason!');
INSERT INTO lance (id_partida, id_pessoa, time_stamp, tipo_lance, descricao) VALUES(40, 268, '1:19:57', 'FALTA', 'Falta de Nikola Kalinic em Hannes Halldórsson!');
INSERT INTO lance (id_partida, id_pessoa, time_stamp, tipo_lance, descricao) VALUES(40, 235, '1:19:57', 'SOFREU FALTA', 'Hannes Halldórsson sofre falta de Nikola Kalinic!');
INSERT INTO lance (id_partida, id_pessoa, time_stamp, tipo_lance, descricao) VALUES(40, 248, '1:20:14', 'DEFESA', 'Defesa de Domagoj Vida!');
INSERT INTO lance (id_partida, id_pessoa, time_stamp, tipo_lance, descricao) VALUES(40, 245, '1:21:56', 'SUBSTITUICAO', 'Sai Gylfi Sigurdsson!');
INSERT INTO lance (id_partida, id_pessoa, time_stamp, tipo_lance, descricao) VALUES(40, 239, '1:21:56', 'SUBSTITUICAO', 'Entra Ari Skúlason!');
INSERT INTO lance (id_partida, id_pessoa, time_stamp, tipo_lance, descricao) VALUES(40, 255, '1:23:39', 'FALTA', 'Falta de Ivan Strinic em Rúrik Gíslason!');
INSERT INTO lance (id_partida, id_pessoa, time_stamp, tipo_lance, descricao) VALUES(40, 247, '1:23:39', 'SOFREU FALTA', 'Rúrik Gíslason sofre falta de Ivan Strinic!');
INSERT INTO lance (id_partida, id_pessoa, time_stamp, tipo_lance, descricao) VALUES(40, 264, '1:25:22', 'FALTA', 'Falta de Mario Pasalic em Birkir Bjarnason!');
INSERT INTO lance (id_partida, id_pessoa, time_stamp, tipo_lance, descricao) VALUES(40, 243, '1:25:22', 'SOFREU FALTA', 'Birkir Bjarnason sofre falta de Mario Pasalic!');
INSERT INTO lance (id_partida, id_pessoa, time_stamp, tipo_lance, descricao) VALUES(40, 264, '1:27:32', 'FALTA', 'Falta de Mario Pasalic em Björn Sigurdarson!');
INSERT INTO lance (id_partida, id_pessoa, time_stamp, tipo_lance, descricao) VALUES(40, 252, '1:27:32', 'SOFREU FALTA', 'Björn Sigurdarson sofre falta de Mario Pasalic!');
INSERT INTO lance (id_partida, id_pessoa, time_stamp, tipo_lance, descricao) VALUES(40, 247, '1:28:7', 'GOL', 'Gol de Rúrik Gíslason!');
INSERT INTO lance (id_partida, id_pessoa, time_stamp, tipo_lance, descricao) VALUES(40, 251, '1:28:28', 'DEFESA', 'Defesa de Domagoj Vida!');
INSERT INTO lance (id_partida, id_pessoa, time_stamp, tipo_lance, descricao) VALUES(40, 242, '1:28:34', 'DEFESA', 'Defesa de Domagoj Vida!');
INSERT INTO lance (id_partida, id_pessoa, time_stamp, tipo_lance, descricao) VALUES(40, 263, '1:28:55', 'DEFESA', 'Defesa de Domagoj Vida!');
INSERT INTO lance (id_partida, id_pessoa, time_stamp, tipo_lance, descricao) VALUES(40, 238, '1:29:11', 'FALTA', 'Falta de Kári Árnason em Marko Rog!');
INSERT INTO lance (id_partida, id_pessoa, time_stamp, tipo_lance, descricao) VALUES(40, 263, '1:29:11', 'SOFREU FALTA', 'Marko Rog sofre falta de Kári Árnason!');
INSERT INTO apita (id_partida, id_pessoa) VALUES(41, 657);
INSERT INTO apita (id_partida, id_pessoa) VALUES(41, 634);
INSERT INTO apita (id_partida, id_pessoa) VALUES(41, 669);
INSERT INTO deslocamento (codigo_pais, id_partida, itinerario, descricao_da_escolta) VALUES('GER', 41, 'SI02RDOAJ0XIAZ3QTHBXZP3V86VM4OQ1W8M4HY11E1D9I3L404MFQCMCPE4VR', 'F4J5WBN8J5QKS8M3MEU1VACLLUWKOC3FJDVI0MHJR2URZGTOZW10A0P');
INSERT INTO deslocamento (codigo_pais, id_partida, itinerario, descricao_da_escolta) VALUES('KOR', 41, '28UCPCTHBKAPMEDA6LJ3PUVEAHU2KDFTYPP11F4OINPPGEBVS13ZRV0IMQBHS167FR06YLI0Q4UCFG85', '9JTKPBDZHPLDW6RQRJZOF6GSCIXAYCGSFCTRNXZPXGQ67W47DVX6JRACCAHGOCBEJ37UN9C4TJ18QKUPN');
INSERT INTO lance (id_partida, id_pessoa, time_stamp, tipo_lance, descricao) VALUES(41, 657, '0:45:0', 'FIM DO PRIMEIRO TEMPO', 'Juiz Bidwell apita o fim do primeiro tempo!');
INSERT INTO lance (id_partida, id_pessoa, time_stamp, tipo_lance, descricao) VALUES(41, 657, '1:30:0', 'FIM DO JOGO', 'Juiz Bidwell apita o fim do jogo!');
INSERT INTO lance (id_partida, id_pessoa, time_stamp, tipo_lance, descricao) VALUES(41, 431, '0:2:9', 'FALTA', 'Falta de Kim Shinwook em Mario Götze!');
INSERT INTO lance (id_partida, id_pessoa, time_stamp, tipo_lance, descricao) VALUES(41, 376, '0:2:9', 'SOFREU FALTA', 'Mario Götze sofre falta de Kim Shinwook!');
INSERT INTO lance (id_partida, id_pessoa, time_stamp, tipo_lance, descricao) VALUES(41, 429, '0:2:36', 'FALTA', 'Falta de Son Heungmin em Toni Kroos!');
INSERT INTO lance (id_partida, id_pessoa, time_stamp, tipo_lance, descricao) VALUES(41, 368, '0:2:36', 'SOFREU FALTA', 'Toni Kroos sofre falta de Son Heungmin!');
INSERT INTO lance (id_partida, id_pessoa, time_stamp, tipo_lance, descricao) VALUES(41, 374, '0:3:27', 'FALTA', 'Falta de Mesut Özil em Lee Jaesung!');
INSERT INTO lance (id_partida, id_pessoa, time_stamp, tipo_lance, descricao) VALUES(41, 428, '0:3:27', 'SOFREU FALTA', 'Lee Jaesung sofre falta de Mesut Özil!');
INSERT INTO lance (id_partida, id_pessoa, time_stamp, tipo_lance, descricao) VALUES(41, 373, '0:5:44', 'SUBSTITUICAO', 'Sai Leroy Sané!');
INSERT INTO lance (id_partida, id_pessoa, time_stamp, tipo_lance, descricao) VALUES(41, 363, '0:5:44', 'SUBSTITUICAO', 'Entra Antonio Rüdiger!');
INSERT INTO lance (id_partida, id_pessoa, time_stamp, tipo_lance, descricao) VALUES(41, 378, '0:10:53', 'FALTA', 'Falta de Timo Werner em Ki Sungyueng!');
INSERT INTO lance (id_partida, id_pessoa, time_stamp, tipo_lance, descricao) VALUES(41, 423, '0:10:53', 'SOFREU FALTA', 'Ki Sungyueng sofre falta de Timo Werner!');
INSERT INTO lance (id_partida, id_pessoa, time_stamp, tipo_lance, descricao) VALUES(41, 423, '0:12:56', 'DEFESA', 'Defesa de Joshua Kimmich!');
INSERT INTO lance (id_partida, id_pessoa, time_stamp, tipo_lance, descricao) VALUES(41, 432, '0:13:24', 'FALTA', 'Falta de Hwang Heechan em Sami Khedira!');
INSERT INTO lance (id_partida, id_pessoa, time_stamp, tipo_lance, descricao) VALUES(41, 375, '0:13:24', 'SOFREU FALTA', 'Sami Khedira sofre falta de Hwang Heechan!');
INSERT INTO lance (id_partida, id_pessoa, time_stamp, tipo_lance, descricao) VALUES(41, 432, '0:14:37', 'FALTA', 'Falta de Hwang Heechan em Emre Can!');
INSERT INTO lance (id_partida, id_pessoa, time_stamp, tipo_lance, descricao) VALUES(41, 369, '0:14:37', 'SOFREU FALTA', 'Emre Can sofre falta de Hwang Heechan!');
INSERT INTO lance (id_partida, id_pessoa, time_stamp, tipo_lance, descricao) VALUES(41, 431, '0:14:50', 'FALTA', 'Falta de Kim Shinwook em Leon Goretzka!');
INSERT INTO lance (id_partida, id_pessoa, time_stamp, tipo_lance, descricao) VALUES(41, 370, '0:14:50', 'SOFREU FALTA', 'Leon Goretzka sofre falta de Kim Shinwook!');
INSERT INTO lance (id_partida, id_pessoa, time_stamp, tipo_lance, descricao) VALUES(41, 372, '0:17:37', 'SUBSTITUICAO', 'Sai Sebastian Rudy!');
INSERT INTO lance (id_partida, id_pessoa, time_stamp, tipo_lance, descricao) VALUES(41, 361, '0:17:37', 'SUBSTITUICAO', 'Entra Manuel Neuer!');
INSERT INTO lance (id_partida, id_pessoa, time_stamp, tipo_lance, descricao) VALUES(41, 378, '0:17:38', 'GOL', 'Gol de Timo Werner!');
INSERT INTO lance (id_partida, id_pessoa, time_stamp, tipo_lance, descricao) VALUES(41, 371, '0:17:41', 'FALTA', 'Falta de Julian Brandt em Ji Dongwon!');
INSERT INTO lance (id_partida, id_pessoa, time_stamp, tipo_lance, descricao) VALUES(41, 430, '0:17:41', 'SOFREU FALTA', 'Ji Dongwon sofre falta de Julian Brandt!');
INSERT INTO lance (id_partida, id_pessoa, time_stamp, tipo_lance, descricao) VALUES(41, 368, '0:19:1', 'DEFESA', 'Defesa de Joshua Kimmich!');
INSERT INTO lance (id_partida, id_pessoa, time_stamp, tipo_lance, descricao) VALUES(41, 363, '0:19:29', 'FALTA', 'Falta de Antonio Rüdiger em Lee Jaesung!');
INSERT INTO lance (id_partida, id_pessoa, time_stamp, tipo_lance, descricao) VALUES(41, 428, '0:19:29', 'SOFREU FALTA', 'Lee Jaesung sofre falta de Antonio Rüdiger!');
INSERT INTO lance (id_partida, id_pessoa, time_stamp, tipo_lance, descricao) VALUES(41, 363, '0:19:29', 'CARTAO AMARELO', 'Antonio Rüdiger ganhou um cartão amarelo!');
INSERT INTO lance (id_partida, id_pessoa, time_stamp, tipo_lance, descricao) VALUES(41, 375, '0:20:36', 'FALTA', 'Falta de Sami Khedira em Son Heungmin!');
INSERT INTO lance (id_partida, id_pessoa, time_stamp, tipo_lance, descricao) VALUES(41, 429, '0:20:36', 'SOFREU FALTA', 'Son Heungmin sofre falta de Sami Khedira!');
INSERT INTO lance (id_partida, id_pessoa, time_stamp, tipo_lance, descricao) VALUES(41, 370, '0:24:11', 'FALTA', 'Falta de Leon Goretzka em Lee Chungyoung!');
INSERT INTO lance (id_partida, id_pessoa, time_stamp, tipo_lance, descricao) VALUES(41, 426, '0:24:11', 'SOFREU FALTA', 'Lee Chungyoung sofre falta de Leon Goretzka!');
INSERT INTO lance (id_partida, id_pessoa, time_stamp, tipo_lance, descricao) VALUES(41, 374, '0:24:13', 'FALTA', 'Falta de Mesut Özil em Hwang Heechan!');
INSERT INTO lance (id_partida, id_pessoa, time_stamp, tipo_lance, descricao) VALUES(41, 432, '0:24:13', 'SOFREU FALTA', 'Hwang Heechan sofre falta de Mesut Özil!');
INSERT INTO lance (id_partida, id_pessoa, time_stamp, tipo_lance, descricao) VALUES(41, 429, '0:27:16', 'FALTA', 'Falta de Son Heungmin em Julian Brandt!');
INSERT INTO lance (id_partida, id_pessoa, time_stamp, tipo_lance, descricao) VALUES(41, 371, '0:27:16', 'SOFREU FALTA', 'Julian Brandt sofre falta de Son Heungmin!');
INSERT INTO lance (id_partida, id_pessoa, time_stamp, tipo_lance, descricao) VALUES(41, 363, '0:29:22', 'FALTA', 'Falta de Antonio Rüdiger em Hwang Heechan!');
INSERT INTO lance (id_partida, id_pessoa, time_stamp, tipo_lance, descricao) VALUES(41, 432, '0:29:22', 'SOFREU FALTA', 'Hwang Heechan sofre falta de Antonio Rüdiger!');
INSERT INTO lance (id_partida, id_pessoa, time_stamp, tipo_lance, descricao) VALUES(41, 368, '0:31:10', 'FALTA', 'Falta de Toni Kroos em Ki Sungyueng!');
INSERT INTO lance (id_partida, id_pessoa, time_stamp, tipo_lance, descricao) VALUES(41, 423, '0:31:10', 'SOFREU FALTA', 'Ki Sungyueng sofre falta de Toni Kroos!');
INSERT INTO lance (id_partida, id_pessoa, time_stamp, tipo_lance, descricao) VALUES(41, 426, '0:31:47', 'DEFESA', 'Defesa de Joshua Kimmich!');
INSERT INTO lance (id_partida, id_pessoa, time_stamp, tipo_lance, descricao) VALUES(41, 363, '0:34:50', 'SUBSTITUICAO', 'Sai Antonio Rüdiger!');
INSERT INTO lance (id_partida, id_pessoa, time_stamp, tipo_lance, descricao) VALUES(41, 366, '0:34:50', 'SUBSTITUICAO', 'Entra Jonas Hector!');
INSERT INTO lance (id_partida, id_pessoa, time_stamp, tipo_lance, descricao) VALUES(41, 423, '0:35:37', 'FALTA', 'Falta de Ki Sungyueng em Mario Götze!');
INSERT INTO lance (id_partida, id_pessoa, time_stamp, tipo_lance, descricao) VALUES(41, 376, '0:35:37', 'SOFREU FALTA', 'Mario Götze sofre falta de Ki Sungyueng!');
INSERT INTO lance (id_partida, id_pessoa, time_stamp, tipo_lance, descricao) VALUES(41, 369, '0:38:33', 'DEFESA', 'Defesa de Joshua Kimmich!');
INSERT INTO lance (id_partida, id_pessoa, time_stamp, tipo_lance, descricao) VALUES(41, 425, '0:39:30', 'GOL', 'Gol de Han Kookyoung!');
INSERT INTO lance (id_partida, id_pessoa, time_stamp, tipo_lance, descricao) VALUES(41, 431, '0:40:31', 'DEFESA', 'Defesa de Joshua Kimmich!');
INSERT INTO lance (id_partida, id_pessoa, time_stamp, tipo_lance, descricao) VALUES(41, 361, '0:44:15', 'SUBSTITUICAO', 'Sai Manuel Neuer!');
INSERT INTO lance (id_partida, id_pessoa, time_stamp, tipo_lance, descricao) VALUES(41, 363, '0:44:15', 'SUBSTITUICAO', 'Entra Antonio Rüdiger!');
INSERT INTO lance (id_partida, id_pessoa, time_stamp, tipo_lance, descricao) VALUES(41, 426, '0:44:26', 'FALTA', 'Falta de Lee Chungyoung em Mario Götze!');
INSERT INTO lance (id_partida, id_pessoa, time_stamp, tipo_lance, descricao) VALUES(41, 376, '0:44:26', 'SOFREU FALTA', 'Mario Götze sofre falta de Lee Chungyoung!');
INSERT INTO lance (id_partida, id_pessoa, time_stamp, tipo_lance, descricao) VALUES(41, 425, '0:49:41', 'FALTA', 'Falta de Han Kookyoung em Leon Goretzka!');
INSERT INTO lance (id_partida, id_pessoa, time_stamp, tipo_lance, descricao) VALUES(41, 370, '0:49:41', 'SOFREU FALTA', 'Leon Goretzka sofre falta de Han Kookyoung!');
INSERT INTO lance (id_partida, id_pessoa, time_stamp, tipo_lance, descricao) VALUES(41, 370, '0:49:49', 'DEFESA', 'Defesa de Joshua Kimmich!');
INSERT INTO lance (id_partida, id_pessoa, time_stamp, tipo_lance, descricao) VALUES(41, 363, '0:50:3', 'FALTA', 'Falta de Antonio Rüdiger em Ji Dongwon!');
INSERT INTO lance (id_partida, id_pessoa, time_stamp, tipo_lance, descricao) VALUES(41, 430, '0:50:3', 'SOFREU FALTA', 'Ji Dongwon sofre falta de Antonio Rüdiger!');
INSERT INTO lance (id_partida, id_pessoa, time_stamp, tipo_lance, descricao) VALUES(41, 431, '0:50:38', 'FALTA', 'Falta de Kim Shinwook em Timo Werner!');
INSERT INTO lance (id_partida, id_pessoa, time_stamp, tipo_lance, descricao) VALUES(41, 378, '0:50:38', 'SOFREU FALTA', 'Timo Werner sofre falta de Kim Shinwook!');
INSERT INTO lance (id_partida, id_pessoa, time_stamp, tipo_lance, descricao) VALUES(41, 369, '0:53:28', 'FALTA', 'Falta de Emre Can em Kwon Changhoon!');
INSERT INTO lance (id_partida, id_pessoa, time_stamp, tipo_lance, descricao) VALUES(41, 422, '0:53:28', 'SOFREU FALTA', 'Kwon Changhoon sofre falta de Emre Can!');
INSERT INTO lance (id_partida, id_pessoa, time_stamp, tipo_lance, descricao) VALUES(41, 378, '0:53:36', 'DEFESA', 'Defesa de Joshua Kimmich!');
INSERT INTO lance (id_partida, id_pessoa, time_stamp, tipo_lance, descricao) VALUES(41, 366, '0:53:49', 'FALTA', 'Falta de Jonas Hector em Ji Dongwon!');
INSERT INTO lance (id_partida, id_pessoa, time_stamp, tipo_lance, descricao) VALUES(41, 430, '0:53:49', 'SOFREU FALTA', 'Ji Dongwon sofre falta de Jonas Hector!');
INSERT INTO lance (id_partida, id_pessoa, time_stamp, tipo_lance, descricao) VALUES(41, 377, '0:56:44', 'DEFESA', 'Defesa de Joshua Kimmich!');
INSERT INTO lance (id_partida, id_pessoa, time_stamp, tipo_lance, descricao) VALUES(41, 430, '0:56:55', 'DEFESA', 'Defesa de Joshua Kimmich!');
INSERT INTO lance (id_partida, id_pessoa, time_stamp, tipo_lance, descricao) VALUES(41, 368, '0:57:45', 'FALTA', 'Falta de Toni Kroos em Han Kookyoung!');
INSERT INTO lance (id_partida, id_pessoa, time_stamp, tipo_lance, descricao) VALUES(41, 425, '0:57:45', 'SOFREU FALTA', 'Han Kookyoung sofre falta de Toni Kroos!');
INSERT INTO lance (id_partida, id_pessoa, time_stamp, tipo_lance, descricao) VALUES(41, 426, '1:1:51', 'FALTA', 'Falta de Lee Chungyoung em Sami Khedira!');
INSERT INTO lance (id_partida, id_pessoa, time_stamp, tipo_lance, descricao) VALUES(41, 375, '1:1:51', 'SOFREU FALTA', 'Sami Khedira sofre falta de Lee Chungyoung!');
INSERT INTO lance (id_partida, id_pessoa, time_stamp, tipo_lance, descricao) VALUES(41, 429, '1:3:23', 'FALTA', 'Falta de Son Heungmin em Emre Can!');
INSERT INTO lance (id_partida, id_pessoa, time_stamp, tipo_lance, descricao) VALUES(41, 369, '1:3:23', 'SOFREU FALTA', 'Emre Can sofre falta de Son Heungmin!');
INSERT INTO lance (id_partida, id_pessoa, time_stamp, tipo_lance, descricao) VALUES(41, 431, '1:4:14', 'FALTA', 'Falta de Kim Shinwook em Timo Werner!');
INSERT INTO lance (id_partida, id_pessoa, time_stamp, tipo_lance, descricao) VALUES(41, 378, '1:4:14', 'SOFREU FALTA', 'Timo Werner sofre falta de Kim Shinwook!');
INSERT INTO lance (id_partida, id_pessoa, time_stamp, tipo_lance, descricao) VALUES(41, 428, '1:5:8', 'FALTA', 'Falta de Lee Jaesung em Leon Goretzka!');
INSERT INTO lance (id_partida, id_pessoa, time_stamp, tipo_lance, descricao) VALUES(41, 370, '1:5:8', 'SOFREU FALTA', 'Leon Goretzka sofre falta de Lee Jaesung!');
INSERT INTO lance (id_partida, id_pessoa, time_stamp, tipo_lance, descricao) VALUES(41, 422, '1:6:31', 'FALTA', 'Falta de Kwon Changhoon em Mario Götze!');
INSERT INTO lance (id_partida, id_pessoa, time_stamp, tipo_lance, descricao) VALUES(41, 376, '1:6:31', 'SOFREU FALTA', 'Mario Götze sofre falta de Kwon Changhoon!');
INSERT INTO lance (id_partida, id_pessoa, time_stamp, tipo_lance, descricao) VALUES(41, 375, '1:7:36', 'FALTA', 'Falta de Sami Khedira em Hwang Heechan!');
INSERT INTO lance (id_partida, id_pessoa, time_stamp, tipo_lance, descricao) VALUES(41, 432, '1:7:36', 'SOFREU FALTA', 'Hwang Heechan sofre falta de Sami Khedira!');
INSERT INTO lance (id_partida, id_pessoa, time_stamp, tipo_lance, descricao) VALUES(41, 371, '1:8:47', 'FALTA', 'Falta de Julian Brandt em Son Heungmin!');
INSERT INTO lance (id_partida, id_pessoa, time_stamp, tipo_lance, descricao) VALUES(41, 429, '1:8:47', 'SOFREU FALTA', 'Son Heungmin sofre falta de Julian Brandt!');
INSERT INTO lance (id_partida, id_pessoa, time_stamp, tipo_lance, descricao) VALUES(41, 422, '1:9:9', 'FALTA', 'Falta de Kwon Changhoon em Mesut Özil!');
INSERT INTO lance (id_partida, id_pessoa, time_stamp, tipo_lance, descricao) VALUES(41, 374, '1:9:9', 'SOFREU FALTA', 'Mesut Özil sofre falta de Kwon Changhoon!');
INSERT INTO lance (id_partida, id_pessoa, time_stamp, tipo_lance, descricao) VALUES(41, 422, '1:10:24', 'DEFESA', 'Defesa de Joshua Kimmich!');
INSERT INTO lance (id_partida, id_pessoa, time_stamp, tipo_lance, descricao) VALUES(41, 426, '1:10:53', 'GOL', 'Gol de Lee Chungyoung!');
INSERT INTO lance (id_partida, id_pessoa, time_stamp, tipo_lance, descricao) VALUES(41, 377, '1:11:45', 'GOL', 'Gol de Thomas Müller!');
INSERT INTO lance (id_partida, id_pessoa, time_stamp, tipo_lance, descricao) VALUES(41, 378, '1:14:5', 'FALTA', 'Falta de Timo Werner em Son Heungmin!');
INSERT INTO lance (id_partida, id_pessoa, time_stamp, tipo_lance, descricao) VALUES(41, 429, '1:14:5', 'SOFREU FALTA', 'Son Heungmin sofre falta de Timo Werner!');
INSERT INTO lance (id_partida, id_pessoa, time_stamp, tipo_lance, descricao) VALUES(41, 376, '1:14:19', 'FALTA', 'Falta de Mario Götze em Nam Taehee!');
INSERT INTO lance (id_partida, id_pessoa, time_stamp, tipo_lance, descricao) VALUES(41, 424, '1:14:19', 'SOFREU FALTA', 'Nam Taehee sofre falta de Mario Götze!');
INSERT INTO lance (id_partida, id_pessoa, time_stamp, tipo_lance, descricao) VALUES(41, 377, '1:15:41', 'FALTA', 'Falta de Thomas Müller em Ji Dongwon!');
INSERT INTO lance (id_partida, id_pessoa, time_stamp, tipo_lance, descricao) VALUES(41, 430, '1:15:41', 'SOFREU FALTA', 'Ji Dongwon sofre falta de Thomas Müller!');
INSERT INTO lance (id_partida, id_pessoa, time_stamp, tipo_lance, descricao) VALUES(41, 370, '1:16:5', 'FALTA', 'Falta de Leon Goretzka em Kwon Changhoon!');
INSERT INTO lance (id_partida, id_pessoa, time_stamp, tipo_lance, descricao) VALUES(41, 422, '1:16:5', 'SOFREU FALTA', 'Kwon Changhoon sofre falta de Leon Goretzka!');
INSERT INTO lance (id_partida, id_pessoa, time_stamp, tipo_lance, descricao) VALUES(41, 377, '1:18:22', 'FALTA', 'Falta de Thomas Müller em Kwon Changhoon!');
INSERT INTO lance (id_partida, id_pessoa, time_stamp, tipo_lance, descricao) VALUES(41, 422, '1:18:22', 'SOFREU FALTA', 'Kwon Changhoon sofre falta de Thomas Müller!');
INSERT INTO lance (id_partida, id_pessoa, time_stamp, tipo_lance, descricao) VALUES(41, 430, '1:19:50', 'FALTA', 'Falta de Ji Dongwon em Timo Werner!');
INSERT INTO lance (id_partida, id_pessoa, time_stamp, tipo_lance, descricao) VALUES(41, 378, '1:19:50', 'SOFREU FALTA', 'Timo Werner sofre falta de Ji Dongwon!');
INSERT INTO lance (id_partida, id_pessoa, time_stamp, tipo_lance, descricao) VALUES(41, 429, '1:22:16', 'SUBSTITUICAO', 'Sai Son Heungmin!');
INSERT INTO lance (id_partida, id_pessoa, time_stamp, tipo_lance, descricao) VALUES(41, 417, '1:22:16', 'SUBSTITUICAO', 'Entra Kim Jinsu!');
INSERT INTO lance (id_partida, id_pessoa, time_stamp, tipo_lance, descricao) VALUES(41, 432, '1:25:19', 'FALTA', 'Falta de Hwang Heechan em Toni Kroos!');
INSERT INTO lance (id_partida, id_pessoa, time_stamp, tipo_lance, descricao) VALUES(41, 368, '1:25:19', 'SOFREU FALTA', 'Toni Kroos sofre falta de Hwang Heechan!');
INSERT INTO lance (id_partida, id_pessoa, time_stamp, tipo_lance, descricao) VALUES(41, 432, '1:27:1', 'FALTA', 'Falta de Hwang Heechan em Thomas Müller!');
INSERT INTO lance (id_partida, id_pessoa, time_stamp, tipo_lance, descricao) VALUES(41, 377, '1:27:1', 'SOFREU FALTA', 'Thomas Müller sofre falta de Hwang Heechan!');
INSERT INTO lance (id_partida, id_pessoa, time_stamp, tipo_lance, descricao) VALUES(41, 378, '1:29:18', 'FALTA', 'Falta de Timo Werner em Jung Wooyoung!');
INSERT INTO lance (id_partida, id_pessoa, time_stamp, tipo_lance, descricao) VALUES(41, 427, '1:29:18', 'SOFREU FALTA', 'Jung Wooyoung sofre falta de Timo Werner!');
INSERT INTO lance (id_partida, id_pessoa, time_stamp, tipo_lance, descricao) VALUES(41, 363, '1:29:42', 'FALTA', 'Falta de Antonio Rüdiger em Kim Jinsu!');
INSERT INTO lance (id_partida, id_pessoa, time_stamp, tipo_lance, descricao) VALUES(41, 417, '1:29:42', 'SOFREU FALTA', 'Kim Jinsu sofre falta de Antonio Rüdiger!');
INSERT INTO apita (id_partida, id_pessoa) VALUES(42, 687);
INSERT INTO apita (id_partida, id_pessoa) VALUES(42, 618);
INSERT INTO apita (id_partida, id_pessoa) VALUES(42, 629);
INSERT INTO deslocamento (codigo_pais, id_partida, itinerario, descricao_da_escolta) VALUES('MEX', 42, '5VSAW53W48J1X4RET9XU0K4IP6YE0T7ZDUZ7MOCNWH3RH5US6W4UZOXU1KV0GZ5KBUYCFT2E6K7SQNAULFIEYMAY7EGB3MG7MSPXGSNM4ZXPREENKBPAQ0WZT9', 'AN0LUDAF77MN225K9YVH2A2116FQW60DHMM8DNDLQ8GQ7YWIVPXA81MAV8TX7TTBHJFPQ6GVVJ034M');
INSERT INTO deslocamento (codigo_pais, id_partida, itinerario, descricao_da_escolta) VALUES('SWE', 42, 'DK75GJZEQAMNF4PO7PFIXSG1YICPZASGJEQN9YN1REZPDTB1F53OYDGUDFH7HJPPRGEANCOJBN1T30XEGKK3GDRF75J4QQUIYJ77OBNDRUMLMW1MSC069WJNY8DS3U2V3S5U300F7HLW0G3KE6LOZYIBAUIQ74J721S31GT1MU81KXWSE2O6IO5EK3UIRJHC7O39XAT7MUBFZQ1N7ZLFQN', 'O5NT7VKKCM5463X5DIQUXM0P3CHL18BVUYPEKRVMBJ823W4TK4H7A2BBE8Z5O9SEKJKHNTUWWDSON8VGHXB60EV1XO9L107C14RTMXG0JVK6JXXFNTX07VNGYST9TJ45GQXTRB4URKXF3YRA038IDHEFQK43DHHA0P03AEYLZDJX8IMABTI0KW28MR');
INSERT INTO lance (id_partida, id_pessoa, time_stamp, tipo_lance, descricao) VALUES(42, 687, '0:45:0', 'FIM DO PRIMEIRO TEMPO', 'Juiz Becke apita o fim do primeiro tempo!');
INSERT INTO lance (id_partida, id_pessoa, time_stamp, tipo_lance, descricao) VALUES(42, 687, '1:30:0', 'FIM DO JOGO', 'Juiz Becke apita o fim do jogo!');
INSERT INTO lance (id_partida, id_pessoa, time_stamp, tipo_lance, descricao) VALUES(42, 407, '0:3:33', 'FALTA', 'Falta de Gustav Svensson em Javier Aquino!');
INSERT INTO lance (id_partida, id_pessoa, time_stamp, tipo_lance, descricao) VALUES(42, 390, '0:3:33', 'SOFREU FALTA', 'Javier Aquino sofre falta de Gustav Svensson!');
INSERT INTO lance (id_partida, id_pessoa, time_stamp, tipo_lance, descricao) VALUES(42, 407, '0:3:33', 'CARTAO AMARELO', 'Gustav Svensson ganhou um cartão amarelo!');
INSERT INTO lance (id_partida, id_pessoa, time_stamp, tipo_lance, descricao) VALUES(42, 409, '0:4:2', 'SUBSTITUICAO', 'Sai Jimmy Durmaz!');
INSERT INTO lance (id_partida, id_pessoa, time_stamp, tipo_lance, descricao) VALUES(42, 397, '0:4:2', 'SUBSTITUICAO', 'Entra Robin Olsen!');
INSERT INTO lance (id_partida, id_pessoa, time_stamp, tipo_lance, descricao) VALUES(42, 412, '0:4:15', 'FALTA', 'Falta de Marcus Berg em Javier Aquino!');
INSERT INTO lance (id_partida, id_pessoa, time_stamp, tipo_lance, descricao) VALUES(42, 390, '0:4:15', 'SOFREU FALTA', 'Javier Aquino sofre falta de Marcus Berg!');
INSERT INTO lance (id_partida, id_pessoa, time_stamp, tipo_lance, descricao) VALUES(42, 412, '0:4:15', 'CARTAO AMARELO', 'Marcus Berg ganhou um cartão amarelo!');
INSERT INTO lance (id_partida, id_pessoa, time_stamp, tipo_lance, descricao) VALUES(42, 395, '0:6:12', 'GOL', 'Gol de Javier Hernández!');
INSERT INTO lance (id_partida, id_pessoa, time_stamp, tipo_lance, descricao) VALUES(42, 397, '0:7:47', 'GOL', 'Gol de Robin Olsen!');
INSERT INTO lance (id_partida, id_pessoa, time_stamp, tipo_lance, descricao) VALUES(42, 405, '0:11:47', 'FALTA', 'Falta de Sebastian Larsson em Oribe Peralta!');
INSERT INTO lance (id_partida, id_pessoa, time_stamp, tipo_lance, descricao) VALUES(42, 396, '0:11:47', 'SOFREU FALTA', 'Oribe Peralta sofre falta de Sebastian Larsson!');
INSERT INTO lance (id_partida, id_pessoa, time_stamp, tipo_lance, descricao) VALUES(42, 414, '0:13:6', 'SUBSTITUICAO', 'Sai Ola Toivonen!');
INSERT INTO lance (id_partida, id_pessoa, time_stamp, tipo_lance, descricao) VALUES(42, 402, '0:13:6', 'SUBSTITUICAO', 'Entra Ludwig Augustinsson!');
INSERT INTO lance (id_partida, id_pessoa, time_stamp, tipo_lance, descricao) VALUES(42, 397, '0:18:47', 'ASSISTENCIA', 'Assistencia de Emil Forsberg!');
INSERT INTO lance (id_partida, id_pessoa, time_stamp, tipo_lance, descricao) VALUES(42, 397, '0:18:47', 'GOL', 'Gol de Robin Olsen!');
INSERT INTO lance (id_partida, id_pessoa, time_stamp, tipo_lance, descricao) VALUES(42, 390, '0:22:3', 'FALTA', 'Falta de Javier Aquino em Marcus Berg!');
INSERT INTO lance (id_partida, id_pessoa, time_stamp, tipo_lance, descricao) VALUES(42, 412, '0:22:3', 'SOFREU FALTA', 'Marcus Berg sofre falta de Javier Aquino!');
INSERT INTO lance (id_partida, id_pessoa, time_stamp, tipo_lance, descricao) VALUES(42, 397, '0:25:44', 'DEFESA', 'Defesa de Jesús Gallardo!');
INSERT INTO lance (id_partida, id_pessoa, time_stamp, tipo_lance, descricao) VALUES(42, 394, '0:27:17', 'FALTA', 'Falta de Carlos Vela em Pontus Jansson!');
INSERT INTO lance (id_partida, id_pessoa, time_stamp, tipo_lance, descricao) VALUES(42, 404, '0:27:17', 'SOFREU FALTA', 'Pontus Jansson sofre falta de Carlos Vela!');
INSERT INTO lance (id_partida, id_pessoa, time_stamp, tipo_lance, descricao) VALUES(42, 392, '0:35:42', 'FALTA', 'Falta de Hirving Lozano em John Guidetti!');
INSERT INTO lance (id_partida, id_pessoa, time_stamp, tipo_lance, descricao) VALUES(42, 413, '0:35:42', 'SOFREU FALTA', 'John Guidetti sofre falta de Hirving Lozano!');
INSERT INTO lance (id_partida, id_pessoa, time_stamp, tipo_lance, descricao) VALUES(42, 405, '0:35:43', 'FALTA', 'Falta de Sebastian Larsson em Giovani dos Santos!');
INSERT INTO lance (id_partida, id_pessoa, time_stamp, tipo_lance, descricao) VALUES(42, 387, '0:35:43', 'SOFREU FALTA', 'Giovani dos Santos sofre falta de Sebastian Larsson!');
INSERT INTO lance (id_partida, id_pessoa, time_stamp, tipo_lance, descricao) VALUES(42, 396, '0:37:47', 'FALTA', 'Falta de Oribe Peralta em Robin Olsen!');
INSERT INTO lance (id_partida, id_pessoa, time_stamp, tipo_lance, descricao) VALUES(42, 397, '0:37:47', 'SOFREU FALTA', 'Robin Olsen sofre falta de Oribe Peralta!');
INSERT INTO lance (id_partida, id_pessoa, time_stamp, tipo_lance, descricao) VALUES(42, 389, '0:39:26', 'FALTA', 'Falta de Héctor Herrera em Gustav Svensson!');
INSERT INTO lance (id_partida, id_pessoa, time_stamp, tipo_lance, descricao) VALUES(42, 407, '0:39:26', 'SOFREU FALTA', 'Gustav Svensson sofre falta de Héctor Herrera!');
INSERT INTO lance (id_partida, id_pessoa, time_stamp, tipo_lance, descricao) VALUES(42, 394, '0:41:11', 'SUBSTITUICAO', 'Sai Carlos Vela!');
INSERT INTO lance (id_partida, id_pessoa, time_stamp, tipo_lance, descricao) VALUES(42, 383, '0:41:11', 'SUBSTITUICAO', 'Entra Jesús Gallardo!');
INSERT INTO lance (id_partida, id_pessoa, time_stamp, tipo_lance, descricao) VALUES(42, 408, '0:42:31', 'FALTA', 'Falta de Viktor Claesson em Jesús Corona!');
INSERT INTO lance (id_partida, id_pessoa, time_stamp, tipo_lance, descricao) VALUES(42, 391, '0:42:31', 'SOFREU FALTA', 'Jesús Corona sofre falta de Viktor Claesson!');
INSERT INTO lance (id_partida, id_pessoa, time_stamp, tipo_lance, descricao) VALUES(42, 383, '0:44:9', 'FALTA', 'Falta de Jesús Gallardo em Viktor Claesson!');
INSERT INTO lance (id_partida, id_pessoa, time_stamp, tipo_lance, descricao) VALUES(42, 408, '0:44:9', 'SOFREU FALTA', 'Viktor Claesson sofre falta de Jesús Gallardo!');
INSERT INTO lance (id_partida, id_pessoa, time_stamp, tipo_lance, descricao) VALUES(42, 395, '0:44:24', 'DEFESA', 'Defesa de Jesús Gallardo!');
INSERT INTO lance (id_partida, id_pessoa, time_stamp, tipo_lance, descricao) VALUES(42, 411, '0:48:3', 'DEFESA', 'Defesa de Jesús Gallardo!');
INSERT INTO lance (id_partida, id_pessoa, time_stamp, tipo_lance, descricao) VALUES(42, 407, '0:50:19', 'DEFESA', 'Defesa de Jesús Gallardo!');
INSERT INTO lance (id_partida, id_pessoa, time_stamp, tipo_lance, descricao) VALUES(42, 387, '0:53:8', 'FALTA', 'Falta de Giovani dos Santos em Ludwig Augustinsson!');
INSERT INTO lance (id_partida, id_pessoa, time_stamp, tipo_lance, descricao) VALUES(42, 402, '0:53:8', 'SOFREU FALTA', 'Ludwig Augustinsson sofre falta de Giovani dos Santos!');
INSERT INTO lance (id_partida, id_pessoa, time_stamp, tipo_lance, descricao) VALUES(42, 389, '0:53:10', 'FALTA', 'Falta de Héctor Herrera em Ludwig Augustinsson!');
INSERT INTO lance (id_partida, id_pessoa, time_stamp, tipo_lance, descricao) VALUES(42, 402, '0:53:10', 'SOFREU FALTA', 'Ludwig Augustinsson sofre falta de Héctor Herrera!');
INSERT INTO lance (id_partida, id_pessoa, time_stamp, tipo_lance, descricao) VALUES(42, 395, '0:54:32', 'FALTA', 'Falta de Javier Hernández em Ludwig Augustinsson!');
INSERT INTO lance (id_partida, id_pessoa, time_stamp, tipo_lance, descricao) VALUES(42, 402, '0:54:32', 'SOFREU FALTA', 'Ludwig Augustinsson sofre falta de Javier Hernández!');
INSERT INTO lance (id_partida, id_pessoa, time_stamp, tipo_lance, descricao) VALUES(42, 397, '0:55:22', 'SUBSTITUICAO', 'Sai Robin Olsen!');
INSERT INTO lance (id_partida, id_pessoa, time_stamp, tipo_lance, descricao) VALUES(42, 409, '0:55:22', 'SUBSTITUICAO', 'Entra Jimmy Durmaz!');
INSERT INTO lance (id_partida, id_pessoa, time_stamp, tipo_lance, descricao) VALUES(42, 413, '0:55:26', 'DEFESA', 'Defesa de Jesús Gallardo!');
INSERT INTO lance (id_partida, id_pessoa, time_stamp, tipo_lance, descricao) VALUES(42, 405, '0:57:33', 'FALTA', 'Falta de Sebastian Larsson em Jesús Gallardo!');
INSERT INTO lance (id_partida, id_pessoa, time_stamp, tipo_lance, descricao) VALUES(42, 383, '0:57:33', 'SOFREU FALTA', 'Jesús Gallardo sofre falta de Sebastian Larsson!');
INSERT INTO lance (id_partida, id_pessoa, time_stamp, tipo_lance, descricao) VALUES(42, 389, '1:1:10', 'DEFESA', 'Defesa de Jesús Gallardo!');
INSERT INTO lance (id_partida, id_pessoa, time_stamp, tipo_lance, descricao) VALUES(42, 406, '1:4:49', 'FALTA', 'Falta de Emil Forsberg em Giovani dos Santos!');
INSERT INTO lance (id_partida, id_pessoa, time_stamp, tipo_lance, descricao) VALUES(42, 387, '1:4:49', 'SOFREU FALTA', 'Giovani dos Santos sofre falta de Emil Forsberg!');
INSERT INTO lance (id_partida, id_pessoa, time_stamp, tipo_lance, descricao) VALUES(42, 390, '1:8:7', 'DEFESA', 'Defesa de Jesús Gallardo!');
INSERT INTO lance (id_partida, id_pessoa, time_stamp, tipo_lance, descricao) VALUES(42, 405, '1:8:16', 'FALTA', 'Falta de Sebastian Larsson em Javier Hernández!');
INSERT INTO lance (id_partida, id_pessoa, time_stamp, tipo_lance, descricao) VALUES(42, 395, '1:8:16', 'SOFREU FALTA', 'Javier Hernández sofre falta de Sebastian Larsson!');
INSERT INTO lance (id_partida, id_pessoa, time_stamp, tipo_lance, descricao) VALUES(42, 404, '1:8:56', 'SUBSTITUICAO', 'Sai Pontus Jansson!');
INSERT INTO lance (id_partida, id_pessoa, time_stamp, tipo_lance, descricao) VALUES(42, 403, '1:8:56', 'SUBSTITUICAO', 'Entra Emil Krafth!');
INSERT INTO lance (id_partida, id_pessoa, time_stamp, tipo_lance, descricao) VALUES(42, 392, '1:9:4', 'FALTA', 'Falta de Hirving Lozano em Sebastian Larsson!');
INSERT INTO lance (id_partida, id_pessoa, time_stamp, tipo_lance, descricao) VALUES(42, 405, '1:9:4', 'SOFREU FALTA', 'Sebastian Larsson sofre falta de Hirving Lozano!');
INSERT INTO lance (id_partida, id_pessoa, time_stamp, tipo_lance, descricao) VALUES(42, 407, '1:17:38', 'FALTA', 'Falta de Gustav Svensson em Hirving Lozano!');
INSERT INTO lance (id_partida, id_pessoa, time_stamp, tipo_lance, descricao) VALUES(42, 392, '1:17:38', 'SOFREU FALTA', 'Hirving Lozano sofre falta de Gustav Svensson!');
INSERT INTO lance (id_partida, id_pessoa, time_stamp, tipo_lance, descricao) VALUES(42, 408, '1:18:19', 'SUBSTITUICAO', 'Sai Viktor Claesson!');
INSERT INTO lance (id_partida, id_pessoa, time_stamp, tipo_lance, descricao) VALUES(42, 414, '1:18:19', 'SUBSTITUICAO', 'Entra Ola Toivonen!');
INSERT INTO lance (id_partida, id_pessoa, time_stamp, tipo_lance, descricao) VALUES(42, 395, '1:20:34', 'FALTA', 'Falta de Javier Hernández em Marcus Berg!');
INSERT INTO lance (id_partida, id_pessoa, time_stamp, tipo_lance, descricao) VALUES(42, 412, '1:20:34', 'SOFREU FALTA', 'Marcus Berg sofre falta de Javier Hernández!');
INSERT INTO lance (id_partida, id_pessoa, time_stamp, tipo_lance, descricao) VALUES(42, 410, '1:22:32', 'FALTA', 'Falta de Albin Ekdal em Raúl Jiménez!');
INSERT INTO lance (id_partida, id_pessoa, time_stamp, tipo_lance, descricao) VALUES(42, 393, '1:22:32', 'SOFREU FALTA', 'Raúl Jiménez sofre falta de Albin Ekdal!');
INSERT INTO lance (id_partida, id_pessoa, time_stamp, tipo_lance, descricao) VALUES(42, 411, '1:23:40', 'DEFESA', 'Defesa de Jesús Gallardo!');
INSERT INTO lance (id_partida, id_pessoa, time_stamp, tipo_lance, descricao) VALUES(42, 396, '1:24:4', 'FALTA', 'Falta de Oribe Peralta em Ola Toivonen!');
INSERT INTO lance (id_partida, id_pessoa, time_stamp, tipo_lance, descricao) VALUES(42, 414, '1:24:4', 'SOFREU FALTA', 'Ola Toivonen sofre falta de Oribe Peralta!');
INSERT INTO lance (id_partida, id_pessoa, time_stamp, tipo_lance, descricao) VALUES(42, 407, '1:24:28', 'DEFESA', 'Defesa de Jesús Gallardo!');
INSERT INTO lance (id_partida, id_pessoa, time_stamp, tipo_lance, descricao) VALUES(42, 386, '1:29:4', 'FALTA', 'Falta de Jonathan dos Santos em Isaac Kiese Thelin!');
INSERT INTO lance (id_partida, id_pessoa, time_stamp, tipo_lance, descricao) VALUES(42, 411, '1:29:4', 'SOFREU FALTA', 'Isaac Kiese Thelin sofre falta de Jonathan dos Santos!');
INSERT INTO lance (id_partida, id_pessoa, time_stamp, tipo_lance, descricao) VALUES(42, 406, '1:29:7', 'FALTA', 'Falta de Emil Forsberg em Andrés Guardado!');
INSERT INTO lance (id_partida, id_pessoa, time_stamp, tipo_lance, descricao) VALUES(42, 388, '1:29:7', 'SOFREU FALTA', 'Andrés Guardado sofre falta de Emil Forsberg!');
INSERT INTO apita (id_partida, id_pessoa) VALUES(43, 612);
INSERT INTO apita (id_partida, id_pessoa) VALUES(43, 623);
INSERT INTO apita (id_partida, id_pessoa) VALUES(43, 643);
INSERT INTO deslocamento (codigo_pais, id_partida, itinerario, descricao_da_escolta) VALUES('BRA', 43, 'NQL84I4NFIBRFGA0M6ADCAV3PMHVY0BU26V3PKV8QXKVQTPGZ3F6OHBN4STSAJYOHRZI', 'HLCLCXOZ9N66B55VEGU5I871C7H95N84HUSSDULUWX5EWW8N33CKENNINKJEPP3VOCZRNMSU4AIUD2EQ94FCLXZ3GKF2LHEH4J0U7QARLRQDE3FUG2FVJ0K0M5KDHZJX5AZ4CTTS4Y13HWYNEUVSCT8D89IBG7KVI3HEDLS');
INSERT INTO deslocamento (codigo_pais, id_partida, itinerario, descricao_da_escolta) VALUES('SRB', 43, 'JX0U9QT0G78WE1UMCW5CLRL7OGVOOUJ3C9IO2NESQR5I8XRRI5CRQPK2L3G35ELVXEUESGTYSMW4VD80ZDFTS2NWYQD9GKWLFKU4DM9CLN8D3QGH5QE282C417QBCURH0KYLSEXMEDHE3K3IK5D0G4MNHZDF679061MS25Z131X', 'U8BQEH1HR1A68KD2BRQGERIC7LPOGM6PGR3JYWAYG2JE0QUR160LKR1DZ8T31MAE4VZQR4DOR29LHELQ18XJVUEY00TZCH641EJE0DA73L4SRP5VXCC3Z1SJRB01KOLJ6FTC4G0X8ZQK0WGK48CAFCF9V9XZMIWO9VVM520QLO59LIT44Q6LLLE39UR5TALZDBKFA3OBIWY0HGYNP245MKDYQ2');
INSERT INTO lance (id_partida, id_pessoa, time_stamp, tipo_lance, descricao) VALUES(43, 612, '0:45:0', 'FIM DO PRIMEIRO TEMPO', 'Juiz Flatley apita o fim do primeiro tempo!');
INSERT INTO lance (id_partida, id_pessoa, time_stamp, tipo_lance, descricao) VALUES(43, 612, '1:30:0', 'FIM DO JOGO', 'Juiz Flatley apita o fim do jogo!');
INSERT INTO lance (id_partida, id_pessoa, time_stamp, tipo_lance, descricao) VALUES(43, 352, '0:1:29', 'FALTA', 'Falta de Sergej Milinkovic-Savic em Douglas Costa!');
INSERT INTO lance (id_partida, id_pessoa, time_stamp, tipo_lance, descricao) VALUES(43, 303, '0:1:29', 'SOFREU FALTA', 'Douglas Costa sofre falta de Sergej Milinkovic-Savic!');
INSERT INTO lance (id_partida, id_pessoa, time_stamp, tipo_lance, descricao) VALUES(43, 303, '0:1:50', 'FALTA', 'Falta de Douglas Costa em Luka Milivojevic!');
INSERT INTO lance (id_partida, id_pessoa, time_stamp, tipo_lance, descricao) VALUES(43, 354, '0:1:50', 'SOFREU FALTA', 'Luka Milivojevic sofre falta de Douglas Costa!');
INSERT INTO lance (id_partida, id_pessoa, time_stamp, tipo_lance, descricao) VALUES(43, 355, '0:2:50', 'SUBSTITUICAO', 'Sai Adem Ljajic!');
INSERT INTO lance (id_partida, id_pessoa, time_stamp, tipo_lance, descricao) VALUES(43, 347, '0:2:50', 'SUBSTITUICAO', 'Entra Matija Nastasic!');
INSERT INTO lance (id_partida, id_pessoa, time_stamp, tipo_lance, descricao) VALUES(43, 301, '0:4:18', 'FALTA', 'Falta de Giuliano em Filip Kostic!');
INSERT INTO lance (id_partida, id_pessoa, time_stamp, tipo_lance, descricao) VALUES(43, 358, '0:4:18', 'SOFREU FALTA', 'Filip Kostic sofre falta de Giuliano!');
INSERT INTO lance (id_partida, id_pessoa, time_stamp, tipo_lance, descricao) VALUES(43, 300, '0:4:30', 'FALTA', 'Falta de Renato Augusto em Mijat Gacinovic!');
INSERT INTO lance (id_partida, id_pessoa, time_stamp, tipo_lance, descricao) VALUES(43, 357, '0:4:30', 'SOFREU FALTA', 'Mijat Gacinovic sofre falta de Renato Augusto!');
INSERT INTO lance (id_partida, id_pessoa, time_stamp, tipo_lance, descricao) VALUES(43, 297, '0:5:14', 'FALTA', 'Falta de Paulinho em Sergej Milinkovic-Savic!');
INSERT INTO lance (id_partida, id_pessoa, time_stamp, tipo_lance, descricao) VALUES(43, 352, '0:5:14', 'SOFREU FALTA', 'Sergej Milinkovic-Savic sofre falta de Paulinho!');
INSERT INTO lance (id_partida, id_pessoa, time_stamp, tipo_lance, descricao) VALUES(43, 360, '0:5:41', 'FALTA', 'Falta de Aleksandar Prijovic em Fernandinho!');
INSERT INTO lance (id_partida, id_pessoa, time_stamp, tipo_lance, descricao) VALUES(43, 298, '0:5:41', 'SOFREU FALTA', 'Fernandinho sofre falta de Aleksandar Prijovic!');
INSERT INTO lance (id_partida, id_pessoa, time_stamp, tipo_lance, descricao) VALUES(43, 300, '0:6:46', 'FALTA', 'Falta de Renato Augusto em Aleksandar Prijovic!');
INSERT INTO lance (id_partida, id_pessoa, time_stamp, tipo_lance, descricao) VALUES(43, 360, '0:6:46', 'SOFREU FALTA', 'Aleksandar Prijovic sofre falta de Renato Augusto!');
INSERT INTO lance (id_partida, id_pessoa, time_stamp, tipo_lance, descricao) VALUES(43, 299, '0:7:58', 'DEFESA', 'Defesa de Filipe Luís!');
INSERT INTO lance (id_partida, id_pessoa, time_stamp, tipo_lance, descricao) VALUES(43, 300, '0:9:49', 'DEFESA', 'Defesa de Filipe Luís!');
INSERT INTO lance (id_partida, id_pessoa, time_stamp, tipo_lance, descricao) VALUES(43, 352, '0:10:34', 'DEFESA', 'Defesa de Filipe Luís!');
INSERT INTO lance (id_partida, id_pessoa, time_stamp, tipo_lance, descricao) VALUES(43, 302, '0:12:19', 'FALTA', 'Falta de Philippe Coutinho em Dusan Tadic!');
INSERT INTO lance (id_partida, id_pessoa, time_stamp, tipo_lance, descricao) VALUES(43, 351, '0:12:19', 'SOFREU FALTA', 'Dusan Tadic sofre falta de Philippe Coutinho!');
INSERT INTO lance (id_partida, id_pessoa, time_stamp, tipo_lance, descricao) VALUES(43, 302, '0:12:19', 'CARTAO AMARELO', 'Philippe Coutinho ganhou um cartão amarelo!');
INSERT INTO lance (id_partida, id_pessoa, time_stamp, tipo_lance, descricao) VALUES(43, 301, '0:13:56', 'DEFESA', 'Defesa de Filipe Luís!');
INSERT INTO lance (id_partida, id_pessoa, time_stamp, tipo_lance, descricao) VALUES(43, 299, '0:14:41', 'FALTA', 'Falta de Casemiro em Mijat Gacinovic!');
INSERT INTO lance (id_partida, id_pessoa, time_stamp, tipo_lance, descricao) VALUES(43, 357, '0:14:41', 'SOFREU FALTA', 'Mijat Gacinovic sofre falta de Casemiro!');
INSERT INTO lance (id_partida, id_pessoa, time_stamp, tipo_lance, descricao) VALUES(43, 299, '0:15:37', 'FALTA', 'Falta de Casemiro em Nemanja Gudelj!');
INSERT INTO lance (id_partida, id_pessoa, time_stamp, tipo_lance, descricao) VALUES(43, 356, '0:15:37', 'SOFREU FALTA', 'Nemanja Gudelj sofre falta de Casemiro!');
INSERT INTO lance (id_partida, id_pessoa, time_stamp, tipo_lance, descricao) VALUES(43, 297, '0:15:48', 'FALTA', 'Falta de Paulinho em Aleksandar Mitrovic!');
INSERT INTO lance (id_partida, id_pessoa, time_stamp, tipo_lance, descricao) VALUES(43, 359, '0:15:48', 'SOFREU FALTA', 'Aleksandar Mitrovic sofre falta de Paulinho!');
INSERT INTO lance (id_partida, id_pessoa, time_stamp, tipo_lance, descricao) VALUES(43, 300, '0:15:54', 'DEFESA', 'Defesa de Filipe Luís!');
INSERT INTO lance (id_partida, id_pessoa, time_stamp, tipo_lance, descricao) VALUES(43, 352, '0:16:8', 'ASSISTENCIA', 'Assistencia de Nemanja Gudelj!');
INSERT INTO lance (id_partida, id_pessoa, time_stamp, tipo_lance, descricao) VALUES(43, 352, '0:16:8', 'GOL', 'Gol de Sergej Milinkovic-Savic!');
INSERT INTO lance (id_partida, id_pessoa, time_stamp, tipo_lance, descricao) VALUES(43, 304, '0:16:51', 'GOL', 'Gol de Roberto Firmino!');
INSERT INTO lance (id_partida, id_pessoa, time_stamp, tipo_lance, descricao) VALUES(43, 305, '0:17:1', 'FALTA', 'Falta de Gabriel Jesus em Jagos Vukovic!');
INSERT INTO lance (id_partida, id_pessoa, time_stamp, tipo_lance, descricao) VALUES(43, 350, '0:17:1', 'SOFREU FALTA', 'Jagos Vukovic sofre falta de Gabriel Jesus!');
INSERT INTO lance (id_partida, id_pessoa, time_stamp, tipo_lance, descricao) VALUES(43, 298, '0:20:5', 'FALTA', 'Falta de Fernandinho em Sergej Milinkovic-Savic!');
INSERT INTO lance (id_partida, id_pessoa, time_stamp, tipo_lance, descricao) VALUES(43, 352, '0:20:5', 'SOFREU FALTA', 'Sergej Milinkovic-Savic sofre falta de Fernandinho!');
INSERT INTO lance (id_partida, id_pessoa, time_stamp, tipo_lance, descricao) VALUES(43, 359, '0:20:26', 'FALTA', 'Falta de Aleksandar Mitrovic em Willian!');
INSERT INTO lance (id_partida, id_pessoa, time_stamp, tipo_lance, descricao) VALUES(43, 296, '0:20:26', 'SOFREU FALTA', 'Willian sofre falta de Aleksandar Mitrovic!');
INSERT INTO lance (id_partida, id_pessoa, time_stamp, tipo_lance, descricao) VALUES(43, 356, '0:21:55', 'FALTA', 'Falta de Nemanja Gudelj em Gabriel Jesus!');
INSERT INTO lance (id_partida, id_pessoa, time_stamp, tipo_lance, descricao) VALUES(43, 305, '0:21:55', 'SOFREU FALTA', 'Gabriel Jesus sofre falta de Nemanja Gudelj!');
INSERT INTO lance (id_partida, id_pessoa, time_stamp, tipo_lance, descricao) VALUES(43, 304, '0:23:35', 'FALTA', 'Falta de Roberto Firmino em Matija Nastasic!');
INSERT INTO lance (id_partida, id_pessoa, time_stamp, tipo_lance, descricao) VALUES(43, 347, '0:23:35', 'SOFREU FALTA', 'Matija Nastasic sofre falta de Roberto Firmino!');
INSERT INTO lance (id_partida, id_pessoa, time_stamp, tipo_lance, descricao) VALUES(43, 306, '0:24:19', 'GOL', 'Gol de Neymar Jr!');
INSERT INTO lance (id_partida, id_pessoa, time_stamp, tipo_lance, descricao) VALUES(43, 347, '0:24:20', 'FALTA', 'Falta de Matija Nastasic em Gabriel Jesus!');
INSERT INTO lance (id_partida, id_pessoa, time_stamp, tipo_lance, descricao) VALUES(43, 305, '0:24:20', 'SOFREU FALTA', 'Gabriel Jesus sofre falta de Matija Nastasic!');
INSERT INTO lance (id_partida, id_pessoa, time_stamp, tipo_lance, descricao) VALUES(43, 352, '0:24:37', 'DEFESA', 'Defesa de Filipe Luís!');
INSERT INTO lance (id_partida, id_pessoa, time_stamp, tipo_lance, descricao) VALUES(43, 359, '0:28:6', 'FALTA', 'Falta de Aleksandar Mitrovic em Gabriel Jesus!');
INSERT INTO lance (id_partida, id_pessoa, time_stamp, tipo_lance, descricao) VALUES(43, 305, '0:28:6', 'SOFREU FALTA', 'Gabriel Jesus sofre falta de Aleksandar Mitrovic!');
INSERT INTO lance (id_partida, id_pessoa, time_stamp, tipo_lance, descricao) VALUES(43, 299, '0:29:9', 'FALTA', 'Falta de Casemiro em Nemanja Matic!');
INSERT INTO lance (id_partida, id_pessoa, time_stamp, tipo_lance, descricao) VALUES(43, 353, '0:29:9', 'SOFREU FALTA', 'Nemanja Matic sofre falta de Casemiro!');
INSERT INTO lance (id_partida, id_pessoa, time_stamp, tipo_lance, descricao) VALUES(43, 303, '0:29:57', 'SUBSTITUICAO', 'Sai Douglas Costa!');
INSERT INTO lance (id_partida, id_pessoa, time_stamp, tipo_lance, descricao) VALUES(43, 292, '0:29:57', 'SUBSTITUICAO', 'Entra Miranda!');
INSERT INTO lance (id_partida, id_pessoa, time_stamp, tipo_lance, descricao) VALUES(43, 352, '0:32:7', 'DEFESA', 'Defesa de Filipe Luís!');
INSERT INTO lance (id_partida, id_pessoa, time_stamp, tipo_lance, descricao) VALUES(43, 301, '0:32:35', 'DEFESA', 'Defesa de Filipe Luís!');
INSERT INTO lance (id_partida, id_pessoa, time_stamp, tipo_lance, descricao) VALUES(43, 300, '0:36:38', 'FALTA', 'Falta de Renato Augusto em Jagos Vukovic!');
INSERT INTO lance (id_partida, id_pessoa, time_stamp, tipo_lance, descricao) VALUES(43, 350, '0:36:38', 'SOFREU FALTA', 'Jagos Vukovic sofre falta de Renato Augusto!');
INSERT INTO lance (id_partida, id_pessoa, time_stamp, tipo_lance, descricao) VALUES(43, 353, '0:36:58', 'FALTA', 'Falta de Nemanja Matic em Fernandinho!');
INSERT INTO lance (id_partida, id_pessoa, time_stamp, tipo_lance, descricao) VALUES(43, 298, '0:36:58', 'SOFREU FALTA', 'Fernandinho sofre falta de Nemanja Matic!');
INSERT INTO lance (id_partida, id_pessoa, time_stamp, tipo_lance, descricao) VALUES(43, 300, '0:37:51', 'FALTA', 'Falta de Renato Augusto em Sergej Milinkovic-Savic!');
INSERT INTO lance (id_partida, id_pessoa, time_stamp, tipo_lance, descricao) VALUES(43, 352, '0:37:51', 'SOFREU FALTA', 'Sergej Milinkovic-Savic sofre falta de Renato Augusto!');
INSERT INTO lance (id_partida, id_pessoa, time_stamp, tipo_lance, descricao) VALUES(43, 306, '0:37:56', 'FALTA', 'Falta de Neymar Jr em Matija Nastasic!');
INSERT INTO lance (id_partida, id_pessoa, time_stamp, tipo_lance, descricao) VALUES(43, 347, '0:37:56', 'SOFREU FALTA', 'Matija Nastasic sofre falta de Neymar Jr!');
INSERT INTO lance (id_partida, id_pessoa, time_stamp, tipo_lance, descricao) VALUES(43, 306, '0:38:47', 'GOL', 'Gol de Neymar Jr!');
INSERT INTO lance (id_partida, id_pessoa, time_stamp, tipo_lance, descricao) VALUES(43, 357, '0:39:41', 'DEFESA', 'Defesa de Filipe Luís!');
INSERT INTO lance (id_partida, id_pessoa, time_stamp, tipo_lance, descricao) VALUES(43, 359, '0:39:50', 'FALTA', 'Falta de Aleksandar Mitrovic em Renato Augusto!');
INSERT INTO lance (id_partida, id_pessoa, time_stamp, tipo_lance, descricao) VALUES(43, 300, '0:39:50', 'SOFREU FALTA', 'Renato Augusto sofre falta de Aleksandar Mitrovic!');
INSERT INTO lance (id_partida, id_pessoa, time_stamp, tipo_lance, descricao) VALUES(43, 347, '0:40:14', 'FALTA', 'Falta de Matija Nastasic em Willian!');
INSERT INTO lance (id_partida, id_pessoa, time_stamp, tipo_lance, descricao) VALUES(43, 296, '0:40:14', 'SOFREU FALTA', 'Willian sofre falta de Matija Nastasic!');
INSERT INTO lance (id_partida, id_pessoa, time_stamp, tipo_lance, descricao) VALUES(43, 350, '0:40:27', 'FALTA', 'Falta de Jagos Vukovic em Miranda!');
INSERT INTO lance (id_partida, id_pessoa, time_stamp, tipo_lance, descricao) VALUES(43, 292, '0:40:27', 'SOFREU FALTA', 'Miranda sofre falta de Jagos Vukovic!');
INSERT INTO lance (id_partida, id_pessoa, time_stamp, tipo_lance, descricao) VALUES(43, 292, '0:42:5', 'FALTA', 'Falta de Miranda em Luka Milivojevic!');
INSERT INTO lance (id_partida, id_pessoa, time_stamp, tipo_lance, descricao) VALUES(43, 354, '0:42:5', 'SOFREU FALTA', 'Luka Milivojevic sofre falta de Miranda!');
INSERT INTO lance (id_partida, id_pessoa, time_stamp, tipo_lance, descricao) VALUES(43, 296, '0:43:50', 'DEFESA', 'Defesa de Filipe Luís!');
INSERT INTO lance (id_partida, id_pessoa, time_stamp, tipo_lance, descricao) VALUES(43, 302, '0:44:30', 'FALTA', 'Falta de Philippe Coutinho em Mijat Gacinovic!');
INSERT INTO lance (id_partida, id_pessoa, time_stamp, tipo_lance, descricao) VALUES(43, 357, '0:44:30', 'SOFREU FALTA', 'Mijat Gacinovic sofre falta de Philippe Coutinho!');
INSERT INTO lance (id_partida, id_pessoa, time_stamp, tipo_lance, descricao) VALUES(43, 360, '0:45:55', 'FALTA', 'Falta de Aleksandar Prijovic em Philippe Coutinho!');
INSERT INTO lance (id_partida, id_pessoa, time_stamp, tipo_lance, descricao) VALUES(43, 302, '0:45:55', 'SOFREU FALTA', 'Philippe Coutinho sofre falta de Aleksandar Prijovic!');
INSERT INTO lance (id_partida, id_pessoa, time_stamp, tipo_lance, descricao) VALUES(43, 356, '0:48:27', 'FALTA', 'Falta de Nemanja Gudelj em Casemiro!');
INSERT INTO lance (id_partida, id_pessoa, time_stamp, tipo_lance, descricao) VALUES(43, 299, '0:48:27', 'SOFREU FALTA', 'Casemiro sofre falta de Nemanja Gudelj!');
INSERT INTO lance (id_partida, id_pessoa, time_stamp, tipo_lance, descricao) VALUES(43, 347, '0:52:1', 'SUBSTITUICAO', 'Sai Matija Nastasic!');
INSERT INTO lance (id_partida, id_pessoa, time_stamp, tipo_lance, descricao) VALUES(43, 343, '0:52:1', 'SUBSTITUICAO', 'Entra Vladimir Stojkovic!');
INSERT INTO lance (id_partida, id_pessoa, time_stamp, tipo_lance, descricao) VALUES(43, 292, '0:53:21', 'FALTA', 'Falta de Miranda em Mijat Gacinovic!');
INSERT INTO lance (id_partida, id_pessoa, time_stamp, tipo_lance, descricao) VALUES(43, 357, '0:53:21', 'SOFREU FALTA', 'Mijat Gacinovic sofre falta de Miranda!');
INSERT INTO lance (id_partida, id_pessoa, time_stamp, tipo_lance, descricao) VALUES(43, 306, '0:54:38', 'DEFESA', 'Defesa de Filipe Luís!');
INSERT INTO lance (id_partida, id_pessoa, time_stamp, tipo_lance, descricao) VALUES(43, 354, '0:55:39', 'FALTA', 'Falta de Luka Milivojevic em Roberto Firmino!');
INSERT INTO lance (id_partida, id_pessoa, time_stamp, tipo_lance, descricao) VALUES(43, 304, '0:55:39', 'SOFREU FALTA', 'Roberto Firmino sofre falta de Luka Milivojevic!');
INSERT INTO lance (id_partida, id_pessoa, time_stamp, tipo_lance, descricao) VALUES(43, 358, '0:56:21', 'FALTA', 'Falta de Filip Kostic em Neymar Jr!');
INSERT INTO lance (id_partida, id_pessoa, time_stamp, tipo_lance, descricao) VALUES(43, 306, '0:56:21', 'SOFREU FALTA', 'Neymar Jr sofre falta de Filip Kostic!');
INSERT INTO lance (id_partida, id_pessoa, time_stamp, tipo_lance, descricao) VALUES(43, 304, '1:0:10', 'FALTA', 'Falta de Roberto Firmino em Aleksandar Mitrovic!');
INSERT INTO lance (id_partida, id_pessoa, time_stamp, tipo_lance, descricao) VALUES(43, 359, '1:0:10', 'SOFREU FALTA', 'Aleksandar Mitrovic sofre falta de Roberto Firmino!');
INSERT INTO lance (id_partida, id_pessoa, time_stamp, tipo_lance, descricao) VALUES(43, 304, '1:0:10', 'CARTAO AMARELO', 'Roberto Firmino ganhou um cartão amarelo!');
INSERT INTO lance (id_partida, id_pessoa, time_stamp, tipo_lance, descricao) VALUES(43, 343, '1:0:14', 'DEFESA', 'Defesa de Filipe Luís!');
INSERT INTO lance (id_partida, id_pessoa, time_stamp, tipo_lance, descricao) VALUES(43, 354, '1:1:40', 'DEFESA', 'Defesa de Filipe Luís!');
INSERT INTO lance (id_partida, id_pessoa, time_stamp, tipo_lance, descricao) VALUES(43, 300, '1:8:41', 'FALTA', 'Falta de Renato Augusto em Luka Milivojevic!');
INSERT INTO lance (id_partida, id_pessoa, time_stamp, tipo_lance, descricao) VALUES(43, 354, '1:8:41', 'SOFREU FALTA', 'Luka Milivojevic sofre falta de Renato Augusto!');
INSERT INTO lance (id_partida, id_pessoa, time_stamp, tipo_lance, descricao) VALUES(43, 359, '1:8:59', 'FALTA', 'Falta de Aleksandar Mitrovic em Miranda!');
INSERT INTO lance (id_partida, id_pessoa, time_stamp, tipo_lance, descricao) VALUES(43, 292, '1:8:59', 'SOFREU FALTA', 'Miranda sofre falta de Aleksandar Mitrovic!');
INSERT INTO lance (id_partida, id_pessoa, time_stamp, tipo_lance, descricao) VALUES(43, 356, '1:9:11', 'FALTA', 'Falta de Nemanja Gudelj em Gabriel Jesus!');
INSERT INTO lance (id_partida, id_pessoa, time_stamp, tipo_lance, descricao) VALUES(43, 305, '1:9:11', 'SOFREU FALTA', 'Gabriel Jesus sofre falta de Nemanja Gudelj!');
INSERT INTO lance (id_partida, id_pessoa, time_stamp, tipo_lance, descricao) VALUES(43, 351, '1:9:39', 'SUBSTITUICAO', 'Sai Dusan Tadic!');
INSERT INTO lance (id_partida, id_pessoa, time_stamp, tipo_lance, descricao) VALUES(43, 345, '1:9:39', 'SUBSTITUICAO', 'Entra Aleksandar Kolarov!');
INSERT INTO lance (id_partida, id_pessoa, time_stamp, tipo_lance, descricao) VALUES(43, 357, '1:10:48', 'FALTA', 'Falta de Mijat Gacinovic em Roberto Firmino!');
INSERT INTO lance (id_partida, id_pessoa, time_stamp, tipo_lance, descricao) VALUES(43, 304, '1:10:48', 'SOFREU FALTA', 'Roberto Firmino sofre falta de Mijat Gacinovic!');
INSERT INTO lance (id_partida, id_pessoa, time_stamp, tipo_lance, descricao) VALUES(43, 356, '1:10:49', 'GOL', 'Gol de Nemanja Gudelj!');
INSERT INTO lance (id_partida, id_pessoa, time_stamp, tipo_lance, descricao) VALUES(43, 360, '1:10:54', 'FALTA', 'Falta de Aleksandar Prijovic em Philippe Coutinho!');
INSERT INTO lance (id_partida, id_pessoa, time_stamp, tipo_lance, descricao) VALUES(43, 302, '1:10:54', 'SOFREU FALTA', 'Philippe Coutinho sofre falta de Aleksandar Prijovic!');
INSERT INTO lance (id_partida, id_pessoa, time_stamp, tipo_lance, descricao) VALUES(43, 357, '1:12:50', 'FALTA', 'Falta de Mijat Gacinovic em Philippe Coutinho!');
INSERT INTO lance (id_partida, id_pessoa, time_stamp, tipo_lance, descricao) VALUES(43, 302, '1:12:50', 'SOFREU FALTA', 'Philippe Coutinho sofre falta de Mijat Gacinovic!');
INSERT INTO lance (id_partida, id_pessoa, time_stamp, tipo_lance, descricao) VALUES(43, 356, '1:13:7', 'FALTA', 'Falta de Nemanja Gudelj em Willian!');
INSERT INTO lance (id_partida, id_pessoa, time_stamp, tipo_lance, descricao) VALUES(43, 296, '1:13:7', 'SOFREU FALTA', 'Willian sofre falta de Nemanja Gudelj!');
INSERT INTO lance (id_partida, id_pessoa, time_stamp, tipo_lance, descricao) VALUES(43, 306, '1:16:16', 'FALTA', 'Falta de Neymar Jr em Nemanja Matic!');
INSERT INTO lance (id_partida, id_pessoa, time_stamp, tipo_lance, descricao) VALUES(43, 353, '1:16:16', 'SOFREU FALTA', 'Nemanja Matic sofre falta de Neymar Jr!');
INSERT INTO lance (id_partida, id_pessoa, time_stamp, tipo_lance, descricao) VALUES(43, 304, '1:20:28', 'DEFESA', 'Defesa de Filipe Luís!');
INSERT INTO lance (id_partida, id_pessoa, time_stamp, tipo_lance, descricao) VALUES(43, 306, '1:21:23', 'GOL', 'Gol de Neymar Jr!');
INSERT INTO lance (id_partida, id_pessoa, time_stamp, tipo_lance, descricao) VALUES(43, 292, '1:21:29', 'FALTA', 'Falta de Miranda em Sergej Milinkovic-Savic!');
INSERT INTO lance (id_partida, id_pessoa, time_stamp, tipo_lance, descricao) VALUES(43, 352, '1:21:29', 'SOFREU FALTA', 'Sergej Milinkovic-Savic sofre falta de Miranda!');
INSERT INTO lance (id_partida, id_pessoa, time_stamp, tipo_lance, descricao) VALUES(43, 345, '1:23:1', 'FALTA', 'Falta de Aleksandar Kolarov em Giuliano!');
INSERT INTO lance (id_partida, id_pessoa, time_stamp, tipo_lance, descricao) VALUES(43, 301, '1:23:1', 'SOFREU FALTA', 'Giuliano sofre falta de Aleksandar Kolarov!');
INSERT INTO lance (id_partida, id_pessoa, time_stamp, tipo_lance, descricao) VALUES(43, 357, '1:24:16', 'FALTA', 'Falta de Mijat Gacinovic em Philippe Coutinho!');
INSERT INTO lance (id_partida, id_pessoa, time_stamp, tipo_lance, descricao) VALUES(43, 302, '1:24:16', 'SOFREU FALTA', 'Philippe Coutinho sofre falta de Mijat Gacinovic!');
INSERT INTO lance (id_partida, id_pessoa, time_stamp, tipo_lance, descricao) VALUES(43, 306, '1:28:46', 'GOL', 'Gol de Neymar Jr!');
INSERT INTO apita (id_partida, id_pessoa) VALUES(44, 627);
INSERT INTO apita (id_partida, id_pessoa) VALUES(44, 654);
INSERT INTO apita (id_partida, id_pessoa) VALUES(44, 604);
INSERT INTO deslocamento (codigo_pais, id_partida, itinerario, descricao_da_escolta) VALUES('CRI', 44, 'AYBRQ3VQ778M0CKRBZYLSLJJ2S44BQQFPRQ1ALZ3GZ4PWZWAV14GAF4YP1Y781ORR36IVTR0A4E3R3XC63IKVJFKX1LIW14PKN833NOCJEGFAAHWEVBFSD5HXV', '4HIDI9ZSE44JSOGARD9KWUZEB0Z6HR1FH2U4BB7GLSC2JLT0MCODYL9JSDBSK2LXCZBZ4L9PF38DR65ZH9UECXQ63KM79P6SGPZUK35AD885M52VILKKHGUPIF5T9CP06P6CHKPNDTBEZVT8S0YYEVLA5JLF7MBASH87');
INSERT INTO deslocamento (codigo_pais, id_partida, itinerario, descricao_da_escolta) VALUES('SWI', 44, '0O766HXFP0XV7BIO1WLE6G79JQ0SAVSWWA2M01HNX4PTXTAK3W0UW2BTQ8WQQFE4HA97I5XAO8QB0NL0QQYO47938I62E06R0VLXUCC780FYL92CW6AARZ9KAG89955YB9LFBYFNO0PD1LR9P3FIZ5AAVBWODC8D5RXMYXA70XW0J5TZY9UFZX8F8KTAC1JL2MIJXFK13HRCIJ0ZS6ZDS3NITRNNEA59NK87XJBTZ2', 'SF56YT3SFBG399A0G17X3MSZ8L3CI5GO0R4CXUY3LR07HR87XS511ESFXG8NZ1JJ51DSE8CVDDMLVURQM6P0AOWV8ZORVLDTIQCPNQ2YPJYY2HTDYR');
INSERT INTO lance (id_partida, id_pessoa, time_stamp, tipo_lance, descricao) VALUES(44, 627, '0:45:0', 'FIM DO PRIMEIRO TEMPO', 'Juiz Abasta apita o fim do primeiro tempo!');
INSERT INTO lance (id_partida, id_pessoa, time_stamp, tipo_lance, descricao) VALUES(44, 627, '1:30:0', 'FIM DO JOGO', 'Juiz Abasta apita o fim do jogo!');
INSERT INTO lance (id_partida, id_pessoa, time_stamp, tipo_lance, descricao) VALUES(44, 342, '0:1:56', 'SUBSTITUICAO', 'Sai Johan Venegas!');
INSERT INTO lance (id_partida, id_pessoa, time_stamp, tipo_lance, descricao) VALUES(44, 330, '0:1:56', 'SUBSTITUICAO', 'Entra Kendall Waston!');
INSERT INTO lance (id_partida, id_pessoa, time_stamp, tipo_lance, descricao) VALUES(44, 335, '0:2:11', 'SUBSTITUICAO', 'Sai Celso Borges!');
INSERT INTO lance (id_partida, id_pessoa, time_stamp, tipo_lance, descricao) VALUES(44, 328, '0:2:11', 'SUBSTITUICAO', 'Entra Bryan Oviedo!');
INSERT INTO lance (id_partida, id_pessoa, time_stamp, tipo_lance, descricao) VALUES(44, 323, '0:3:9', 'FALTA', 'Falta de Admir Mehmedi em Bryan Oviedo!');
INSERT INTO lance (id_partida, id_pessoa, time_stamp, tipo_lance, descricao) VALUES(44, 328, '0:3:9', 'SOFREU FALTA', 'Bryan Oviedo sofre falta de Admir Mehmedi!');
INSERT INTO lance (id_partida, id_pessoa, time_stamp, tipo_lance, descricao) VALUES(44, 338, '0:4:2', 'FALTA', 'Falta de David Guzmán em Steven Zuber!');
INSERT INTO lance (id_partida, id_pessoa, time_stamp, tipo_lance, descricao) VALUES(44, 315, '0:4:2', 'SOFREU FALTA', 'Steven Zuber sofre falta de David Guzmán!');
INSERT INTO lance (id_partida, id_pessoa, time_stamp, tipo_lance, descricao) VALUES(44, 324, '0:5:58', 'DEFESA', 'Defesa de Francisco Calvo!');
INSERT INTO lance (id_partida, id_pessoa, time_stamp, tipo_lance, descricao) VALUES(44, 328, '0:6:22', 'FALTA', 'Falta de Bryan Oviedo em Valon Behrami!');
INSERT INTO lance (id_partida, id_pessoa, time_stamp, tipo_lance, descricao) VALUES(44, 319, '0:6:22', 'SOFREU FALTA', 'Valon Behrami sofre falta de Bryan Oviedo!');
INSERT INTO lance (id_partida, id_pessoa, time_stamp, tipo_lance, descricao) VALUES(44, 328, '0:6:22', 'CARTAO AMARELO', 'Bryan Oviedo ganhou um cartão amarelo!');
INSERT INTO lance (id_partida, id_pessoa, time_stamp, tipo_lance, descricao) VALUES(44, 324, '0:8:21', 'FALTA', 'Falta de Eren Derdiyok em Marco Ureña!');
INSERT INTO lance (id_partida, id_pessoa, time_stamp, tipo_lance, descricao) VALUES(44, 341, '0:8:21', 'SOFREU FALTA', 'Marco Ureña sofre falta de Eren Derdiyok!');
INSERT INTO lance (id_partida, id_pessoa, time_stamp, tipo_lance, descricao) VALUES(44, 338, '0:10:16', 'FALTA', 'Falta de David Guzmán em Steven Zuber!');
INSERT INTO lance (id_partida, id_pessoa, time_stamp, tipo_lance, descricao) VALUES(44, 315, '0:10:16', 'SOFREU FALTA', 'Steven Zuber sofre falta de David Guzmán!');
INSERT INTO lance (id_partida, id_pessoa, time_stamp, tipo_lance, descricao) VALUES(44, 321, '0:10:23', 'DEFESA', 'Defesa de Francisco Calvo!');
INSERT INTO lance (id_partida, id_pessoa, time_stamp, tipo_lance, descricao) VALUES(44, 321, '0:12:45', 'FALTA', 'Falta de Breel Embolo em Christian Bolaños!');
INSERT INTO lance (id_partida, id_pessoa, time_stamp, tipo_lance, descricao) VALUES(44, 336, '0:12:45', 'SOFREU FALTA', 'Christian Bolaños sofre falta de Breel Embolo!');
INSERT INTO lance (id_partida, id_pessoa, time_stamp, tipo_lance, descricao) VALUES(44, 340, '0:13:6', 'FALTA', 'Falta de Joel Campbell em Granit Xhaka!');
INSERT INTO lance (id_partida, id_pessoa, time_stamp, tipo_lance, descricao) VALUES(44, 314, '0:13:6', 'SOFREU FALTA', 'Granit Xhaka sofre falta de Joel Campbell!');
INSERT INTO lance (id_partida, id_pessoa, time_stamp, tipo_lance, descricao) VALUES(44, 315, '0:13:45', 'DEFESA', 'Defesa de Francisco Calvo!');
INSERT INTO lance (id_partida, id_pessoa, time_stamp, tipo_lance, descricao) VALUES(44, 324, '0:16:8', 'SUBSTITUICAO', 'Sai Eren Derdiyok!');
INSERT INTO lance (id_partida, id_pessoa, time_stamp, tipo_lance, descricao) VALUES(44, 312, '0:16:8', 'SUBSTITUICAO', 'Entra Johan Djourou!');
INSERT INTO lance (id_partida, id_pessoa, time_stamp, tipo_lance, descricao) VALUES(44, 321, '0:17:34', 'FALTA', 'Falta de Breel Embolo em Rodney Wallace!');
INSERT INTO lance (id_partida, id_pessoa, time_stamp, tipo_lance, descricao) VALUES(44, 339, '0:17:34', 'SOFREU FALTA', 'Rodney Wallace sofre falta de Breel Embolo!');
INSERT INTO lance (id_partida, id_pessoa, time_stamp, tipo_lance, descricao) VALUES(44, 333, '0:17:56', 'FALTA', 'Falta de Johnny Acosta em Valon Behrami!');
INSERT INTO lance (id_partida, id_pessoa, time_stamp, tipo_lance, descricao) VALUES(44, 319, '0:17:56', 'SOFREU FALTA', 'Valon Behrami sofre falta de Johnny Acosta!');
INSERT INTO lance (id_partida, id_pessoa, time_stamp, tipo_lance, descricao) VALUES(44, 338, '0:20:28', 'FALTA', 'Falta de David Guzmán em Granit Xhaka!');
INSERT INTO lance (id_partida, id_pessoa, time_stamp, tipo_lance, descricao) VALUES(44, 314, '0:20:28', 'SOFREU FALTA', 'Granit Xhaka sofre falta de David Guzmán!');
INSERT INTO lance (id_partida, id_pessoa, time_stamp, tipo_lance, descricao) VALUES(44, 333, '0:20:38', 'FALTA', 'Falta de Johnny Acosta em Breel Embolo!');
INSERT INTO lance (id_partida, id_pessoa, time_stamp, tipo_lance, descricao) VALUES(44, 321, '0:20:38', 'SOFREU FALTA', 'Breel Embolo sofre falta de Johnny Acosta!');
INSERT INTO lance (id_partida, id_pessoa, time_stamp, tipo_lance, descricao) VALUES(44, 332, '0:21:37', 'FALTA', 'Falta de Michael Umaña em Blerim Dzemaili!');
INSERT INTO lance (id_partida, id_pessoa, time_stamp, tipo_lance, descricao) VALUES(44, 316, '0:21:37', 'SOFREU FALTA', 'Blerim Dzemaili sofre falta de Michael Umaña!');
INSERT INTO lance (id_partida, id_pessoa, time_stamp, tipo_lance, descricao) VALUES(44, 316, '0:22:25', 'FALTA', 'Falta de Blerim Dzemaili em David Guzmán!');
INSERT INTO lance (id_partida, id_pessoa, time_stamp, tipo_lance, descricao) VALUES(44, 338, '0:22:25', 'SOFREU FALTA', 'David Guzmán sofre falta de Blerim Dzemaili!');
INSERT INTO lance (id_partida, id_pessoa, time_stamp, tipo_lance, descricao) VALUES(44, 340, '0:22:27', 'DEFESA', 'Defesa de Francisco Calvo!');
INSERT INTO lance (id_partida, id_pessoa, time_stamp, tipo_lance, descricao) VALUES(44, 338, '0:22:35', 'FALTA', 'Falta de David Guzmán em Haris Seferovic!');
INSERT INTO lance (id_partida, id_pessoa, time_stamp, tipo_lance, descricao) VALUES(44, 322, '0:22:35', 'SOFREU FALTA', 'Haris Seferovic sofre falta de David Guzmán!');
INSERT INTO lance (id_partida, id_pessoa, time_stamp, tipo_lance, descricao) VALUES(44, 334, '0:25:37', 'FALTA', 'Falta de Bryan Ruiz em Steven Zuber!');
INSERT INTO lance (id_partida, id_pessoa, time_stamp, tipo_lance, descricao) VALUES(44, 315, '0:25:37', 'SOFREU FALTA', 'Steven Zuber sofre falta de Bryan Ruiz!');
INSERT INTO lance (id_partida, id_pessoa, time_stamp, tipo_lance, descricao) VALUES(44, 316, '0:26:42', 'FALTA', 'Falta de Blerim Dzemaili em Christian Bolaños!');
INSERT INTO lance (id_partida, id_pessoa, time_stamp, tipo_lance, descricao) VALUES(44, 336, '0:26:42', 'SOFREU FALTA', 'Christian Bolaños sofre falta de Blerim Dzemaili!');
INSERT INTO lance (id_partida, id_pessoa, time_stamp, tipo_lance, descricao) VALUES(44, 316, '0:26:42', 'CARTAO AMARELO', 'Blerim Dzemaili ganhou um cartão amarelo!');
INSERT INTO lance (id_partida, id_pessoa, time_stamp, tipo_lance, descricao) VALUES(44, 337, '0:33:30', 'FALTA', 'Falta de Randall Azofeifa em Granit Xhaka!');
INSERT INTO lance (id_partida, id_pessoa, time_stamp, tipo_lance, descricao) VALUES(44, 314, '0:33:30', 'SOFREU FALTA', 'Granit Xhaka sofre falta de Randall Azofeifa!');
INSERT INTO lance (id_partida, id_pessoa, time_stamp, tipo_lance, descricao) VALUES(44, 337, '0:34:9', 'FALTA', 'Falta de Randall Azofeifa em Blerim Dzemaili!');
INSERT INTO lance (id_partida, id_pessoa, time_stamp, tipo_lance, descricao) VALUES(44, 316, '0:34:9', 'SOFREU FALTA', 'Blerim Dzemaili sofre falta de Randall Azofeifa!');
INSERT INTO lance (id_partida, id_pessoa, time_stamp, tipo_lance, descricao) VALUES(44, 334, '0:34:14', 'DEFESA', 'Defesa de Francisco Calvo!');
INSERT INTO lance (id_partida, id_pessoa, time_stamp, tipo_lance, descricao) VALUES(44, 337, '0:35:4', 'DEFESA', 'Defesa de Francisco Calvo!');
INSERT INTO lance (id_partida, id_pessoa, time_stamp, tipo_lance, descricao) VALUES(44, 314, '0:36:20', 'SUBSTITUICAO', 'Sai Granit Xhaka!');
INSERT INTO lance (id_partida, id_pessoa, time_stamp, tipo_lance, descricao) VALUES(44, 307, '0:36:20', 'SUBSTITUICAO', 'Entra Yann Sommer!');
INSERT INTO lance (id_partida, id_pessoa, time_stamp, tipo_lance, descricao) VALUES(44, 333, '0:38:51', 'FALTA', 'Falta de Johnny Acosta em Haris Seferovic!');
INSERT INTO lance (id_partida, id_pessoa, time_stamp, tipo_lance, descricao) VALUES(44, 322, '0:38:51', 'SOFREU FALTA', 'Haris Seferovic sofre falta de Johnny Acosta!');
INSERT INTO lance (id_partida, id_pessoa, time_stamp, tipo_lance, descricao) VALUES(44, 333, '0:38:51', 'CARTAO AMARELO', 'Johnny Acosta ganhou um cartão amarelo!');
INSERT INTO lance (id_partida, id_pessoa, time_stamp, tipo_lance, descricao) VALUES(44, 337, '0:39:17', 'FALTA', 'Falta de Randall Azofeifa em Breel Embolo!');
INSERT INTO lance (id_partida, id_pessoa, time_stamp, tipo_lance, descricao) VALUES(44, 321, '0:39:17', 'SOFREU FALTA', 'Breel Embolo sofre falta de Randall Azofeifa!');
INSERT INTO lance (id_partida, id_pessoa, time_stamp, tipo_lance, descricao) VALUES(44, 322, '0:44:28', 'FALTA', 'Falta de Haris Seferovic em David Guzmán!');
INSERT INTO lance (id_partida, id_pessoa, time_stamp, tipo_lance, descricao) VALUES(44, 338, '0:44:28', 'SOFREU FALTA', 'David Guzmán sofre falta de Haris Seferovic!');
INSERT INTO lance (id_partida, id_pessoa, time_stamp, tipo_lance, descricao) VALUES(44, 322, '0:46:40', 'FALTA', 'Falta de Haris Seferovic em Rodney Wallace!');
INSERT INTO lance (id_partida, id_pessoa, time_stamp, tipo_lance, descricao) VALUES(44, 339, '0:46:40', 'SOFREU FALTA', 'Rodney Wallace sofre falta de Haris Seferovic!');
INSERT INTO lance (id_partida, id_pessoa, time_stamp, tipo_lance, descricao) VALUES(44, 307, '0:47:24', 'DEFESA', 'Defesa de Francisco Calvo!');
INSERT INTO lance (id_partida, id_pessoa, time_stamp, tipo_lance, descricao) VALUES(44, 307, '0:47:29', 'FALTA', 'Falta de Yann Sommer em Bryan Oviedo!');
INSERT INTO lance (id_partida, id_pessoa, time_stamp, tipo_lance, descricao) VALUES(44, 328, '0:47:29', 'SOFREU FALTA', 'Bryan Oviedo sofre falta de Yann Sommer!');
INSERT INTO lance (id_partida, id_pessoa, time_stamp, tipo_lance, descricao) VALUES(44, 315, '0:50:3', 'GOL', 'Gol de Steven Zuber!');
INSERT INTO lance (id_partida, id_pessoa, time_stamp, tipo_lance, descricao) VALUES(44, 339, '0:52:47', 'FALTA', 'Falta de Rodney Wallace em Admir Mehmedi!');
INSERT INTO lance (id_partida, id_pessoa, time_stamp, tipo_lance, descricao) VALUES(44, 323, '0:52:47', 'SOFREU FALTA', 'Admir Mehmedi sofre falta de Rodney Wallace!');
INSERT INTO lance (id_partida, id_pessoa, time_stamp, tipo_lance, descricao) VALUES(44, 337, '0:53:15', 'FALTA', 'Falta de Randall Azofeifa em Breel Embolo!');
INSERT INTO lance (id_partida, id_pessoa, time_stamp, tipo_lance, descricao) VALUES(44, 321, '0:53:15', 'SOFREU FALTA', 'Breel Embolo sofre falta de Randall Azofeifa!');
INSERT INTO lance (id_partida, id_pessoa, time_stamp, tipo_lance, descricao) VALUES(44, 339, '0:53:35', 'FALTA', 'Falta de Rodney Wallace em Breel Embolo!');
INSERT INTO lance (id_partida, id_pessoa, time_stamp, tipo_lance, descricao) VALUES(44, 321, '0:53:35', 'SOFREU FALTA', 'Breel Embolo sofre falta de Rodney Wallace!');
INSERT INTO lance (id_partida, id_pessoa, time_stamp, tipo_lance, descricao) VALUES(44, 323, '0:53:58', 'FALTA', 'Falta de Admir Mehmedi em Johnny Acosta!');
INSERT INTO lance (id_partida, id_pessoa, time_stamp, tipo_lance, descricao) VALUES(44, 333, '0:53:58', 'SOFREU FALTA', 'Johnny Acosta sofre falta de Admir Mehmedi!');
INSERT INTO lance (id_partida, id_pessoa, time_stamp, tipo_lance, descricao) VALUES(44, 334, '0:55:2', 'FALTA', 'Falta de Bryan Ruiz em Admir Mehmedi!');
INSERT INTO lance (id_partida, id_pessoa, time_stamp, tipo_lance, descricao) VALUES(44, 323, '0:55:2', 'SOFREU FALTA', 'Admir Mehmedi sofre falta de Bryan Ruiz!');
INSERT INTO lance (id_partida, id_pessoa, time_stamp, tipo_lance, descricao) VALUES(44, 317, '0:58:24', 'FALTA', 'Falta de Denis Zakaria em David Guzmán!');
INSERT INTO lance (id_partida, id_pessoa, time_stamp, tipo_lance, descricao) VALUES(44, 338, '0:58:24', 'SOFREU FALTA', 'David Guzmán sofre falta de Denis Zakaria!');
INSERT INTO lance (id_partida, id_pessoa, time_stamp, tipo_lance, descricao) VALUES(44, 338, '0:58:55', 'FALTA', 'Falta de David Guzmán em Breel Embolo!');
INSERT INTO lance (id_partida, id_pessoa, time_stamp, tipo_lance, descricao) VALUES(44, 321, '0:58:55', 'SOFREU FALTA', 'Breel Embolo sofre falta de David Guzmán!');
INSERT INTO lance (id_partida, id_pessoa, time_stamp, tipo_lance, descricao) VALUES(44, 312, '1:1:1', 'FALTA', 'Falta de Johan Djourou em Marco Ureña!');
INSERT INTO lance (id_partida, id_pessoa, time_stamp, tipo_lance, descricao) VALUES(44, 341, '1:1:1', 'SOFREU FALTA', 'Marco Ureña sofre falta de Johan Djourou!');
INSERT INTO lance (id_partida, id_pessoa, time_stamp, tipo_lance, descricao) VALUES(44, 334, '1:1:34', 'FALTA', 'Falta de Bryan Ruiz em Blerim Dzemaili!');
INSERT INTO lance (id_partida, id_pessoa, time_stamp, tipo_lance, descricao) VALUES(44, 316, '1:1:34', 'SOFREU FALTA', 'Blerim Dzemaili sofre falta de Bryan Ruiz!');
INSERT INTO lance (id_partida, id_pessoa, time_stamp, tipo_lance, descricao) VALUES(44, 328, '1:2:35', 'SUBSTITUICAO', 'Sai Bryan Oviedo!');
INSERT INTO lance (id_partida, id_pessoa, time_stamp, tipo_lance, descricao) VALUES(44, 342, '1:2:35', 'SUBSTITUICAO', 'Entra Johan Venegas!');
INSERT INTO lance (id_partida, id_pessoa, time_stamp, tipo_lance, descricao) VALUES(44, 340, '1:8:11', 'FALTA', 'Falta de Joel Campbell em Yann Sommer!');
INSERT INTO lance (id_partida, id_pessoa, time_stamp, tipo_lance, descricao) VALUES(44, 307, '1:8:11', 'SOFREU FALTA', 'Yann Sommer sofre falta de Joel Campbell!');
INSERT INTO lance (id_partida, id_pessoa, time_stamp, tipo_lance, descricao) VALUES(44, 336, '1:10:9', 'FALTA', 'Falta de Christian Bolaños em Admir Mehmedi!');
INSERT INTO lance (id_partida, id_pessoa, time_stamp, tipo_lance, descricao) VALUES(44, 323, '1:10:9', 'SOFREU FALTA', 'Admir Mehmedi sofre falta de Christian Bolaños!');
INSERT INTO lance (id_partida, id_pessoa, time_stamp, tipo_lance, descricao) VALUES(44, 322, '1:12:28', 'FALTA', 'Falta de Haris Seferovic em Marco Ureña!');
INSERT INTO lance (id_partida, id_pessoa, time_stamp, tipo_lance, descricao) VALUES(44, 341, '1:12:28', 'SOFREU FALTA', 'Marco Ureña sofre falta de Haris Seferovic!');
INSERT INTO lance (id_partida, id_pessoa, time_stamp, tipo_lance, descricao) VALUES(44, 323, '1:14:32', 'FALTA', 'Falta de Admir Mehmedi em Rodney Wallace!');
INSERT INTO lance (id_partida, id_pessoa, time_stamp, tipo_lance, descricao) VALUES(44, 339, '1:14:32', 'SOFREU FALTA', 'Rodney Wallace sofre falta de Admir Mehmedi!');
INSERT INTO lance (id_partida, id_pessoa, time_stamp, tipo_lance, descricao) VALUES(44, 337, '1:15:12', 'DEFESA', 'Defesa de Francisco Calvo!');
INSERT INTO lance (id_partida, id_pessoa, time_stamp, tipo_lance, descricao) VALUES(44, 322, '1:16:20', 'ASSISTENCIA', 'Assistencia de Admir Mehmedi!');
INSERT INTO lance (id_partida, id_pessoa, time_stamp, tipo_lance, descricao) VALUES(44, 322, '1:16:20', 'GOL', 'Gol de Haris Seferovic!');
INSERT INTO lance (id_partida, id_pessoa, time_stamp, tipo_lance, descricao) VALUES(44, 318, '1:17:41', 'DEFESA', 'Defesa de Francisco Calvo!');
INSERT INTO lance (id_partida, id_pessoa, time_stamp, tipo_lance, descricao) VALUES(44, 323, '1:17:44', 'FALTA', 'Falta de Admir Mehmedi em Marco Ureña!');
INSERT INTO lance (id_partida, id_pessoa, time_stamp, tipo_lance, descricao) VALUES(44, 341, '1:17:44', 'SOFREU FALTA', 'Marco Ureña sofre falta de Admir Mehmedi!');
INSERT INTO lance (id_partida, id_pessoa, time_stamp, tipo_lance, descricao) VALUES(44, 337, '1:23:15', 'FALTA', 'Falta de Randall Azofeifa em Valon Behrami!');
INSERT INTO lance (id_partida, id_pessoa, time_stamp, tipo_lance, descricao) VALUES(44, 319, '1:23:15', 'SOFREU FALTA', 'Valon Behrami sofre falta de Randall Azofeifa!');
INSERT INTO lance (id_partida, id_pessoa, time_stamp, tipo_lance, descricao) VALUES(44, 323, '1:25:24', 'FALTA', 'Falta de Admir Mehmedi em Rodney Wallace!');
INSERT INTO lance (id_partida, id_pessoa, time_stamp, tipo_lance, descricao) VALUES(44, 339, '1:25:24', 'SOFREU FALTA', 'Rodney Wallace sofre falta de Admir Mehmedi!');
INSERT INTO lance (id_partida, id_pessoa, time_stamp, tipo_lance, descricao) VALUES(44, 319, '1:26:1', 'FALTA', 'Falta de Valon Behrami em Johan Venegas!');
INSERT INTO lance (id_partida, id_pessoa, time_stamp, tipo_lance, descricao) VALUES(44, 342, '1:26:1', 'SOFREU FALTA', 'Johan Venegas sofre falta de Valon Behrami!');
INSERT INTO lance (id_partida, id_pessoa, time_stamp, tipo_lance, descricao) VALUES(44, 332, '1:26:21', 'SUBSTITUICAO', 'Sai Michael Umaña!');
INSERT INTO lance (id_partida, id_pessoa, time_stamp, tipo_lance, descricao) VALUES(44, 326, '1:26:21', 'SUBSTITUICAO', 'Entra Giancarlo González!');
INSERT INTO lance (id_partida, id_pessoa, time_stamp, tipo_lance, descricao) VALUES(44, 333, '1:28:54', 'FALTA', 'Falta de Johnny Acosta em Gerson Fernandes!');
INSERT INTO lance (id_partida, id_pessoa, time_stamp, tipo_lance, descricao) VALUES(44, 320, '1:28:54', 'SOFREU FALTA', 'Gerson Fernandes sofre falta de Johnny Acosta!');
INSERT INTO lance (id_partida, id_pessoa, time_stamp, tipo_lance, descricao) VALUES(44, 321, '1:29:48', 'FALTA', 'Falta de Breel Embolo em Randall Azofeifa!');
INSERT INTO lance (id_partida, id_pessoa, time_stamp, tipo_lance, descricao) VALUES(44, 337, '1:29:48', 'SOFREU FALTA', 'Randall Azofeifa sofre falta de Breel Embolo!');
INSERT INTO apita (id_partida, id_pessoa) VALUES(45, 627);
INSERT INTO apita (id_partida, id_pessoa) VALUES(45, 608);
INSERT INTO apita (id_partida, id_pessoa) VALUES(45, 604);
INSERT INTO deslocamento (codigo_pais, id_partida, itinerario, descricao_da_escolta) VALUES('JPN', 45, '0KQTVQZU7IGYC3DPVEIFODOGPZV4CFUPW1K1J76X4LNQLM5VZ1X3BL4W6JD545R2X0CLSLFYIULCZ74D4AELR1OL6X5A3B384V2V', 'UCNV9VQA178OAA30FK6M0O5QF4G1MIEFJ2K71ZRF7KE07V2A9IYK6JTFH7QFOZYT23FI059P30OQJETTCG1DT3JAJF03JM0HWV7DQUKEJ');
INSERT INTO deslocamento (codigo_pais, id_partida, itinerario, descricao_da_escolta) VALUES('POL', 45, 'RF4D6CO6DI8U99UE8VFFFR9H4YHPCR5X4KMDFGIYONJSJBW8TLVZ8DDAFXJH593VNLZYWQ92MQ02HR72BI506FY1HM8R7B3PTX', '7L7LDM2NRMK2XZQFWDCYHX8QKSS5LXLITNAQE72OD2GP6TL1Q5HLQ97KNQAU37C4BBIKZABYLYVO');
INSERT INTO lance (id_partida, id_pessoa, time_stamp, tipo_lance, descricao) VALUES(45, 627, '0:45:0', 'FIM DO PRIMEIRO TEMPO', 'Juiz Abasta apita o fim do primeiro tempo!');
INSERT INTO lance (id_partida, id_pessoa, time_stamp, tipo_lance, descricao) VALUES(45, 627, '1:30:0', 'FIM DO JOGO', 'Juiz Abasta apita o fim do jogo!');
INSERT INTO lance (id_partida, id_pessoa, time_stamp, tipo_lance, descricao) VALUES(45, 572, '0:2:39', 'FALTA', 'Falta de Takashi Usami em Grzegorz Krychowiak!');
INSERT INTO lance (id_partida, id_pessoa, time_stamp, tipo_lance, descricao) VALUES(45, 516, '0:2:39', 'SOFREU FALTA', 'Grzegorz Krychowiak sofre falta de Takashi Usami!');
INSERT INTO lance (id_partida, id_pessoa, time_stamp, tipo_lance, descricao) VALUES(45, 519, '0:6:55', 'FALTA', 'Falta de Karol Linetty em Shinji Kagawa!');
INSERT INTO lance (id_partida, id_pessoa, time_stamp, tipo_lance, descricao) VALUES(45, 568, '0:6:55', 'SOFREU FALTA', 'Shinji Kagawa sofre falta de Karol Linetty!');
INSERT INTO lance (id_partida, id_pessoa, time_stamp, tipo_lance, descricao) VALUES(45, 567, '0:7:26', 'DEFESA', 'Defesa de Hiroki Sakai!');
INSERT INTO lance (id_partida, id_pessoa, time_stamp, tipo_lance, descricao) VALUES(45, 519, '0:8:10', 'FALTA', 'Falta de Karol Linetty em Shinji Okazaki!');
INSERT INTO lance (id_partida, id_pessoa, time_stamp, tipo_lance, descricao) VALUES(45, 574, '0:8:10', 'SOFREU FALTA', 'Shinji Okazaki sofre falta de Karol Linetty!');
INSERT INTO lance (id_partida, id_pessoa, time_stamp, tipo_lance, descricao) VALUES(45, 572, '0:8:39', 'FALTA', 'Falta de Takashi Usami em Krzysztof Maczynski!');
INSERT INTO lance (id_partida, id_pessoa, time_stamp, tipo_lance, descricao) VALUES(45, 517, '0:8:39', 'SOFREU FALTA', 'Krzysztof Maczynski sofre falta de Takashi Usami!');
INSERT INTO lance (id_partida, id_pessoa, time_stamp, tipo_lance, descricao) VALUES(45, 514, '0:10:2', 'DEFESA', 'Defesa de Hiroki Sakai!');
INSERT INTO lance (id_partida, id_pessoa, time_stamp, tipo_lance, descricao) VALUES(45, 569, '0:10:53', 'FALTA', 'Falta de Makoto Hasebe em Maciej Rybus!');
INSERT INTO lance (id_partida, id_pessoa, time_stamp, tipo_lance, descricao) VALUES(45, 513, '0:10:53', 'SOFREU FALTA', 'Maciej Rybus sofre falta de Makoto Hasebe!');
INSERT INTO lance (id_partida, id_pessoa, time_stamp, tipo_lance, descricao) VALUES(45, 517, '0:12:47', 'FALTA', 'Falta de Krzysztof Maczynski em Keisuke Honda!');
INSERT INTO lance (id_partida, id_pessoa, time_stamp, tipo_lance, descricao) VALUES(45, 571, '0:12:47', 'SOFREU FALTA', 'Keisuke Honda sofre falta de Krzysztof Maczynski!');
INSERT INTO lance (id_partida, id_pessoa, time_stamp, tipo_lance, descricao) VALUES(45, 566, '0:15:26', 'ASSISTENCIA', 'Assistencia de Hiroshi Kiyotake!');
INSERT INTO lance (id_partida, id_pessoa, time_stamp, tipo_lance, descricao) VALUES(45, 566, '0:15:26', 'GOL', 'Gol de Maya Yoshida!');
INSERT INTO lance (id_partida, id_pessoa, time_stamp, tipo_lance, descricao) VALUES(45, 570, '0:15:48', 'FALTA', 'Falta de Hiroshi Kiyotake em Artur Jedrzejczyk!');
INSERT INTO lance (id_partida, id_pessoa, time_stamp, tipo_lance, descricao) VALUES(45, 512, '0:15:48', 'SOFREU FALTA', 'Artur Jedrzejczyk sofre falta de Hiroshi Kiyotake!');
INSERT INTO lance (id_partida, id_pessoa, time_stamp, tipo_lance, descricao) VALUES(45, 571, '0:16:5', 'DEFESA', 'Defesa de Hiroki Sakai!');
INSERT INTO lance (id_partida, id_pessoa, time_stamp, tipo_lance, descricao) VALUES(45, 518, '0:20:12', 'FALTA', 'Falta de Piotr Zielinski em Yuya Kubo!');
INSERT INTO lance (id_partida, id_pessoa, time_stamp, tipo_lance, descricao) VALUES(45, 575, '0:20:12', 'SOFREU FALTA', 'Yuya Kubo sofre falta de Piotr Zielinski!');
INSERT INTO lance (id_partida, id_pessoa, time_stamp, tipo_lance, descricao) VALUES(45, 576, '0:21:17', 'FALTA', 'Falta de Yuya Osako em Robert Lewandowski!');
INSERT INTO lance (id_partida, id_pessoa, time_stamp, tipo_lance, descricao) VALUES(45, 520, '0:21:17', 'SOFREU FALTA', 'Robert Lewandowski sofre falta de Yuya Osako!');
INSERT INTO lance (id_partida, id_pessoa, time_stamp, tipo_lance, descricao) VALUES(45, 576, '0:22:35', 'FALTA', 'Falta de Yuya Osako em Grzegorz Krychowiak!');
INSERT INTO lance (id_partida, id_pessoa, time_stamp, tipo_lance, descricao) VALUES(45, 516, '0:22:35', 'SOFREU FALTA', 'Grzegorz Krychowiak sofre falta de Yuya Osako!');
INSERT INTO lance (id_partida, id_pessoa, time_stamp, tipo_lance, descricao) VALUES(45, 518, '0:22:44', 'FALTA', 'Falta de Piotr Zielinski em Makoto Hasebe!');
INSERT INTO lance (id_partida, id_pessoa, time_stamp, tipo_lance, descricao) VALUES(45, 569, '0:22:44', 'SOFREU FALTA', 'Makoto Hasebe sofre falta de Piotr Zielinski!');
INSERT INTO lance (id_partida, id_pessoa, time_stamp, tipo_lance, descricao) VALUES(45, 521, '0:26:19', 'DEFESA', 'Defesa de Hiroki Sakai!');
INSERT INTO lance (id_partida, id_pessoa, time_stamp, tipo_lance, descricao) VALUES(45, 574, '0:26:47', 'DEFESA', 'Defesa de Hiroki Sakai!');
INSERT INTO lance (id_partida, id_pessoa, time_stamp, tipo_lance, descricao) VALUES(45, 520, '0:26:50', 'DEFESA', 'Defesa de Hiroki Sakai!');
INSERT INTO lance (id_partida, id_pessoa, time_stamp, tipo_lance, descricao) VALUES(45, 576, '0:27:22', 'SUBSTITUICAO', 'Sai Yuya Osako!');
INSERT INTO lance (id_partida, id_pessoa, time_stamp, tipo_lance, descricao) VALUES(45, 560, '0:27:22', 'SUBSTITUICAO', 'Entra Shusaku Nishikawa!');
INSERT INTO lance (id_partida, id_pessoa, time_stamp, tipo_lance, descricao) VALUES(45, 568, '0:31:3', 'FALTA', 'Falta de Shinji Kagawa em Robert Lewandowski!');
INSERT INTO lance (id_partida, id_pessoa, time_stamp, tipo_lance, descricao) VALUES(45, 520, '0:31:3', 'SOFREU FALTA', 'Robert Lewandowski sofre falta de Shinji Kagawa!');
INSERT INTO lance (id_partida, id_pessoa, time_stamp, tipo_lance, descricao) VALUES(45, 569, '0:35:29', 'SUBSTITUICAO', 'Sai Makoto Hasebe!');
INSERT INTO lance (id_partida, id_pessoa, time_stamp, tipo_lance, descricao) VALUES(45, 563, '0:35:29', 'SUBSTITUICAO', 'Entra Hiroki Sakai!');
INSERT INTO lance (id_partida, id_pessoa, time_stamp, tipo_lance, descricao) VALUES(45, 573, '0:36:50', 'FALTA', 'Falta de Genki Haraguchi em Arkadiusz Milik!');
INSERT INTO lance (id_partida, id_pessoa, time_stamp, tipo_lance, descricao) VALUES(45, 522, '0:36:50', 'SOFREU FALTA', 'Arkadiusz Milik sofre falta de Genki Haraguchi!');
INSERT INTO lance (id_partida, id_pessoa, time_stamp, tipo_lance, descricao) VALUES(45, 573, '0:36:50', 'CARTAO AMARELO', 'Genki Haraguchi ganhou um cartão amarelo!');
INSERT INTO lance (id_partida, id_pessoa, time_stamp, tipo_lance, descricao) VALUES(45, 512, '0:37:34', 'FALTA', 'Falta de Artur Jedrzejczyk em Shusaku Nishikawa!');
INSERT INTO lance (id_partida, id_pessoa, time_stamp, tipo_lance, descricao) VALUES(45, 560, '0:37:34', 'SOFREU FALTA', 'Shusaku Nishikawa sofre falta de Artur Jedrzejczyk!');
INSERT INTO lance (id_partida, id_pessoa, time_stamp, tipo_lance, descricao) VALUES(45, 522, '0:41:35', 'FALTA', 'Falta de Arkadiusz Milik em Maya Yoshida!');
INSERT INTO lance (id_partida, id_pessoa, time_stamp, tipo_lance, descricao) VALUES(45, 566, '0:41:35', 'SOFREU FALTA', 'Maya Yoshida sofre falta de Arkadiusz Milik!');
INSERT INTO lance (id_partida, id_pessoa, time_stamp, tipo_lance, descricao) VALUES(45, 518, '0:43:3', 'FALTA', 'Falta de Piotr Zielinski em Genki Haraguchi!');
INSERT INTO lance (id_partida, id_pessoa, time_stamp, tipo_lance, descricao) VALUES(45, 573, '0:43:3', 'SOFREU FALTA', 'Genki Haraguchi sofre falta de Piotr Zielinski!');
INSERT INTO lance (id_partida, id_pessoa, time_stamp, tipo_lance, descricao) VALUES(45, 568, '0:44:6', 'DEFESA', 'Defesa de Hiroki Sakai!');
INSERT INTO lance (id_partida, id_pessoa, time_stamp, tipo_lance, descricao) VALUES(45, 521, '0:45:58', 'DEFESA', 'Defesa de Hiroki Sakai!');
INSERT INTO lance (id_partida, id_pessoa, time_stamp, tipo_lance, descricao) VALUES(45, 572, '0:47:1', 'DEFESA', 'Defesa de Hiroki Sakai!');
INSERT INTO lance (id_partida, id_pessoa, time_stamp, tipo_lance, descricao) VALUES(45, 515, '0:51:36', 'FALTA', 'Falta de Kamil Grosicki em Genki Haraguchi!');
INSERT INTO lance (id_partida, id_pessoa, time_stamp, tipo_lance, descricao) VALUES(45, 573, '0:51:36', 'SOFREU FALTA', 'Genki Haraguchi sofre falta de Kamil Grosicki!');
INSERT INTO lance (id_partida, id_pessoa, time_stamp, tipo_lance, descricao) VALUES(45, 560, '0:51:47', 'FALTA', 'Falta de Shusaku Nishikawa em Grzegorz Krychowiak!');
INSERT INTO lance (id_partida, id_pessoa, time_stamp, tipo_lance, descricao) VALUES(45, 516, '0:51:47', 'SOFREU FALTA', 'Grzegorz Krychowiak sofre falta de Shusaku Nishikawa!');
INSERT INTO lance (id_partida, id_pessoa, time_stamp, tipo_lance, descricao) VALUES(45, 575, '0:53:1', 'FALTA', 'Falta de Yuya Kubo em Grzegorz Krychowiak!');
INSERT INTO lance (id_partida, id_pessoa, time_stamp, tipo_lance, descricao) VALUES(45, 516, '0:53:1', 'SOFREU FALTA', 'Grzegorz Krychowiak sofre falta de Yuya Kubo!');
INSERT INTO lance (id_partida, id_pessoa, time_stamp, tipo_lance, descricao) VALUES(45, 575, '0:54:9', 'FALTA', 'Falta de Yuya Kubo em Maciej Rybus!');
INSERT INTO lance (id_partida, id_pessoa, time_stamp, tipo_lance, descricao) VALUES(45, 513, '0:54:9', 'SOFREU FALTA', 'Maciej Rybus sofre falta de Yuya Kubo!');
INSERT INTO lance (id_partida, id_pessoa, time_stamp, tipo_lance, descricao) VALUES(45, 573, '0:55:14', 'FALTA', 'Falta de Genki Haraguchi em Robert Lewandowski!');
INSERT INTO lance (id_partida, id_pessoa, time_stamp, tipo_lance, descricao) VALUES(45, 520, '0:55:14', 'SOFREU FALTA', 'Robert Lewandowski sofre falta de Genki Haraguchi!');
INSERT INTO lance (id_partida, id_pessoa, time_stamp, tipo_lance, descricao) VALUES(45, 520, '0:58:16', 'FALTA', 'Falta de Robert Lewandowski em Shinji Okazaki!');
INSERT INTO lance (id_partida, id_pessoa, time_stamp, tipo_lance, descricao) VALUES(45, 574, '0:58:16', 'SOFREU FALTA', 'Shinji Okazaki sofre falta de Robert Lewandowski!');
INSERT INTO lance (id_partida, id_pessoa, time_stamp, tipo_lance, descricao) VALUES(45, 517, '0:58:22', 'FALTA', 'Falta de Krzysztof Maczynski em Hiroshi Kiyotake!');
INSERT INTO lance (id_partida, id_pessoa, time_stamp, tipo_lance, descricao) VALUES(45, 570, '0:58:22', 'SOFREU FALTA', 'Hiroshi Kiyotake sofre falta de Krzysztof Maczynski!');
INSERT INTO lance (id_partida, id_pessoa, time_stamp, tipo_lance, descricao) VALUES(45, 563, '0:59:22', 'FALTA', 'Falta de Hiroki Sakai em Arkadiusz Milik!');
INSERT INTO lance (id_partida, id_pessoa, time_stamp, tipo_lance, descricao) VALUES(45, 522, '0:59:22', 'SOFREU FALTA', 'Arkadiusz Milik sofre falta de Hiroki Sakai!');
INSERT INTO lance (id_partida, id_pessoa, time_stamp, tipo_lance, descricao) VALUES(45, 512, '0:59:36', 'FALTA', 'Falta de Artur Jedrzejczyk em Takashi Usami!');
INSERT INTO lance (id_partida, id_pessoa, time_stamp, tipo_lance, descricao) VALUES(45, 572, '0:59:36', 'SOFREU FALTA', 'Takashi Usami sofre falta de Artur Jedrzejczyk!');
INSERT INTO lance (id_partida, id_pessoa, time_stamp, tipo_lance, descricao) VALUES(45, 517, '1:0:17', 'FALTA', 'Falta de Krzysztof Maczynski em Hiroshi Kiyotake!');
INSERT INTO lance (id_partida, id_pessoa, time_stamp, tipo_lance, descricao) VALUES(45, 570, '1:0:17', 'SOFREU FALTA', 'Hiroshi Kiyotake sofre falta de Krzysztof Maczynski!');
INSERT INTO lance (id_partida, id_pessoa, time_stamp, tipo_lance, descricao) VALUES(45, 567, '1:0:22', 'FALTA', 'Falta de Hotaru Yamaguchi em Maciej Rybus!');
INSERT INTO lance (id_partida, id_pessoa, time_stamp, tipo_lance, descricao) VALUES(45, 513, '1:0:22', 'SOFREU FALTA', 'Maciej Rybus sofre falta de Hotaru Yamaguchi!');
INSERT INTO lance (id_partida, id_pessoa, time_stamp, tipo_lance, descricao) VALUES(45, 520, '1:6:53', 'SUBSTITUICAO', 'Sai Robert Lewandowski!');
INSERT INTO lance (id_partida, id_pessoa, time_stamp, tipo_lance, descricao) VALUES(45, 507, '1:6:53', 'SUBSTITUICAO', 'Entra Lukasz Piszczek!');
INSERT INTO lance (id_partida, id_pessoa, time_stamp, tipo_lance, descricao) VALUES(45, 563, '1:7:58', 'FALTA', 'Falta de Hiroki Sakai em Arkadiusz Milik!');
INSERT INTO lance (id_partida, id_pessoa, time_stamp, tipo_lance, descricao) VALUES(45, 522, '1:7:58', 'SOFREU FALTA', 'Arkadiusz Milik sofre falta de Hiroki Sakai!');
INSERT INTO lance (id_partida, id_pessoa, time_stamp, tipo_lance, descricao) VALUES(45, 519, '1:12:11', 'SUBSTITUICAO', 'Sai Karol Linetty!');
INSERT INTO lance (id_partida, id_pessoa, time_stamp, tipo_lance, descricao) VALUES(45, 506, '1:12:11', 'SUBSTITUICAO', 'Entra Wojciech Szczesny!');
INSERT INTO lance (id_partida, id_pessoa, time_stamp, tipo_lance, descricao) VALUES(45, 575, '1:12:29', 'FALTA', 'Falta de Yuya Kubo em Wojciech Szczesny!');
INSERT INTO lance (id_partida, id_pessoa, time_stamp, tipo_lance, descricao) VALUES(45, 506, '1:12:29', 'SOFREU FALTA', 'Wojciech Szczesny sofre falta de Yuya Kubo!');
INSERT INTO lance (id_partida, id_pessoa, time_stamp, tipo_lance, descricao) VALUES(45, 570, '1:15:48', 'SUBSTITUICAO', 'Sai Hiroshi Kiyotake!');
INSERT INTO lance (id_partida, id_pessoa, time_stamp, tipo_lance, descricao) VALUES(45, 569, '1:15:48', 'SUBSTITUICAO', 'Entra Makoto Hasebe!');
INSERT INTO lance (id_partida, id_pessoa, time_stamp, tipo_lance, descricao) VALUES(45, 512, '1:17:28', 'FALTA', 'Falta de Artur Jedrzejczyk em Yuya Kubo!');
INSERT INTO lance (id_partida, id_pessoa, time_stamp, tipo_lance, descricao) VALUES(45, 575, '1:17:28', 'SOFREU FALTA', 'Yuya Kubo sofre falta de Artur Jedrzejczyk!');
INSERT INTO lance (id_partida, id_pessoa, time_stamp, tipo_lance, descricao) VALUES(45, 516, '1:20:11', 'FALTA', 'Falta de Grzegorz Krychowiak em Hotaru Yamaguchi!');
INSERT INTO lance (id_partida, id_pessoa, time_stamp, tipo_lance, descricao) VALUES(45, 567, '1:20:11', 'SOFREU FALTA', 'Hotaru Yamaguchi sofre falta de Grzegorz Krychowiak!');
INSERT INTO lance (id_partida, id_pessoa, time_stamp, tipo_lance, descricao) VALUES(45, 575, '1:21:33', 'DEFESA', 'Defesa de Hiroki Sakai!');
INSERT INTO lance (id_partida, id_pessoa, time_stamp, tipo_lance, descricao) VALUES(45, 517, '1:23:50', 'DEFESA', 'Defesa de Hiroki Sakai!');
INSERT INTO lance (id_partida, id_pessoa, time_stamp, tipo_lance, descricao) VALUES(45, 569, '1:25:42', 'DEFESA', 'Defesa de Hiroki Sakai!');
INSERT INTO lance (id_partida, id_pessoa, time_stamp, tipo_lance, descricao) VALUES(45, 522, '1:26:27', 'FALTA', 'Falta de Arkadiusz Milik em Shinji Okazaki!');
INSERT INTO lance (id_partida, id_pessoa, time_stamp, tipo_lance, descricao) VALUES(45, 574, '1:26:27', 'SOFREU FALTA', 'Shinji Okazaki sofre falta de Arkadiusz Milik!');
INSERT INTO lance (id_partida, id_pessoa, time_stamp, tipo_lance, descricao) VALUES(45, 506, '1:28:56', 'DEFESA', 'Defesa de Hiroki Sakai!');
INSERT INTO apita (id_partida, id_pessoa) VALUES(46, 577);
INSERT INTO apita (id_partida, id_pessoa) VALUES(46, 594);
INSERT INTO apita (id_partida, id_pessoa) VALUES(46, 684);
INSERT INTO deslocamento (codigo_pais, id_partida, itinerario, descricao_da_escolta) VALUES('COL', 46, '5DFT8V8MKYX05ISKWCGX1DVNLXNG6GC51G2AWFUFQL7GMEV9TWBW9MN1S1ILI2QDW18ZQSYRR', 'GPGPBGCNWJEQ6P3BR47J6Y53UUF5SA7UE8F7UDZBI4FG9F5T5PA3UIE');
INSERT INTO deslocamento (codigo_pais, id_partida, itinerario, descricao_da_escolta) VALUES('SEN', 46, 'UN4QBG5WLUM7J6QNF6ABTZ3OZWAD9DA64XNHIJ9C9T4O27J99XYYHC85TQ0PG2WIUPDWTIF568CA4OV1MAEMOLZ1YRX2SU5H7W4M4WQ0S31JA8AE49CFYJ3I0L8BVMMMC5DIUJ7ZTN4VUP10RT8T', 'ZTX2WVSYPFFQPGE41UVBMWKOHYKUITCN24MLPP7XPBEIYEEJW5Z8NREDIJV8K7Q6D2YV43PMW7WLRBZCTB7M3DALZICG49MRVIF6QTO3QNMP53WHTSOJADC91M5V0IRWVFZJ63WAWE6P1UP6');
INSERT INTO lance (id_partida, id_pessoa, time_stamp, tipo_lance, descricao) VALUES(46, 577, '0:45:0', 'FIM DO PRIMEIRO TEMPO', 'Juiz Bernas apita o fim do primeiro tempo!');
INSERT INTO lance (id_partida, id_pessoa, time_stamp, tipo_lance, descricao) VALUES(46, 577, '1:30:0', 'FIM DO JOGO', 'Juiz Bernas apita o fim do jogo!');
INSERT INTO lance (id_partida, id_pessoa, time_stamp, tipo_lance, descricao) VALUES(46, 553, '0:2:2', 'DEFESA', 'Defesa de Dávinson Sánchez!');
INSERT INTO lance (id_partida, id_pessoa, time_stamp, tipo_lance, descricao) VALUES(46, 551, '0:9:51', 'DEFESA', 'Defesa de Dávinson Sánchez!');
INSERT INTO lance (id_partida, id_pessoa, time_stamp, tipo_lance, descricao) VALUES(46, 558, '0:12:41', 'FALTA', 'Falta de Duván Zapata em Mame Diouf!');
INSERT INTO lance (id_partida, id_pessoa, time_stamp, tipo_lance, descricao) VALUES(46, 540, '0:12:41', 'SOFREU FALTA', 'Mame Diouf sofre falta de Duván Zapata!');
INSERT INTO lance (id_partida, id_pessoa, time_stamp, tipo_lance, descricao) VALUES(46, 537, '0:15:16', 'FALTA', 'Falta de Keita Baldé em Carlos Bacca!');
INSERT INTO lance (id_partida, id_pessoa, time_stamp, tipo_lance, descricao) VALUES(46, 555, '0:15:16', 'SOFREU FALTA', 'Carlos Bacca sofre falta de Keita Baldé!');
INSERT INTO lance (id_partida, id_pessoa, time_stamp, tipo_lance, descricao) VALUES(46, 556, '0:16:53', 'FALTA', 'Falta de Edwin Cardona em Sadio Mané!');
INSERT INTO lance (id_partida, id_pessoa, time_stamp, tipo_lance, descricao) VALUES(46, 534, '0:16:53', 'SOFREU FALTA', 'Sadio Mané sofre falta de Edwin Cardona!');
INSERT INTO lance (id_partida, id_pessoa, time_stamp, tipo_lance, descricao) VALUES(46, 548, '0:20:36', 'FALTA', 'Falta de Juan Guillermo Cuadrado em Moussa Konaté!');
INSERT INTO lance (id_partida, id_pessoa, time_stamp, tipo_lance, descricao) VALUES(46, 536, '0:20:36', 'SOFREU FALTA', 'Moussa Konaté sofre falta de Juan Guillermo Cuadrado!');
INSERT INTO lance (id_partida, id_pessoa, time_stamp, tipo_lance, descricao) VALUES(46, 548, '0:25:35', 'FALTA', 'Falta de Juan Guillermo Cuadrado em Ismaïla Sarr!');
INSERT INTO lance (id_partida, id_pessoa, time_stamp, tipo_lance, descricao) VALUES(46, 539, '0:25:35', 'SOFREU FALTA', 'Ismaïla Sarr sofre falta de Juan Guillermo Cuadrado!');
INSERT INTO lance (id_partida, id_pessoa, time_stamp, tipo_lance, descricao) VALUES(46, 554, '0:26:18', 'FALTA', 'Falta de Teófilo Gutiérrez em Mame Diouf!');
INSERT INTO lance (id_partida, id_pessoa, time_stamp, tipo_lance, descricao) VALUES(46, 540, '0:26:18', 'SOFREU FALTA', 'Mame Diouf sofre falta de Teófilo Gutiérrez!');
INSERT INTO lance (id_partida, id_pessoa, time_stamp, tipo_lance, descricao) VALUES(46, 555, '0:32:28', 'DEFESA', 'Defesa de Dávinson Sánchez!');
INSERT INTO lance (id_partida, id_pessoa, time_stamp, tipo_lance, descricao) VALUES(46, 552, '0:35:38', 'DEFESA', 'Defesa de Dávinson Sánchez!');
INSERT INTO lance (id_partida, id_pessoa, time_stamp, tipo_lance, descricao) VALUES(46, 534, '0:36:44', 'DEFESA', 'Defesa de Dávinson Sánchez!');
INSERT INTO lance (id_partida, id_pessoa, time_stamp, tipo_lance, descricao) VALUES(46, 554, '0:38:42', 'FALTA', 'Falta de Teófilo Gutiérrez em Idrissa Gueye!');
INSERT INTO lance (id_partida, id_pessoa, time_stamp, tipo_lance, descricao) VALUES(46, 530, '0:38:42', 'SOFREU FALTA', 'Idrissa Gueye sofre falta de Teófilo Gutiérrez!');
INSERT INTO lance (id_partida, id_pessoa, time_stamp, tipo_lance, descricao) VALUES(46, 549, '0:42:45', 'FALTA', 'Falta de Abel Aguilar em Ismaïla Sarr!');
INSERT INTO lance (id_partida, id_pessoa, time_stamp, tipo_lance, descricao) VALUES(46, 539, '0:42:45', 'SOFREU FALTA', 'Ismaïla Sarr sofre falta de Abel Aguilar!');
INSERT INTO lance (id_partida, id_pessoa, time_stamp, tipo_lance, descricao) VALUES(46, 537, '0:43:15', 'FALTA', 'Falta de Keita Baldé em Giovanni Moreno!');
INSERT INTO lance (id_partida, id_pessoa, time_stamp, tipo_lance, descricao) VALUES(46, 551, '0:43:15', 'SOFREU FALTA', 'Giovanni Moreno sofre falta de Keita Baldé!');
INSERT INTO lance (id_partida, id_pessoa, time_stamp, tipo_lance, descricao) VALUES(46, 556, '0:43:26', 'DEFESA', 'Defesa de Dávinson Sánchez!');
INSERT INTO lance (id_partida, id_pessoa, time_stamp, tipo_lance, descricao) VALUES(46, 552, '0:44:29', 'FALTA', 'Falta de Wílmar Barrios em Papa Alioune N’Diaye!');
INSERT INTO lance (id_partida, id_pessoa, time_stamp, tipo_lance, descricao) VALUES(46, 533, '0:44:29', 'SOFREU FALTA', 'Papa Alioune N’Diaye sofre falta de Wílmar Barrios!');
INSERT INTO lance (id_partida, id_pessoa, time_stamp, tipo_lance, descricao) VALUES(46, 551, '0:46:46', 'FALTA', 'Falta de Giovanni Moreno em Cheikh Ndoye!');
INSERT INTO lance (id_partida, id_pessoa, time_stamp, tipo_lance, descricao) VALUES(46, 532, '0:46:46', 'SOFREU FALTA', 'Cheikh Ndoye sofre falta de Giovanni Moreno!');
INSERT INTO lance (id_partida, id_pessoa, time_stamp, tipo_lance, descricao) VALUES(46, 548, '0:46:56', 'FALTA', 'Falta de Juan Guillermo Cuadrado em M’Baye Niang!');
INSERT INTO lance (id_partida, id_pessoa, time_stamp, tipo_lance, descricao) VALUES(46, 538, '0:46:56', 'SOFREU FALTA', 'M’Baye Niang sofre falta de Juan Guillermo Cuadrado!');
INSERT INTO lance (id_partida, id_pessoa, time_stamp, tipo_lance, descricao) VALUES(46, 538, '0:47:26', 'FALTA', 'Falta de M’Baye Niang em Wílmar Barrios!');
INSERT INTO lance (id_partida, id_pessoa, time_stamp, tipo_lance, descricao) VALUES(46, 552, '0:47:26', 'SOFREU FALTA', 'Wílmar Barrios sofre falta de M’Baye Niang!');
INSERT INTO lance (id_partida, id_pessoa, time_stamp, tipo_lance, descricao) VALUES(46, 532, '0:51:6', 'FALTA', 'Falta de Cheikh Ndoye em Edwin Cardona!');
INSERT INTO lance (id_partida, id_pessoa, time_stamp, tipo_lance, descricao) VALUES(46, 556, '0:51:6', 'SOFREU FALTA', 'Edwin Cardona sofre falta de Cheikh Ndoye!');
INSERT INTO lance (id_partida, id_pessoa, time_stamp, tipo_lance, descricao) VALUES(46, 530, '0:51:48', 'FALTA', 'Falta de Idrissa Gueye em Duván Zapata!');
INSERT INTO lance (id_partida, id_pessoa, time_stamp, tipo_lance, descricao) VALUES(46, 558, '0:51:48', 'SOFREU FALTA', 'Duván Zapata sofre falta de Idrissa Gueye!');
INSERT INTO lance (id_partida, id_pessoa, time_stamp, tipo_lance, descricao) VALUES(46, 555, '0:53:27', 'FALTA', 'Falta de Carlos Bacca em Sadio Mané!');
INSERT INTO lance (id_partida, id_pessoa, time_stamp, tipo_lance, descricao) VALUES(46, 534, '0:53:27', 'SOFREU FALTA', 'Sadio Mané sofre falta de Carlos Bacca!');
INSERT INTO lance (id_partida, id_pessoa, time_stamp, tipo_lance, descricao) VALUES(46, 538, '0:53:37', 'SUBSTITUICAO', 'Sai M’Baye Niang!');
INSERT INTO lance (id_partida, id_pessoa, time_stamp, tipo_lance, descricao) VALUES(46, 525, '0:53:37', 'SUBSTITUICAO', 'Entra Lamine Gassama!');
INSERT INTO lance (id_partida, id_pessoa, time_stamp, tipo_lance, descricao) VALUES(46, 555, '0:54:25', 'FALTA', 'Falta de Carlos Bacca em Cheikhou Kouyaté!');
INSERT INTO lance (id_partida, id_pessoa, time_stamp, tipo_lance, descricao) VALUES(46, 531, '0:54:25', 'SOFREU FALTA', 'Cheikhou Kouyaté sofre falta de Carlos Bacca!');
INSERT INTO lance (id_partida, id_pessoa, time_stamp, tipo_lance, descricao) VALUES(46, 552, '0:56:3', 'FALTA', 'Falta de Wílmar Barrios em Cheikh Ndoye!');
INSERT INTO lance (id_partida, id_pessoa, time_stamp, tipo_lance, descricao) VALUES(46, 532, '0:56:3', 'SOFREU FALTA', 'Cheikh Ndoye sofre falta de Wílmar Barrios!');
INSERT INTO lance (id_partida, id_pessoa, time_stamp, tipo_lance, descricao) VALUES(46, 553, '0:58:25', 'DEFESA', 'Defesa de Dávinson Sánchez!');
INSERT INTO lance (id_partida, id_pessoa, time_stamp, tipo_lance, descricao) VALUES(46, 533, '1:0:30', 'DEFESA', 'Defesa de Dávinson Sánchez!');
INSERT INTO lance (id_partida, id_pessoa, time_stamp, tipo_lance, descricao) VALUES(46, 551, '1:0:56', 'DEFESA', 'Defesa de Dávinson Sánchez!');
INSERT INTO lance (id_partida, id_pessoa, time_stamp, tipo_lance, descricao) VALUES(46, 536, '1:2:57', 'DEFESA', 'Defesa de Dávinson Sánchez!');
INSERT INTO lance (id_partida, id_pessoa, time_stamp, tipo_lance, descricao) VALUES(46, 525, '1:5:42', 'FALTA', 'Falta de Lamine Gassama em Yimmi Chará!');
INSERT INTO lance (id_partida, id_pessoa, time_stamp, tipo_lance, descricao) VALUES(46, 557, '1:5:42', 'SOFREU FALTA', 'Yimmi Chará sofre falta de Lamine Gassama!');
INSERT INTO lance (id_partida, id_pessoa, time_stamp, tipo_lance, descricao) VALUES(46, 556, '1:11:54', 'SUBSTITUICAO', 'Sai Edwin Cardona!');
INSERT INTO lance (id_partida, id_pessoa, time_stamp, tipo_lance, descricao) VALUES(46, 541, '1:11:54', 'SUBSTITUICAO', 'Entra David Ospina!');
INSERT INTO lance (id_partida, id_pessoa, time_stamp, tipo_lance, descricao) VALUES(46, 550, '1:15:37', 'DEFESA', 'Defesa de Dávinson Sánchez!');
INSERT INTO lance (id_partida, id_pessoa, time_stamp, tipo_lance, descricao) VALUES(46, 530, '1:15:57', 'FALTA', 'Falta de Idrissa Gueye em David Ospina!');
INSERT INTO lance (id_partida, id_pessoa, time_stamp, tipo_lance, descricao) VALUES(46, 541, '1:15:57', 'SOFREU FALTA', 'David Ospina sofre falta de Idrissa Gueye!');
INSERT INTO lance (id_partida, id_pessoa, time_stamp, tipo_lance, descricao) VALUES(46, 530, '1:16:18', 'FALTA', 'Falta de Idrissa Gueye em Juan Guillermo Cuadrado!');
INSERT INTO lance (id_partida, id_pessoa, time_stamp, tipo_lance, descricao) VALUES(46, 548, '1:16:18', 'SOFREU FALTA', 'Juan Guillermo Cuadrado sofre falta de Idrissa Gueye!');
INSERT INTO lance (id_partida, id_pessoa, time_stamp, tipo_lance, descricao) VALUES(46, 541, '1:18:19', 'FALTA', 'Falta de David Ospina em Mame Diouf!');
INSERT INTO lance (id_partida, id_pessoa, time_stamp, tipo_lance, descricao) VALUES(46, 540, '1:18:19', 'SOFREU FALTA', 'Mame Diouf sofre falta de David Ospina!');
INSERT INTO lance (id_partida, id_pessoa, time_stamp, tipo_lance, descricao) VALUES(46, 558, '1:20:4', 'SUBSTITUICAO', 'Sai Duván Zapata!');
INSERT INTO lance (id_partida, id_pessoa, time_stamp, tipo_lance, descricao) VALUES(46, 543, '1:20:4', 'SUBSTITUICAO', 'Entra Santiago Arias!');
INSERT INTO lance (id_partida, id_pessoa, time_stamp, tipo_lance, descricao) VALUES(46, 534, '1:20:7', 'SUBSTITUICAO', 'Sai Sadio Mané!');
INSERT INTO lance (id_partida, id_pessoa, time_stamp, tipo_lance, descricao) VALUES(46, 538, '1:20:7', 'SUBSTITUICAO', 'Entra M’Baye Niang!');
INSERT INTO lance (id_partida, id_pessoa, time_stamp, tipo_lance, descricao) VALUES(46, 537, '1:20:12', 'DEFESA', 'Defesa de Dávinson Sánchez!');
INSERT INTO lance (id_partida, id_pessoa, time_stamp, tipo_lance, descricao) VALUES(46, 553, '1:20:13', 'GOL', 'Gol de Radamel Falcao García!');
INSERT INTO lance (id_partida, id_pessoa, time_stamp, tipo_lance, descricao) VALUES(46, 548, '1:21:1', 'SUBSTITUICAO', 'Sai Juan Guillermo Cuadrado!');
INSERT INTO lance (id_partida, id_pessoa, time_stamp, tipo_lance, descricao) VALUES(46, 556, '1:21:1', 'SUBSTITUICAO', 'Entra Edwin Cardona!');
INSERT INTO lance (id_partida, id_pessoa, time_stamp, tipo_lance, descricao) VALUES(46, 535, '1:23:40', 'GOL', 'Gol de Moussa Sow!');
INSERT INTO lance (id_partida, id_pessoa, time_stamp, tipo_lance, descricao) VALUES(46, 539, '1:24:26', 'FALTA', 'Falta de Ismaïla Sarr em Edwin Cardona!');
INSERT INTO lance (id_partida, id_pessoa, time_stamp, tipo_lance, descricao) VALUES(46, 556, '1:24:26', 'SOFREU FALTA', 'Edwin Cardona sofre falta de Ismaïla Sarr!');
INSERT INTO lance (id_partida, id_pessoa, time_stamp, tipo_lance, descricao) VALUES(46, 535, '1:25:48', 'FALTA', 'Falta de Moussa Sow em Carlos Bacca!');
INSERT INTO lance (id_partida, id_pessoa, time_stamp, tipo_lance, descricao) VALUES(46, 555, '1:25:48', 'SOFREU FALTA', 'Carlos Bacca sofre falta de Moussa Sow!');
INSERT INTO lance (id_partida, id_pessoa, time_stamp, tipo_lance, descricao) VALUES(46, 543, '1:25:55', 'DEFESA', 'Defesa de Dávinson Sánchez!');
INSERT INTO lance (id_partida, id_pessoa, time_stamp, tipo_lance, descricao) VALUES(46, 525, '1:27:26', 'DEFESA', 'Defesa de Dávinson Sánchez!');
INSERT INTO lance (id_partida, id_pessoa, time_stamp, tipo_lance, descricao) VALUES(46, 533, '1:29:9', 'DEFESA', 'Defesa de Dávinson Sánchez!');
INSERT INTO apita (id_partida, id_pessoa) VALUES(47, 657);
INSERT INTO apita (id_partida, id_pessoa) VALUES(47, 648);
INSERT INTO apita (id_partida, id_pessoa) VALUES(47, 589);
INSERT INTO deslocamento (codigo_pais, id_partida, itinerario, descricao_da_escolta) VALUES('PAN', 47, 'CWE0DKH21NC4IXOUP2DFUYCQTCYR7WLK0HIQPPKLHLBUTM863WVWTUEOTXHAVZ5EC2EAO8E9R18JWS6HE1XKBZ1FD461IKZRQ6R1I8R5RVE1V52A1964BUDNA86UCN0HBQ2ZAF9GJ22PUATIC5AJN5P52E1JB73E57ZECC9W90UI2Y29OYSGMQ3FA77', 'NZFM9XUWLPF95OKXLHDEL15MOW1ODTDFFDIJVHJEEGY9TSK8GG4332VW427M6GT1LA42FACD78AFC626M2H7ZKLMSWP2K6I7X7YTXR2FE0642PT79AAD8VCBYSKTVK3A0CSFIJI49B28NQUCCR2J6E9B4X4FHJU465EZ7NZ01FD63DXI7HQERUEWDQKVPDX0R8CSM4EZ1CR1BCI19VI92PMM1SWQCEKYR');
INSERT INTO deslocamento (codigo_pais, id_partida, itinerario, descricao_da_escolta) VALUES('TUN', 47, 'P4BE6CD1MPDMUBITV35Y8BW014IYWX12KYWNZ5ZF6BD6IO7VHSSQ32ONILNB4OEYYKC6O540DZ268ZRM6XQEFL9RKIEORXLR6OI8MAGMY2MDARPS4AEH8A', 'MKUWF0QIPOKAURS95QDQM86Q23VTQTDS645X1OBVHT6YZR4BLBJ04UHOOE3LE616L2D0V5IRPSI2BH0L9UIPJNXMWRIXVZRL19N7ODQP32LMLOMGNSMUYMW7E0DEWU5ZA7AC4375E2WRBLAIFBKDN6WPMP3XA');
INSERT INTO lance (id_partida, id_pessoa, time_stamp, tipo_lance, descricao) VALUES(47, 657, '0:45:0', 'FIM DO PRIMEIRO TEMPO', 'Juiz Bidwell apita o fim do primeiro tempo!');
INSERT INTO lance (id_partida, id_pessoa, time_stamp, tipo_lance, descricao) VALUES(47, 657, '1:30:0', 'FIM DO JOGO', 'Juiz Bidwell apita o fim do jogo!');
INSERT INTO lance (id_partida, id_pessoa, time_stamp, tipo_lance, descricao) VALUES(47, 464, '0:2:39', 'FALTA', 'Falta de Aníbal Godoy em Wahbi Khazri!');
INSERT INTO lance (id_partida, id_pessoa, time_stamp, tipo_lance, descricao) VALUES(47, 477, '0:2:39', 'SOFREU FALTA', 'Wahbi Khazri sofre falta de Aníbal Godoy!');
INSERT INTO lance (id_partida, id_pessoa, time_stamp, tipo_lance, descricao) VALUES(47, 478, '0:3:2', 'FALTA', 'Falta de Mohamed Amine Ben Amor em Édgar Bárcenas!');
INSERT INTO lance (id_partida, id_pessoa, time_stamp, tipo_lance, descricao) VALUES(47, 461, '0:3:2', 'SOFREU FALTA', 'Édgar Bárcenas sofre falta de Mohamed Amine Ben Amor!');
INSERT INTO lance (id_partida, id_pessoa, time_stamp, tipo_lance, descricao) VALUES(47, 458, '0:4:22', 'SUBSTITUICAO', 'Sai Luis Ovalle!');
INSERT INTO lance (id_partida, id_pessoa, time_stamp, tipo_lance, descricao) VALUES(47, 452, '0:4:22', 'SUBSTITUICAO', 'Entra José Calderón!');
INSERT INTO lance (id_partida, id_pessoa, time_stamp, tipo_lance, descricao) VALUES(47, 462, '0:5:37', 'DEFESA', 'Defesa de Román Torres!');
INSERT INTO lance (id_partida, id_pessoa, time_stamp, tipo_lance, descricao) VALUES(47, 477, '0:7:37', 'FALTA', 'Falta de Wahbi Khazri em Édgar Bárcenas!');
INSERT INTO lance (id_partida, id_pessoa, time_stamp, tipo_lance, descricao) VALUES(47, 461, '0:7:37', 'SOFREU FALTA', 'Édgar Bárcenas sofre falta de Wahbi Khazri!');
INSERT INTO lance (id_partida, id_pessoa, time_stamp, tipo_lance, descricao) VALUES(47, 460, '0:12:49', 'DEFESA', 'Defesa de Román Torres!');
INSERT INTO lance (id_partida, id_pessoa, time_stamp, tipo_lance, descricao) VALUES(47, 463, '0:13:28', 'FALTA', 'Falta de Alberto Quintero em Ferjani Sassi!');
INSERT INTO lance (id_partida, id_pessoa, time_stamp, tipo_lance, descricao) VALUES(47, 476, '0:13:28', 'SOFREU FALTA', 'Ferjani Sassi sofre falta de Alberto Quintero!');
INSERT INTO lance (id_partida, id_pessoa, time_stamp, tipo_lance, descricao) VALUES(47, 482, '0:14:16', 'DEFESA', 'Defesa de Román Torres!');
INSERT INTO lance (id_partida, id_pessoa, time_stamp, tipo_lance, descricao) VALUES(47, 480, '0:14:35', 'FALTA', 'Falta de Naïm Sliti em Gabriel Gómez!');
INSERT INTO lance (id_partida, id_pessoa, time_stamp, tipo_lance, descricao) VALUES(47, 460, '0:14:35', 'SOFREU FALTA', 'Gabriel Gómez sofre falta de Naïm Sliti!');
INSERT INTO lance (id_partida, id_pessoa, time_stamp, tipo_lance, descricao) VALUES(47, 480, '0:14:35', 'CARTAO AMARELO', 'Naïm Sliti ganhou um cartão amarelo!');
INSERT INTO lance (id_partida, id_pessoa, time_stamp, tipo_lance, descricao) VALUES(47, 485, '0:15:12', 'SUBSTITUICAO', 'Sai Anice Bradi!');
INSERT INTO lance (id_partida, id_pessoa, time_stamp, tipo_lance, descricao) VALUES(47, 475, '0:15:12', 'SUBSTITUICAO', 'Entra Oussama Haddadi!');
INSERT INTO lance (id_partida, id_pessoa, time_stamp, tipo_lance, descricao) VALUES(47, 466, '0:15:54', 'DEFESA', 'Defesa de Román Torres!');
INSERT INTO lance (id_partida, id_pessoa, time_stamp, tipo_lance, descricao) VALUES(47, 468, '0:15:58', 'SUBSTITUICAO', 'Sai Abdiel Arroyo!');
INSERT INTO lance (id_partida, id_pessoa, time_stamp, tipo_lance, descricao) VALUES(47, 457, '0:15:58', 'SUBSTITUICAO', 'Entra Éric Davis!');
INSERT INTO lance (id_partida, id_pessoa, time_stamp, tipo_lance, descricao) VALUES(47, 481, '0:16:19', 'SUBSTITUICAO', 'Sai Youssef Msakni!');
INSERT INTO lance (id_partida, id_pessoa, time_stamp, tipo_lance, descricao) VALUES(47, 469, '0:16:19', 'SUBSTITUICAO', 'Entra Aymen Mathlouthi!');
INSERT INTO lance (id_partida, id_pessoa, time_stamp, tipo_lance, descricao) VALUES(47, 469, '0:25:39', 'DEFESA', 'Defesa de Román Torres!');
INSERT INTO lance (id_partida, id_pessoa, time_stamp, tipo_lance, descricao) VALUES(47, 484, '0:27:28', 'ASSISTENCIA', 'Assistencia de Oussama Haddadi!');
INSERT INTO lance (id_partida, id_pessoa, time_stamp, tipo_lance, descricao) VALUES(47, 484, '0:27:28', 'GOL', 'Gol de Yoann Touzghar!');
INSERT INTO lance (id_partida, id_pessoa, time_stamp, tipo_lance, descricao) VALUES(47, 466, '0:28:2', 'DEFESA', 'Defesa de Román Torres!');
INSERT INTO lance (id_partida, id_pessoa, time_stamp, tipo_lance, descricao) VALUES(47, 475, '0:28:3', 'FALTA', 'Falta de Oussama Haddadi em Aníbal Godoy!');
INSERT INTO lance (id_partida, id_pessoa, time_stamp, tipo_lance, descricao) VALUES(47, 464, '0:28:3', 'SOFREU FALTA', 'Aníbal Godoy sofre falta de Oussama Haddadi!');
INSERT INTO lance (id_partida, id_pessoa, time_stamp, tipo_lance, descricao) VALUES(47, 466, '0:28:38', 'FALTA', 'Falta de Gabriel Torres em Aymen Mathlouthi!');
INSERT INTO lance (id_partida, id_pessoa, time_stamp, tipo_lance, descricao) VALUES(47, 469, '0:28:38', 'SOFREU FALTA', 'Aymen Mathlouthi sofre falta de Gabriel Torres!');
INSERT INTO lance (id_partida, id_pessoa, time_stamp, tipo_lance, descricao) VALUES(47, 452, '0:29:1', 'SUBSTITUICAO', 'Sai José Calderón!');
INSERT INTO lance (id_partida, id_pessoa, time_stamp, tipo_lance, descricao) VALUES(47, 453, '0:29:1', 'SUBSTITUICAO', 'Entra Michael Murillo!');
INSERT INTO lance (id_partida, id_pessoa, time_stamp, tipo_lance, descricao) VALUES(47, 477, '0:30:54', 'DEFESA', 'Defesa de Román Torres!');
INSERT INTO lance (id_partida, id_pessoa, time_stamp, tipo_lance, descricao) VALUES(47, 461, '0:36:22', 'DEFESA', 'Defesa de Román Torres!');
INSERT INTO lance (id_partida, id_pessoa, time_stamp, tipo_lance, descricao) VALUES(47, 460, '0:38:1', 'FALTA', 'Falta de Gabriel Gómez em Ahmed Akaïchi!');
INSERT INTO lance (id_partida, id_pessoa, time_stamp, tipo_lance, descricao) VALUES(47, 486, '0:38:1', 'SOFREU FALTA', 'Ahmed Akaïchi sofre falta de Gabriel Gómez!');
INSERT INTO lance (id_partida, id_pessoa, time_stamp, tipo_lance, descricao) VALUES(47, 483, '0:39:25', 'FALTA', 'Falta de Taha Yassine Khenissi em Luis Tejada!');
INSERT INTO lance (id_partida, id_pessoa, time_stamp, tipo_lance, descricao) VALUES(47, 467, '0:39:25', 'SOFREU FALTA', 'Luis Tejada sofre falta de Taha Yassine Khenissi!');
INSERT INTO lance (id_partida, id_pessoa, time_stamp, tipo_lance, descricao) VALUES(47, 459, '0:40:58', 'FALTA', 'Falta de Felipe Baloy em Yoann Touzghar!');
INSERT INTO lance (id_partida, id_pessoa, time_stamp, tipo_lance, descricao) VALUES(47, 484, '0:40:58', 'SOFREU FALTA', 'Yoann Touzghar sofre falta de Felipe Baloy!');
INSERT INTO lance (id_partida, id_pessoa, time_stamp, tipo_lance, descricao) VALUES(47, 459, '0:40:58', 'CARTAO AMARELO', 'Felipe Baloy ganhou um cartão amarelo!');
INSERT INTO lance (id_partida, id_pessoa, time_stamp, tipo_lance, descricao) VALUES(47, 477, '0:44:58', 'FALTA', 'Falta de Wahbi Khazri em Felipe Baloy!');
INSERT INTO lance (id_partida, id_pessoa, time_stamp, tipo_lance, descricao) VALUES(47, 459, '0:44:58', 'SOFREU FALTA', 'Felipe Baloy sofre falta de Wahbi Khazri!');
INSERT INTO lance (id_partida, id_pessoa, time_stamp, tipo_lance, descricao) VALUES(47, 461, '0:46:23', 'ASSISTENCIA', 'Assistencia de Michael Murillo!');
INSERT INTO lance (id_partida, id_pessoa, time_stamp, tipo_lance, descricao) VALUES(47, 461, '0:46:23', 'GOL', 'Gol de Édgar Bárcenas!');
INSERT INTO lance (id_partida, id_pessoa, time_stamp, tipo_lance, descricao) VALUES(47, 482, '0:52:36', 'FALTA', 'Falta de Fakhreddine Ben Youssef em Armando Cooper!');
INSERT INTO lance (id_partida, id_pessoa, time_stamp, tipo_lance, descricao) VALUES(47, 462, '0:52:36', 'SOFREU FALTA', 'Armando Cooper sofre falta de Fakhreddine Ben Youssef!');
INSERT INTO lance (id_partida, id_pessoa, time_stamp, tipo_lance, descricao) VALUES(47, 484, '0:53:32', 'SUBSTITUICAO', 'Sai Yoann Touzghar!');
INSERT INTO lance (id_partida, id_pessoa, time_stamp, tipo_lance, descricao) VALUES(47, 481, '0:53:32', 'SUBSTITUICAO', 'Entra Youssef Msakni!');
INSERT INTO lance (id_partida, id_pessoa, time_stamp, tipo_lance, descricao) VALUES(47, 480, '0:57:40', 'FALTA', 'Falta de Naïm Sliti em Luis Tejada!');
INSERT INTO lance (id_partida, id_pessoa, time_stamp, tipo_lance, descricao) VALUES(47, 467, '0:57:40', 'SOFREU FALTA', 'Luis Tejada sofre falta de Naïm Sliti!');
INSERT INTO lance (id_partida, id_pessoa, time_stamp, tipo_lance, descricao) VALUES(47, 459, '1:4:23', 'DEFESA', 'Defesa de Román Torres!');
INSERT INTO lance (id_partida, id_pessoa, time_stamp, tipo_lance, descricao) VALUES(47, 469, '1:10:55', 'DEFESA', 'Defesa de Román Torres!');
INSERT INTO lance (id_partida, id_pessoa, time_stamp, tipo_lance, descricao) VALUES(47, 461, '1:12:38', 'SUBSTITUICAO', 'Sai Édgar Bárcenas!');
INSERT INTO lance (id_partida, id_pessoa, time_stamp, tipo_lance, descricao) VALUES(47, 458, '1:12:38', 'SUBSTITUICAO', 'Entra Luis Ovalle!');
INSERT INTO lance (id_partida, id_pessoa, time_stamp, tipo_lance, descricao) VALUES(47, 464, '1:13:9', 'FALTA', 'Falta de Aníbal Godoy em Fakhreddine Ben Youssef!');
INSERT INTO lance (id_partida, id_pessoa, time_stamp, tipo_lance, descricao) VALUES(47, 482, '1:13:9', 'SOFREU FALTA', 'Fakhreddine Ben Youssef sofre falta de Aníbal Godoy!');
INSERT INTO lance (id_partida, id_pessoa, time_stamp, tipo_lance, descricao) VALUES(47, 480, '1:15:37', 'FALTA', 'Falta de Naïm Sliti em Felipe Baloy!');
INSERT INTO lance (id_partida, id_pessoa, time_stamp, tipo_lance, descricao) VALUES(47, 459, '1:15:37', 'SOFREU FALTA', 'Felipe Baloy sofre falta de Naïm Sliti!');
INSERT INTO lance (id_partida, id_pessoa, time_stamp, tipo_lance, descricao) VALUES(47, 481, '1:15:50', 'DEFESA', 'Defesa de Román Torres!');
INSERT INTO lance (id_partida, id_pessoa, time_stamp, tipo_lance, descricao) VALUES(47, 462, '1:17:2', 'FALTA', 'Falta de Armando Cooper em Fakhreddine Ben Youssef!');
INSERT INTO lance (id_partida, id_pessoa, time_stamp, tipo_lance, descricao) VALUES(47, 482, '1:17:2', 'SOFREU FALTA', 'Fakhreddine Ben Youssef sofre falta de Armando Cooper!');
INSERT INTO lance (id_partida, id_pessoa, time_stamp, tipo_lance, descricao) VALUES(47, 481, '1:17:22', 'FALTA', 'Falta de Youssef Msakni em Aníbal Godoy!');
INSERT INTO lance (id_partida, id_pessoa, time_stamp, tipo_lance, descricao) VALUES(47, 464, '1:17:22', 'SOFREU FALTA', 'Aníbal Godoy sofre falta de Youssef Msakni!');
INSERT INTO lance (id_partida, id_pessoa, time_stamp, tipo_lance, descricao) VALUES(47, 466, '1:20:43', 'FALTA', 'Falta de Gabriel Torres em Ferjani Sassi!');
INSERT INTO lance (id_partida, id_pessoa, time_stamp, tipo_lance, descricao) VALUES(47, 476, '1:20:43', 'SOFREU FALTA', 'Ferjani Sassi sofre falta de Gabriel Torres!');
INSERT INTO lance (id_partida, id_pessoa, time_stamp, tipo_lance, descricao) VALUES(47, 469, '1:21:37', 'FALTA', 'Falta de Aymen Mathlouthi em Felipe Baloy!');
INSERT INTO lance (id_partida, id_pessoa, time_stamp, tipo_lance, descricao) VALUES(47, 459, '1:21:37', 'SOFREU FALTA', 'Felipe Baloy sofre falta de Aymen Mathlouthi!');
INSERT INTO lance (id_partida, id_pessoa, time_stamp, tipo_lance, descricao) VALUES(47, 478, '1:24:2', 'FALTA', 'Falta de Mohamed Amine Ben Amor em Blas Pérez!');
INSERT INTO lance (id_partida, id_pessoa, time_stamp, tipo_lance, descricao) VALUES(47, 465, '1:24:2', 'SOFREU FALTA', 'Blas Pérez sofre falta de Mohamed Amine Ben Amor!');
INSERT INTO lance (id_partida, id_pessoa, time_stamp, tipo_lance, descricao) VALUES(47, 479, '1:24:18', 'FALTA', 'Falta de Ghaylène Chaalali em Luis Ovalle!');
INSERT INTO lance (id_partida, id_pessoa, time_stamp, tipo_lance, descricao) VALUES(47, 458, '1:24:18', 'SOFREU FALTA', 'Luis Ovalle sofre falta de Ghaylène Chaalali!');
INSERT INTO lance (id_partida, id_pessoa, time_stamp, tipo_lance, descricao) VALUES(47, 478, '1:25:3', 'FALTA', 'Falta de Mohamed Amine Ben Amor em Luis Ovalle!');
INSERT INTO lance (id_partida, id_pessoa, time_stamp, tipo_lance, descricao) VALUES(47, 458, '1:25:3', 'SOFREU FALTA', 'Luis Ovalle sofre falta de Mohamed Amine Ben Amor!');
INSERT INTO lance (id_partida, id_pessoa, time_stamp, tipo_lance, descricao) VALUES(47, 469, '1:26:59', 'FALTA', 'Falta de Aymen Mathlouthi em Luis Tejada!');
INSERT INTO lance (id_partida, id_pessoa, time_stamp, tipo_lance, descricao) VALUES(47, 467, '1:26:59', 'SOFREU FALTA', 'Luis Tejada sofre falta de Aymen Mathlouthi!');
INSERT INTO lance (id_partida, id_pessoa, time_stamp, tipo_lance, descricao) VALUES(47, 477, '1:28:18', 'FALTA', 'Falta de Wahbi Khazri em Michael Murillo!');
INSERT INTO lance (id_partida, id_pessoa, time_stamp, tipo_lance, descricao) VALUES(47, 453, '1:28:18', 'SOFREU FALTA', 'Michael Murillo sofre falta de Wahbi Khazri!');
INSERT INTO lance (id_partida, id_pessoa, time_stamp, tipo_lance, descricao) VALUES(47, 462, '1:28:20', 'GOL', 'Gol de Armando Cooper!');
INSERT INTO lance (id_partida, id_pessoa, time_stamp, tipo_lance, descricao) VALUES(47, 481, '1:28:38', 'FALTA', 'Falta de Youssef Msakni em Luis Ovalle!');
INSERT INTO lance (id_partida, id_pessoa, time_stamp, tipo_lance, descricao) VALUES(47, 458, '1:28:38', 'SOFREU FALTA', 'Luis Ovalle sofre falta de Youssef Msakni!');
INSERT INTO apita (id_partida, id_pessoa) VALUES(48, 577);
INSERT INTO apita (id_partida, id_pessoa) VALUES(48, 668);
INSERT INTO apita (id_partida, id_pessoa) VALUES(48, 639);
INSERT INTO deslocamento (codigo_pais, id_partida, itinerario, descricao_da_escolta) VALUES('BEL', 48, '007G9NOLY24UU0X48G1LTQXRTSEMTLVLEKP5HIFIJ1TRZZF616YKBZ1JDPWQIC2NGTQJL1X0ASB26F13NHUWXLKOSF21VZ9H8GKGJ5V9J7KSX9N7', '3DBRG05JB1F85FLS4305VTRVUMZB11T25E1V8Z2PO7IEPBO28A3FWBCJVQ63A4RKHND1NZUEBKQYLNFT87C17OG3BS9R29PTP87C7WOJPYDLUN7IKM5D2ZM2HJZ5ZCMC56JMQCVLT3LJL4IYU1HPDM1ZVF5Y7TTNMBQYEV2H0TT9NDQMAA');
INSERT INTO deslocamento (codigo_pais, id_partida, itinerario, descricao_da_escolta) VALUES('ENG', 48, '8568TFT0KH7OAJ87JOUU999YU22LSYSY6IVRPD7SV4RA3FTZPFH8PQL86HN0MHIWZJR1YQRGRC9FR85PJD6NQTIP7WVIZGFNW4LUX1A8YA', 'NRFQ7M8RJK4FFAB4B5IRK6VTXXL1RC8YQC581FY60Z6C1ZGTV78CQTGQ5W3JAHAGLGZCFDC6GL0VAS27R1FTE5I65OCFMO5TYZ1U9DNR5C6E2VQN452JBQCP82G1B6T1QH6K1H8NOXYC9ED');
INSERT INTO lance (id_partida, id_pessoa, time_stamp, tipo_lance, descricao) VALUES(48, 577, '0:45:0', 'FIM DO PRIMEIRO TEMPO', 'Juiz Bernas apita o fim do primeiro tempo!');
INSERT INTO lance (id_partida, id_pessoa, time_stamp, tipo_lance, descricao) VALUES(48, 577, '1:30:0', 'FIM DO JOGO', 'Juiz Bernas apita o fim do jogo!');
INSERT INTO lance (id_partida, id_pessoa, time_stamp, tipo_lance, descricao) VALUES(48, 497, '0:3:19', 'SUBSTITUICAO', 'Sai Dele Alli!');
INSERT INTO lance (id_partida, id_pessoa, time_stamp, tipo_lance, descricao) VALUES(48, 489, '0:3:19', 'SUBSTITUICAO', 'Entra Gary Cahill!');
INSERT INTO lance (id_partida, id_pessoa, time_stamp, tipo_lance, descricao) VALUES(48, 503, '0:4:6', 'FALTA', 'Falta de Marcus Rashford em Dries Mertens!');
INSERT INTO lance (id_partida, id_pessoa, time_stamp, tipo_lance, descricao) VALUES(48, 448, '0:4:6', 'SOFREU FALTA', 'Dries Mertens sofre falta de Marcus Rashford!');
INSERT INTO lance (id_partida, id_pessoa, time_stamp, tipo_lance, descricao) VALUES(48, 501, '0:4:40', 'DEFESA', 'Defesa de Vincent Kompany!');
INSERT INTO lance (id_partida, id_pessoa, time_stamp, tipo_lance, descricao) VALUES(48, 447, '0:5:7', 'FALTA', 'Falta de Yannick Carrasco em Eric Dier!');
INSERT INTO lance (id_partida, id_pessoa, time_stamp, tipo_lance, descricao) VALUES(48, 498, '0:5:7', 'SOFREU FALTA', 'Eric Dier sofre falta de Yannick Carrasco!');
INSERT INTO lance (id_partida, id_pessoa, time_stamp, tipo_lance, descricao) VALUES(48, 443, '0:7:4', 'FALTA', 'Falta de Youri Tielemans em Eric Dier!');
INSERT INTO lance (id_partida, id_pessoa, time_stamp, tipo_lance, descricao) VALUES(48, 498, '0:7:4', 'SOFREU FALTA', 'Eric Dier sofre falta de Youri Tielemans!');
INSERT INTO lance (id_partida, id_pessoa, time_stamp, tipo_lance, descricao) VALUES(48, 442, '0:10:6', 'DEFESA', 'Defesa de Vincent Kompany!');
INSERT INTO lance (id_partida, id_pessoa, time_stamp, tipo_lance, descricao) VALUES(48, 501, '0:12:58', 'FALTA', 'Falta de Raheem Sterling em Radja Nainggolan!');
INSERT INTO lance (id_partida, id_pessoa, time_stamp, tipo_lance, descricao) VALUES(48, 440, '0:12:58', 'SOFREU FALTA', 'Radja Nainggolan sofre falta de Raheem Sterling!');
INSERT INTO lance (id_partida, id_pessoa, time_stamp, tipo_lance, descricao) VALUES(48, 449, '0:13:48', 'DEFESA', 'Defesa de Vincent Kompany!');
INSERT INTO lance (id_partida, id_pessoa, time_stamp, tipo_lance, descricao) VALUES(48, 503, '0:18:11', 'FALTA', 'Falta de Marcus Rashford em Nacer Chadli!');
INSERT INTO lance (id_partida, id_pessoa, time_stamp, tipo_lance, descricao) VALUES(48, 445, '0:18:11', 'SOFREU FALTA', 'Nacer Chadli sofre falta de Marcus Rashford!');
INSERT INTO lance (id_partida, id_pessoa, time_stamp, tipo_lance, descricao) VALUES(48, 444, '0:27:54', 'ASSISTENCIA', 'Assistencia de Nacer Chadli!');
INSERT INTO lance (id_partida, id_pessoa, time_stamp, tipo_lance, descricao) VALUES(48, 444, '0:27:54', 'GOL', 'Gol de Mousa Dembélé!');
INSERT INTO lance (id_partida, id_pessoa, time_stamp, tipo_lance, descricao) VALUES(48, 444, '0:29:27', 'FALTA', 'Falta de Mousa Dembélé em Eric Dier!');
INSERT INTO lance (id_partida, id_pessoa, time_stamp, tipo_lance, descricao) VALUES(48, 498, '0:29:27', 'SOFREU FALTA', 'Eric Dier sofre falta de Mousa Dembélé!');
INSERT INTO lance (id_partida, id_pessoa, time_stamp, tipo_lance, descricao) VALUES(48, 444, '0:29:27', 'CARTAO AMARELO', 'Mousa Dembélé ganhou um cartão amarelo!');
INSERT INTO lance (id_partida, id_pessoa, time_stamp, tipo_lance, descricao) VALUES(48, 494, '0:30:42', 'FALTA', 'Falta de Phil Jones em Nacer Chadli!');
INSERT INTO lance (id_partida, id_pessoa, time_stamp, tipo_lance, descricao) VALUES(48, 445, '0:30:42', 'SOFREU FALTA', 'Nacer Chadli sofre falta de Phil Jones!');
INSERT INTO lance (id_partida, id_pessoa, time_stamp, tipo_lance, descricao) VALUES(48, 498, '0:30:44', 'FALTA', 'Falta de Eric Dier em Mousa Dembélé!');
INSERT INTO lance (id_partida, id_pessoa, time_stamp, tipo_lance, descricao) VALUES(48, 444, '0:30:44', 'SOFREU FALTA', 'Mousa Dembélé sofre falta de Eric Dier!');
INSERT INTO lance (id_partida, id_pessoa, time_stamp, tipo_lance, descricao) VALUES(48, 446, '0:31:20', 'FALTA', 'Falta de Eden Hazard em Marcus Rashford!');
INSERT INTO lance (id_partida, id_pessoa, time_stamp, tipo_lance, descricao) VALUES(48, 503, '0:31:20', 'SOFREU FALTA', 'Marcus Rashford sofre falta de Eden Hazard!');
INSERT INTO lance (id_partida, id_pessoa, time_stamp, tipo_lance, descricao) VALUES(48, 494, '0:34:20', 'FALTA', 'Falta de Phil Jones em Youri Tielemans!');
INSERT INTO lance (id_partida, id_pessoa, time_stamp, tipo_lance, descricao) VALUES(48, 443, '0:34:20', 'SOFREU FALTA', 'Youri Tielemans sofre falta de Phil Jones!');
INSERT INTO lance (id_partida, id_pessoa, time_stamp, tipo_lance, descricao) VALUES(48, 503, '0:35:40', 'FALTA', 'Falta de Marcus Rashford em Romelu Lukaku!');
INSERT INTO lance (id_partida, id_pessoa, time_stamp, tipo_lance, descricao) VALUES(48, 450, '0:35:40', 'SOFREU FALTA', 'Romelu Lukaku sofre falta de Marcus Rashford!');
INSERT INTO lance (id_partida, id_pessoa, time_stamp, tipo_lance, descricao) VALUES(48, 445, '0:36:26', 'FALTA', 'Falta de Nacer Chadli em Harry Kane!');
INSERT INTO lance (id_partida, id_pessoa, time_stamp, tipo_lance, descricao) VALUES(48, 502, '0:36:26', 'SOFREU FALTA', 'Harry Kane sofre falta de Nacer Chadli!');
INSERT INTO lance (id_partida, id_pessoa, time_stamp, tipo_lance, descricao) VALUES(48, 495, '0:36:34', 'FALTA', 'Falta de Jordan Henderson em Radja Nainggolan!');
INSERT INTO lance (id_partida, id_pessoa, time_stamp, tipo_lance, descricao) VALUES(48, 440, '0:36:34', 'SOFREU FALTA', 'Radja Nainggolan sofre falta de Jordan Henderson!');
INSERT INTO lance (id_partida, id_pessoa, time_stamp, tipo_lance, descricao) VALUES(48, 441, '0:39:12', 'FALTA', 'Falta de Kevin De Bruyne em Eric Dier!');
INSERT INTO lance (id_partida, id_pessoa, time_stamp, tipo_lance, descricao) VALUES(48, 498, '0:39:12', 'SOFREU FALTA', 'Eric Dier sofre falta de Kevin De Bruyne!');
INSERT INTO lance (id_partida, id_pessoa, time_stamp, tipo_lance, descricao) VALUES(48, 489, '0:41:34', 'FALTA', 'Falta de Gary Cahill em Dries Mertens!');
INSERT INTO lance (id_partida, id_pessoa, time_stamp, tipo_lance, descricao) VALUES(48, 448, '0:41:34', 'SOFREU FALTA', 'Dries Mertens sofre falta de Gary Cahill!');
INSERT INTO lance (id_partida, id_pessoa, time_stamp, tipo_lance, descricao) VALUES(48, 444, '0:42:7', 'DEFESA', 'Defesa de Vincent Kompany!');
INSERT INTO lance (id_partida, id_pessoa, time_stamp, tipo_lance, descricao) VALUES(48, 496, '0:44:50', 'FALTA', 'Falta de Alex Oxlade-Chamberlain em Michy Batshuayi!');
INSERT INTO lance (id_partida, id_pessoa, time_stamp, tipo_lance, descricao) VALUES(48, 449, '0:44:50', 'SOFREU FALTA', 'Michy Batshuayi sofre falta de Alex Oxlade-Chamberlain!');
INSERT INTO lance (id_partida, id_pessoa, time_stamp, tipo_lance, descricao) VALUES(48, 498, '0:47:20', 'DEFESA', 'Defesa de Vincent Kompany!');
INSERT INTO lance (id_partida, id_pessoa, time_stamp, tipo_lance, descricao) VALUES(48, 498, '0:49:20', 'FALTA', 'Falta de Eric Dier em Eden Hazard!');
INSERT INTO lance (id_partida, id_pessoa, time_stamp, tipo_lance, descricao) VALUES(48, 446, '0:49:20', 'SOFREU FALTA', 'Eden Hazard sofre falta de Eric Dier!');
INSERT INTO lance (id_partida, id_pessoa, time_stamp, tipo_lance, descricao) VALUES(48, 489, '0:52:4', 'FALTA', 'Falta de Gary Cahill em Radja Nainggolan!');
INSERT INTO lance (id_partida, id_pessoa, time_stamp, tipo_lance, descricao) VALUES(48, 440, '0:52:4', 'SOFREU FALTA', 'Radja Nainggolan sofre falta de Gary Cahill!');
INSERT INTO lance (id_partida, id_pessoa, time_stamp, tipo_lance, descricao) VALUES(48, 495, '0:55:5', 'FALTA', 'Falta de Jordan Henderson em Radja Nainggolan!');
INSERT INTO lance (id_partida, id_pessoa, time_stamp, tipo_lance, descricao) VALUES(48, 440, '0:55:5', 'SOFREU FALTA', 'Radja Nainggolan sofre falta de Jordan Henderson!');
INSERT INTO lance (id_partida, id_pessoa, time_stamp, tipo_lance, descricao) VALUES(48, 444, '0:56:19', 'FALTA', 'Falta de Mousa Dembélé em Jordan Henderson!');
INSERT INTO lance (id_partida, id_pessoa, time_stamp, tipo_lance, descricao) VALUES(48, 495, '0:56:19', 'SOFREU FALTA', 'Jordan Henderson sofre falta de Mousa Dembélé!');
INSERT INTO lance (id_partida, id_pessoa, time_stamp, tipo_lance, descricao) VALUES(48, 448, '0:58:45', 'FALTA', 'Falta de Dries Mertens em Gary Cahill!');
INSERT INTO lance (id_partida, id_pessoa, time_stamp, tipo_lance, descricao) VALUES(48, 489, '0:58:45', 'SOFREU FALTA', 'Gary Cahill sofre falta de Dries Mertens!');
INSERT INTO lance (id_partida, id_pessoa, time_stamp, tipo_lance, descricao) VALUES(48, 440, '0:59:3', 'FALTA', 'Falta de Radja Nainggolan em Jesse Lingard!');
INSERT INTO lance (id_partida, id_pessoa, time_stamp, tipo_lance, descricao) VALUES(48, 500, '0:59:3', 'SOFREU FALTA', 'Jesse Lingard sofre falta de Radja Nainggolan!');
INSERT INTO lance (id_partida, id_pessoa, time_stamp, tipo_lance, descricao) VALUES(48, 448, '0:59:32', 'ASSISTENCIA', 'Assistencia de Mousa Dembélé!');
INSERT INTO lance (id_partida, id_pessoa, time_stamp, tipo_lance, descricao) VALUES(48, 448, '0:59:32', 'GOL', 'Gol de Dries Mertens!');
INSERT INTO lance (id_partida, id_pessoa, time_stamp, tipo_lance, descricao) VALUES(48, 495, '1:3:4', 'FALTA', 'Falta de Jordan Henderson em Mousa Dembélé!');
INSERT INTO lance (id_partida, id_pessoa, time_stamp, tipo_lance, descricao) VALUES(48, 444, '1:3:4', 'SOFREU FALTA', 'Mousa Dembélé sofre falta de Jordan Henderson!');
INSERT INTO lance (id_partida, id_pessoa, time_stamp, tipo_lance, descricao) VALUES(48, 501, '1:4:4', 'DEFESA', 'Defesa de Vincent Kompany!');
INSERT INTO lance (id_partida, id_pessoa, time_stamp, tipo_lance, descricao) VALUES(48, 440, '1:9:8', 'FALTA', 'Falta de Radja Nainggolan em Adam Lallana!');
INSERT INTO lance (id_partida, id_pessoa, time_stamp, tipo_lance, descricao) VALUES(48, 499, '1:9:8', 'SOFREU FALTA', 'Adam Lallana sofre falta de Radja Nainggolan!');
INSERT INTO lance (id_partida, id_pessoa, time_stamp, tipo_lance, descricao) VALUES(48, 498, '1:9:39', 'DEFESA', 'Defesa de Vincent Kompany!');
INSERT INTO lance (id_partida, id_pessoa, time_stamp, tipo_lance, descricao) VALUES(48, 442, '1:11:5', 'SUBSTITUICAO', 'Sai Marouane Fellaini!');
INSERT INTO lance (id_partida, id_pessoa, time_stamp, tipo_lance, descricao) VALUES(48, 438, '1:11:5', 'SUBSTITUICAO', 'Entra Thomas Meunier!');
INSERT INTO lance (id_partida, id_pessoa, time_stamp, tipo_lance, descricao) VALUES(48, 501, '1:11:36', 'DEFESA', 'Defesa de Vincent Kompany!');
INSERT INTO lance (id_partida, id_pessoa, time_stamp, tipo_lance, descricao) VALUES(48, 441, '1:14:43', 'DEFESA', 'Defesa de Vincent Kompany!');
INSERT INTO lance (id_partida, id_pessoa, time_stamp, tipo_lance, descricao) VALUES(48, 446, '1:17:35', 'FALTA', 'Falta de Eden Hazard em Jesse Lingard!');
INSERT INTO lance (id_partida, id_pessoa, time_stamp, tipo_lance, descricao) VALUES(48, 500, '1:17:35', 'SOFREU FALTA', 'Jesse Lingard sofre falta de Eden Hazard!');
INSERT INTO lance (id_partida, id_pessoa, time_stamp, tipo_lance, descricao) VALUES(48, 489, '1:19:45', 'DEFESA', 'Defesa de Vincent Kompany!');
INSERT INTO lance (id_partida, id_pessoa, time_stamp, tipo_lance, descricao) VALUES(48, 443, '1:19:57', 'FALTA', 'Falta de Youri Tielemans em Harry Kane!');
INSERT INTO lance (id_partida, id_pessoa, time_stamp, tipo_lance, descricao) VALUES(48, 502, '1:19:57', 'SOFREU FALTA', 'Harry Kane sofre falta de Youri Tielemans!');
INSERT INTO lance (id_partida, id_pessoa, time_stamp, tipo_lance, descricao) VALUES(48, 498, '1:20:30', 'FALTA', 'Falta de Eric Dier em Mousa Dembélé!');
INSERT INTO lance (id_partida, id_pessoa, time_stamp, tipo_lance, descricao) VALUES(48, 444, '1:20:30', 'SOFREU FALTA', 'Mousa Dembélé sofre falta de Eric Dier!');
INSERT INTO lance (id_partida, id_pessoa, time_stamp, tipo_lance, descricao) VALUES(48, 440, '1:24:20', 'FALTA', 'Falta de Radja Nainggolan em Adam Lallana!');
INSERT INTO lance (id_partida, id_pessoa, time_stamp, tipo_lance, descricao) VALUES(48, 499, '1:24:20', 'SOFREU FALTA', 'Adam Lallana sofre falta de Radja Nainggolan!');
INSERT INTO lance (id_partida, id_pessoa, time_stamp, tipo_lance, descricao) VALUES(48, 494, '1:26:28', 'DEFESA', 'Defesa de Vincent Kompany!');
INSERT INTO lance (id_partida, id_pessoa, time_stamp, tipo_lance, descricao) VALUES(48, 445, '1:28:46', 'FALTA', 'Falta de Nacer Chadli em Jesse Lingard!');
INSERT INTO lance (id_partida, id_pessoa, time_stamp, tipo_lance, descricao) VALUES(48, 500, '1:28:46', 'SOFREU FALTA', 'Jesse Lingard sofre falta de Nacer Chadli!');
INSERT INTO lance (id_partida, id_pessoa, time_stamp, tipo_lance, descricao) VALUES(48, 448, '1:29:32', 'DEFESA', 'Defesa de Vincent Kompany!');
COMMIT;
