START TRANSACTION;
INSERT INTO equipe_de_midia (id_midia,nome_empresa) VALUES ('1','AWYUUQE');
INSERT INTO pessoa (id_pessoa, tipo_documento,documento,nome,data_nascimento,nome_pais_origem) VALUES ('1876','PASS','000146545','Gibson','19890422','Nicaragua');
INSERT INTO emprega_midia (id_midia, id_pessoa) VALUES ('1','1876');
INSERT INTO pessoa (id_pessoa, tipo_documento,documento,nome,data_nascimento,nome_pais_origem) VALUES ('1877','PASS','000186738','Averill','19830720','Slovakia');
INSERT INTO emprega_midia (id_midia, id_pessoa) VALUES ('1','1877');
INSERT INTO pessoa (id_pessoa, tipo_documento,documento,nome,data_nascimento,nome_pais_origem) VALUES ('1878','PASS','000533413','Curry','19741027','Georgia');
INSERT INTO emprega_midia (id_midia, id_pessoa) VALUES ('1','1878');
INSERT INTO pessoa (id_pessoa, tipo_documento,documento,nome,data_nascimento,nome_pais_origem) VALUES ('1879','PASS','000325748','Frasca','19840916','Vietnam');
INSERT INTO emprega_midia (id_midia, id_pessoa) VALUES ('1','1879');
INSERT INTO pessoa (id_pessoa, tipo_documento,documento,nome,data_nascimento,nome_pais_origem) VALUES ('1880','PASS','000845110','Boulay','19860108','Mozambique');
INSERT INTO emprega_midia (id_midia, id_pessoa) VALUES ('1','1880');
INSERT INTO pessoa (id_pessoa, tipo_documento,documento,nome,data_nascimento,nome_pais_origem) VALUES ('1881','PASS','000781182','Exline','19800607','Australia');
INSERT INTO emprega_midia (id_midia, id_pessoa) VALUES ('1','1881');
INSERT INTO pessoa (id_pessoa, tipo_documento,documento,nome,data_nascimento,nome_pais_origem) VALUES ('1882','PASS','000136799','Billo','19801104','Cuba');
INSERT INTO emprega_midia (id_midia, id_pessoa) VALUES ('1','1882');
INSERT INTO pessoa (id_pessoa, tipo_documento,documento,nome,data_nascimento,nome_pais_origem) VALUES ('1883','PASS','000949370','Caris','19740718','Iraq');
INSERT INTO emprega_midia (id_midia, id_pessoa) VALUES ('1','1883');
INSERT INTO pessoa (id_pessoa, tipo_documento,documento,nome,data_nascimento,nome_pais_origem) VALUES ('1884','PASS','000706525','Foushee','19710814','Romania');
INSERT INTO emprega_midia (id_midia, id_pessoa) VALUES ('1','1884');
INSERT INTO pessoa (id_pessoa, tipo_documento,documento,nome,data_nascimento,nome_pais_origem) VALUES ('1885','PASS','000480134','Ballan','19770415','Singapore');
INSERT INTO emprega_midia (id_midia, id_pessoa) VALUES ('1','1885');
INSERT INTO pessoa (id_pessoa, tipo_documento,documento,nome,data_nascimento,nome_pais_origem) VALUES ('1886','PASS','000551953','Edem','19880427','Bahamas');
INSERT INTO emprega_midia (id_midia, id_pessoa) VALUES ('1','1886');
INSERT INTO pessoa (id_pessoa, tipo_documento,documento,nome,data_nascimento,nome_pais_origem) VALUES ('1887','PASS','000534222','Chesterman','19761112','Portugal');
INSERT INTO emprega_midia (id_midia, id_pessoa) VALUES ('1','1887');
INSERT INTO pessoa (id_pessoa, tipo_documento,documento,nome,data_nascimento,nome_pais_origem) VALUES ('1888','PASS','000734045','Christopherso','19740321','Mozambique');
INSERT INTO emprega_midia (id_midia, id_pessoa) VALUES ('1','1888');
INSERT INTO pessoa (id_pessoa, tipo_documento,documento,nome,data_nascimento,nome_pais_origem) VALUES ('1889','PASS','000291314','Bernacchi','19791025','France');
INSERT INTO emprega_midia (id_midia, id_pessoa) VALUES ('1','1889');
INSERT INTO pessoa (id_pessoa, tipo_documento,documento,nome,data_nascimento,nome_pais_origem) VALUES ('1890','PASS','000487735','Bensing','19740413','Romania');
INSERT INTO emprega_midia (id_midia, id_pessoa) VALUES ('1','1890');
INSERT INTO pessoa (id_pessoa, tipo_documento,documento,nome,data_nascimento,nome_pais_origem) VALUES ('1891','PASS','000547569','Brad','19720809','France');
INSERT INTO emprega_midia (id_midia, id_pessoa) VALUES ('1','1891');
INSERT INTO pessoa (id_pessoa, tipo_documento,documento,nome,data_nascimento,nome_pais_origem) VALUES ('1892','PASS','000756284','Bohler','19800825','Norway');
INSERT INTO emprega_midia (id_midia, id_pessoa) VALUES ('1','1892');
INSERT INTO pessoa (id_pessoa, tipo_documento,documento,nome,data_nascimento,nome_pais_origem) VALUES ('1893','PASS','000573146','Datamphay','19730706','Iran');
INSERT INTO emprega_midia (id_midia, id_pessoa) VALUES ('1','1893');
INSERT INTO pessoa (id_pessoa, tipo_documento,documento,nome,data_nascimento,nome_pais_origem) VALUES ('1894','PASS','000936594','Getting','19741202','Argentina');
INSERT INTO emprega_midia (id_midia, id_pessoa) VALUES ('1','1894');
INSERT INTO pessoa (id_pessoa, tipo_documento,documento,nome,data_nascimento,nome_pais_origem) VALUES ('1895','PASS','000610141','Cerf','19700625','Estonia');
INSERT INTO emprega_midia (id_midia, id_pessoa) VALUES ('1','1895');
INSERT INTO pessoa (id_pessoa, tipo_documento,documento,nome,data_nascimento,nome_pais_origem) VALUES ('1896','PASS','000561584','Goeden','19711111','Slovakia');
INSERT INTO emprega_midia (id_midia, id_pessoa) VALUES ('1','1896');
INSERT INTO pessoa (id_pessoa, tipo_documento,documento,nome,data_nascimento,nome_pais_origem) VALUES ('1897','PASS','000642435','Gareau','19810923','India');
INSERT INTO emprega_midia (id_midia, id_pessoa) VALUES ('1','1897');
INSERT INTO pessoa (id_pessoa, tipo_documento,documento,nome,data_nascimento,nome_pais_origem) VALUES ('1898','PASS','000368743','Duenke','19870901','Hungary');
INSERT INTO emprega_midia (id_midia, id_pessoa) VALUES ('1','1898');
INSERT INTO pessoa (id_pessoa, tipo_documento,documento,nome,data_nascimento,nome_pais_origem) VALUES ('1899','PASS','000471542','Annabelle','19740906','Thailand');
INSERT INTO emprega_midia (id_midia, id_pessoa) VALUES ('1','1899');
INSERT INTO pessoa (id_pessoa, tipo_documento,documento,nome,data_nascimento,nome_pais_origem) VALUES ('1900','PASS','000777780','Burness','19850820','Italy');
INSERT INTO emprega_midia (id_midia, id_pessoa) VALUES ('1','1900');
INSERT INTO pessoa (id_pessoa, tipo_documento,documento,nome,data_nascimento,nome_pais_origem) VALUES ('1901','PASS','000329322','Brabble','19730305','Nicaragua');
INSERT INTO emprega_midia (id_midia, id_pessoa) VALUES ('1','1901');
INSERT INTO pessoa (id_pessoa, tipo_documento,documento,nome,data_nascimento,nome_pais_origem) VALUES ('1902','PASS','000990514','Cable','19720324','Egypt');
INSERT INTO emprega_midia (id_midia, id_pessoa) VALUES ('1','1902');
INSERT INTO equipe_de_midia (id_midia,nome_empresa) VALUES ('2','ICMXJLI');
INSERT INTO pessoa (id_pessoa, tipo_documento,documento,nome,data_nascimento,nome_pais_origem) VALUES ('1903','PASS','000287488','Chon','19840505','Singapore');
INSERT INTO emprega_midia (id_midia, id_pessoa) VALUES ('2','1903');
INSERT INTO pessoa (id_pessoa, tipo_documento,documento,nome,data_nascimento,nome_pais_origem) VALUES ('1904','PASS','000488866','Bente','19761219','Iran');
INSERT INTO emprega_midia (id_midia, id_pessoa) VALUES ('2','1904');
INSERT INTO pessoa (id_pessoa, tipo_documento,documento,nome,data_nascimento,nome_pais_origem) VALUES ('1905','PASS','000514976','Ariano','19750913','Spain');
INSERT INTO emprega_midia (id_midia, id_pessoa) VALUES ('2','1905');
INSERT INTO pessoa (id_pessoa, tipo_documento,documento,nome,data_nascimento,nome_pais_origem) VALUES ('1906','PASS','000182834','Armato','19840323','Slovakia');
INSERT INTO emprega_midia (id_midia, id_pessoa) VALUES ('2','1906');
INSERT INTO pessoa (id_pessoa, tipo_documento,documento,nome,data_nascimento,nome_pais_origem) VALUES ('1907','PASS','000780417','Esty','19760410','Switzerland');
INSERT INTO emprega_midia (id_midia, id_pessoa) VALUES ('2','1907');
INSERT INTO pessoa (id_pessoa, tipo_documento,documento,nome,data_nascimento,nome_pais_origem) VALUES ('1908','PASS','000288975','Datil','19820307','Mongolia');
INSERT INTO emprega_midia (id_midia, id_pessoa) VALUES ('2','1908');
INSERT INTO pessoa (id_pessoa, tipo_documento,documento,nome,data_nascimento,nome_pais_origem) VALUES ('1909','PASS','000325812','Annabel','19861120','Mongolia');
INSERT INTO emprega_midia (id_midia, id_pessoa) VALUES ('2','1909');
INSERT INTO pessoa (id_pessoa, tipo_documento,documento,nome,data_nascimento,nome_pais_origem) VALUES ('1910','PASS','000976368','Bonett','19800622','Afghanistan');
INSERT INTO emprega_midia (id_midia, id_pessoa) VALUES ('2','1910');
INSERT INTO pessoa (id_pessoa, tipo_documento,documento,nome,data_nascimento,nome_pais_origem) VALUES ('1911','PASS','000586550','Gaede','19800702','Bahamas');
INSERT INTO emprega_midia (id_midia, id_pessoa) VALUES ('2','1911');
INSERT INTO pessoa (id_pessoa, tipo_documento,documento,nome,data_nascimento,nome_pais_origem) VALUES ('1912','PASS','000419596','Capaldi','19731204','Bulgaria');
INSERT INTO emprega_midia (id_midia, id_pessoa) VALUES ('2','1912');
INSERT INTO pessoa (id_pessoa, tipo_documento,documento,nome,data_nascimento,nome_pais_origem) VALUES ('1913','PASS','000531179','Arena','19870626','Georgia');
INSERT INTO emprega_midia (id_midia, id_pessoa) VALUES ('2','1913');
INSERT INTO pessoa (id_pessoa, tipo_documento,documento,nome,data_nascimento,nome_pais_origem) VALUES ('1914','PASS','000502755','Chantay','19800805','Hungary');
INSERT INTO emprega_midia (id_midia, id_pessoa) VALUES ('2','1914');
INSERT INTO pessoa (id_pessoa, tipo_documento,documento,nome,data_nascimento,nome_pais_origem) VALUES ('1915','PASS','000452698','Elfering','19800321','Mozambique');
INSERT INTO emprega_midia (id_midia, id_pessoa) VALUES ('2','1915');
INSERT INTO pessoa (id_pessoa, tipo_documento,documento,nome,data_nascimento,nome_pais_origem) VALUES ('1916','PASS','000662388','Drexler','19840121','China');
INSERT INTO emprega_midia (id_midia, id_pessoa) VALUES ('2','1916');
INSERT INTO pessoa (id_pessoa, tipo_documento,documento,nome,data_nascimento,nome_pais_origem) VALUES ('1917','PASS','000463472','Demuzio','19720823','Norway');
INSERT INTO emprega_midia (id_midia, id_pessoa) VALUES ('2','1917');
INSERT INTO pessoa (id_pessoa, tipo_documento,documento,nome,data_nascimento,nome_pais_origem) VALUES ('1918','PASS','000383291','Cito','19800917','Poland');
INSERT INTO emprega_midia (id_midia, id_pessoa) VALUES ('2','1918');
INSERT INTO pessoa (id_pessoa, tipo_documento,documento,nome,data_nascimento,nome_pais_origem) VALUES ('1919','PASS','000779456','Daphine','19790320','Slovakia');
INSERT INTO emprega_midia (id_midia, id_pessoa) VALUES ('2','1919');
INSERT INTO pessoa (id_pessoa, tipo_documento,documento,nome,data_nascimento,nome_pais_origem) VALUES ('1920','PASS','000464175','Dulemba','19880925','Austria');
INSERT INTO emprega_midia (id_midia, id_pessoa) VALUES ('2','1920');
INSERT INTO pessoa (id_pessoa, tipo_documento,documento,nome,data_nascimento,nome_pais_origem) VALUES ('1921','PASS','000348705','Bogguess','19741125','Austria');
INSERT INTO emprega_midia (id_midia, id_pessoa) VALUES ('2','1921');
INSERT INTO pessoa (id_pessoa, tipo_documento,documento,nome,data_nascimento,nome_pais_origem) VALUES ('1922','PASS','000523053','Burross','19700120','Thailand');
INSERT INTO emprega_midia (id_midia, id_pessoa) VALUES ('2','1922');
INSERT INTO pessoa (id_pessoa, tipo_documento,documento,nome,data_nascimento,nome_pais_origem) VALUES ('1923','PASS','000236558','Flummer','19810603','Spain');
INSERT INTO emprega_midia (id_midia, id_pessoa) VALUES ('2','1923');
INSERT INTO pessoa (id_pessoa, tipo_documento,documento,nome,data_nascimento,nome_pais_origem) VALUES ('1924','PASS','000420043','Arcuri','19821111','Lithuania');
INSERT INTO emprega_midia (id_midia, id_pessoa) VALUES ('2','1924');
INSERT INTO pessoa (id_pessoa, tipo_documento,documento,nome,data_nascimento,nome_pais_origem) VALUES ('1925','PASS','000391340','Bohinc','19780921','China');
INSERT INTO emprega_midia (id_midia, id_pessoa) VALUES ('2','1925');
INSERT INTO pessoa (id_pessoa, tipo_documento,documento,nome,data_nascimento,nome_pais_origem) VALUES ('1926','PASS','000268101','Cecilio','19870116','Bahamas');
INSERT INTO emprega_midia (id_midia, id_pessoa) VALUES ('2','1926');
INSERT INTO equipe_de_midia (id_midia,nome_empresa) VALUES ('3','UHGRMFM');
INSERT INTO pessoa (id_pessoa, tipo_documento,documento,nome,data_nascimento,nome_pais_origem) VALUES ('1927','PASS','000499010','Beaber','19880322','Turkey');
INSERT INTO emprega_midia (id_midia, id_pessoa) VALUES ('3','1927');
INSERT INTO pessoa (id_pessoa, tipo_documento,documento,nome,data_nascimento,nome_pais_origem) VALUES ('1928','PASS','000546241','Fogler','19850621','Lithuania');
INSERT INTO emprega_midia (id_midia, id_pessoa) VALUES ('3','1928');
INSERT INTO pessoa (id_pessoa, tipo_documento,documento,nome,data_nascimento,nome_pais_origem) VALUES ('1929','PASS','000379862','Dimpfl','19850922','Thailand');
INSERT INTO emprega_midia (id_midia, id_pessoa) VALUES ('3','1929');
INSERT INTO pessoa (id_pessoa, tipo_documento,documento,nome,data_nascimento,nome_pais_origem) VALUES ('1930','PASS','000831429','Frigo','19850303','Portugal');
INSERT INTO emprega_midia (id_midia, id_pessoa) VALUES ('3','1930');
INSERT INTO pessoa (id_pessoa, tipo_documento,documento,nome,data_nascimento,nome_pais_origem) VALUES ('1931','PASS','000550304','Dorosh','19820401','Denmark');
INSERT INTO emprega_midia (id_midia, id_pessoa) VALUES ('3','1931');
INSERT INTO pessoa (id_pessoa, tipo_documento,documento,nome,data_nascimento,nome_pais_origem) VALUES ('1932','PASS','000193218','Dajer','19800901','Italy');
INSERT INTO emprega_midia (id_midia, id_pessoa) VALUES ('3','1932');
INSERT INTO pessoa (id_pessoa, tipo_documento,documento,nome,data_nascimento,nome_pais_origem) VALUES ('1933','PASS','000988271','Batzli','19740709','Chile');
INSERT INTO emprega_midia (id_midia, id_pessoa) VALUES ('3','1933');
INSERT INTO pessoa (id_pessoa, tipo_documento,documento,nome,data_nascimento,nome_pais_origem) VALUES ('1934','PASS','000284703','Avino','19750113','Japan');
INSERT INTO emprega_midia (id_midia, id_pessoa) VALUES ('3','1934');
INSERT INTO pessoa (id_pessoa, tipo_documento,documento,nome,data_nascimento,nome_pais_origem) VALUES ('1935','PASS','000633668','Asmus','19840520','Spain');
INSERT INTO emprega_midia (id_midia, id_pessoa) VALUES ('3','1935');
INSERT INTO pessoa (id_pessoa, tipo_documento,documento,nome,data_nascimento,nome_pais_origem) VALUES ('1936','PASS','000944306','Donalds','19750401','Albania');
INSERT INTO emprega_midia (id_midia, id_pessoa) VALUES ('3','1936');
INSERT INTO pessoa (id_pessoa, tipo_documento,documento,nome,data_nascimento,nome_pais_origem) VALUES ('1937','PASS','000970946','Boal','19760417','Chile');
INSERT INTO emprega_midia (id_midia, id_pessoa) VALUES ('3','1937');
INSERT INTO pessoa (id_pessoa, tipo_documento,documento,nome,data_nascimento,nome_pais_origem) VALUES ('1938','PASS','000679758','Bapties','19730411','Austria');
INSERT INTO emprega_midia (id_midia, id_pessoa) VALUES ('3','1938');
INSERT INTO pessoa (id_pessoa, tipo_documento,documento,nome,data_nascimento,nome_pais_origem) VALUES ('1939','PASS','000655238','Averett','19700714','Spain');
INSERT INTO emprega_midia (id_midia, id_pessoa) VALUES ('3','1939');
INSERT INTO pessoa (id_pessoa, tipo_documento,documento,nome,data_nascimento,nome_pais_origem) VALUES ('1940','PASS','000582899','Allshouse','19740214','Bulgaria');
INSERT INTO emprega_midia (id_midia, id_pessoa) VALUES ('3','1940');
INSERT INTO pessoa (id_pessoa, tipo_documento,documento,nome,data_nascimento,nome_pais_origem) VALUES ('1941','PASS','000655658','Costenive','19771215','Saudi');
INSERT INTO emprega_midia (id_midia, id_pessoa) VALUES ('3','1941');
INSERT INTO pessoa (id_pessoa, tipo_documento,documento,nome,data_nascimento,nome_pais_origem) VALUES ('1942','PASS','000262030','Congdon','19710608','Bahrain');
INSERT INTO emprega_midia (id_midia, id_pessoa) VALUES ('3','1942');
INSERT INTO pessoa (id_pessoa, tipo_documento,documento,nome,data_nascimento,nome_pais_origem) VALUES ('1943','PASS','000416165','Crespin','19780704','New');
INSERT INTO emprega_midia (id_midia, id_pessoa) VALUES ('3','1943');
INSERT INTO pessoa (id_pessoa, tipo_documento,documento,nome,data_nascimento,nome_pais_origem) VALUES ('1944','PASS','000183695','Gabriella','19760413','Mongolia');
INSERT INTO emprega_midia (id_midia, id_pessoa) VALUES ('3','1944');
INSERT INTO pessoa (id_pessoa, tipo_documento,documento,nome,data_nascimento,nome_pais_origem) VALUES ('1945','PASS','000235835','Cadenhead','19841210','Cuba');
INSERT INTO emprega_midia (id_midia, id_pessoa) VALUES ('3','1945');
INSERT INTO pessoa (id_pessoa, tipo_documento,documento,nome,data_nascimento,nome_pais_origem) VALUES ('1946','PASS','000985486','Erbach','19841119','Saudi');
INSERT INTO emprega_midia (id_midia, id_pessoa) VALUES ('3','1946');
INSERT INTO pessoa (id_pessoa, tipo_documento,documento,nome,data_nascimento,nome_pais_origem) VALUES ('1947','PASS','000671216','Ferracioli','19750904','Nicaragua');
INSERT INTO emprega_midia (id_midia, id_pessoa) VALUES ('3','1947');
INSERT INTO pessoa (id_pessoa, tipo_documento,documento,nome,data_nascimento,nome_pais_origem) VALUES ('1948','PASS','000585046','Clover','19760608','Sweden');
INSERT INTO emprega_midia (id_midia, id_pessoa) VALUES ('3','1948');
INSERT INTO pessoa (id_pessoa, tipo_documento,documento,nome,data_nascimento,nome_pais_origem) VALUES ('1949','PASS','000517051','Bawa','19890801','Arabia');
INSERT INTO emprega_midia (id_midia, id_pessoa) VALUES ('3','1949');
INSERT INTO pessoa (id_pessoa, tipo_documento,documento,nome,data_nascimento,nome_pais_origem) VALUES ('1950','PASS','000746120','Bjorklund','19870312','Afghanistan');
INSERT INTO emprega_midia (id_midia, id_pessoa) VALUES ('3','1950');
INSERT INTO pessoa (id_pessoa, tipo_documento,documento,nome,data_nascimento,nome_pais_origem) VALUES ('1951','PASS','000859970','Dominica','19860520','Argentina');
INSERT INTO emprega_midia (id_midia, id_pessoa) VALUES ('3','1951');
INSERT INTO pessoa (id_pessoa, tipo_documento,documento,nome,data_nascimento,nome_pais_origem) VALUES ('1952','PASS','000744001','Bemo','19720917','Belarus');
INSERT INTO emprega_midia (id_midia, id_pessoa) VALUES ('3','1952');
INSERT INTO pessoa (id_pessoa, tipo_documento,documento,nome,data_nascimento,nome_pais_origem) VALUES ('1953','PASS','000281396','Elkins','19780306','Monaco');
INSERT INTO emprega_midia (id_midia, id_pessoa) VALUES ('3','1953');
INSERT INTO pessoa (id_pessoa, tipo_documento,documento,nome,data_nascimento,nome_pais_origem) VALUES ('1954','PASS','000996482','Desko','19890515','Peru');
INSERT INTO emprega_midia (id_midia, id_pessoa) VALUES ('3','1954');
INSERT INTO pessoa (id_pessoa, tipo_documento,documento,nome,data_nascimento,nome_pais_origem) VALUES ('1955','PASS','000724830','Gavel','19811122','Albania');
INSERT INTO emprega_midia (id_midia, id_pessoa) VALUES ('3','1955');
INSERT INTO pessoa (id_pessoa, tipo_documento,documento,nome,data_nascimento,nome_pais_origem) VALUES ('1956','PASS','000329844','Bachorski','19890616','Philippines');
INSERT INTO emprega_midia (id_midia, id_pessoa) VALUES ('3','1956');
INSERT INTO equipe_de_midia (id_midia,nome_empresa) VALUES ('4','DHRILYL');
INSERT INTO pessoa (id_pessoa, tipo_documento,documento,nome,data_nascimento,nome_pais_origem) VALUES ('1957','PASS','000447155','Bicek','19810819','Morocco');
INSERT INTO emprega_midia (id_midia, id_pessoa) VALUES ('4','1957');
INSERT INTO pessoa (id_pessoa, tipo_documento,documento,nome,data_nascimento,nome_pais_origem) VALUES ('1958','PASS','000339524','Casteneda','19780913','India');
INSERT INTO emprega_midia (id_midia, id_pessoa) VALUES ('4','1958');
INSERT INTO pessoa (id_pessoa, tipo_documento,documento,nome,data_nascimento,nome_pais_origem) VALUES ('1959','PASS','000519241','Gambale','19880124','Luxembourg');
INSERT INTO emprega_midia (id_midia, id_pessoa) VALUES ('4','1959');
INSERT INTO pessoa (id_pessoa, tipo_documento,documento,nome,data_nascimento,nome_pais_origem) VALUES ('1960','PASS','000738998','Eske','19871024','Saudi');
INSERT INTO emprega_midia (id_midia, id_pessoa) VALUES ('4','1960');
INSERT INTO pessoa (id_pessoa, tipo_documento,documento,nome,data_nascimento,nome_pais_origem) VALUES ('1961','PASS','000367537','Douglas','19761014','Cuba');
INSERT INTO emprega_midia (id_midia, id_pessoa) VALUES ('4','1961');
INSERT INTO pessoa (id_pessoa, tipo_documento,documento,nome,data_nascimento,nome_pais_origem) VALUES ('1962','PASS','000540359','Gambles','19800409','Finland');
INSERT INTO emprega_midia (id_midia, id_pessoa) VALUES ('4','1962');
INSERT INTO pessoa (id_pessoa, tipo_documento,documento,nome,data_nascimento,nome_pais_origem) VALUES ('1963','PASS','000498275','Carmella','19770105','Afghanistan');
INSERT INTO emprega_midia (id_midia, id_pessoa) VALUES ('4','1963');
INSERT INTO pessoa (id_pessoa, tipo_documento,documento,nome,data_nascimento,nome_pais_origem) VALUES ('1964','PASS','000235803','Bourgault','19811016','Italy');
INSERT INTO emprega_midia (id_midia, id_pessoa) VALUES ('4','1964');
INSERT INTO pessoa (id_pessoa, tipo_documento,documento,nome,data_nascimento,nome_pais_origem) VALUES ('1965','PASS','000627658','Dreese','19820903','Germany');
INSERT INTO emprega_midia (id_midia, id_pessoa) VALUES ('4','1965');
INSERT INTO pessoa (id_pessoa, tipo_documento,documento,nome,data_nascimento,nome_pais_origem) VALUES ('1966','PASS','000646728','Brochard','19751201','Mozambique');
INSERT INTO emprega_midia (id_midia, id_pessoa) VALUES ('4','1966');
INSERT INTO pessoa (id_pessoa, tipo_documento,documento,nome,data_nascimento,nome_pais_origem) VALUES ('1967','PASS','000823619','Cobia','19750118','Belgium');
INSERT INTO emprega_midia (id_midia, id_pessoa) VALUES ('4','1967');
INSERT INTO pessoa (id_pessoa, tipo_documento,documento,nome,data_nascimento,nome_pais_origem) VALUES ('1968','PASS','000302795','Garson','19830405','Vietnam');
INSERT INTO emprega_midia (id_midia, id_pessoa) VALUES ('4','1968');
INSERT INTO pessoa (id_pessoa, tipo_documento,documento,nome,data_nascimento,nome_pais_origem) VALUES ('1969','PASS','000711003','Chronis','19870107','Hungary');
INSERT INTO emprega_midia (id_midia, id_pessoa) VALUES ('4','1969');
INSERT INTO pessoa (id_pessoa, tipo_documento,documento,nome,data_nascimento,nome_pais_origem) VALUES ('1970','PASS','000785600','Crossmon','19881224','Nepal');
INSERT INTO emprega_midia (id_midia, id_pessoa) VALUES ('4','1970');
INSERT INTO pessoa (id_pessoa, tipo_documento,documento,nome,data_nascimento,nome_pais_origem) VALUES ('1971','PASS','000189727','Anewalt','19810422','Italy');
INSERT INTO emprega_midia (id_midia, id_pessoa) VALUES ('4','1971');
INSERT INTO pessoa (id_pessoa, tipo_documento,documento,nome,data_nascimento,nome_pais_origem) VALUES ('1972','PASS','000431319','Destina','19711011','Paraguay');
INSERT INTO emprega_midia (id_midia, id_pessoa) VALUES ('4','1972');
INSERT INTO pessoa (id_pessoa, tipo_documento,documento,nome,data_nascimento,nome_pais_origem) VALUES ('1973','PASS','000798357','Gramm','19760426','Afghanistan');
INSERT INTO emprega_midia (id_midia, id_pessoa) VALUES ('4','1973');
INSERT INTO pessoa (id_pessoa, tipo_documento,documento,nome,data_nascimento,nome_pais_origem) VALUES ('1974','PASS','000866693','Czerkies','19780522','India');
INSERT INTO emprega_midia (id_midia, id_pessoa) VALUES ('4','1974');
INSERT INTO equipe_de_midia (id_midia,nome_empresa) VALUES ('5','FTIKSWA');
INSERT INTO pessoa (id_pessoa, tipo_documento,documento,nome,data_nascimento,nome_pais_origem) VALUES ('1975','PASS','000492199','Bahun','19770715','Singapore');
INSERT INTO emprega_midia (id_midia, id_pessoa) VALUES ('5','1975');
INSERT INTO pessoa (id_pessoa, tipo_documento,documento,nome,data_nascimento,nome_pais_origem) VALUES ('1976','PASS','000689973','Emilia','19780318','Albania');
INSERT INTO emprega_midia (id_midia, id_pessoa) VALUES ('5','1976');
INSERT INTO pessoa (id_pessoa, tipo_documento,documento,nome,data_nascimento,nome_pais_origem) VALUES ('1977','PASS','000394605','Doak','19721207','Mongolia');
INSERT INTO emprega_midia (id_midia, id_pessoa) VALUES ('5','1977');
INSERT INTO pessoa (id_pessoa, tipo_documento,documento,nome,data_nascimento,nome_pais_origem) VALUES ('1978','PASS','000335078','Goodie','19880325','Belarus');
INSERT INTO emprega_midia (id_midia, id_pessoa) VALUES ('5','1978');
INSERT INTO pessoa (id_pessoa, tipo_documento,documento,nome,data_nascimento,nome_pais_origem) VALUES ('1979','PASS','000526311','Eskelson','19711122','Bangladesh');
INSERT INTO emprega_midia (id_midia, id_pessoa) VALUES ('5','1979');
INSERT INTO pessoa (id_pessoa, tipo_documento,documento,nome,data_nascimento,nome_pais_origem) VALUES ('1980','PASS','000619365','Baumbach','19780623','Sweden');
INSERT INTO emprega_midia (id_midia, id_pessoa) VALUES ('5','1980');
INSERT INTO pessoa (id_pessoa, tipo_documento,documento,nome,data_nascimento,nome_pais_origem) VALUES ('1981','PASS','000641868','Babic','19820810','Georgia');
INSERT INTO emprega_midia (id_midia, id_pessoa) VALUES ('5','1981');
INSERT INTO pessoa (id_pessoa, tipo_documento,documento,nome,data_nascimento,nome_pais_origem) VALUES ('1982','PASS','000490868','Girand','19850520','Bahrain');
INSERT INTO emprega_midia (id_midia, id_pessoa) VALUES ('5','1982');
INSERT INTO pessoa (id_pessoa, tipo_documento,documento,nome,data_nascimento,nome_pais_origem) VALUES ('1983','PASS','000675691','Goulden','19891223','Switzerland');
INSERT INTO emprega_midia (id_midia, id_pessoa) VALUES ('5','1983');
INSERT INTO pessoa (id_pessoa, tipo_documento,documento,nome,data_nascimento,nome_pais_origem) VALUES ('1984','PASS','000254996','Amin','19780310','Armenia');
INSERT INTO emprega_midia (id_midia, id_pessoa) VALUES ('5','1984');
INSERT INTO pessoa (id_pessoa, tipo_documento,documento,nome,data_nascimento,nome_pais_origem) VALUES ('1985','PASS','000199450','Fiser','19790505','Zealand');
INSERT INTO emprega_midia (id_midia, id_pessoa) VALUES ('5','1985');
INSERT INTO pessoa (id_pessoa, tipo_documento,documento,nome,data_nascimento,nome_pais_origem) VALUES ('1986','PASS','000134878','Desilva','19890808','Germany');
INSERT INTO emprega_midia (id_midia, id_pessoa) VALUES ('5','1986');
INSERT INTO pessoa (id_pessoa, tipo_documento,documento,nome,data_nascimento,nome_pais_origem) VALUES ('1987','PASS','000444527','Bouffard','19730415','Norway');
INSERT INTO emprega_midia (id_midia, id_pessoa) VALUES ('5','1987');
INSERT INTO pessoa (id_pessoa, tipo_documento,documento,nome,data_nascimento,nome_pais_origem) VALUES ('1988','PASS','000752381','Benvenuto','19860921','Iraq');
INSERT INTO emprega_midia (id_midia, id_pessoa) VALUES ('5','1988');
INSERT INTO pessoa (id_pessoa, tipo_documento,documento,nome,data_nascimento,nome_pais_origem) VALUES ('1989','PASS','000403086','Gittens','19780323','Nicaragua');
INSERT INTO emprega_midia (id_midia, id_pessoa) VALUES ('5','1989');
INSERT INTO pessoa (id_pessoa, tipo_documento,documento,nome,data_nascimento,nome_pais_origem) VALUES ('1990','PASS','000695042','Coplin','19750516','Spain');
INSERT INTO emprega_midia (id_midia, id_pessoa) VALUES ('5','1990');
INSERT INTO pessoa (id_pessoa, tipo_documento,documento,nome,data_nascimento,nome_pais_origem) VALUES ('1991','PASS','000342502','Beja','19791220','Costa');
INSERT INTO emprega_midia (id_midia, id_pessoa) VALUES ('5','1991');
INSERT INTO pessoa (id_pessoa, tipo_documento,documento,nome,data_nascimento,nome_pais_origem) VALUES ('1992','PASS','000260584','Deeann','19831104','Paraguay');
INSERT INTO emprega_midia (id_midia, id_pessoa) VALUES ('5','1992');
INSERT INTO pessoa (id_pessoa, tipo_documento,documento,nome,data_nascimento,nome_pais_origem) VALUES ('1993','PASS','000278859','Cubeta','19860724','Vietnam');
INSERT INTO emprega_midia (id_midia, id_pessoa) VALUES ('5','1993');
INSERT INTO pessoa (id_pessoa, tipo_documento,documento,nome,data_nascimento,nome_pais_origem) VALUES ('1994','PASS','000454377','Bussy','19881214','Georgia');
INSERT INTO emprega_midia (id_midia, id_pessoa) VALUES ('5','1994');
INSERT INTO pessoa (id_pessoa, tipo_documento,documento,nome,data_nascimento,nome_pais_origem) VALUES ('1995','PASS','000632738','Bisceglia','19740408','Algeria');
INSERT INTO emprega_midia (id_midia, id_pessoa) VALUES ('5','1995');
INSERT INTO equipe_de_midia (id_midia,nome_empresa) VALUES ('6','BBUSPNU');
INSERT INTO pessoa (id_pessoa, tipo_documento,documento,nome,data_nascimento,nome_pais_origem) VALUES ('1996','PASS','000290900','Alrais','19720821','Albania');
INSERT INTO emprega_midia (id_midia, id_pessoa) VALUES ('6','1996');
INSERT INTO pessoa (id_pessoa, tipo_documento,documento,nome,data_nascimento,nome_pais_origem) VALUES ('1997','PASS','000880040','Cokeley','19781215','Syria');
INSERT INTO emprega_midia (id_midia, id_pessoa) VALUES ('6','1997');
INSERT INTO pessoa (id_pessoa, tipo_documento,documento,nome,data_nascimento,nome_pais_origem) VALUES ('1998','PASS','000175287','Degidio','19871114','Monaco');
INSERT INTO emprega_midia (id_midia, id_pessoa) VALUES ('6','1998');
INSERT INTO pessoa (id_pessoa, tipo_documento,documento,nome,data_nascimento,nome_pais_origem) VALUES ('1999','PASS','000668017','Abare','19850623','Nicaragua');
INSERT INTO emprega_midia (id_midia, id_pessoa) VALUES ('6','1999');
INSERT INTO pessoa (id_pessoa, tipo_documento,documento,nome,data_nascimento,nome_pais_origem) VALUES ('2000','PASS','000162898','Fonceca','19721224','Uzbekistan');
INSERT INTO emprega_midia (id_midia, id_pessoa) VALUES ('6','2000');
INSERT INTO pessoa (id_pessoa, tipo_documento,documento,nome,data_nascimento,nome_pais_origem) VALUES ('2001','PASS','000165062','Barchus','19720606','Poland');
INSERT INTO emprega_midia (id_midia, id_pessoa) VALUES ('6','2001');
INSERT INTO pessoa (id_pessoa, tipo_documento,documento,nome,data_nascimento,nome_pais_origem) VALUES ('2002','PASS','000179880','Bartenfield','19780201','Costa');
INSERT INTO emprega_midia (id_midia, id_pessoa) VALUES ('6','2002');
INSERT INTO pessoa (id_pessoa, tipo_documento,documento,nome,data_nascimento,nome_pais_origem) VALUES ('2003','PASS','000660592','Beute','19830915','Belarus');
INSERT INTO emprega_midia (id_midia, id_pessoa) VALUES ('6','2003');
INSERT INTO pessoa (id_pessoa, tipo_documento,documento,nome,data_nascimento,nome_pais_origem) VALUES ('2004','PASS','000538251','Culberson','19800503','Thailand');
INSERT INTO emprega_midia (id_midia, id_pessoa) VALUES ('6','2004');
INSERT INTO pessoa (id_pessoa, tipo_documento,documento,nome,data_nascimento,nome_pais_origem) VALUES ('2005','PASS','000144558','Charif','19840901','Saudi');
INSERT INTO emprega_midia (id_midia, id_pessoa) VALUES ('6','2005');
INSERT INTO pessoa (id_pessoa, tipo_documento,documento,nome,data_nascimento,nome_pais_origem) VALUES ('2006','PASS','000898356','Bunyea','19840119','Finland');
INSERT INTO emprega_midia (id_midia, id_pessoa) VALUES ('6','2006');
INSERT INTO pessoa (id_pessoa, tipo_documento,documento,nome,data_nascimento,nome_pais_origem) VALUES ('2007','PASS','000847535','Groh','19721011','Lithuania');
INSERT INTO emprega_midia (id_midia, id_pessoa) VALUES ('6','2007');
INSERT INTO pessoa (id_pessoa, tipo_documento,documento,nome,data_nascimento,nome_pais_origem) VALUES ('2008','PASS','000404033','Garcia','19751010','Italy');
INSERT INTO emprega_midia (id_midia, id_pessoa) VALUES ('6','2008');
INSERT INTO pessoa (id_pessoa, tipo_documento,documento,nome,data_nascimento,nome_pais_origem) VALUES ('2009','PASS','000662306','Bruso','19861220','Zealand');
INSERT INTO emprega_midia (id_midia, id_pessoa) VALUES ('6','2009');
INSERT INTO pessoa (id_pessoa, tipo_documento,documento,nome,data_nascimento,nome_pais_origem) VALUES ('2010','PASS','000253564','Charbonnet','19840719','Lithuania');
INSERT INTO emprega_midia (id_midia, id_pessoa) VALUES ('6','2010');
INSERT INTO pessoa (id_pessoa, tipo_documento,documento,nome,data_nascimento,nome_pais_origem) VALUES ('2011','PASS','000643328','Beddia','19730812','Nicaragua');
INSERT INTO emprega_midia (id_midia, id_pessoa) VALUES ('6','2011');
INSERT INTO pessoa (id_pessoa, tipo_documento,documento,nome,data_nascimento,nome_pais_origem) VALUES ('2012','PASS','000524299','Fuents','19800222','Poland');
INSERT INTO emprega_midia (id_midia, id_pessoa) VALUES ('6','2012');
INSERT INTO equipe_de_midia (id_midia,nome_empresa) VALUES ('7','VBHFQNE');
INSERT INTO pessoa (id_pessoa, tipo_documento,documento,nome,data_nascimento,nome_pais_origem) VALUES ('2013','PASS','000185411','Asbell','19820620','France');
INSERT INTO emprega_midia (id_midia, id_pessoa) VALUES ('7','2013');
INSERT INTO pessoa (id_pessoa, tipo_documento,documento,nome,data_nascimento,nome_pais_origem) VALUES ('2014','PASS','000245574','Florea','19780612','Philippines');
INSERT INTO emprega_midia (id_midia, id_pessoa) VALUES ('7','2014');
INSERT INTO pessoa (id_pessoa, tipo_documento,documento,nome,data_nascimento,nome_pais_origem) VALUES ('2015','PASS','000180364','Giunta','19710810','Hungary');
INSERT INTO emprega_midia (id_midia, id_pessoa) VALUES ('7','2015');
INSERT INTO pessoa (id_pessoa, tipo_documento,documento,nome,data_nascimento,nome_pais_origem) VALUES ('2016','PASS','000355433','Dufner','19781226','Bahrain');
INSERT INTO emprega_midia (id_midia, id_pessoa) VALUES ('7','2016');
INSERT INTO pessoa (id_pessoa, tipo_documento,documento,nome,data_nascimento,nome_pais_origem) VALUES ('2017','PASS','000362883','Ellner','19731017','Nicaragua');
INSERT INTO emprega_midia (id_midia, id_pessoa) VALUES ('7','2017');
INSERT INTO pessoa (id_pessoa, tipo_documento,documento,nome,data_nascimento,nome_pais_origem) VALUES ('2018','PASS','000369141','Dagner','19880502','Portugal');
INSERT INTO emprega_midia (id_midia, id_pessoa) VALUES ('7','2018');
INSERT INTO pessoa (id_pessoa, tipo_documento,documento,nome,data_nascimento,nome_pais_origem) VALUES ('2019','PASS','000642244','Brundidge','19760325','Turkey');
INSERT INTO emprega_midia (id_midia, id_pessoa) VALUES ('7','2019');
INSERT INTO pessoa (id_pessoa, tipo_documento,documento,nome,data_nascimento,nome_pais_origem) VALUES ('2020','PASS','000870910','Bellotti','19820305','Italy');
INSERT INTO emprega_midia (id_midia, id_pessoa) VALUES ('7','2020');
INSERT INTO pessoa (id_pessoa, tipo_documento,documento,nome,data_nascimento,nome_pais_origem) VALUES ('2021','PASS','000599691','Chatham','19780519','Australia');
INSERT INTO emprega_midia (id_midia, id_pessoa) VALUES ('7','2021');
INSERT INTO pessoa (id_pessoa, tipo_documento,documento,nome,data_nascimento,nome_pais_origem) VALUES ('2022','PASS','000960600','Boothman','19860504','Indonesia');
INSERT INTO emprega_midia (id_midia, id_pessoa) VALUES ('7','2022');
INSERT INTO pessoa (id_pessoa, tipo_documento,documento,nome,data_nascimento,nome_pais_origem) VALUES ('2023','PASS','000525894','Furnish','19771106','Turkey');
INSERT INTO emprega_midia (id_midia, id_pessoa) VALUES ('7','2023');
INSERT INTO pessoa (id_pessoa, tipo_documento,documento,nome,data_nascimento,nome_pais_origem) VALUES ('2024','PASS','000560869','Christlieb','19831201','China');
INSERT INTO emprega_midia (id_midia, id_pessoa) VALUES ('7','2024');
INSERT INTO pessoa (id_pessoa, tipo_documento,documento,nome,data_nascimento,nome_pais_origem) VALUES ('2025','PASS','000476932','Crye','19841208','Ukraine');
INSERT INTO emprega_midia (id_midia, id_pessoa) VALUES ('7','2025');
INSERT INTO pessoa (id_pessoa, tipo_documento,documento,nome,data_nascimento,nome_pais_origem) VALUES ('2026','PASS','000210630','Dulek','19760906','Cuba');
INSERT INTO emprega_midia (id_midia, id_pessoa) VALUES ('7','2026');
INSERT INTO pessoa (id_pessoa, tipo_documento,documento,nome,data_nascimento,nome_pais_origem) VALUES ('2027','PASS','000188156','Antilla','19840417','Monaco');
INSERT INTO emprega_midia (id_midia, id_pessoa) VALUES ('7','2027');
INSERT INTO pessoa (id_pessoa, tipo_documento,documento,nome,data_nascimento,nome_pais_origem) VALUES ('2028','PASS','000770897','Gauna','19830224','China');
INSERT INTO emprega_midia (id_midia, id_pessoa) VALUES ('7','2028');
INSERT INTO pessoa (id_pessoa, tipo_documento,documento,nome,data_nascimento,nome_pais_origem) VALUES ('2029','PASS','000519874','Burtt','19710102','Peru');
INSERT INTO emprega_midia (id_midia, id_pessoa) VALUES ('7','2029');
INSERT INTO pessoa (id_pessoa, tipo_documento,documento,nome,data_nascimento,nome_pais_origem) VALUES ('2030','PASS','000387459','Bhayani','19700417','New');
INSERT INTO emprega_midia (id_midia, id_pessoa) VALUES ('7','2030');
INSERT INTO pessoa (id_pessoa, tipo_documento,documento,nome,data_nascimento,nome_pais_origem) VALUES ('2031','PASS','000964930','Drayer','19811006','Egypt');
INSERT INTO emprega_midia (id_midia, id_pessoa) VALUES ('7','2031');
INSERT INTO pessoa (id_pessoa, tipo_documento,documento,nome,data_nascimento,nome_pais_origem) VALUES ('2032','PASS','000971489','Bost','19800411','Sweden');
INSERT INTO emprega_midia (id_midia, id_pessoa) VALUES ('7','2032');
INSERT INTO pessoa (id_pessoa, tipo_documento,documento,nome,data_nascimento,nome_pais_origem) VALUES ('2033','PASS','000953917','Buchert','19861225','Ukraine');
INSERT INTO emprega_midia (id_midia, id_pessoa) VALUES ('7','2033');
INSERT INTO equipe_de_midia (id_midia,nome_empresa) VALUES ('8','GAROODT');
INSERT INTO pessoa (id_pessoa, tipo_documento,documento,nome,data_nascimento,nome_pais_origem) VALUES ('2034','PASS','000891265','Freels','19880917','Cuba');
INSERT INTO emprega_midia (id_midia, id_pessoa) VALUES ('8','2034');
INSERT INTO pessoa (id_pessoa, tipo_documento,documento,nome,data_nascimento,nome_pais_origem) VALUES ('2035','PASS','000169225','Furrh','19801213','Vietnam');
INSERT INTO emprega_midia (id_midia, id_pessoa) VALUES ('8','2035');
INSERT INTO pessoa (id_pessoa, tipo_documento,documento,nome,data_nascimento,nome_pais_origem) VALUES ('2036','PASS','000619530','Arrant','19860410','Mexico');
INSERT INTO emprega_midia (id_midia, id_pessoa) VALUES ('8','2036');
INSERT INTO pessoa (id_pessoa, tipo_documento,documento,nome,data_nascimento,nome_pais_origem) VALUES ('2037','PASS','000416325','Cheely','19720425','France');
INSERT INTO emprega_midia (id_midia, id_pessoa) VALUES ('8','2037');
INSERT INTO pessoa (id_pessoa, tipo_documento,documento,nome,data_nascimento,nome_pais_origem) VALUES ('2038','PASS','000997079','Cravatta','19840616','Costa');
INSERT INTO emprega_midia (id_midia, id_pessoa) VALUES ('8','2038');
INSERT INTO pessoa (id_pessoa, tipo_documento,documento,nome,data_nascimento,nome_pais_origem) VALUES ('2039','PASS','000136688','Fahie','19750518','Denmark');
INSERT INTO emprega_midia (id_midia, id_pessoa) VALUES ('8','2039');
INSERT INTO pessoa (id_pessoa, tipo_documento,documento,nome,data_nascimento,nome_pais_origem) VALUES ('2040','PASS','000328662','Byerley','19750708','India');
INSERT INTO emprega_midia (id_midia, id_pessoa) VALUES ('8','2040');
INSERT INTO pessoa (id_pessoa, tipo_documento,documento,nome,data_nascimento,nome_pais_origem) VALUES ('2041','PASS','000214912','Ballesterous','19870909','Saudi');
INSERT INTO emprega_midia (id_midia, id_pessoa) VALUES ('8','2041');
INSERT INTO pessoa (id_pessoa, tipo_documento,documento,nome,data_nascimento,nome_pais_origem) VALUES ('2042','PASS','000267510','Bullen','19861220','Algeria');
INSERT INTO emprega_midia (id_midia, id_pessoa) VALUES ('8','2042');
INSERT INTO pessoa (id_pessoa, tipo_documento,documento,nome,data_nascimento,nome_pais_origem) VALUES ('2043','PASS','000834229','Bontrager','19730316','Iran');
INSERT INTO emprega_midia (id_midia, id_pessoa) VALUES ('8','2043');
INSERT INTO pessoa (id_pessoa, tipo_documento,documento,nome,data_nascimento,nome_pais_origem) VALUES ('2044','PASS','000959671','Ebrahim','19811220','Bulgaria');
INSERT INTO emprega_midia (id_midia, id_pessoa) VALUES ('8','2044');
INSERT INTO pessoa (id_pessoa, tipo_documento,documento,nome,data_nascimento,nome_pais_origem) VALUES ('2045','PASS','000611683','Caughorn','19790621','Turkey');
INSERT INTO emprega_midia (id_midia, id_pessoa) VALUES ('8','2045');
INSERT INTO equipe_de_midia (id_midia,nome_empresa) VALUES ('9','RGUNVGE');
INSERT INTO pessoa (id_pessoa, tipo_documento,documento,nome,data_nascimento,nome_pais_origem) VALUES ('2046','PASS','000379982','Dutch','19890616','Saudi');
INSERT INTO emprega_midia (id_midia, id_pessoa) VALUES ('9','2046');
INSERT INTO pessoa (id_pessoa, tipo_documento,documento,nome,data_nascimento,nome_pais_origem) VALUES ('2047','PASS','000158163','Alborn','19740325','Iraq');
INSERT INTO emprega_midia (id_midia, id_pessoa) VALUES ('9','2047');
INSERT INTO pessoa (id_pessoa, tipo_documento,documento,nome,data_nascimento,nome_pais_origem) VALUES ('2048','PASS','000314372','Gemmill','19821101','Rica');
INSERT INTO emprega_midia (id_midia, id_pessoa) VALUES ('9','2048');
INSERT INTO pessoa (id_pessoa, tipo_documento,documento,nome,data_nascimento,nome_pais_origem) VALUES ('2049','PASS','000488080','Crofts','19880719','France');
INSERT INTO emprega_midia (id_midia, id_pessoa) VALUES ('9','2049');
INSERT INTO pessoa (id_pessoa, tipo_documento,documento,nome,data_nascimento,nome_pais_origem) VALUES ('2050','PASS','000317394','Deubler','19790623','Peru');
INSERT INTO emprega_midia (id_midia, id_pessoa) VALUES ('9','2050');
INSERT INTO pessoa (id_pessoa, tipo_documento,documento,nome,data_nascimento,nome_pais_origem) VALUES ('2051','PASS','000863193','Anast','19820615','Greece');
INSERT INTO emprega_midia (id_midia, id_pessoa) VALUES ('9','2051');
INSERT INTO pessoa (id_pessoa, tipo_documento,documento,nome,data_nascimento,nome_pais_origem) VALUES ('2052','PASS','000994172','Cuny','19720310','Finland');
INSERT INTO emprega_midia (id_midia, id_pessoa) VALUES ('9','2052');
INSERT INTO pessoa (id_pessoa, tipo_documento,documento,nome,data_nascimento,nome_pais_origem) VALUES ('2053','PASS','000497885','Cimini','19761018','Finland');
INSERT INTO emprega_midia (id_midia, id_pessoa) VALUES ('9','2053');
INSERT INTO pessoa (id_pessoa, tipo_documento,documento,nome,data_nascimento,nome_pais_origem) VALUES ('2054','PASS','000367718','Bromwell','19840309','Slovakia');
INSERT INTO emprega_midia (id_midia, id_pessoa) VALUES ('9','2054');
INSERT INTO pessoa (id_pessoa, tipo_documento,documento,nome,data_nascimento,nome_pais_origem) VALUES ('2055','PASS','000616661','Glaab','19730906','Cuba');
INSERT INTO emprega_midia (id_midia, id_pessoa) VALUES ('9','2055');
INSERT INTO pessoa (id_pessoa, tipo_documento,documento,nome,data_nascimento,nome_pais_origem) VALUES ('2056','PASS','000991404','Daisy','19810305','Netherlands');
INSERT INTO emprega_midia (id_midia, id_pessoa) VALUES ('9','2056');
INSERT INTO pessoa (id_pessoa, tipo_documento,documento,nome,data_nascimento,nome_pais_origem) VALUES ('2057','PASS','000677687','Agins','19720406','Saudi');
INSERT INTO emprega_midia (id_midia, id_pessoa) VALUES ('9','2057');
INSERT INTO pessoa (id_pessoa, tipo_documento,documento,nome,data_nascimento,nome_pais_origem) VALUES ('2058','PASS','000196650','Battani','19831117','Belgium');
INSERT INTO emprega_midia (id_midia, id_pessoa) VALUES ('9','2058');
INSERT INTO pessoa (id_pessoa, tipo_documento,documento,nome,data_nascimento,nome_pais_origem) VALUES ('2059','PASS','000949285','Bursley','19871022','Italy');
INSERT INTO emprega_midia (id_midia, id_pessoa) VALUES ('9','2059');
INSERT INTO pessoa (id_pessoa, tipo_documento,documento,nome,data_nascimento,nome_pais_origem) VALUES ('2060','PASS','000331020','Codeluppi','19851003','Romania');
INSERT INTO emprega_midia (id_midia, id_pessoa) VALUES ('9','2060');
INSERT INTO pessoa (id_pessoa, tipo_documento,documento,nome,data_nascimento,nome_pais_origem) VALUES ('2061','PASS','000544479','Dionne','19871120','China');
INSERT INTO emprega_midia (id_midia, id_pessoa) VALUES ('9','2061');
INSERT INTO pessoa (id_pessoa, tipo_documento,documento,nome,data_nascimento,nome_pais_origem) VALUES ('2062','PASS','000292483','Coarsey','19760401','Costa');
INSERT INTO emprega_midia (id_midia, id_pessoa) VALUES ('9','2062');
INSERT INTO pessoa (id_pessoa, tipo_documento,documento,nome,data_nascimento,nome_pais_origem) VALUES ('2063','PASS','000936132','Balistreri','19750808','Saudi');
INSERT INTO emprega_midia (id_midia, id_pessoa) VALUES ('9','2063');
INSERT INTO pessoa (id_pessoa, tipo_documento,documento,nome,data_nascimento,nome_pais_origem) VALUES ('2064','PASS','000826208','Czekanski','19730827','Liechtenstein');
INSERT INTO emprega_midia (id_midia, id_pessoa) VALUES ('9','2064');
INSERT INTO equipe_de_midia (id_midia,nome_empresa) VALUES ('10','GXUCTSG');
INSERT INTO pessoa (id_pessoa, tipo_documento,documento,nome,data_nascimento,nome_pais_origem) VALUES ('2065','PASS','000466204','Freibert','19711024','Argentina');
INSERT INTO emprega_midia (id_midia, id_pessoa) VALUES ('10','2065');
INSERT INTO equipe_de_midia (id_midia,nome_empresa) VALUES ('11','KDOWOWC');
INSERT INTO pessoa (id_pessoa, tipo_documento,documento,nome,data_nascimento,nome_pais_origem) VALUES ('2066','PASS','000545480','Eyermann','19860903','Zealand');
INSERT INTO emprega_midia (id_midia, id_pessoa) VALUES ('11','2066');
INSERT INTO pessoa (id_pessoa, tipo_documento,documento,nome,data_nascimento,nome_pais_origem) VALUES ('2067','PASS','000713042','Ange','19740309','Uruguay');
INSERT INTO emprega_midia (id_midia, id_pessoa) VALUES ('11','2067');
INSERT INTO pessoa (id_pessoa, tipo_documento,documento,nome,data_nascimento,nome_pais_origem) VALUES ('2068','PASS','000761731','Browder','19830113','Romania');
INSERT INTO emprega_midia (id_midia, id_pessoa) VALUES ('11','2068');
INSERT INTO pessoa (id_pessoa, tipo_documento,documento,nome,data_nascimento,nome_pais_origem) VALUES ('2069','PASS','000915010','Coppinger','19890803','Egypt');
INSERT INTO emprega_midia (id_midia, id_pessoa) VALUES ('11','2069');
INSERT INTO pessoa (id_pessoa, tipo_documento,documento,nome,data_nascimento,nome_pais_origem) VALUES ('2070','PASS','000375923','Grala','19870509','Iran');
INSERT INTO emprega_midia (id_midia, id_pessoa) VALUES ('11','2070');
INSERT INTO pessoa (id_pessoa, tipo_documento,documento,nome,data_nascimento,nome_pais_origem) VALUES ('2071','PASS','000452141','Aguinaga','19740923','Vietnam');
INSERT INTO emprega_midia (id_midia, id_pessoa) VALUES ('11','2071');
INSERT INTO pessoa (id_pessoa, tipo_documento,documento,nome,data_nascimento,nome_pais_origem) VALUES ('2072','PASS','000413973','Dowse','19780522','Vietnam');
INSERT INTO emprega_midia (id_midia, id_pessoa) VALUES ('11','2072');
INSERT INTO equipe_de_midia (id_midia,nome_empresa) VALUES ('12','BKKPLBJ');
INSERT INTO pessoa (id_pessoa, tipo_documento,documento,nome,data_nascimento,nome_pais_origem) VALUES ('2073','PASS','000359908','Carilli','19780127','Poland');
INSERT INTO emprega_midia (id_midia, id_pessoa) VALUES ('12','2073');
INSERT INTO pessoa (id_pessoa, tipo_documento,documento,nome,data_nascimento,nome_pais_origem) VALUES ('2074','PASS','000466497','Corte','19731224','Iraq');
INSERT INTO emprega_midia (id_midia, id_pessoa) VALUES ('12','2074');
INSERT INTO pessoa (id_pessoa, tipo_documento,documento,nome,data_nascimento,nome_pais_origem) VALUES ('2075','PASS','000869444','Emuka','19740901','Chad');
INSERT INTO emprega_midia (id_midia, id_pessoa) VALUES ('12','2075');
INSERT INTO pessoa (id_pessoa, tipo_documento,documento,nome,data_nascimento,nome_pais_origem) VALUES ('2076','PASS','000430184','Clish','19740226','Algeria');
INSERT INTO emprega_midia (id_midia, id_pessoa) VALUES ('12','2076');
INSERT INTO pessoa (id_pessoa, tipo_documento,documento,nome,data_nascimento,nome_pais_origem) VALUES ('2077','PASS','000935737','Fellin','19840801','Greece');
INSERT INTO emprega_midia (id_midia, id_pessoa) VALUES ('12','2077');
INSERT INTO pessoa (id_pessoa, tipo_documento,documento,nome,data_nascimento,nome_pais_origem) VALUES ('2078','PASS','000773202','Broadstreet','19820910','Germany');
INSERT INTO emprega_midia (id_midia, id_pessoa) VALUES ('12','2078');
INSERT INTO pessoa (id_pessoa, tipo_documento,documento,nome,data_nascimento,nome_pais_origem) VALUES ('2079','PASS','000585474','Entin','19840927','Vietnam');
INSERT INTO emprega_midia (id_midia, id_pessoa) VALUES ('12','2079');
INSERT INTO pessoa (id_pessoa, tipo_documento,documento,nome,data_nascimento,nome_pais_origem) VALUES ('2080','PASS','000665893','Carcano','19830321','Liechtenstein');
INSERT INTO emprega_midia (id_midia, id_pessoa) VALUES ('12','2080');
INSERT INTO pessoa (id_pessoa, tipo_documento,documento,nome,data_nascimento,nome_pais_origem) VALUES ('2081','PASS','000414245','Belkin','19840309','Costa');
INSERT INTO emprega_midia (id_midia, id_pessoa) VALUES ('12','2081');
INSERT INTO pessoa (id_pessoa, tipo_documento,documento,nome,data_nascimento,nome_pais_origem) VALUES ('2082','PASS','000203943','Futterman','19871013','Chad');
INSERT INTO emprega_midia (id_midia, id_pessoa) VALUES ('12','2082');
INSERT INTO pessoa (id_pessoa, tipo_documento,documento,nome,data_nascimento,nome_pais_origem) VALUES ('2083','PASS','000906502','Cofrancesco','19730526','Philippines');
INSERT INTO emprega_midia (id_midia, id_pessoa) VALUES ('12','2083');
INSERT INTO pessoa (id_pessoa, tipo_documento,documento,nome,data_nascimento,nome_pais_origem) VALUES ('2084','PASS','000824288','Colyott','19890322','Italy');
INSERT INTO emprega_midia (id_midia, id_pessoa) VALUES ('12','2084');
INSERT INTO pessoa (id_pessoa, tipo_documento,documento,nome,data_nascimento,nome_pais_origem) VALUES ('2085','PASS','000652530','Gajeski','19810617','Nepal');
INSERT INTO emprega_midia (id_midia, id_pessoa) VALUES ('12','2085');
INSERT INTO pessoa (id_pessoa, tipo_documento,documento,nome,data_nascimento,nome_pais_origem) VALUES ('2086','PASS','000355317','Dalenberg','19770705','Cuba');
INSERT INTO emprega_midia (id_midia, id_pessoa) VALUES ('12','2086');
INSERT INTO pessoa (id_pessoa, tipo_documento,documento,nome,data_nascimento,nome_pais_origem) VALUES ('2087','PASS','000501829','Beemer','19890722','Azerbaijan');
INSERT INTO emprega_midia (id_midia, id_pessoa) VALUES ('12','2087');
INSERT INTO equipe_de_midia (id_midia,nome_empresa) VALUES ('13','DZKKHRU');
INSERT INTO pessoa (id_pessoa, tipo_documento,documento,nome,data_nascimento,nome_pais_origem) VALUES ('2088','PASS','000331162','Dibacco','19791005','Algeria');
INSERT INTO emprega_midia (id_midia, id_pessoa) VALUES ('13','2088');
INSERT INTO pessoa (id_pessoa, tipo_documento,documento,nome,data_nascimento,nome_pais_origem) VALUES ('2089','PASS','000398102','Eppolito','19881208','Mongolia');
INSERT INTO emprega_midia (id_midia, id_pessoa) VALUES ('13','2089');
INSERT INTO pessoa (id_pessoa, tipo_documento,documento,nome,data_nascimento,nome_pais_origem) VALUES ('2090','PASS','000233033','Burnet','19740717','China');
INSERT INTO emprega_midia (id_midia, id_pessoa) VALUES ('13','2090');
INSERT INTO pessoa (id_pessoa, tipo_documento,documento,nome,data_nascimento,nome_pais_origem) VALUES ('2091','PASS','000253435','Cara','19820605','India');
INSERT INTO emprega_midia (id_midia, id_pessoa) VALUES ('13','2091');
INSERT INTO pessoa (id_pessoa, tipo_documento,documento,nome,data_nascimento,nome_pais_origem) VALUES ('2092','PASS','000316451','Blatter','19721116','Spain');
INSERT INTO emprega_midia (id_midia, id_pessoa) VALUES ('13','2092');
INSERT INTO pessoa (id_pessoa, tipo_documento,documento,nome,data_nascimento,nome_pais_origem) VALUES ('2093','PASS','000397352','Duderstadt','19721020','Bulgaria');
INSERT INTO emprega_midia (id_midia, id_pessoa) VALUES ('13','2093');
INSERT INTO pessoa (id_pessoa, tipo_documento,documento,nome,data_nascimento,nome_pais_origem) VALUES ('2094','PASS','000201576','Brittain','19791123','Philippines');
INSERT INTO emprega_midia (id_midia, id_pessoa) VALUES ('13','2094');
INSERT INTO pessoa (id_pessoa, tipo_documento,documento,nome,data_nascimento,nome_pais_origem) VALUES ('2095','PASS','000278053','Delpit','19870621','Paraguay');
INSERT INTO emprega_midia (id_midia, id_pessoa) VALUES ('13','2095');
INSERT INTO pessoa (id_pessoa, tipo_documento,documento,nome,data_nascimento,nome_pais_origem) VALUES ('2096','PASS','000604954','Gelle','19750908','Uzbekistan');
INSERT INTO emprega_midia (id_midia, id_pessoa) VALUES ('13','2096');
INSERT INTO pessoa (id_pessoa, tipo_documento,documento,nome,data_nascimento,nome_pais_origem) VALUES ('2097','PASS','000370100','Bergara','19731204','Italy');
INSERT INTO emprega_midia (id_midia, id_pessoa) VALUES ('13','2097');
INSERT INTO pessoa (id_pessoa, tipo_documento,documento,nome,data_nascimento,nome_pais_origem) VALUES ('2098','PASS','000100248','Benedek','19850902','Belgium');
INSERT INTO emprega_midia (id_midia, id_pessoa) VALUES ('13','2098');
INSERT INTO pessoa (id_pessoa, tipo_documento,documento,nome,data_nascimento,nome_pais_origem) VALUES ('2099','PASS','000617098','Balanoff','19770627','Liechtenstein');
INSERT INTO emprega_midia (id_midia, id_pessoa) VALUES ('13','2099');
INSERT INTO pessoa (id_pessoa, tipo_documento,documento,nome,data_nascimento,nome_pais_origem) VALUES ('2100','PASS','000154807','Fowlie','19731024','Norway');
INSERT INTO emprega_midia (id_midia, id_pessoa) VALUES ('13','2100');
INSERT INTO equipe_de_midia (id_midia,nome_empresa) VALUES ('14','HZYRNYK');
INSERT INTO pessoa (id_pessoa, tipo_documento,documento,nome,data_nascimento,nome_pais_origem) VALUES ('2101','PASS','000255976','Ertl','19891120','Morocco');
INSERT INTO emprega_midia (id_midia, id_pessoa) VALUES ('14','2101');
INSERT INTO pessoa (id_pessoa, tipo_documento,documento,nome,data_nascimento,nome_pais_origem) VALUES ('2102','PASS','000753440','Geralyn','19791006','Arabia');
INSERT INTO emprega_midia (id_midia, id_pessoa) VALUES ('14','2102');
INSERT INTO pessoa (id_pessoa, tipo_documento,documento,nome,data_nascimento,nome_pais_origem) VALUES ('2103','PASS','000771483','Argrow','19701121','Lithuania');
INSERT INTO emprega_midia (id_midia, id_pessoa) VALUES ('14','2103');
INSERT INTO pessoa (id_pessoa, tipo_documento,documento,nome,data_nascimento,nome_pais_origem) VALUES ('2104','PASS','000446630','Grzesiak','19890422','Netherlands');
INSERT INTO emprega_midia (id_midia, id_pessoa) VALUES ('14','2104');
INSERT INTO pessoa (id_pessoa, tipo_documento,documento,nome,data_nascimento,nome_pais_origem) VALUES ('2105','PASS','000272619','Eloise','19780413','Estonia');
INSERT INTO emprega_midia (id_midia, id_pessoa) VALUES ('14','2105');
INSERT INTO pessoa (id_pessoa, tipo_documento,documento,nome,data_nascimento,nome_pais_origem) VALUES ('2106','PASS','000227615','Fielder','19730118','Rica');
INSERT INTO emprega_midia (id_midia, id_pessoa) VALUES ('14','2106');
INSERT INTO pessoa (id_pessoa, tipo_documento,documento,nome,data_nascimento,nome_pais_origem) VALUES ('2107','PASS','000344201','Blackmer','19860405','Mexico');
INSERT INTO emprega_midia (id_midia, id_pessoa) VALUES ('14','2107');
INSERT INTO pessoa (id_pessoa, tipo_documento,documento,nome,data_nascimento,nome_pais_origem) VALUES ('2108','PASS','000350507','Baranick','19810506','Algeria');
INSERT INTO emprega_midia (id_midia, id_pessoa) VALUES ('14','2108');
INSERT INTO pessoa (id_pessoa, tipo_documento,documento,nome,data_nascimento,nome_pais_origem) VALUES ('2109','PASS','000115862','Delira','19700626','Egypt');
INSERT INTO emprega_midia (id_midia, id_pessoa) VALUES ('14','2109');
INSERT INTO pessoa (id_pessoa, tipo_documento,documento,nome,data_nascimento,nome_pais_origem) VALUES ('2110','PASS','000578291','Beyrer','19710402','Hungary');
INSERT INTO emprega_midia (id_midia, id_pessoa) VALUES ('14','2110');
INSERT INTO pessoa (id_pessoa, tipo_documento,documento,nome,data_nascimento,nome_pais_origem) VALUES ('2111','PASS','000689084','Buonomo','19731211','Indonesia');
INSERT INTO emprega_midia (id_midia, id_pessoa) VALUES ('14','2111');
INSERT INTO pessoa (id_pessoa, tipo_documento,documento,nome,data_nascimento,nome_pais_origem) VALUES ('2112','PASS','000109999','Cotterman','19880316','Luxembourg');
INSERT INTO emprega_midia (id_midia, id_pessoa) VALUES ('14','2112');
INSERT INTO pessoa (id_pessoa, tipo_documento,documento,nome,data_nascimento,nome_pais_origem) VALUES ('2113','PASS','000143871','Dainels','19890914','Paraguay');
INSERT INTO emprega_midia (id_midia, id_pessoa) VALUES ('14','2113');
INSERT INTO pessoa (id_pessoa, tipo_documento,documento,nome,data_nascimento,nome_pais_origem) VALUES ('2114','PASS','000525624','Caul','19730407','Cuba');
INSERT INTO emprega_midia (id_midia, id_pessoa) VALUES ('14','2114');
INSERT INTO pessoa (id_pessoa, tipo_documento,documento,nome,data_nascimento,nome_pais_origem) VALUES ('2115','PASS','000405265','Claverie','19770916','France');
INSERT INTO emprega_midia (id_midia, id_pessoa) VALUES ('14','2115');
INSERT INTO pessoa (id_pessoa, tipo_documento,documento,nome,data_nascimento,nome_pais_origem) VALUES ('2116','PASS','000432440','Debiase','19790316','France');
INSERT INTO emprega_midia (id_midia, id_pessoa) VALUES ('14','2116');
INSERT INTO pessoa (id_pessoa, tipo_documento,documento,nome,data_nascimento,nome_pais_origem) VALUES ('2117','PASS','000612511','Cabot','19880518','Spain');
INSERT INTO emprega_midia (id_midia, id_pessoa) VALUES ('14','2117');
INSERT INTO pessoa (id_pessoa, tipo_documento,documento,nome,data_nascimento,nome_pais_origem) VALUES ('2118','PASS','000868689','Fogerty','19821225','Mozambique');
INSERT INTO emprega_midia (id_midia, id_pessoa) VALUES ('14','2118');
INSERT INTO pessoa (id_pessoa, tipo_documento,documento,nome,data_nascimento,nome_pais_origem) VALUES ('2119','PASS','000939302','Feleppa','19840406','Luxembourg');
INSERT INTO emprega_midia (id_midia, id_pessoa) VALUES ('14','2119');
INSERT INTO pessoa (id_pessoa, tipo_documento,documento,nome,data_nascimento,nome_pais_origem) VALUES ('2120','PASS','000731129','Deckelbaum','19760709','Japan');
INSERT INTO emprega_midia (id_midia, id_pessoa) VALUES ('14','2120');
INSERT INTO pessoa (id_pessoa, tipo_documento,documento,nome,data_nascimento,nome_pais_origem) VALUES ('2121','PASS','000881575','Curiel','19840526','Thailand');
INSERT INTO emprega_midia (id_midia, id_pessoa) VALUES ('14','2121');
INSERT INTO pessoa (id_pessoa, tipo_documento,documento,nome,data_nascimento,nome_pais_origem) VALUES ('2122','PASS','000681797','Garski','19760220','Georgia');
INSERT INTO emprega_midia (id_midia, id_pessoa) VALUES ('14','2122');
INSERT INTO pessoa (id_pessoa, tipo_documento,documento,nome,data_nascimento,nome_pais_origem) VALUES ('2123','PASS','000895088','Emel','19750607','Afghanistan');
INSERT INTO emprega_midia (id_midia, id_pessoa) VALUES ('14','2123');
INSERT INTO equipe_de_midia (id_midia,nome_empresa) VALUES ('15','KICJUQU');
INSERT INTO pessoa (id_pessoa, tipo_documento,documento,nome,data_nascimento,nome_pais_origem) VALUES ('2124','PASS','000452802','Baymon','19760406','Angola');
INSERT INTO emprega_midia (id_midia, id_pessoa) VALUES ('15','2124');
INSERT INTO pessoa (id_pessoa, tipo_documento,documento,nome,data_nascimento,nome_pais_origem) VALUES ('2125','PASS','000545575','Bodenhamer','19710317','Rica');
INSERT INTO emprega_midia (id_midia, id_pessoa) VALUES ('15','2125');
INSERT INTO pessoa (id_pessoa, tipo_documento,documento,nome,data_nascimento,nome_pais_origem) VALUES ('2126','PASS','000321773','Avinger','19740713','Angola');
INSERT INTO emprega_midia (id_midia, id_pessoa) VALUES ('15','2126');
INSERT INTO pessoa (id_pessoa, tipo_documento,documento,nome,data_nascimento,nome_pais_origem) VALUES ('2127','PASS','000741663','Aiu','19871217','Costa');
INSERT INTO emprega_midia (id_midia, id_pessoa) VALUES ('15','2127');
INSERT INTO pessoa (id_pessoa, tipo_documento,documento,nome,data_nascimento,nome_pais_origem) VALUES ('2128','PASS','000338807','Cappetta','19781019','Philippines');
INSERT INTO emprega_midia (id_midia, id_pessoa) VALUES ('15','2128');
INSERT INTO pessoa (id_pessoa, tipo_documento,documento,nome,data_nascimento,nome_pais_origem) VALUES ('2129','PASS','000822643','Backhuus','19800813','Colombia');
INSERT INTO emprega_midia (id_midia, id_pessoa) VALUES ('15','2129');
INSERT INTO pessoa (id_pessoa, tipo_documento,documento,nome,data_nascimento,nome_pais_origem) VALUES ('2130','PASS','000409738','Aulbach','19801020','Bulgaria');
INSERT INTO emprega_midia (id_midia, id_pessoa) VALUES ('15','2130');
INSERT INTO pessoa (id_pessoa, tipo_documento,documento,nome,data_nascimento,nome_pais_origem) VALUES ('2131','PASS','000721944','Eutsler','19821109','Liechtenstein');
INSERT INTO emprega_midia (id_midia, id_pessoa) VALUES ('15','2131');
INSERT INTO pessoa (id_pessoa, tipo_documento,documento,nome,data_nascimento,nome_pais_origem) VALUES ('2132','PASS','000242581','Bomberger','19801214','Barbados');
INSERT INTO emprega_midia (id_midia, id_pessoa) VALUES ('15','2132');
INSERT INTO pessoa (id_pessoa, tipo_documento,documento,nome,data_nascimento,nome_pais_origem) VALUES ('2133','PASS','000699870','Burgett','19770813','Afghanistan');
INSERT INTO emprega_midia (id_midia, id_pessoa) VALUES ('15','2133');
INSERT INTO pessoa (id_pessoa, tipo_documento,documento,nome,data_nascimento,nome_pais_origem) VALUES ('2134','PASS','000142098','Bolls','19790312','Bulgaria');
INSERT INTO emprega_midia (id_midia, id_pessoa) VALUES ('15','2134');
INSERT INTO pessoa (id_pessoa, tipo_documento,documento,nome,data_nascimento,nome_pais_origem) VALUES ('2135','PASS','000473188','Conlee','19791117','Germany');
INSERT INTO emprega_midia (id_midia, id_pessoa) VALUES ('15','2135');
INSERT INTO pessoa (id_pessoa, tipo_documento,documento,nome,data_nascimento,nome_pais_origem) VALUES ('2136','PASS','000442349','Anagnos','19811222','Australia');
INSERT INTO emprega_midia (id_midia, id_pessoa) VALUES ('15','2136');
INSERT INTO pessoa (id_pessoa, tipo_documento,documento,nome,data_nascimento,nome_pais_origem) VALUES ('2137','PASS','000730376','Gearing','19780520','Iraq');
INSERT INTO emprega_midia (id_midia, id_pessoa) VALUES ('15','2137');
INSERT INTO equipe_de_midia (id_midia,nome_empresa) VALUES ('16','JACOMWL');
INSERT INTO pessoa (id_pessoa, tipo_documento,documento,nome,data_nascimento,nome_pais_origem) VALUES ('2138','PASS','000346742','Greta','19840102','Bahrain');
INSERT INTO emprega_midia (id_midia, id_pessoa) VALUES ('16','2138');
INSERT INTO pessoa (id_pessoa, tipo_documento,documento,nome,data_nascimento,nome_pais_origem) VALUES ('2139','PASS','000988702','Gallargo','19800619','Romania');
INSERT INTO emprega_midia (id_midia, id_pessoa) VALUES ('16','2139');
INSERT INTO pessoa (id_pessoa, tipo_documento,documento,nome,data_nascimento,nome_pais_origem) VALUES ('2140','PASS','000367798','Beermudez','19830313','Paraguay');
INSERT INTO emprega_midia (id_midia, id_pessoa) VALUES ('16','2140');
INSERT INTO pessoa (id_pessoa, tipo_documento,documento,nome,data_nascimento,nome_pais_origem) VALUES ('2141','PASS','000230094','Bisch','19891006','Australia');
INSERT INTO emprega_midia (id_midia, id_pessoa) VALUES ('16','2141');
INSERT INTO pessoa (id_pessoa, tipo_documento,documento,nome,data_nascimento,nome_pais_origem) VALUES ('2142','PASS','000187579','Chovanec','19810917','Uruguay');
INSERT INTO emprega_midia (id_midia, id_pessoa) VALUES ('16','2142');
INSERT INTO pessoa (id_pessoa, tipo_documento,documento,nome,data_nascimento,nome_pais_origem) VALUES ('2143','PASS','000110742','Carvin','19730827','Bahamas');
INSERT INTO emprega_midia (id_midia, id_pessoa) VALUES ('16','2143');
INSERT INTO pessoa (id_pessoa, tipo_documento,documento,nome,data_nascimento,nome_pais_origem) VALUES ('2144','PASS','000799612','Alishia','19730114','Iraq');
INSERT INTO emprega_midia (id_midia, id_pessoa) VALUES ('16','2144');
INSERT INTO pessoa (id_pessoa, tipo_documento,documento,nome,data_nascimento,nome_pais_origem) VALUES ('2145','PASS','000547518','Gostomski','19720705','Spain');
INSERT INTO emprega_midia (id_midia, id_pessoa) VALUES ('16','2145');
INSERT INTO pessoa (id_pessoa, tipo_documento,documento,nome,data_nascimento,nome_pais_origem) VALUES ('2146','PASS','000293479','Brouillard','19810210','New');
INSERT INTO emprega_midia (id_midia, id_pessoa) VALUES ('16','2146');
INSERT INTO pessoa (id_pessoa, tipo_documento,documento,nome,data_nascimento,nome_pais_origem) VALUES ('2147','PASS','000614916','Gora','19820403','Argentina');
INSERT INTO emprega_midia (id_midia, id_pessoa) VALUES ('16','2147');
INSERT INTO pessoa (id_pessoa, tipo_documento,documento,nome,data_nascimento,nome_pais_origem) VALUES ('2148','PASS','000320666','Duber','19711202','Iraq');
INSERT INTO emprega_midia (id_midia, id_pessoa) VALUES ('16','2148');
INSERT INTO pessoa (id_pessoa, tipo_documento,documento,nome,data_nascimento,nome_pais_origem) VALUES ('2149','PASS','000228371','Behrle','19820126','Serbia');
INSERT INTO emprega_midia (id_midia, id_pessoa) VALUES ('16','2149');
INSERT INTO pessoa (id_pessoa, tipo_documento,documento,nome,data_nascimento,nome_pais_origem) VALUES ('2150','PASS','000937880','Gansen','19730823','Switzerland');
INSERT INTO emprega_midia (id_midia, id_pessoa) VALUES ('16','2150');
INSERT INTO pessoa (id_pessoa, tipo_documento,documento,nome,data_nascimento,nome_pais_origem) VALUES ('2151','PASS','000541000','Eichenberg','19720602','Australia');
INSERT INTO emprega_midia (id_midia, id_pessoa) VALUES ('16','2151');
INSERT INTO pessoa (id_pessoa, tipo_documento,documento,nome,data_nascimento,nome_pais_origem) VALUES ('2152','PASS','000875522','Emmrich','19791009','Albania');
INSERT INTO emprega_midia (id_midia, id_pessoa) VALUES ('16','2152');
INSERT INTO pessoa (id_pessoa, tipo_documento,documento,nome,data_nascimento,nome_pais_origem) VALUES ('2153','PASS','000162431','Franke','19770802','Japan');
INSERT INTO emprega_midia (id_midia, id_pessoa) VALUES ('16','2153');
INSERT INTO pessoa (id_pessoa, tipo_documento,documento,nome,data_nascimento,nome_pais_origem) VALUES ('2154','PASS','000464504','Auringer','19861102','Georgia');
INSERT INTO emprega_midia (id_midia, id_pessoa) VALUES ('16','2154');
INSERT INTO pessoa (id_pessoa, tipo_documento,documento,nome,data_nascimento,nome_pais_origem) VALUES ('2155','PASS','000326779','Appell','19761009','Mozambique');
INSERT INTO emprega_midia (id_midia, id_pessoa) VALUES ('16','2155');
INSERT INTO equipe_de_midia (id_midia,nome_empresa) VALUES ('17','OSCEYGU');
INSERT INTO pessoa (id_pessoa, tipo_documento,documento,nome,data_nascimento,nome_pais_origem) VALUES ('2156','PASS','000211476','Delamora','19731213','Thailand');
INSERT INTO emprega_midia (id_midia, id_pessoa) VALUES ('17','2156');
INSERT INTO pessoa (id_pessoa, tipo_documento,documento,nome,data_nascimento,nome_pais_origem) VALUES ('2157','PASS','000229214','Bolch','19820526','Hungary');
INSERT INTO emprega_midia (id_midia, id_pessoa) VALUES ('17','2157');
INSERT INTO pessoa (id_pessoa, tipo_documento,documento,nome,data_nascimento,nome_pais_origem) VALUES ('2158','PASS','000847749','Allday','19820817','Mongolia');
INSERT INTO emprega_midia (id_midia, id_pessoa) VALUES ('17','2158');
INSERT INTO pessoa (id_pessoa, tipo_documento,documento,nome,data_nascimento,nome_pais_origem) VALUES ('2159','PASS','000770060','Chang','19850227','Finland');
INSERT INTO emprega_midia (id_midia, id_pessoa) VALUES ('17','2159');
INSERT INTO pessoa (id_pessoa, tipo_documento,documento,nome,data_nascimento,nome_pais_origem) VALUES ('2160','PASS','000274278','Anstine','19820904','Lithuania');
INSERT INTO emprega_midia (id_midia, id_pessoa) VALUES ('17','2160');
INSERT INTO pessoa (id_pessoa, tipo_documento,documento,nome,data_nascimento,nome_pais_origem) VALUES ('2161','PASS','000924786','Brengettey','19770225','Belarus');
INSERT INTO emprega_midia (id_midia, id_pessoa) VALUES ('17','2161');
INSERT INTO pessoa (id_pessoa, tipo_documento,documento,nome,data_nascimento,nome_pais_origem) VALUES ('2162','PASS','000398200','Desroches','19730902','Hungary');
INSERT INTO emprega_midia (id_midia, id_pessoa) VALUES ('17','2162');
INSERT INTO pessoa (id_pessoa, tipo_documento,documento,nome,data_nascimento,nome_pais_origem) VALUES ('2163','PASS','000942890','Delfelder','19710316','Brazil');
INSERT INTO emprega_midia (id_midia, id_pessoa) VALUES ('17','2163');
INSERT INTO pessoa (id_pessoa, tipo_documento,documento,nome,data_nascimento,nome_pais_origem) VALUES ('2164','PASS','000844145','Brackett','19721124','Luxembourg');
INSERT INTO emprega_midia (id_midia, id_pessoa) VALUES ('17','2164');
INSERT INTO pessoa (id_pessoa, tipo_documento,documento,nome,data_nascimento,nome_pais_origem) VALUES ('2165','PASS','000493951','Archuleta','19791016','Spain');
INSERT INTO emprega_midia (id_midia, id_pessoa) VALUES ('17','2165');
INSERT INTO pessoa (id_pessoa, tipo_documento,documento,nome,data_nascimento,nome_pais_origem) VALUES ('2166','PASS','000134194','Demayo','19741110','Zealand');
INSERT INTO emprega_midia (id_midia, id_pessoa) VALUES ('17','2166');
INSERT INTO pessoa (id_pessoa, tipo_documento,documento,nome,data_nascimento,nome_pais_origem) VALUES ('2167','PASS','000135684','Getts','19821027','Arabia');
INSERT INTO emprega_midia (id_midia, id_pessoa) VALUES ('17','2167');
INSERT INTO pessoa (id_pessoa, tipo_documento,documento,nome,data_nascimento,nome_pais_origem) VALUES ('2168','PASS','000600500','Corle','19710326','Portugal');
INSERT INTO emprega_midia (id_midia, id_pessoa) VALUES ('17','2168');
INSERT INTO equipe_de_midia (id_midia,nome_empresa) VALUES ('18','YMNOZVB');
INSERT INTO pessoa (id_pessoa, tipo_documento,documento,nome,data_nascimento,nome_pais_origem) VALUES ('2169','PASS','000208483','Boveja','19870426','Netherlands');
INSERT INTO emprega_midia (id_midia, id_pessoa) VALUES ('18','2169');
INSERT INTO pessoa (id_pessoa, tipo_documento,documento,nome,data_nascimento,nome_pais_origem) VALUES ('2170','PASS','000685864','Goranson','19760101','Bahamas');
INSERT INTO emprega_midia (id_midia, id_pessoa) VALUES ('18','2170');
INSERT INTO pessoa (id_pessoa, tipo_documento,documento,nome,data_nascimento,nome_pais_origem) VALUES ('2171','PASS','000942104','Clemon','19820509','Romania');
INSERT INTO emprega_midia (id_midia, id_pessoa) VALUES ('18','2171');
INSERT INTO pessoa (id_pessoa, tipo_documento,documento,nome,data_nascimento,nome_pais_origem) VALUES ('2172','PASS','000865681','Decelle','19840513','Portugal');
INSERT INTO emprega_midia (id_midia, id_pessoa) VALUES ('18','2172');
INSERT INTO pessoa (id_pessoa, tipo_documento,documento,nome,data_nascimento,nome_pais_origem) VALUES ('2173','PASS','000869355','Beaufort','19870622','Albania');
INSERT INTO emprega_midia (id_midia, id_pessoa) VALUES ('18','2173');
INSERT INTO pessoa (id_pessoa, tipo_documento,documento,nome,data_nascimento,nome_pais_origem) VALUES ('2174','PASS','000474016','Chiaro','19810910','Peru');
INSERT INTO emprega_midia (id_midia, id_pessoa) VALUES ('18','2174');
INSERT INTO pessoa (id_pessoa, tipo_documento,documento,nome,data_nascimento,nome_pais_origem) VALUES ('2175','PASS','000829654','Bergeaux','19820508','Bahamas');
INSERT INTO emprega_midia (id_midia, id_pessoa) VALUES ('18','2175');
INSERT INTO pessoa (id_pessoa, tipo_documento,documento,nome,data_nascimento,nome_pais_origem) VALUES ('2176','PASS','000781049','Craton','19730908','Arabia');
INSERT INTO emprega_midia (id_midia, id_pessoa) VALUES ('18','2176');
INSERT INTO pessoa (id_pessoa, tipo_documento,documento,nome,data_nascimento,nome_pais_origem) VALUES ('2177','PASS','000642143','Delbalso','19870905','Afghanistan');
INSERT INTO emprega_midia (id_midia, id_pessoa) VALUES ('18','2177');
INSERT INTO pessoa (id_pessoa, tipo_documento,documento,nome,data_nascimento,nome_pais_origem) VALUES ('2178','PASS','000893188','Gappa','19780523','Armenia');
INSERT INTO emprega_midia (id_midia, id_pessoa) VALUES ('18','2178');
INSERT INTO pessoa (id_pessoa, tipo_documento,documento,nome,data_nascimento,nome_pais_origem) VALUES ('2179','PASS','000306399','Difilippo','19871223','Norway');
INSERT INTO emprega_midia (id_midia, id_pessoa) VALUES ('18','2179');
INSERT INTO pessoa (id_pessoa, tipo_documento,documento,nome,data_nascimento,nome_pais_origem) VALUES ('2180','PASS','000663693','Baus','19730502','New');
INSERT INTO emprega_midia (id_midia, id_pessoa) VALUES ('18','2180');
INSERT INTO pessoa (id_pessoa, tipo_documento,documento,nome,data_nascimento,nome_pais_origem) VALUES ('2181','PASS','000941900','Craddieth','19880122','Bahrain');
INSERT INTO emprega_midia (id_midia, id_pessoa) VALUES ('18','2181');
INSERT INTO pessoa (id_pessoa, tipo_documento,documento,nome,data_nascimento,nome_pais_origem) VALUES ('2182','PASS','000901926','Boileau','19811221','Belarus');
INSERT INTO emprega_midia (id_midia, id_pessoa) VALUES ('18','2182');
INSERT INTO pessoa (id_pessoa, tipo_documento,documento,nome,data_nascimento,nome_pais_origem) VALUES ('2183','PASS','000632467','Brzezowski','19850123','Uruguay');
INSERT INTO emprega_midia (id_midia, id_pessoa) VALUES ('18','2183');
INSERT INTO pessoa (id_pessoa, tipo_documento,documento,nome,data_nascimento,nome_pais_origem) VALUES ('2184','PASS','000247915','Corie','19820922','Mozambique');
INSERT INTO emprega_midia (id_midia, id_pessoa) VALUES ('18','2184');
INSERT INTO pessoa (id_pessoa, tipo_documento,documento,nome,data_nascimento,nome_pais_origem) VALUES ('2185','PASS','000582869','Diederichs','19790405','Slovakia');
INSERT INTO emprega_midia (id_midia, id_pessoa) VALUES ('18','2185');
INSERT INTO pessoa (id_pessoa, tipo_documento,documento,nome,data_nascimento,nome_pais_origem) VALUES ('2186','PASS','000444571','Bevens','19740407','Serbia');
INSERT INTO emprega_midia (id_midia, id_pessoa) VALUES ('18','2186');
INSERT INTO equipe_de_midia (id_midia,nome_empresa) VALUES ('19','BTVPAEO');
INSERT INTO pessoa (id_pessoa, tipo_documento,documento,nome,data_nascimento,nome_pais_origem) VALUES ('2187','PASS','000852436','Faidley','19720120','Belgium');
INSERT INTO emprega_midia (id_midia, id_pessoa) VALUES ('19','2187');
INSERT INTO pessoa (id_pessoa, tipo_documento,documento,nome,data_nascimento,nome_pais_origem) VALUES ('2188','PASS','000339424','Fabian','19880609','Argentina');
INSERT INTO emprega_midia (id_midia, id_pessoa) VALUES ('19','2188');
INSERT INTO pessoa (id_pessoa, tipo_documento,documento,nome,data_nascimento,nome_pais_origem) VALUES ('2189','PASS','000116148','Bruer','19881124','Chile');
INSERT INTO emprega_midia (id_midia, id_pessoa) VALUES ('19','2189');
INSERT INTO pessoa (id_pessoa, tipo_documento,documento,nome,data_nascimento,nome_pais_origem) VALUES ('2190','PASS','000607156','Divelbiss','19750318','Senegal');
INSERT INTO emprega_midia (id_midia, id_pessoa) VALUES ('19','2190');
INSERT INTO pessoa (id_pessoa, tipo_documento,documento,nome,data_nascimento,nome_pais_origem) VALUES ('2191','PASS','000364546','Golombecki','19890605','Brazil');
INSERT INTO emprega_midia (id_midia, id_pessoa) VALUES ('19','2191');
INSERT INTO pessoa (id_pessoa, tipo_documento,documento,nome,data_nascimento,nome_pais_origem) VALUES ('2192','PASS','000718330','Alterio','19830519','Zealand');
INSERT INTO emprega_midia (id_midia, id_pessoa) VALUES ('19','2192');
INSERT INTO pessoa (id_pessoa, tipo_documento,documento,nome,data_nascimento,nome_pais_origem) VALUES ('2193','PASS','000318738','Colacone','19820418','Greece');
INSERT INTO emprega_midia (id_midia, id_pessoa) VALUES ('19','2193');
INSERT INTO pessoa (id_pessoa, tipo_documento,documento,nome,data_nascimento,nome_pais_origem) VALUES ('2194','PASS','000200157','Ashely','19870523','Armenia');
INSERT INTO emprega_midia (id_midia, id_pessoa) VALUES ('19','2194');
INSERT INTO pessoa (id_pessoa, tipo_documento,documento,nome,data_nascimento,nome_pais_origem) VALUES ('2195','PASS','000908911','Dickinson','19790123','Monaco');
INSERT INTO emprega_midia (id_midia, id_pessoa) VALUES ('19','2195');
INSERT INTO pessoa (id_pessoa, tipo_documento,documento,nome,data_nascimento,nome_pais_origem) VALUES ('2196','PASS','000877912','Astley','19820212','Angola');
INSERT INTO emprega_midia (id_midia, id_pessoa) VALUES ('19','2196');
INSERT INTO pessoa (id_pessoa, tipo_documento,documento,nome,data_nascimento,nome_pais_origem) VALUES ('2197','PASS','000141762','Ganns','19701018','Azerbaijan');
INSERT INTO emprega_midia (id_midia, id_pessoa) VALUES ('19','2197');
INSERT INTO equipe_de_midia (id_midia,nome_empresa) VALUES ('20','DZKRDOU');
INSERT INTO pessoa (id_pessoa, tipo_documento,documento,nome,data_nascimento,nome_pais_origem) VALUES ('2198','PASS','000121437','Fern','19740327','China');
INSERT INTO emprega_midia (id_midia, id_pessoa) VALUES ('20','2198');
INSERT INTO pessoa (id_pessoa, tipo_documento,documento,nome,data_nascimento,nome_pais_origem) VALUES ('2199','PASS','000380289','Elskamp','19720306','Bangladesh');
INSERT INTO emprega_midia (id_midia, id_pessoa) VALUES ('20','2199');
INSERT INTO pessoa (id_pessoa, tipo_documento,documento,nome,data_nascimento,nome_pais_origem) VALUES ('2200','PASS','000154918','Anawaty','19790117','Nicaragua');
INSERT INTO emprega_midia (id_midia, id_pessoa) VALUES ('20','2200');
INSERT INTO pessoa (id_pessoa, tipo_documento,documento,nome,data_nascimento,nome_pais_origem) VALUES ('2201','PASS','000226930','Evins','19770108','Egypt');
INSERT INTO emprega_midia (id_midia, id_pessoa) VALUES ('20','2201');
INSERT INTO pessoa (id_pessoa, tipo_documento,documento,nome,data_nascimento,nome_pais_origem) VALUES ('2202','PASS','000727338','Farquhar','19801113','Mongolia');
INSERT INTO emprega_midia (id_midia, id_pessoa) VALUES ('20','2202');
INSERT INTO pessoa (id_pessoa, tipo_documento,documento,nome,data_nascimento,nome_pais_origem) VALUES ('2203','PASS','000529020','Alliance','19830416','Serbia');
INSERT INTO emprega_midia (id_midia, id_pessoa) VALUES ('20','2203');
INSERT INTO pessoa (id_pessoa, tipo_documento,documento,nome,data_nascimento,nome_pais_origem) VALUES ('2204','PASS','000438827','Cashmer','19790211','Switzerland');
INSERT INTO emprega_midia (id_midia, id_pessoa) VALUES ('20','2204');
INSERT INTO pessoa (id_pessoa, tipo_documento,documento,nome,data_nascimento,nome_pais_origem) VALUES ('2205','PASS','000337420','Agle','19710902','Denmark');
INSERT INTO emprega_midia (id_midia, id_pessoa) VALUES ('20','2205');
INSERT INTO pessoa (id_pessoa, tipo_documento,documento,nome,data_nascimento,nome_pais_origem) VALUES ('2206','PASS','000328945','Chander','19821121','Thailand');
INSERT INTO emprega_midia (id_midia, id_pessoa) VALUES ('20','2206');
INSERT INTO pessoa (id_pessoa, tipo_documento,documento,nome,data_nascimento,nome_pais_origem) VALUES ('2207','PASS','000148626','Bouch','19770126','Belgium');
INSERT INTO emprega_midia (id_midia, id_pessoa) VALUES ('20','2207');
INSERT INTO pessoa (id_pessoa, tipo_documento,documento,nome,data_nascimento,nome_pais_origem) VALUES ('2208','PASS','000933087','Glazner','19731019','Portugal');
INSERT INTO emprega_midia (id_midia, id_pessoa) VALUES ('20','2208');
INSERT INTO pessoa (id_pessoa, tipo_documento,documento,nome,data_nascimento,nome_pais_origem) VALUES ('2209','PASS','000460022','Bronk','19711023','Mexico');
INSERT INTO emprega_midia (id_midia, id_pessoa) VALUES ('20','2209');
INSERT INTO pessoa (id_pessoa, tipo_documento,documento,nome,data_nascimento,nome_pais_origem) VALUES ('2210','PASS','000159464','Bonett','19870318','Azerbaijan');
INSERT INTO emprega_midia (id_midia, id_pessoa) VALUES ('20','2210');
INSERT INTO pessoa (id_pessoa, tipo_documento,documento,nome,data_nascimento,nome_pais_origem) VALUES ('2211','PASS','000326872','Brammer','19721017','Thailand');
INSERT INTO emprega_midia (id_midia, id_pessoa) VALUES ('20','2211');
INSERT INTO pessoa (id_pessoa, tipo_documento,documento,nome,data_nascimento,nome_pais_origem) VALUES ('2212','PASS','000270920','Ghant','19850513','Mozambique');
INSERT INTO emprega_midia (id_midia, id_pessoa) VALUES ('20','2212');
INSERT INTO pessoa (id_pessoa, tipo_documento,documento,nome,data_nascimento,nome_pais_origem) VALUES ('2213','PASS','000526625','Guerrini','19830507','Armenia');
INSERT INTO emprega_midia (id_midia, id_pessoa) VALUES ('20','2213');
INSERT INTO pessoa (id_pessoa, tipo_documento,documento,nome,data_nascimento,nome_pais_origem) VALUES ('2214','PASS','000446263','Dejohn','19830721','Brazil');
INSERT INTO emprega_midia (id_midia, id_pessoa) VALUES ('20','2214');
INSERT INTO pessoa (id_pessoa, tipo_documento,documento,nome,data_nascimento,nome_pais_origem) VALUES ('2215','PASS','000857443','Axthelm','19700701','Estonia');
INSERT INTO emprega_midia (id_midia, id_pessoa) VALUES ('20','2215');
INSERT INTO pessoa (id_pessoa, tipo_documento,documento,nome,data_nascimento,nome_pais_origem) VALUES ('2216','PASS','000641567','Bel','19800213','New');
INSERT INTO emprega_midia (id_midia, id_pessoa) VALUES ('20','2216');
INSERT INTO pessoa (id_pessoa, tipo_documento,documento,nome,data_nascimento,nome_pais_origem) VALUES ('2217','PASS','000433066','Brumer','19710126','Syria');
INSERT INTO emprega_midia (id_midia, id_pessoa) VALUES ('20','2217');
INSERT INTO pessoa (id_pessoa, tipo_documento,documento,nome,data_nascimento,nome_pais_origem) VALUES ('2218','PASS','000280627','Delehanty','19870718','Vietnam');
INSERT INTO emprega_midia (id_midia, id_pessoa) VALUES ('20','2218');
INSERT INTO pessoa (id_pessoa, tipo_documento,documento,nome,data_nascimento,nome_pais_origem) VALUES ('2219','PASS','000473975','Estorga','19711220','Japan');
INSERT INTO emprega_midia (id_midia, id_pessoa) VALUES ('20','2219');
INSERT INTO equipe_de_midia (id_midia,nome_empresa) VALUES ('21','SSECGHK');
INSERT INTO pessoa (id_pessoa, tipo_documento,documento,nome,data_nascimento,nome_pais_origem) VALUES ('2220','PASS','000770512','Dallam','19830324','Lithuania');
INSERT INTO emprega_midia (id_midia, id_pessoa) VALUES ('21','2220');
INSERT INTO pessoa (id_pessoa, tipo_documento,documento,nome,data_nascimento,nome_pais_origem) VALUES ('2221','PASS','000252945','Albach','19831124','Argentina');
INSERT INTO emprega_midia (id_midia, id_pessoa) VALUES ('21','2221');
INSERT INTO pessoa (id_pessoa, tipo_documento,documento,nome,data_nascimento,nome_pais_origem) VALUES ('2222','PASS','000686547','Bethurum','19710723','Japan');
INSERT INTO emprega_midia (id_midia, id_pessoa) VALUES ('21','2222');
INSERT INTO pessoa (id_pessoa, tipo_documento,documento,nome,data_nascimento,nome_pais_origem) VALUES ('2223','PASS','000964156','Culloton','19890605','Indonesia');
INSERT INTO emprega_midia (id_midia, id_pessoa) VALUES ('21','2223');
INSERT INTO pessoa (id_pessoa, tipo_documento,documento,nome,data_nascimento,nome_pais_origem) VALUES ('2224','PASS','000193809','Dambrosi','19880303','Albania');
INSERT INTO emprega_midia (id_midia, id_pessoa) VALUES ('21','2224');
INSERT INTO pessoa (id_pessoa, tipo_documento,documento,nome,data_nascimento,nome_pais_origem) VALUES ('2225','PASS','000174627','Goddard','19890309','Uruguay');
INSERT INTO emprega_midia (id_midia, id_pessoa) VALUES ('21','2225');
INSERT INTO pessoa (id_pessoa, tipo_documento,documento,nome,data_nascimento,nome_pais_origem) VALUES ('2226','PASS','000994625','Bungay','19890507','Serbia');
INSERT INTO emprega_midia (id_midia, id_pessoa) VALUES ('21','2226');
INSERT INTO pessoa (id_pessoa, tipo_documento,documento,nome,data_nascimento,nome_pais_origem) VALUES ('2227','PASS','000825087','Bommer','19751121','Afghanistan');
INSERT INTO emprega_midia (id_midia, id_pessoa) VALUES ('21','2227');
INSERT INTO pessoa (id_pessoa, tipo_documento,documento,nome,data_nascimento,nome_pais_origem) VALUES ('2228','PASS','000895423','Brean','19890719','Iraq');
INSERT INTO emprega_midia (id_midia, id_pessoa) VALUES ('21','2228');
INSERT INTO pessoa (id_pessoa, tipo_documento,documento,nome,data_nascimento,nome_pais_origem) VALUES ('2229','PASS','000203278','Beirne','19830307','China');
INSERT INTO emprega_midia (id_midia, id_pessoa) VALUES ('21','2229');
INSERT INTO pessoa (id_pessoa, tipo_documento,documento,nome,data_nascimento,nome_pais_origem) VALUES ('2230','PASS','000348302','Bolde','19870223','Colombia');
INSERT INTO emprega_midia (id_midia, id_pessoa) VALUES ('21','2230');
INSERT INTO pessoa (id_pessoa, tipo_documento,documento,nome,data_nascimento,nome_pais_origem) VALUES ('2231','PASS','000598636','Edgeman','19780926','Vietnam');
INSERT INTO emprega_midia (id_midia, id_pessoa) VALUES ('21','2231');
INSERT INTO pessoa (id_pessoa, tipo_documento,documento,nome,data_nascimento,nome_pais_origem) VALUES ('2232','PASS','000466445','Castagnier','19711121','Chad');
INSERT INTO emprega_midia (id_midia, id_pessoa) VALUES ('21','2232');
INSERT INTO pessoa (id_pessoa, tipo_documento,documento,nome,data_nascimento,nome_pais_origem) VALUES ('2233','PASS','000319221','Czach','19780409','Vietnam');
INSERT INTO emprega_midia (id_midia, id_pessoa) VALUES ('21','2233');
INSERT INTO pessoa (id_pessoa, tipo_documento,documento,nome,data_nascimento,nome_pais_origem) VALUES ('2234','PASS','000941234','Bleecker','19890226','Barbados');
INSERT INTO emprega_midia (id_midia, id_pessoa) VALUES ('21','2234');
INSERT INTO pessoa (id_pessoa, tipo_documento,documento,nome,data_nascimento,nome_pais_origem) VALUES ('2235','PASS','000287725','Gensel','19700105','Germany');
INSERT INTO emprega_midia (id_midia, id_pessoa) VALUES ('21','2235');
INSERT INTO pessoa (id_pessoa, tipo_documento,documento,nome,data_nascimento,nome_pais_origem) VALUES ('2236','PASS','000298326','Brinius','19730326','Slovakia');
INSERT INTO emprega_midia (id_midia, id_pessoa) VALUES ('21','2236');
INSERT INTO pessoa (id_pessoa, tipo_documento,documento,nome,data_nascimento,nome_pais_origem) VALUES ('2237','PASS','000260437','Behn','19721020','Indonesia');
INSERT INTO emprega_midia (id_midia, id_pessoa) VALUES ('21','2237');
INSERT INTO pessoa (id_pessoa, tipo_documento,documento,nome,data_nascimento,nome_pais_origem) VALUES ('2238','PASS','000751537','Basara','19790209','New');
INSERT INTO emprega_midia (id_midia, id_pessoa) VALUES ('21','2238');
INSERT INTO pessoa (id_pessoa, tipo_documento,documento,nome,data_nascimento,nome_pais_origem) VALUES ('2239','PASS','000461414','Delker','19890304','Hungary');
INSERT INTO emprega_midia (id_midia, id_pessoa) VALUES ('21','2239');
INSERT INTO pessoa (id_pessoa, tipo_documento,documento,nome,data_nascimento,nome_pais_origem) VALUES ('2240','PASS','000268969','Bankhead','19780225','Saudi');
INSERT INTO emprega_midia (id_midia, id_pessoa) VALUES ('21','2240');
INSERT INTO pessoa (id_pessoa, tipo_documento,documento,nome,data_nascimento,nome_pais_origem) VALUES ('2241','PASS','000999748','Bowen','19870101','Mexico');
INSERT INTO emprega_midia (id_midia, id_pessoa) VALUES ('21','2241');
INSERT INTO pessoa (id_pessoa, tipo_documento,documento,nome,data_nascimento,nome_pais_origem) VALUES ('2242','PASS','000631372','Ditti','19840122','Afghanistan');
INSERT INTO emprega_midia (id_midia, id_pessoa) VALUES ('21','2242');
INSERT INTO pessoa (id_pessoa, tipo_documento,documento,nome,data_nascimento,nome_pais_origem) VALUES ('2243','PASS','000525919','Cockayne','19780606','India');
INSERT INTO emprega_midia (id_midia, id_pessoa) VALUES ('21','2243');
INSERT INTO pessoa (id_pessoa, tipo_documento,documento,nome,data_nascimento,nome_pais_origem) VALUES ('2244','PASS','000172206','Bautiste','19740410','Turkey');
INSERT INTO emprega_midia (id_midia, id_pessoa) VALUES ('21','2244');
INSERT INTO pessoa (id_pessoa, tipo_documento,documento,nome,data_nascimento,nome_pais_origem) VALUES ('2245','PASS','000716380','Gordineer','19800602','Chad');
INSERT INTO emprega_midia (id_midia, id_pessoa) VALUES ('21','2245');
INSERT INTO equipe_de_midia (id_midia,nome_empresa) VALUES ('22','WIICUWU');
INSERT INTO pessoa (id_pessoa, tipo_documento,documento,nome,data_nascimento,nome_pais_origem) VALUES ('2246','PASS','000140696','Balent','19860424','Georgia');
INSERT INTO emprega_midia (id_midia, id_pessoa) VALUES ('22','2246');
INSERT INTO pessoa (id_pessoa, tipo_documento,documento,nome,data_nascimento,nome_pais_origem) VALUES ('2247','PASS','000487755','Dzuro','19820203','Arabia');
INSERT INTO emprega_midia (id_midia, id_pessoa) VALUES ('22','2247');
INSERT INTO pessoa (id_pessoa, tipo_documento,documento,nome,data_nascimento,nome_pais_origem) VALUES ('2248','PASS','000266763','Aldi','19760617','Morocco');
INSERT INTO emprega_midia (id_midia, id_pessoa) VALUES ('22','2248');
INSERT INTO pessoa (id_pessoa, tipo_documento,documento,nome,data_nascimento,nome_pais_origem) VALUES ('2249','PASS','000129923','Foderaro','19821213','Georgia');
INSERT INTO emprega_midia (id_midia, id_pessoa) VALUES ('22','2249');
INSERT INTO pessoa (id_pessoa, tipo_documento,documento,nome,data_nascimento,nome_pais_origem) VALUES ('2250','PASS','000285313','Ellout','19771025','Slovakia');
INSERT INTO emprega_midia (id_midia, id_pessoa) VALUES ('22','2250');
INSERT INTO pessoa (id_pessoa, tipo_documento,documento,nome,data_nascimento,nome_pais_origem) VALUES ('2251','PASS','000393499','Debrock','19780703','Portugal');
INSERT INTO emprega_midia (id_midia, id_pessoa) VALUES ('22','2251');
INSERT INTO pessoa (id_pessoa, tipo_documento,documento,nome,data_nascimento,nome_pais_origem) VALUES ('2252','PASS','000443623','Flemister','19820304','Senegal');
INSERT INTO emprega_midia (id_midia, id_pessoa) VALUES ('22','2252');
INSERT INTO pessoa (id_pessoa, tipo_documento,documento,nome,data_nascimento,nome_pais_origem) VALUES ('2253','PASS','000549093','Bachta','19740510','Australia');
INSERT INTO emprega_midia (id_midia, id_pessoa) VALUES ('22','2253');
INSERT INTO pessoa (id_pessoa, tipo_documento,documento,nome,data_nascimento,nome_pais_origem) VALUES ('2254','PASS','000675321','Disspain','19861203','Algeria');
INSERT INTO emprega_midia (id_midia, id_pessoa) VALUES ('22','2254');
INSERT INTO pessoa (id_pessoa, tipo_documento,documento,nome,data_nascimento,nome_pais_origem) VALUES ('2255','PASS','000174761','Fala','19770102','Senegal');
INSERT INTO emprega_midia (id_midia, id_pessoa) VALUES ('22','2255');
INSERT INTO pessoa (id_pessoa, tipo_documento,documento,nome,data_nascimento,nome_pais_origem) VALUES ('2256','PASS','000667572','Emogene','19730327','Nepal');
INSERT INTO emprega_midia (id_midia, id_pessoa) VALUES ('22','2256');
INSERT INTO pessoa (id_pessoa, tipo_documento,documento,nome,data_nascimento,nome_pais_origem) VALUES ('2257','PASS','000613622','Brazeal','19790425','Croatia');
INSERT INTO emprega_midia (id_midia, id_pessoa) VALUES ('22','2257');
INSERT INTO pessoa (id_pessoa, tipo_documento,documento,nome,data_nascimento,nome_pais_origem) VALUES ('2258','PASS','000177142','Greig','19780527','Luxembourg');
INSERT INTO emprega_midia (id_midia, id_pessoa) VALUES ('22','2258');
INSERT INTO pessoa (id_pessoa, tipo_documento,documento,nome,data_nascimento,nome_pais_origem) VALUES ('2259','PASS','000208316','Brillant','19891121','Cuba');
INSERT INTO emprega_midia (id_midia, id_pessoa) VALUES ('22','2259');
INSERT INTO pessoa (id_pessoa, tipo_documento,documento,nome,data_nascimento,nome_pais_origem) VALUES ('2260','PASS','000302978','Diem','19790723','Albania');
INSERT INTO emprega_midia (id_midia, id_pessoa) VALUES ('22','2260');
INSERT INTO pessoa (id_pessoa, tipo_documento,documento,nome,data_nascimento,nome_pais_origem) VALUES ('2261','PASS','000433981','Grohoske','19800315','Belarus');
INSERT INTO emprega_midia (id_midia, id_pessoa) VALUES ('22','2261');
INSERT INTO pessoa (id_pessoa, tipo_documento,documento,nome,data_nascimento,nome_pais_origem) VALUES ('2262','PASS','000860161','Arredla','19770911','Mongolia');
INSERT INTO emprega_midia (id_midia, id_pessoa) VALUES ('22','2262');
INSERT INTO pessoa (id_pessoa, tipo_documento,documento,nome,data_nascimento,nome_pais_origem) VALUES ('2263','PASS','000400334','Ferrao','19760314','Indonesia');
INSERT INTO emprega_midia (id_midia, id_pessoa) VALUES ('22','2263');
INSERT INTO pessoa (id_pessoa, tipo_documento,documento,nome,data_nascimento,nome_pais_origem) VALUES ('2264','PASS','000854006','Bullock','19870306','Nepal');
INSERT INTO emprega_midia (id_midia, id_pessoa) VALUES ('22','2264');
INSERT INTO pessoa (id_pessoa, tipo_documento,documento,nome,data_nascimento,nome_pais_origem) VALUES ('2265','PASS','000543402','Giampietro','19880927','Brazil');
INSERT INTO emprega_midia (id_midia, id_pessoa) VALUES ('22','2265');
INSERT INTO pessoa (id_pessoa, tipo_documento,documento,nome,data_nascimento,nome_pais_origem) VALUES ('2266','PASS','000632263','Colmer','19840806','Netherlands');
INSERT INTO emprega_midia (id_midia, id_pessoa) VALUES ('22','2266');
INSERT INTO pessoa (id_pessoa, tipo_documento,documento,nome,data_nascimento,nome_pais_origem) VALUES ('2267','PASS','000425579','Brandstrom','19871113','Portugal');
INSERT INTO emprega_midia (id_midia, id_pessoa) VALUES ('22','2267');
INSERT INTO equipe_de_midia (id_midia,nome_empresa) VALUES ('23','MXGLPCM');
INSERT INTO pessoa (id_pessoa, tipo_documento,documento,nome,data_nascimento,nome_pais_origem) VALUES ('2268','PASS','000456446','Chatlos','19790825','Liechtenstein');
INSERT INTO emprega_midia (id_midia, id_pessoa) VALUES ('23','2268');
INSERT INTO pessoa (id_pessoa, tipo_documento,documento,nome,data_nascimento,nome_pais_origem) VALUES ('2269','PASS','000836664','Emrick','19740603','Azerbaijan');
INSERT INTO emprega_midia (id_midia, id_pessoa) VALUES ('23','2269');
INSERT INTO pessoa (id_pessoa, tipo_documento,documento,nome,data_nascimento,nome_pais_origem) VALUES ('2270','PASS','000239013','Daubendiek','19880327','Japan');
INSERT INTO emprega_midia (id_midia, id_pessoa) VALUES ('23','2270');
INSERT INTO pessoa (id_pessoa, tipo_documento,documento,nome,data_nascimento,nome_pais_origem) VALUES ('2271','PASS','000987244','Gallemore','19890104','Rica');
INSERT INTO emprega_midia (id_midia, id_pessoa) VALUES ('23','2271');
INSERT INTO pessoa (id_pessoa, tipo_documento,documento,nome,data_nascimento,nome_pais_origem) VALUES ('2272','PASS','000839626','Cassem','19890305','Saudi');
INSERT INTO emprega_midia (id_midia, id_pessoa) VALUES ('23','2272');
INSERT INTO pessoa (id_pessoa, tipo_documento,documento,nome,data_nascimento,nome_pais_origem) VALUES ('2273','PASS','000173386','Calabretta','19890505','Mexico');
INSERT INTO emprega_midia (id_midia, id_pessoa) VALUES ('23','2273');
INSERT INTO pessoa (id_pessoa, tipo_documento,documento,nome,data_nascimento,nome_pais_origem) VALUES ('2274','PASS','000558754','Cabbell','19890317','Denmark');
INSERT INTO emprega_midia (id_midia, id_pessoa) VALUES ('23','2274');
INSERT INTO pessoa (id_pessoa, tipo_documento,documento,nome,data_nascimento,nome_pais_origem) VALUES ('2275','PASS','000295099','Chevres','19700106','Chile');
INSERT INTO emprega_midia (id_midia, id_pessoa) VALUES ('23','2275');
INSERT INTO pessoa (id_pessoa, tipo_documento,documento,nome,data_nascimento,nome_pais_origem) VALUES ('2276','PASS','000891044','Cuzco','19891023','Armenia');
INSERT INTO emprega_midia (id_midia, id_pessoa) VALUES ('23','2276');
INSERT INTO pessoa (id_pessoa, tipo_documento,documento,nome,data_nascimento,nome_pais_origem) VALUES ('2277','PASS','000795354','Donny','19830315','Costa');
INSERT INTO emprega_midia (id_midia, id_pessoa) VALUES ('23','2277');
INSERT INTO pessoa (id_pessoa, tipo_documento,documento,nome,data_nascimento,nome_pais_origem) VALUES ('2278','PASS','000465029','Blass','19740802','Bangladesh');
INSERT INTO emprega_midia (id_midia, id_pessoa) VALUES ('23','2278');
INSERT INTO pessoa (id_pessoa, tipo_documento,documento,nome,data_nascimento,nome_pais_origem) VALUES ('2279','PASS','000559824','Apland','19790611','Costa');
INSERT INTO emprega_midia (id_midia, id_pessoa) VALUES ('23','2279');
INSERT INTO pessoa (id_pessoa, tipo_documento,documento,nome,data_nascimento,nome_pais_origem) VALUES ('2280','PASS','000771684','Escandon','19810919','Iraq');
INSERT INTO emprega_midia (id_midia, id_pessoa) VALUES ('23','2280');
INSERT INTO pessoa (id_pessoa, tipo_documento,documento,nome,data_nascimento,nome_pais_origem) VALUES ('2281','PASS','000254340','Fontenot','19850502','Norway');
INSERT INTO emprega_midia (id_midia, id_pessoa) VALUES ('23','2281');
INSERT INTO pessoa (id_pessoa, tipo_documento,documento,nome,data_nascimento,nome_pais_origem) VALUES ('2282','PASS','000725578','Bowlet','19720315','Bahrain');
INSERT INTO emprega_midia (id_midia, id_pessoa) VALUES ('23','2282');
INSERT INTO pessoa (id_pessoa, tipo_documento,documento,nome,data_nascimento,nome_pais_origem) VALUES ('2283','PASS','000457764','Andrade','19790123','Italy');
INSERT INTO emprega_midia (id_midia, id_pessoa) VALUES ('23','2283');
INSERT INTO equipe_de_midia (id_midia,nome_empresa) VALUES ('24','AMWDWOE');
INSERT INTO pessoa (id_pessoa, tipo_documento,documento,nome,data_nascimento,nome_pais_origem) VALUES ('2284','PASS','000906105','Glavin','19860713','Switzerland');
INSERT INTO emprega_midia (id_midia, id_pessoa) VALUES ('24','2284');
INSERT INTO pessoa (id_pessoa, tipo_documento,documento,nome,data_nascimento,nome_pais_origem) VALUES ('2285','PASS','000370291','Durgin','19750921','Nepal');
INSERT INTO emprega_midia (id_midia, id_pessoa) VALUES ('24','2285');
INSERT INTO pessoa (id_pessoa, tipo_documento,documento,nome,data_nascimento,nome_pais_origem) VALUES ('2286','PASS','000424294','Benek','19770410','Armenia');
INSERT INTO emprega_midia (id_midia, id_pessoa) VALUES ('24','2286');
INSERT INTO pessoa (id_pessoa, tipo_documento,documento,nome,data_nascimento,nome_pais_origem) VALUES ('2287','PASS','000751954','Agustine','19881123','New');
INSERT INTO emprega_midia (id_midia, id_pessoa) VALUES ('24','2287');
INSERT INTO pessoa (id_pessoa, tipo_documento,documento,nome,data_nascimento,nome_pais_origem) VALUES ('2288','PASS','000371309','Catharine','19801225','Switzerland');
INSERT INTO emprega_midia (id_midia, id_pessoa) VALUES ('24','2288');
INSERT INTO pessoa (id_pessoa, tipo_documento,documento,nome,data_nascimento,nome_pais_origem) VALUES ('2289','PASS','000627563','Bibee','19750117','Colombia');
INSERT INTO emprega_midia (id_midia, id_pessoa) VALUES ('24','2289');
INSERT INTO pessoa (id_pessoa, tipo_documento,documento,nome,data_nascimento,nome_pais_origem) VALUES ('2290','PASS','000681326','Burgeson','19870911','Lithuania');
INSERT INTO emprega_midia (id_midia, id_pessoa) VALUES ('24','2290');
INSERT INTO pessoa (id_pessoa, tipo_documento,documento,nome,data_nascimento,nome_pais_origem) VALUES ('2291','PASS','000272982','Finner','19860117','Azerbaijan');
INSERT INTO emprega_midia (id_midia, id_pessoa) VALUES ('24','2291');
INSERT INTO pessoa (id_pessoa, tipo_documento,documento,nome,data_nascimento,nome_pais_origem) VALUES ('2292','PASS','000848680','Chapdelaine','19750216','Azerbaijan');
INSERT INTO emprega_midia (id_midia, id_pessoa) VALUES ('24','2292');
INSERT INTO pessoa (id_pessoa, tipo_documento,documento,nome,data_nascimento,nome_pais_origem) VALUES ('2293','PASS','000931882','Grocott','19770522','Uruguay');
INSERT INTO emprega_midia (id_midia, id_pessoa) VALUES ('24','2293');
INSERT INTO pessoa (id_pessoa, tipo_documento,documento,nome,data_nascimento,nome_pais_origem) VALUES ('2294','PASS','000898938','Antaya','19820107','Albania');
INSERT INTO emprega_midia (id_midia, id_pessoa) VALUES ('24','2294');
INSERT INTO pessoa (id_pessoa, tipo_documento,documento,nome,data_nascimento,nome_pais_origem) VALUES ('2295','PASS','000979941','Fegueroa','19820114','India');
INSERT INTO emprega_midia (id_midia, id_pessoa) VALUES ('24','2295');
INSERT INTO pessoa (id_pessoa, tipo_documento,documento,nome,data_nascimento,nome_pais_origem) VALUES ('2296','PASS','000673755','Caton','19760116','Denmark');
INSERT INTO emprega_midia (id_midia, id_pessoa) VALUES ('24','2296');
INSERT INTO pessoa (id_pessoa, tipo_documento,documento,nome,data_nascimento,nome_pais_origem) VALUES ('2297','PASS','000500694','Friese','19810208','Iran');
INSERT INTO emprega_midia (id_midia, id_pessoa) VALUES ('24','2297');
INSERT INTO pessoa (id_pessoa, tipo_documento,documento,nome,data_nascimento,nome_pais_origem) VALUES ('2298','PASS','000112517','Eilene','19880904','Morocco');
INSERT INTO emprega_midia (id_midia, id_pessoa) VALUES ('24','2298');
INSERT INTO pessoa (id_pessoa, tipo_documento,documento,nome,data_nascimento,nome_pais_origem) VALUES ('2299','PASS','000228040','Chio','19860204','Nicaragua');
INSERT INTO emprega_midia (id_midia, id_pessoa) VALUES ('24','2299');
INSERT INTO pessoa (id_pessoa, tipo_documento,documento,nome,data_nascimento,nome_pais_origem) VALUES ('2300','PASS','000640940','Czajkowski','19701019','Morocco');
INSERT INTO emprega_midia (id_midia, id_pessoa) VALUES ('24','2300');
INSERT INTO pessoa (id_pessoa, tipo_documento,documento,nome,data_nascimento,nome_pais_origem) VALUES ('2301','PASS','000442941','Cortina','19741026','Nepal');
INSERT INTO emprega_midia (id_midia, id_pessoa) VALUES ('24','2301');
INSERT INTO pessoa (id_pessoa, tipo_documento,documento,nome,data_nascimento,nome_pais_origem) VALUES ('2302','PASS','000816057','Fiest','19840119','Turkey');
INSERT INTO emprega_midia (id_midia, id_pessoa) VALUES ('24','2302');
INSERT INTO pessoa (id_pessoa, tipo_documento,documento,nome,data_nascimento,nome_pais_origem) VALUES ('2303','PASS','000263050','Deare','19811114','Afghanistan');
INSERT INTO emprega_midia (id_midia, id_pessoa) VALUES ('24','2303');
INSERT INTO pessoa (id_pessoa, tipo_documento,documento,nome,data_nascimento,nome_pais_origem) VALUES ('2304','PASS','000532761','Brines','19751121','Angola');
INSERT INTO emprega_midia (id_midia, id_pessoa) VALUES ('24','2304');
INSERT INTO pessoa (id_pessoa, tipo_documento,documento,nome,data_nascimento,nome_pais_origem) VALUES ('2305','PASS','000125095','Amsler','19750409','Uruguay');
INSERT INTO emprega_midia (id_midia, id_pessoa) VALUES ('24','2305');
INSERT INTO pessoa (id_pessoa, tipo_documento,documento,nome,data_nascimento,nome_pais_origem) VALUES ('2306','PASS','000702715','Byland','19770214','Angola');
INSERT INTO emprega_midia (id_midia, id_pessoa) VALUES ('24','2306');
INSERT INTO pessoa (id_pessoa, tipo_documento,documento,nome,data_nascimento,nome_pais_origem) VALUES ('2307','PASS','000517698','Galinis','19720218','Uzbekistan');
INSERT INTO emprega_midia (id_midia, id_pessoa) VALUES ('24','2307');
INSERT INTO pessoa (id_pessoa, tipo_documento,documento,nome,data_nascimento,nome_pais_origem) VALUES ('2308','PASS','000947071','Brent','19800618','Georgia');
INSERT INTO emprega_midia (id_midia, id_pessoa) VALUES ('24','2308');
INSERT INTO pessoa (id_pessoa, tipo_documento,documento,nome,data_nascimento,nome_pais_origem) VALUES ('2309','PASS','000584872','Fors','19701019','India');
INSERT INTO emprega_midia (id_midia, id_pessoa) VALUES ('24','2309');
INSERT INTO pessoa (id_pessoa, tipo_documento,documento,nome,data_nascimento,nome_pais_origem) VALUES ('2310','PASS','000550595','First','19710622','Monaco');
INSERT INTO emprega_midia (id_midia, id_pessoa) VALUES ('24','2310');
INSERT INTO pessoa (id_pessoa, tipo_documento,documento,nome,data_nascimento,nome_pais_origem) VALUES ('2311','PASS','000308201','Abramovich','19711225','Germany');
INSERT INTO emprega_midia (id_midia, id_pessoa) VALUES ('24','2311');
INSERT INTO pessoa (id_pessoa, tipo_documento,documento,nome,data_nascimento,nome_pais_origem) VALUES ('2312','PASS','000945452','Bergdorf','19791107','Ukraine');
INSERT INTO emprega_midia (id_midia, id_pessoa) VALUES ('24','2312');
INSERT INTO pessoa (id_pessoa, tipo_documento,documento,nome,data_nascimento,nome_pais_origem) VALUES ('2313','PASS','000907895','Ashfield','19760808','Liechtenstein');
INSERT INTO emprega_midia (id_midia, id_pessoa) VALUES ('24','2313');
INSERT INTO pessoa (id_pessoa, tipo_documento,documento,nome,data_nascimento,nome_pais_origem) VALUES ('2314','PASS','000202277','Barlette','19730825','Poland');
INSERT INTO emprega_midia (id_midia, id_pessoa) VALUES ('24','2314');
INSERT INTO equipe_de_midia (id_midia,nome_empresa) VALUES ('25','BMFCMFR');
INSERT INTO pessoa (id_pessoa, tipo_documento,documento,nome,data_nascimento,nome_pais_origem) VALUES ('2315','PASS','000811581','Gargis','19840422','Azerbaijan');
INSERT INTO emprega_midia (id_midia, id_pessoa) VALUES ('25','2315');
INSERT INTO pessoa (id_pessoa, tipo_documento,documento,nome,data_nascimento,nome_pais_origem) VALUES ('2316','PASS','000312442','Genera','19890606','Indonesia');
INSERT INTO emprega_midia (id_midia, id_pessoa) VALUES ('25','2316');
INSERT INTO pessoa (id_pessoa, tipo_documento,documento,nome,data_nascimento,nome_pais_origem) VALUES ('2317','PASS','000126908','Genovesi','19800611','Italy');
INSERT INTO emprega_midia (id_midia, id_pessoa) VALUES ('25','2317');
INSERT INTO pessoa (id_pessoa, tipo_documento,documento,nome,data_nascimento,nome_pais_origem) VALUES ('2318','PASS','000991885','Delavergne','19740317','Mongolia');
INSERT INTO emprega_midia (id_midia, id_pessoa) VALUES ('25','2318');
INSERT INTO pessoa (id_pessoa, tipo_documento,documento,nome,data_nascimento,nome_pais_origem) VALUES ('2319','PASS','000555652','Colaiacovo','19880824','Vietnam');
INSERT INTO emprega_midia (id_midia, id_pessoa) VALUES ('25','2319');
INSERT INTO pessoa (id_pessoa, tipo_documento,documento,nome,data_nascimento,nome_pais_origem) VALUES ('2320','PASS','000584836','Drenon','19791019','Albania');
INSERT INTO emprega_midia (id_midia, id_pessoa) VALUES ('25','2320');
INSERT INTO pessoa (id_pessoa, tipo_documento,documento,nome,data_nascimento,nome_pais_origem) VALUES ('2321','PASS','000742125','Glaude','19870526','Vietnam');
INSERT INTO emprega_midia (id_midia, id_pessoa) VALUES ('25','2321');
INSERT INTO pessoa (id_pessoa, tipo_documento,documento,nome,data_nascimento,nome_pais_origem) VALUES ('2322','PASS','000983247','Daking','19740616','Costa');
INSERT INTO emprega_midia (id_midia, id_pessoa) VALUES ('25','2322');
INSERT INTO pessoa (id_pessoa, tipo_documento,documento,nome,data_nascimento,nome_pais_origem) VALUES ('2323','PASS','000747534','Adzhabakyan','19891106','Morocco');
INSERT INTO emprega_midia (id_midia, id_pessoa) VALUES ('25','2323');
INSERT INTO pessoa (id_pessoa, tipo_documento,documento,nome,data_nascimento,nome_pais_origem) VALUES ('2324','PASS','000261973','Biedrzycki','19771015','Barbados');
INSERT INTO emprega_midia (id_midia, id_pessoa) VALUES ('25','2324');
INSERT INTO pessoa (id_pessoa, tipo_documento,documento,nome,data_nascimento,nome_pais_origem) VALUES ('2325','PASS','000153680','Feindt','19881223','Rica');
INSERT INTO emprega_midia (id_midia, id_pessoa) VALUES ('25','2325');
INSERT INTO pessoa (id_pessoa, tipo_documento,documento,nome,data_nascimento,nome_pais_origem) VALUES ('2326','PASS','000348310','Blonsky','19821012','Bangladesh');
INSERT INTO emprega_midia (id_midia, id_pessoa) VALUES ('25','2326');
INSERT INTO pessoa (id_pessoa, tipo_documento,documento,nome,data_nascimento,nome_pais_origem) VALUES ('2327','PASS','000927379','Filippello','19720623','New');
INSERT INTO emprega_midia (id_midia, id_pessoa) VALUES ('25','2327');
INSERT INTO pessoa (id_pessoa, tipo_documento,documento,nome,data_nascimento,nome_pais_origem) VALUES ('2328','PASS','000538960','Anzai','19740609','Slovakia');
INSERT INTO emprega_midia (id_midia, id_pessoa) VALUES ('25','2328');
INSERT INTO pessoa (id_pessoa, tipo_documento,documento,nome,data_nascimento,nome_pais_origem) VALUES ('2329','PASS','000122201','Delilla','19830420','Vietnam');
INSERT INTO emprega_midia (id_midia, id_pessoa) VALUES ('25','2329');
INSERT INTO pessoa (id_pessoa, tipo_documento,documento,nome,data_nascimento,nome_pais_origem) VALUES ('2330','PASS','000695695','Allbones','19851214','Croatia');
INSERT INTO emprega_midia (id_midia, id_pessoa) VALUES ('25','2330');
INSERT INTO pessoa (id_pessoa, tipo_documento,documento,nome,data_nascimento,nome_pais_origem) VALUES ('2331','PASS','000667832','Ankenman','19840103','Austria');
INSERT INTO emprega_midia (id_midia, id_pessoa) VALUES ('25','2331');
INSERT INTO equipe_de_midia (id_midia,nome_empresa) VALUES ('26','DNGPIIT');
INSERT INTO pessoa (id_pessoa, tipo_documento,documento,nome,data_nascimento,nome_pais_origem) VALUES ('2332','PASS','000305978','Curington','19790622','Bangladesh');
INSERT INTO emprega_midia (id_midia, id_pessoa) VALUES ('26','2332');
INSERT INTO pessoa (id_pessoa, tipo_documento,documento,nome,data_nascimento,nome_pais_origem) VALUES ('2333','PASS','000336890','Centrich','19780307','Barbados');
INSERT INTO emprega_midia (id_midia, id_pessoa) VALUES ('26','2333');
INSERT INTO pessoa (id_pessoa, tipo_documento,documento,nome,data_nascimento,nome_pais_origem) VALUES ('2334','PASS','000890882','Doporto','19761006','Serbia');
INSERT INTO emprega_midia (id_midia, id_pessoa) VALUES ('26','2334');
INSERT INTO pessoa (id_pessoa, tipo_documento,documento,nome,data_nascimento,nome_pais_origem) VALUES ('2335','PASS','000729718','Gavitt','19791022','Argentina');
INSERT INTO emprega_midia (id_midia, id_pessoa) VALUES ('26','2335');
INSERT INTO pessoa (id_pessoa, tipo_documento,documento,nome,data_nascimento,nome_pais_origem) VALUES ('2336','PASS','000186788','Arnoldi','19730914','Barbados');
INSERT INTO emprega_midia (id_midia, id_pessoa) VALUES ('26','2336');
INSERT INTO pessoa (id_pessoa, tipo_documento,documento,nome,data_nascimento,nome_pais_origem) VALUES ('2337','PASS','000420109','Fabrizi','19790615','Bahrain');
INSERT INTO emprega_midia (id_midia, id_pessoa) VALUES ('26','2337');
INSERT INTO pessoa (id_pessoa, tipo_documento,documento,nome,data_nascimento,nome_pais_origem) VALUES ('2338','PASS','000419115','Borremans','19820726','Chad');
INSERT INTO emprega_midia (id_midia, id_pessoa) VALUES ('26','2338');
INSERT INTO pessoa (id_pessoa, tipo_documento,documento,nome,data_nascimento,nome_pais_origem) VALUES ('2339','PASS','000839229','Botos','19711210','Luxembourg');
INSERT INTO emprega_midia (id_midia, id_pessoa) VALUES ('26','2339');
INSERT INTO pessoa (id_pessoa, tipo_documento,documento,nome,data_nascimento,nome_pais_origem) VALUES ('2340','PASS','000982683','Cichosz','19790924','Peru');
INSERT INTO emprega_midia (id_midia, id_pessoa) VALUES ('26','2340');
INSERT INTO pessoa (id_pessoa, tipo_documento,documento,nome,data_nascimento,nome_pais_origem) VALUES ('2341','PASS','000773367','Desper','19730711','Lithuania');
INSERT INTO emprega_midia (id_midia, id_pessoa) VALUES ('26','2341');
INSERT INTO pessoa (id_pessoa, tipo_documento,documento,nome,data_nascimento,nome_pais_origem) VALUES ('2342','PASS','000976601','Coombe','19850210','Mexico');
INSERT INTO emprega_midia (id_midia, id_pessoa) VALUES ('26','2342');
INSERT INTO pessoa (id_pessoa, tipo_documento,documento,nome,data_nascimento,nome_pais_origem) VALUES ('2343','PASS','000546769','Ferlenda','19710314','Belgium');
INSERT INTO emprega_midia (id_midia, id_pessoa) VALUES ('26','2343');
INSERT INTO pessoa (id_pessoa, tipo_documento,documento,nome,data_nascimento,nome_pais_origem) VALUES ('2344','PASS','000241568','Bockman','19700511','Georgia');
INSERT INTO emprega_midia (id_midia, id_pessoa) VALUES ('26','2344');
INSERT INTO pessoa (id_pessoa, tipo_documento,documento,nome,data_nascimento,nome_pais_origem) VALUES ('2345','PASS','000131147','Dute','19820523','Saudi');
INSERT INTO emprega_midia (id_midia, id_pessoa) VALUES ('26','2345');
INSERT INTO pessoa (id_pessoa, tipo_documento,documento,nome,data_nascimento,nome_pais_origem) VALUES ('2346','PASS','000766951','Farguharson','19860905','Brazil');
INSERT INTO emprega_midia (id_midia, id_pessoa) VALUES ('26','2346');
INSERT INTO pessoa (id_pessoa, tipo_documento,documento,nome,data_nascimento,nome_pais_origem) VALUES ('2347','PASS','000903700','Diperna','19750620','Senegal');
INSERT INTO emprega_midia (id_midia, id_pessoa) VALUES ('26','2347');
INSERT INTO pessoa (id_pessoa, tipo_documento,documento,nome,data_nascimento,nome_pais_origem) VALUES ('2348','PASS','000641640','Boccella','19701215','Afghanistan');
INSERT INTO emprega_midia (id_midia, id_pessoa) VALUES ('26','2348');
INSERT INTO pessoa (id_pessoa, tipo_documento,documento,nome,data_nascimento,nome_pais_origem) VALUES ('2349','PASS','000404430','Foshee','19790314','Belarus');
INSERT INTO emprega_midia (id_midia, id_pessoa) VALUES ('26','2349');
INSERT INTO pessoa (id_pessoa, tipo_documento,documento,nome,data_nascimento,nome_pais_origem) VALUES ('2350','PASS','000641416','Garstka','19861104','Morocco');
INSERT INTO emprega_midia (id_midia, id_pessoa) VALUES ('26','2350');
INSERT INTO pessoa (id_pessoa, tipo_documento,documento,nome,data_nascimento,nome_pais_origem) VALUES ('2351','PASS','000100366','Brittle','19751217','Azerbaijan');
INSERT INTO emprega_midia (id_midia, id_pessoa) VALUES ('26','2351');
INSERT INTO pessoa (id_pessoa, tipo_documento,documento,nome,data_nascimento,nome_pais_origem) VALUES ('2352','PASS','000776028','Ginther','19720121','Finland');
INSERT INTO emprega_midia (id_midia, id_pessoa) VALUES ('26','2352');
INSERT INTO equipe_de_midia (id_midia,nome_empresa) VALUES ('27','SZTVATO');
INSERT INTO pessoa (id_pessoa, tipo_documento,documento,nome,data_nascimento,nome_pais_origem) VALUES ('2353','PASS','000975356','Blach','19760823','Bahamas');
INSERT INTO emprega_midia (id_midia, id_pessoa) VALUES ('27','2353');
INSERT INTO pessoa (id_pessoa, tipo_documento,documento,nome,data_nascimento,nome_pais_origem) VALUES ('2354','PASS','000635374','Balish','19701009','Singapore');
INSERT INTO emprega_midia (id_midia, id_pessoa) VALUES ('27','2354');
INSERT INTO pessoa (id_pessoa, tipo_documento,documento,nome,data_nascimento,nome_pais_origem) VALUES ('2355','PASS','000322811','Furlone','19830713','Singapore');
INSERT INTO emprega_midia (id_midia, id_pessoa) VALUES ('27','2355');
INSERT INTO pessoa (id_pessoa, tipo_documento,documento,nome,data_nascimento,nome_pais_origem) VALUES ('2356','PASS','000531996','Dannelly','19880323','Hungary');
INSERT INTO emprega_midia (id_midia, id_pessoa) VALUES ('27','2356');
INSERT INTO pessoa (id_pessoa, tipo_documento,documento,nome,data_nascimento,nome_pais_origem) VALUES ('2357','PASS','000603687','Grabski','19810314','Japan');
INSERT INTO emprega_midia (id_midia, id_pessoa) VALUES ('27','2357');
INSERT INTO pessoa (id_pessoa, tipo_documento,documento,nome,data_nascimento,nome_pais_origem) VALUES ('2358','PASS','000432412','Alsobrooks','19770311','Belgium');
INSERT INTO emprega_midia (id_midia, id_pessoa) VALUES ('27','2358');
INSERT INTO pessoa (id_pessoa, tipo_documento,documento,nome,data_nascimento,nome_pais_origem) VALUES ('2359','PASS','000929844','Aguilera','19850914','Uruguay');
INSERT INTO emprega_midia (id_midia, id_pessoa) VALUES ('27','2359');
INSERT INTO pessoa (id_pessoa, tipo_documento,documento,nome,data_nascimento,nome_pais_origem) VALUES ('2360','PASS','000229669','Gioia','19810611','Mongolia');
INSERT INTO emprega_midia (id_midia, id_pessoa) VALUES ('27','2360');
INSERT INTO pessoa (id_pessoa, tipo_documento,documento,nome,data_nascimento,nome_pais_origem) VALUES ('2361','PASS','000933147','Antonello','19740615','Thailand');
INSERT INTO emprega_midia (id_midia, id_pessoa) VALUES ('27','2361');
INSERT INTO pessoa (id_pessoa, tipo_documento,documento,nome,data_nascimento,nome_pais_origem) VALUES ('2362','PASS','000703122','Graubard','19721202','Poland');
INSERT INTO emprega_midia (id_midia, id_pessoa) VALUES ('27','2362');
INSERT INTO pessoa (id_pessoa, tipo_documento,documento,nome,data_nascimento,nome_pais_origem) VALUES ('2363','PASS','000227592','Delung','19820407','France');
INSERT INTO emprega_midia (id_midia, id_pessoa) VALUES ('27','2363');
INSERT INTO pessoa (id_pessoa, tipo_documento,documento,nome,data_nascimento,nome_pais_origem) VALUES ('2364','PASS','000100504','Cespedes','19721103','China');
INSERT INTO emprega_midia (id_midia, id_pessoa) VALUES ('27','2364');
INSERT INTO pessoa (id_pessoa, tipo_documento,documento,nome,data_nascimento,nome_pais_origem) VALUES ('2365','PASS','000277983','Cobbin','19880607','Philippines');
INSERT INTO emprega_midia (id_midia, id_pessoa) VALUES ('27','2365');
INSERT INTO pessoa (id_pessoa, tipo_documento,documento,nome,data_nascimento,nome_pais_origem) VALUES ('2366','PASS','000816542','Archut','19771026','Greece');
INSERT INTO emprega_midia (id_midia, id_pessoa) VALUES ('27','2366');
INSERT INTO pessoa (id_pessoa, tipo_documento,documento,nome,data_nascimento,nome_pais_origem) VALUES ('2367','PASS','000301222','Anes','19891002','Egypt');
INSERT INTO emprega_midia (id_midia, id_pessoa) VALUES ('27','2367');
INSERT INTO pessoa (id_pessoa, tipo_documento,documento,nome,data_nascimento,nome_pais_origem) VALUES ('2368','PASS','000358147','Grunder','19760809','Denmark');
INSERT INTO emprega_midia (id_midia, id_pessoa) VALUES ('27','2368');
INSERT INTO pessoa (id_pessoa, tipo_documento,documento,nome,data_nascimento,nome_pais_origem) VALUES ('2369','PASS','000504552','Decaro','19700914','Greece');
INSERT INTO emprega_midia (id_midia, id_pessoa) VALUES ('27','2369');
INSERT INTO pessoa (id_pessoa, tipo_documento,documento,nome,data_nascimento,nome_pais_origem) VALUES ('2370','PASS','000128437','Bitters','19850116','Bangladesh');
INSERT INTO emprega_midia (id_midia, id_pessoa) VALUES ('27','2370');
INSERT INTO pessoa (id_pessoa, tipo_documento,documento,nome,data_nascimento,nome_pais_origem) VALUES ('2371','PASS','000526602','Alamos','19840804','Turkey');
INSERT INTO emprega_midia (id_midia, id_pessoa) VALUES ('27','2371');
INSERT INTO pessoa (id_pessoa, tipo_documento,documento,nome,data_nascimento,nome_pais_origem) VALUES ('2372','PASS','000737626','Csaszar','19760411','Romania');
INSERT INTO emprega_midia (id_midia, id_pessoa) VALUES ('27','2372');
INSERT INTO pessoa (id_pessoa, tipo_documento,documento,nome,data_nascimento,nome_pais_origem) VALUES ('2373','PASS','000670979','Chiffriller','19891020','Croatia');
INSERT INTO emprega_midia (id_midia, id_pessoa) VALUES ('27','2373');
INSERT INTO equipe_de_midia (id_midia,nome_empresa) VALUES ('28','HEQHNTS');
INSERT INTO pessoa (id_pessoa, tipo_documento,documento,nome,data_nascimento,nome_pais_origem) VALUES ('2374','PASS','000645709','Alethea','19801219','Spain');
INSERT INTO emprega_midia (id_midia, id_pessoa) VALUES ('28','2374');
INSERT INTO pessoa (id_pessoa, tipo_documento,documento,nome,data_nascimento,nome_pais_origem) VALUES ('2375','PASS','000322110','Delsordo','19851217','Mexico');
INSERT INTO emprega_midia (id_midia, id_pessoa) VALUES ('28','2375');
INSERT INTO pessoa (id_pessoa, tipo_documento,documento,nome,data_nascimento,nome_pais_origem) VALUES ('2376','PASS','000260258','Alouf','19781221','India');
INSERT INTO emprega_midia (id_midia, id_pessoa) VALUES ('28','2376');
INSERT INTO pessoa (id_pessoa, tipo_documento,documento,nome,data_nascimento,nome_pais_origem) VALUES ('2377','PASS','000681043','Aldava','19820918','Poland');
INSERT INTO emprega_midia (id_midia, id_pessoa) VALUES ('28','2377');
INSERT INTO pessoa (id_pessoa, tipo_documento,documento,nome,data_nascimento,nome_pais_origem) VALUES ('2378','PASS','000292995','Godel','19881103','Spain');
INSERT INTO emprega_midia (id_midia, id_pessoa) VALUES ('28','2378');
INSERT INTO pessoa (id_pessoa, tipo_documento,documento,nome,data_nascimento,nome_pais_origem) VALUES ('2379','PASS','000538970','Beder','19821120','Norway');
INSERT INTO emprega_midia (id_midia, id_pessoa) VALUES ('28','2379');
INSERT INTO pessoa (id_pessoa, tipo_documento,documento,nome,data_nascimento,nome_pais_origem) VALUES ('2380','PASS','000515020','Goergen','19780918','India');
INSERT INTO emprega_midia (id_midia, id_pessoa) VALUES ('28','2380');
INSERT INTO pessoa (id_pessoa, tipo_documento,documento,nome,data_nascimento,nome_pais_origem) VALUES ('2381','PASS','000649820','Drinen','19840710','Afghanistan');
INSERT INTO emprega_midia (id_midia, id_pessoa) VALUES ('28','2381');
INSERT INTO pessoa (id_pessoa, tipo_documento,documento,nome,data_nascimento,nome_pais_origem) VALUES ('2382','PASS','000347938','Ghera','19840709','Mongolia');
INSERT INTO emprega_midia (id_midia, id_pessoa) VALUES ('28','2382');
INSERT INTO pessoa (id_pessoa, tipo_documento,documento,nome,data_nascimento,nome_pais_origem) VALUES ('2383','PASS','000301147','Debruin','19880503','Australia');
INSERT INTO emprega_midia (id_midia, id_pessoa) VALUES ('28','2383');
INSERT INTO pessoa (id_pessoa, tipo_documento,documento,nome,data_nascimento,nome_pais_origem) VALUES ('2384','PASS','000749654','Danny','19731121','Croatia');
INSERT INTO emprega_midia (id_midia, id_pessoa) VALUES ('28','2384');
INSERT INTO pessoa (id_pessoa, tipo_documento,documento,nome,data_nascimento,nome_pais_origem) VALUES ('2385','PASS','000862438','Bang','19791011','Croatia');
INSERT INTO emprega_midia (id_midia, id_pessoa) VALUES ('28','2385');
INSERT INTO pessoa (id_pessoa, tipo_documento,documento,nome,data_nascimento,nome_pais_origem) VALUES ('2386','PASS','000903087','Adebisi','19750525','Greece');
INSERT INTO emprega_midia (id_midia, id_pessoa) VALUES ('28','2386');
INSERT INTO pessoa (id_pessoa, tipo_documento,documento,nome,data_nascimento,nome_pais_origem) VALUES ('2387','PASS','000699746','Desiyatnikov','19840805','China');
INSERT INTO emprega_midia (id_midia, id_pessoa) VALUES ('28','2387');
INSERT INTO pessoa (id_pessoa, tipo_documento,documento,nome,data_nascimento,nome_pais_origem) VALUES ('2388','PASS','000306463','Gladis','19711125','Australia');
INSERT INTO emprega_midia (id_midia, id_pessoa) VALUES ('28','2388');
INSERT INTO pessoa (id_pessoa, tipo_documento,documento,nome,data_nascimento,nome_pais_origem) VALUES ('2389','PASS','000734391','Bazzell','19810308','Poland');
INSERT INTO emprega_midia (id_midia, id_pessoa) VALUES ('28','2389');
INSERT INTO pessoa (id_pessoa, tipo_documento,documento,nome,data_nascimento,nome_pais_origem) VALUES ('2390','PASS','000951639','Devino','19760124','Nicaragua');
INSERT INTO emprega_midia (id_midia, id_pessoa) VALUES ('28','2390');
INSERT INTO pessoa (id_pessoa, tipo_documento,documento,nome,data_nascimento,nome_pais_origem) VALUES ('2391','PASS','000684568','Balck','19830420','Mongolia');
INSERT INTO emprega_midia (id_midia, id_pessoa) VALUES ('28','2391');
INSERT INTO pessoa (id_pessoa, tipo_documento,documento,nome,data_nascimento,nome_pais_origem) VALUES ('2392','PASS','000250158','Crumly','19710625','Algeria');
INSERT INTO emprega_midia (id_midia, id_pessoa) VALUES ('28','2392');
INSERT INTO pessoa (id_pessoa, tipo_documento,documento,nome,data_nascimento,nome_pais_origem) VALUES ('2393','PASS','000890607','Faix','19800102','Australia');
INSERT INTO emprega_midia (id_midia, id_pessoa) VALUES ('28','2393');
INSERT INTO pessoa (id_pessoa, tipo_documento,documento,nome,data_nascimento,nome_pais_origem) VALUES ('2394','PASS','000537003','Albritton','19760916','Croatia');
INSERT INTO emprega_midia (id_midia, id_pessoa) VALUES ('28','2394');
INSERT INTO pessoa (id_pessoa, tipo_documento,documento,nome,data_nascimento,nome_pais_origem) VALUES ('2395','PASS','000447259','Flocco','19830125','Saudi');
INSERT INTO emprega_midia (id_midia, id_pessoa) VALUES ('28','2395');
INSERT INTO pessoa (id_pessoa, tipo_documento,documento,nome,data_nascimento,nome_pais_origem) VALUES ('2396','PASS','000645883','Buzby','19890803','Nicaragua');
INSERT INTO emprega_midia (id_midia, id_pessoa) VALUES ('28','2396');
INSERT INTO pessoa (id_pessoa, tipo_documento,documento,nome,data_nascimento,nome_pais_origem) VALUES ('2397','PASS','000797742','Cuascut','19870424','Peru');
INSERT INTO emprega_midia (id_midia, id_pessoa) VALUES ('28','2397');
INSERT INTO pessoa (id_pessoa, tipo_documento,documento,nome,data_nascimento,nome_pais_origem) VALUES ('2398','PASS','000191633','Chinweze','19880419','Lithuania');
INSERT INTO emprega_midia (id_midia, id_pessoa) VALUES ('28','2398');
INSERT INTO pessoa (id_pessoa, tipo_documento,documento,nome,data_nascimento,nome_pais_origem) VALUES ('2399','PASS','000983647','Deltora','19710925','Cuba');
INSERT INTO emprega_midia (id_midia, id_pessoa) VALUES ('28','2399');
INSERT INTO pessoa (id_pessoa, tipo_documento,documento,nome,data_nascimento,nome_pais_origem) VALUES ('2400','PASS','000305258','Akuchie','19731104','Germany');
INSERT INTO emprega_midia (id_midia, id_pessoa) VALUES ('28','2400');
INSERT INTO pessoa (id_pessoa, tipo_documento,documento,nome,data_nascimento,nome_pais_origem) VALUES ('2401','PASS','000318782','Byfield','19720123','Vietnam');
INSERT INTO emprega_midia (id_midia, id_pessoa) VALUES ('28','2401');
INSERT INTO pessoa (id_pessoa, tipo_documento,documento,nome,data_nascimento,nome_pais_origem) VALUES ('2402','PASS','000652388','Bettini','19750704','India');
INSERT INTO emprega_midia (id_midia, id_pessoa) VALUES ('28','2402');
INSERT INTO equipe_de_midia (id_midia,nome_empresa) VALUES ('29','INYZRCT');
INSERT INTO pessoa (id_pessoa, tipo_documento,documento,nome,data_nascimento,nome_pais_origem) VALUES ('2403','PASS','000541239','Balli','19841217','Iran');
INSERT INTO emprega_midia (id_midia, id_pessoa) VALUES ('29','2403');
INSERT INTO pessoa (id_pessoa, tipo_documento,documento,nome,data_nascimento,nome_pais_origem) VALUES ('2404','PASS','000169070','Galer','19740907','Vietnam');
INSERT INTO emprega_midia (id_midia, id_pessoa) VALUES ('29','2404');
INSERT INTO pessoa (id_pessoa, tipo_documento,documento,nome,data_nascimento,nome_pais_origem) VALUES ('2405','PASS','000145305','Eiler','19760919','Saudi');
INSERT INTO emprega_midia (id_midia, id_pessoa) VALUES ('29','2405');
INSERT INTO pessoa (id_pessoa, tipo_documento,documento,nome,data_nascimento,nome_pais_origem) VALUES ('2406','PASS','000830142','Caines','19700510','Paraguay');
INSERT INTO emprega_midia (id_midia, id_pessoa) VALUES ('29','2406');
INSERT INTO pessoa (id_pessoa, tipo_documento,documento,nome,data_nascimento,nome_pais_origem) VALUES ('2407','PASS','000755236','Doub','19800223','Sweden');
INSERT INTO emprega_midia (id_midia, id_pessoa) VALUES ('29','2407');
INSERT INTO pessoa (id_pessoa, tipo_documento,documento,nome,data_nascimento,nome_pais_origem) VALUES ('2408','PASS','000366639','Cichonski','19830622','Albania');
INSERT INTO emprega_midia (id_midia, id_pessoa) VALUES ('29','2408');
INSERT INTO pessoa (id_pessoa, tipo_documento,documento,nome,data_nascimento,nome_pais_origem) VALUES ('2409','PASS','000872444','Gover','19850407','Uzbekistan');
INSERT INTO emprega_midia (id_midia, id_pessoa) VALUES ('29','2409');
INSERT INTO pessoa (id_pessoa, tipo_documento,documento,nome,data_nascimento,nome_pais_origem) VALUES ('2410','PASS','000174763','Aquero','19810922','Norway');
INSERT INTO emprega_midia (id_midia, id_pessoa) VALUES ('29','2410');
INSERT INTO pessoa (id_pessoa, tipo_documento,documento,nome,data_nascimento,nome_pais_origem) VALUES ('2411','PASS','000177905','Ciafardoni','19870317','Uruguay');
INSERT INTO emprega_midia (id_midia, id_pessoa) VALUES ('29','2411');
INSERT INTO pessoa (id_pessoa, tipo_documento,documento,nome,data_nascimento,nome_pais_origem) VALUES ('2412','PASS','000861784','Amerine','19820311','Morocco');
INSERT INTO emprega_midia (id_midia, id_pessoa) VALUES ('29','2412');
INSERT INTO pessoa (id_pessoa, tipo_documento,documento,nome,data_nascimento,nome_pais_origem) VALUES ('2413','PASS','000748474','Cheli','19721206','Netherlands');
INSERT INTO emprega_midia (id_midia, id_pessoa) VALUES ('29','2413');
INSERT INTO pessoa (id_pessoa, tipo_documento,documento,nome,data_nascimento,nome_pais_origem) VALUES ('2414','PASS','000256405','Blicker','19780814','Slovakia');
INSERT INTO emprega_midia (id_midia, id_pessoa) VALUES ('29','2414');
INSERT INTO pessoa (id_pessoa, tipo_documento,documento,nome,data_nascimento,nome_pais_origem) VALUES ('2415','PASS','000856095','Elefritz','19710410','Barbados');
INSERT INTO emprega_midia (id_midia, id_pessoa) VALUES ('29','2415');
INSERT INTO pessoa (id_pessoa, tipo_documento,documento,nome,data_nascimento,nome_pais_origem) VALUES ('2416','PASS','000688757','Creason','19850915','Arabia');
INSERT INTO emprega_midia (id_midia, id_pessoa) VALUES ('29','2416');
INSERT INTO pessoa (id_pessoa, tipo_documento,documento,nome,data_nascimento,nome_pais_origem) VALUES ('2417','PASS','000783708','Faurot','19700716','Chile');
INSERT INTO emprega_midia (id_midia, id_pessoa) VALUES ('29','2417');
INSERT INTO equipe_de_midia (id_midia,nome_empresa) VALUES ('30','JMGTQUI');
INSERT INTO pessoa (id_pessoa, tipo_documento,documento,nome,data_nascimento,nome_pais_origem) VALUES ('2418','PASS','000200316','Andina','19870502','New');
INSERT INTO emprega_midia (id_midia, id_pessoa) VALUES ('30','2418');
INSERT INTO pessoa (id_pessoa, tipo_documento,documento,nome,data_nascimento,nome_pais_origem) VALUES ('2419','PASS','000336249','Bussman','19720105','Germany');
INSERT INTO emprega_midia (id_midia, id_pessoa) VALUES ('30','2419');
INSERT INTO pessoa (id_pessoa, tipo_documento,documento,nome,data_nascimento,nome_pais_origem) VALUES ('2420','PASS','000489325','Carino','19830318','Argentina');
INSERT INTO emprega_midia (id_midia, id_pessoa) VALUES ('30','2420');
INSERT INTO pessoa (id_pessoa, tipo_documento,documento,nome,data_nascimento,nome_pais_origem) VALUES ('2421','PASS','000411242','Arriazola','19780315','Spain');
INSERT INTO emprega_midia (id_midia, id_pessoa) VALUES ('30','2421');
INSERT INTO pessoa (id_pessoa, tipo_documento,documento,nome,data_nascimento,nome_pais_origem) VALUES ('2422','PASS','000246612','Dimarzo','19700722','Afghanistan');
INSERT INTO emprega_midia (id_midia, id_pessoa) VALUES ('30','2422');
INSERT INTO pessoa (id_pessoa, tipo_documento,documento,nome,data_nascimento,nome_pais_origem) VALUES ('2423','PASS','000269384','Dohn','19890122','Norway');
INSERT INTO emprega_midia (id_midia, id_pessoa) VALUES ('30','2423');
INSERT INTO pessoa (id_pessoa, tipo_documento,documento,nome,data_nascimento,nome_pais_origem) VALUES ('2424','PASS','000920416','Cobham','19810802','Uruguay');
INSERT INTO emprega_midia (id_midia, id_pessoa) VALUES ('30','2424');
INSERT INTO pessoa (id_pessoa, tipo_documento,documento,nome,data_nascimento,nome_pais_origem) VALUES ('2425','PASS','000514190','Casales','19840608','Japan');
INSERT INTO emprega_midia (id_midia, id_pessoa) VALUES ('30','2425');
INSERT INTO pessoa (id_pessoa, tipo_documento,documento,nome,data_nascimento,nome_pais_origem) VALUES ('2426','PASS','000929822','Castellucci','19801216','Monaco');
INSERT INTO emprega_midia (id_midia, id_pessoa) VALUES ('30','2426');
INSERT INTO pessoa (id_pessoa, tipo_documento,documento,nome,data_nascimento,nome_pais_origem) VALUES ('2427','PASS','000849037','Blatchley','19730114','Bangladesh');
INSERT INTO emprega_midia (id_midia, id_pessoa) VALUES ('30','2427');
INSERT INTO pessoa (id_pessoa, tipo_documento,documento,nome,data_nascimento,nome_pais_origem) VALUES ('2428','PASS','000829167','Cetta','19700717','Germany');
INSERT INTO emprega_midia (id_midia, id_pessoa) VALUES ('30','2428');
INSERT INTO pessoa (id_pessoa, tipo_documento,documento,nome,data_nascimento,nome_pais_origem) VALUES ('2429','PASS','000515339','Giselle','19721118','Monaco');
INSERT INTO emprega_midia (id_midia, id_pessoa) VALUES ('30','2429');
INSERT INTO pessoa (id_pessoa, tipo_documento,documento,nome,data_nascimento,nome_pais_origem) VALUES ('2430','PASS','000748817','Dilligard','19710621','Switzerland');
INSERT INTO emprega_midia (id_midia, id_pessoa) VALUES ('30','2430');
INSERT INTO pessoa (id_pessoa, tipo_documento,documento,nome,data_nascimento,nome_pais_origem) VALUES ('2431','PASS','000794471','Andes','19820215','Belarus');
INSERT INTO emprega_midia (id_midia, id_pessoa) VALUES ('30','2431');
INSERT INTO pessoa (id_pessoa, tipo_documento,documento,nome,data_nascimento,nome_pais_origem) VALUES ('2432','PASS','000529523','Fort','19820621','Germany');
INSERT INTO emprega_midia (id_midia, id_pessoa) VALUES ('30','2432');
INSERT INTO pessoa (id_pessoa, tipo_documento,documento,nome,data_nascimento,nome_pais_origem) VALUES ('2433','PASS','000795619','Burgees','19870219','Denmark');
INSERT INTO emprega_midia (id_midia, id_pessoa) VALUES ('30','2433');
INSERT INTO pessoa (id_pessoa, tipo_documento,documento,nome,data_nascimento,nome_pais_origem) VALUES ('2434','PASS','000617348','Battistone','19860106','Portugal');
INSERT INTO emprega_midia (id_midia, id_pessoa) VALUES ('30','2434');
INSERT INTO pessoa (id_pessoa, tipo_documento,documento,nome,data_nascimento,nome_pais_origem) VALUES ('2435','PASS','000483407','Alvarado','19710922','Zealand');
INSERT INTO emprega_midia (id_midia, id_pessoa) VALUES ('30','2435');
INSERT INTO equipe_de_midia (id_midia,nome_empresa) VALUES ('31','IKOIMIG');
INSERT INTO pessoa (id_pessoa, tipo_documento,documento,nome,data_nascimento,nome_pais_origem) VALUES ('2436','PASS','000668034','Bonfield','19791011','Mexico');
INSERT INTO emprega_midia (id_midia, id_pessoa) VALUES ('31','2436');
INSERT INTO pessoa (id_pessoa, tipo_documento,documento,nome,data_nascimento,nome_pais_origem) VALUES ('2437','PASS','000537844','Bonge','19800519','Germany');
INSERT INTO emprega_midia (id_midia, id_pessoa) VALUES ('31','2437');
INSERT INTO pessoa (id_pessoa, tipo_documento,documento,nome,data_nascimento,nome_pais_origem) VALUES ('2438','PASS','000445687','Azure','19870806','Croatia');
INSERT INTO emprega_midia (id_midia, id_pessoa) VALUES ('31','2438');
INSERT INTO pessoa (id_pessoa, tipo_documento,documento,nome,data_nascimento,nome_pais_origem) VALUES ('2439','PASS','000398301','Cervone','19840406','Liechtenstein');
INSERT INTO emprega_midia (id_midia, id_pessoa) VALUES ('31','2439');
INSERT INTO pessoa (id_pessoa, tipo_documento,documento,nome,data_nascimento,nome_pais_origem) VALUES ('2440','PASS','000865169','Golston','19840324','Brazil');
INSERT INTO emprega_midia (id_midia, id_pessoa) VALUES ('31','2440');
INSERT INTO pessoa (id_pessoa, tipo_documento,documento,nome,data_nascimento,nome_pais_origem) VALUES ('2441','PASS','000161253','Abrahams','19710912','Vietnam');
INSERT INTO emprega_midia (id_midia, id_pessoa) VALUES ('31','2441');
INSERT INTO pessoa (id_pessoa, tipo_documento,documento,nome,data_nascimento,nome_pais_origem) VALUES ('2442','PASS','000990517','Attard','19810820','Singapore');
INSERT INTO emprega_midia (id_midia, id_pessoa) VALUES ('31','2442');
INSERT INTO pessoa (id_pessoa, tipo_documento,documento,nome,data_nascimento,nome_pais_origem) VALUES ('2443','PASS','000267340','Bernadine','19731204','Turkey');
INSERT INTO emprega_midia (id_midia, id_pessoa) VALUES ('31','2443');
INSERT INTO pessoa (id_pessoa, tipo_documento,documento,nome,data_nascimento,nome_pais_origem) VALUES ('2444','PASS','000384932','Chheang','19701213','India');
INSERT INTO emprega_midia (id_midia, id_pessoa) VALUES ('31','2444');
INSERT INTO pessoa (id_pessoa, tipo_documento,documento,nome,data_nascimento,nome_pais_origem) VALUES ('2445','PASS','000991899','Dorschner','19840307','Iran');
INSERT INTO emprega_midia (id_midia, id_pessoa) VALUES ('31','2445');
INSERT INTO pessoa (id_pessoa, tipo_documento,documento,nome,data_nascimento,nome_pais_origem) VALUES ('2446','PASS','000377902','Carlington','19860119','Nicaragua');
INSERT INTO emprega_midia (id_midia, id_pessoa) VALUES ('31','2446');
INSERT INTO pessoa (id_pessoa, tipo_documento,documento,nome,data_nascimento,nome_pais_origem) VALUES ('2447','PASS','000946825','Cuesta','19750725','Uzbekistan');
INSERT INTO emprega_midia (id_midia, id_pessoa) VALUES ('31','2447');
INSERT INTO equipe_de_midia (id_midia,nome_empresa) VALUES ('32','VTRRWVM');
INSERT INTO pessoa (id_pessoa, tipo_documento,documento,nome,data_nascimento,nome_pais_origem) VALUES ('2448','PASS','000539761','Goold','19860622','Iraq');
INSERT INTO emprega_midia (id_midia, id_pessoa) VALUES ('32','2448');
INSERT INTO pessoa (id_pessoa, tipo_documento,documento,nome,data_nascimento,nome_pais_origem) VALUES ('2449','PASS','000603864','Dort','19890212','Hungary');
INSERT INTO emprega_midia (id_midia, id_pessoa) VALUES ('32','2449');
INSERT INTO pessoa (id_pessoa, tipo_documento,documento,nome,data_nascimento,nome_pais_origem) VALUES ('2450','PASS','000118243','Coady','19740423','Bahrain');
INSERT INTO emprega_midia (id_midia, id_pessoa) VALUES ('32','2450');
INSERT INTO pessoa (id_pessoa, tipo_documento,documento,nome,data_nascimento,nome_pais_origem) VALUES ('2451','PASS','000451447','Frees','19811106','Indonesia');
INSERT INTO emprega_midia (id_midia, id_pessoa) VALUES ('32','2451');
INSERT INTO pessoa (id_pessoa, tipo_documento,documento,nome,data_nascimento,nome_pais_origem) VALUES ('2452','PASS','000465380','Cliffton','19740713','Ukraine');
INSERT INTO emprega_midia (id_midia, id_pessoa) VALUES ('32','2452');
INSERT INTO pessoa (id_pessoa, tipo_documento,documento,nome,data_nascimento,nome_pais_origem) VALUES ('2453','PASS','000335015','Eyles','19700210','Colombia');
INSERT INTO emprega_midia (id_midia, id_pessoa) VALUES ('32','2453');
INSERT INTO pessoa (id_pessoa, tipo_documento,documento,nome,data_nascimento,nome_pais_origem) VALUES ('2454','PASS','000181578','Delgatto','19880715','Rica');
INSERT INTO emprega_midia (id_midia, id_pessoa) VALUES ('32','2454');
INSERT INTO pessoa (id_pessoa, tipo_documento,documento,nome,data_nascimento,nome_pais_origem) VALUES ('2455','PASS','000148699','Drewry','19730402','India');
INSERT INTO emprega_midia (id_midia, id_pessoa) VALUES ('32','2455');
INSERT INTO pessoa (id_pessoa, tipo_documento,documento,nome,data_nascimento,nome_pais_origem) VALUES ('2456','PASS','000688067','Eggebrecht','19820825','Costa');
INSERT INTO emprega_midia (id_midia, id_pessoa) VALUES ('32','2456');
INSERT INTO pessoa (id_pessoa, tipo_documento,documento,nome,data_nascimento,nome_pais_origem) VALUES ('2457','PASS','000803375','Grahl','19860706','Zealand');
INSERT INTO emprega_midia (id_midia, id_pessoa) VALUES ('32','2457');
INSERT INTO pessoa (id_pessoa, tipo_documento,documento,nome,data_nascimento,nome_pais_origem) VALUES ('2458','PASS','000826030','Beaven','19880106','Saudi');
INSERT INTO emprega_midia (id_midia, id_pessoa) VALUES ('32','2458');
INSERT INTO pessoa (id_pessoa, tipo_documento,documento,nome,data_nascimento,nome_pais_origem) VALUES ('2459','PASS','000227012','Brech','19890207','New');
INSERT INTO emprega_midia (id_midia, id_pessoa) VALUES ('32','2459');
INSERT INTO pessoa (id_pessoa, tipo_documento,documento,nome,data_nascimento,nome_pais_origem) VALUES ('2460','PASS','000483049','Cosimini','19710203','Liechtenstein');
INSERT INTO emprega_midia (id_midia, id_pessoa) VALUES ('32','2460');
INSERT INTO pessoa (id_pessoa, tipo_documento,documento,nome,data_nascimento,nome_pais_origem) VALUES ('2461','PASS','000106614','Ausby','19811115','Chad');
INSERT INTO emprega_midia (id_midia, id_pessoa) VALUES ('32','2461');
INSERT INTO pessoa (id_pessoa, tipo_documento,documento,nome,data_nascimento,nome_pais_origem) VALUES ('2462','PASS','000219591','Cogdill','19840527','New');
INSERT INTO emprega_midia (id_midia, id_pessoa) VALUES ('32','2462');
INSERT INTO pessoa (id_pessoa, tipo_documento,documento,nome,data_nascimento,nome_pais_origem) VALUES ('2463','PASS','000967622','Eichenberger','19741017','Indonesia');
INSERT INTO emprega_midia (id_midia, id_pessoa) VALUES ('32','2463');
INSERT INTO pessoa (id_pessoa, tipo_documento,documento,nome,data_nascimento,nome_pais_origem) VALUES ('2464','PASS','000135997','Garofolo','19720110','Finland');
INSERT INTO emprega_midia (id_midia, id_pessoa) VALUES ('32','2464');
INSERT INTO pessoa (id_pessoa, tipo_documento,documento,nome,data_nascimento,nome_pais_origem) VALUES ('2465','PASS','000385415','Derosier','19841110','Mexico');
INSERT INTO emprega_midia (id_midia, id_pessoa) VALUES ('32','2465');
INSERT INTO pessoa (id_pessoa, tipo_documento,documento,nome,data_nascimento,nome_pais_origem) VALUES ('2466','PASS','000215966','Acosto','19761126','Brazil');
INSERT INTO emprega_midia (id_midia, id_pessoa) VALUES ('32','2466');
INSERT INTO pessoa (id_pessoa, tipo_documento,documento,nome,data_nascimento,nome_pais_origem) VALUES ('2467','PASS','000675465','Ernestine','19860804','Uzbekistan');
INSERT INTO emprega_midia (id_midia, id_pessoa) VALUES ('32','2467');
INSERT INTO pessoa (id_pessoa, tipo_documento,documento,nome,data_nascimento,nome_pais_origem) VALUES ('2468','PASS','000438424','Dickun','19811003','Uruguay');
INSERT INTO emprega_midia (id_midia, id_pessoa) VALUES ('32','2468');
INSERT INTO pessoa (id_pessoa, tipo_documento,documento,nome,data_nascimento,nome_pais_origem) VALUES ('2469','PASS','000448682','Abes','19700923','Hungary');
INSERT INTO emprega_midia (id_midia, id_pessoa) VALUES ('32','2469');
INSERT INTO pessoa (id_pessoa, tipo_documento,documento,nome,data_nascimento,nome_pais_origem) VALUES ('2470','PASS','000493904','Deltoro','19800917','Mozambique');
INSERT INTO emprega_midia (id_midia, id_pessoa) VALUES ('32','2470');
INSERT INTO pessoa (id_pessoa, tipo_documento,documento,nome,data_nascimento,nome_pais_origem) VALUES ('2471','PASS','000314014','Empasis','19820412','Netherlands');
INSERT INTO emprega_midia (id_midia, id_pessoa) VALUES ('32','2471');
INSERT INTO pessoa (id_pessoa, tipo_documento,documento,nome,data_nascimento,nome_pais_origem) VALUES ('2472','PASS','000901993','Craney','19770601','Brazil');
INSERT INTO emprega_midia (id_midia, id_pessoa) VALUES ('32','2472');
INSERT INTO equipe_de_midia (id_midia,nome_empresa) VALUES ('33','XKRTXUJ');
INSERT INTO pessoa (id_pessoa, tipo_documento,documento,nome,data_nascimento,nome_pais_origem) VALUES ('2473','PASS','000699910','Antonellis','19730310','Serbia');
INSERT INTO emprega_midia (id_midia, id_pessoa) VALUES ('33','2473');
INSERT INTO pessoa (id_pessoa, tipo_documento,documento,nome,data_nascimento,nome_pais_origem) VALUES ('2474','PASS','000604133','Chadez','19870126','Iraq');
INSERT INTO emprega_midia (id_midia, id_pessoa) VALUES ('33','2474');
INSERT INTO pessoa (id_pessoa, tipo_documento,documento,nome,data_nascimento,nome_pais_origem) VALUES ('2475','PASS','000183413','Bergseng','19710512','Chad');
INSERT INTO emprega_midia (id_midia, id_pessoa) VALUES ('33','2475');
INSERT INTO pessoa (id_pessoa, tipo_documento,documento,nome,data_nascimento,nome_pais_origem) VALUES ('2476','PASS','000347728','Fayne','19761227','Azerbaijan');
INSERT INTO emprega_midia (id_midia, id_pessoa) VALUES ('33','2476');
INSERT INTO pessoa (id_pessoa, tipo_documento,documento,nome,data_nascimento,nome_pais_origem) VALUES ('2477','PASS','000944704','Chiles','19701121','Monaco');
INSERT INTO emprega_midia (id_midia, id_pessoa) VALUES ('33','2477');
INSERT INTO pessoa (id_pessoa, tipo_documento,documento,nome,data_nascimento,nome_pais_origem) VALUES ('2478','PASS','000285084','Christians','19830402','Belarus');
INSERT INTO emprega_midia (id_midia, id_pessoa) VALUES ('33','2478');
INSERT INTO pessoa (id_pessoa, tipo_documento,documento,nome,data_nascimento,nome_pais_origem) VALUES ('2479','PASS','000632570','Friedlander','19730225','Greece');
INSERT INTO emprega_midia (id_midia, id_pessoa) VALUES ('33','2479');
INSERT INTO pessoa (id_pessoa, tipo_documento,documento,nome,data_nascimento,nome_pais_origem) VALUES ('2480','PASS','000234528','Frohock','19700205','Uzbekistan');
INSERT INTO emprega_midia (id_midia, id_pessoa) VALUES ('33','2480');
INSERT INTO pessoa (id_pessoa, tipo_documento,documento,nome,data_nascimento,nome_pais_origem) VALUES ('2481','PASS','000222244','Dashem','19790421','Chile');
INSERT INTO emprega_midia (id_midia, id_pessoa) VALUES ('33','2481');
INSERT INTO pessoa (id_pessoa, tipo_documento,documento,nome,data_nascimento,nome_pais_origem) VALUES ('2482','PASS','000738516','Agudo','19890414','Netherlands');
INSERT INTO emprega_midia (id_midia, id_pessoa) VALUES ('33','2482');
INSERT INTO pessoa (id_pessoa, tipo_documento,documento,nome,data_nascimento,nome_pais_origem) VALUES ('2483','PASS','000838569','Castera','19840826','Saudi');
INSERT INTO emprega_midia (id_midia, id_pessoa) VALUES ('33','2483');
INSERT INTO pessoa (id_pessoa, tipo_documento,documento,nome,data_nascimento,nome_pais_origem) VALUES ('2484','PASS','000331855','Campione','19870523','Finland');
INSERT INTO emprega_midia (id_midia, id_pessoa) VALUES ('33','2484');
INSERT INTO pessoa (id_pessoa, tipo_documento,documento,nome,data_nascimento,nome_pais_origem) VALUES ('2485','PASS','000466408','Duckhorn','19740913','Algeria');
INSERT INTO emprega_midia (id_midia, id_pessoa) VALUES ('33','2485');
INSERT INTO pessoa (id_pessoa, tipo_documento,documento,nome,data_nascimento,nome_pais_origem) VALUES ('2486','PASS','000944415','Gordo','19731013','India');
INSERT INTO emprega_midia (id_midia, id_pessoa) VALUES ('33','2486');
INSERT INTO pessoa (id_pessoa, tipo_documento,documento,nome,data_nascimento,nome_pais_origem) VALUES ('2487','PASS','000140713','Cabada','19750825','Spain');
INSERT INTO emprega_midia (id_midia, id_pessoa) VALUES ('33','2487');
INSERT INTO pessoa (id_pessoa, tipo_documento,documento,nome,data_nascimento,nome_pais_origem) VALUES ('2488','PASS','000559940','Akilah','19741001','Rica');
INSERT INTO emprega_midia (id_midia, id_pessoa) VALUES ('33','2488');
INSERT INTO pessoa (id_pessoa, tipo_documento,documento,nome,data_nascimento,nome_pais_origem) VALUES ('2489','PASS','000785045','Delprincipe','19740104','Luxembourg');
INSERT INTO emprega_midia (id_midia, id_pessoa) VALUES ('33','2489');
INSERT INTO pessoa (id_pessoa, tipo_documento,documento,nome,data_nascimento,nome_pais_origem) VALUES ('2490','PASS','000576899','Cartee','19820920','Norway');
INSERT INTO emprega_midia (id_midia, id_pessoa) VALUES ('33','2490');
INSERT INTO pessoa (id_pessoa, tipo_documento,documento,nome,data_nascimento,nome_pais_origem) VALUES ('2491','PASS','000919849','Geisen','19860606','Australia');
INSERT INTO emprega_midia (id_midia, id_pessoa) VALUES ('33','2491');
INSERT INTO pessoa (id_pessoa, tipo_documento,documento,nome,data_nascimento,nome_pais_origem) VALUES ('2492','PASS','000221766','Chaney','19890201','Finland');
INSERT INTO emprega_midia (id_midia, id_pessoa) VALUES ('33','2492');
INSERT INTO pessoa (id_pessoa, tipo_documento,documento,nome,data_nascimento,nome_pais_origem) VALUES ('2493','PASS','000682815','Basco','19860115','Liechtenstein');
INSERT INTO emprega_midia (id_midia, id_pessoa) VALUES ('33','2493');
INSERT INTO pessoa (id_pessoa, tipo_documento,documento,nome,data_nascimento,nome_pais_origem) VALUES ('2494','PASS','000419506','Difelice','19850927','Brazil');
INSERT INTO emprega_midia (id_midia, id_pessoa) VALUES ('33','2494');
INSERT INTO pessoa (id_pessoa, tipo_documento,documento,nome,data_nascimento,nome_pais_origem) VALUES ('2495','PASS','000661679','Ewart','19810102','Argentina');
INSERT INTO emprega_midia (id_midia, id_pessoa) VALUES ('33','2495');
INSERT INTO pessoa (id_pessoa, tipo_documento,documento,nome,data_nascimento,nome_pais_origem) VALUES ('2496','PASS','000567745','Claud','19861015','Zealand');
INSERT INTO emprega_midia (id_midia, id_pessoa) VALUES ('33','2496');
INSERT INTO pessoa (id_pessoa, tipo_documento,documento,nome,data_nascimento,nome_pais_origem) VALUES ('2497','PASS','000978439','Chaparro','19870107','Norway');
INSERT INTO emprega_midia (id_midia, id_pessoa) VALUES ('33','2497');
INSERT INTO pessoa (id_pessoa, tipo_documento,documento,nome,data_nascimento,nome_pais_origem) VALUES ('2498','PASS','000525665','Cayce','19870717','Poland');
INSERT INTO emprega_midia (id_midia, id_pessoa) VALUES ('33','2498');
INSERT INTO equipe_de_midia (id_midia,nome_empresa) VALUES ('34','OYZKDBE');
INSERT INTO pessoa (id_pessoa, tipo_documento,documento,nome,data_nascimento,nome_pais_origem) VALUES ('2499','PASS','000440569','Forro','19840805','Italy');
INSERT INTO emprega_midia (id_midia, id_pessoa) VALUES ('34','2499');
INSERT INTO pessoa (id_pessoa, tipo_documento,documento,nome,data_nascimento,nome_pais_origem) VALUES ('2500','PASS','000342739','Cambell','19770802','Turkey');
INSERT INTO emprega_midia (id_midia, id_pessoa) VALUES ('34','2500');
INSERT INTO pessoa (id_pessoa, tipo_documento,documento,nome,data_nascimento,nome_pais_origem) VALUES ('2501','PASS','000977560','Dewindt','19710219','Uzbekistan');
INSERT INTO emprega_midia (id_midia, id_pessoa) VALUES ('34','2501');
INSERT INTO pessoa (id_pessoa, tipo_documento,documento,nome,data_nascimento,nome_pais_origem) VALUES ('2502','PASS','000583801','Clibon','19840217','Japan');
INSERT INTO emprega_midia (id_midia, id_pessoa) VALUES ('34','2502');
INSERT INTO pessoa (id_pessoa, tipo_documento,documento,nome,data_nascimento,nome_pais_origem) VALUES ('2503','PASS','000759374','Genung','19720318','Bangladesh');
INSERT INTO emprega_midia (id_midia, id_pessoa) VALUES ('34','2503');
INSERT INTO pessoa (id_pessoa, tipo_documento,documento,nome,data_nascimento,nome_pais_origem) VALUES ('2504','PASS','000564112','Decarlo','19720516','Turkey');
INSERT INTO emprega_midia (id_midia, id_pessoa) VALUES ('34','2504');
INSERT INTO pessoa (id_pessoa, tipo_documento,documento,nome,data_nascimento,nome_pais_origem) VALUES ('2505','PASS','000914102','Degre','19720912','Greece');
INSERT INTO emprega_midia (id_midia, id_pessoa) VALUES ('34','2505');
INSERT INTO pessoa (id_pessoa, tipo_documento,documento,nome,data_nascimento,nome_pais_origem) VALUES ('2506','PASS','000229451','Bergstrom','19710212','Argentina');
INSERT INTO emprega_midia (id_midia, id_pessoa) VALUES ('34','2506');
INSERT INTO pessoa (id_pessoa, tipo_documento,documento,nome,data_nascimento,nome_pais_origem) VALUES ('2507','PASS','000903291','Gillon','19810820','Italy');
INSERT INTO emprega_midia (id_midia, id_pessoa) VALUES ('34','2507');
INSERT INTO equipe_de_midia (id_midia,nome_empresa) VALUES ('35','NHAEQWN');
INSERT INTO pessoa (id_pessoa, tipo_documento,documento,nome,data_nascimento,nome_pais_origem) VALUES ('2508','PASS','000465898','Gravitz','19810421','Azerbaijan');
INSERT INTO emprega_midia (id_midia, id_pessoa) VALUES ('35','2508');
INSERT INTO pessoa (id_pessoa, tipo_documento,documento,nome,data_nascimento,nome_pais_origem) VALUES ('2509','PASS','000580650','Gedeon','19810617','Georgia');
INSERT INTO emprega_midia (id_midia, id_pessoa) VALUES ('35','2509');
INSERT INTO pessoa (id_pessoa, tipo_documento,documento,nome,data_nascimento,nome_pais_origem) VALUES ('2510','PASS','000172282','Buitrago','19860306','Bahrain');
INSERT INTO emprega_midia (id_midia, id_pessoa) VALUES ('35','2510');
INSERT INTO equipe_de_midia (id_midia,nome_empresa) VALUES ('36','XMRXULR');
INSERT INTO pessoa (id_pessoa, tipo_documento,documento,nome,data_nascimento,nome_pais_origem) VALUES ('2511','PASS','000358666','Chupka','19840703','Finland');
INSERT INTO emprega_midia (id_midia, id_pessoa) VALUES ('36','2511');
INSERT INTO pessoa (id_pessoa, tipo_documento,documento,nome,data_nascimento,nome_pais_origem) VALUES ('2512','PASS','000745755','Anastas','19750610','Algeria');
INSERT INTO emprega_midia (id_midia, id_pessoa) VALUES ('36','2512');
INSERT INTO pessoa (id_pessoa, tipo_documento,documento,nome,data_nascimento,nome_pais_origem) VALUES ('2513','PASS','000743750','Dunken','19750903','Croatia');
INSERT INTO emprega_midia (id_midia, id_pessoa) VALUES ('36','2513');
INSERT INTO pessoa (id_pessoa, tipo_documento,documento,nome,data_nascimento,nome_pais_origem) VALUES ('2514','PASS','000388720','Bethune','19881010','Paraguay');
INSERT INTO emprega_midia (id_midia, id_pessoa) VALUES ('36','2514');
INSERT INTO pessoa (id_pessoa, tipo_documento,documento,nome,data_nascimento,nome_pais_origem) VALUES ('2515','PASS','000635692','Foggs','19730705','Argentina');
INSERT INTO emprega_midia (id_midia, id_pessoa) VALUES ('36','2515');
INSERT INTO pessoa (id_pessoa, tipo_documento,documento,nome,data_nascimento,nome_pais_origem) VALUES ('2516','PASS','000117943','Escobeo','19750519','Vietnam');
INSERT INTO emprega_midia (id_midia, id_pessoa) VALUES ('36','2516');
INSERT INTO pessoa (id_pessoa, tipo_documento,documento,nome,data_nascimento,nome_pais_origem) VALUES ('2517','PASS','000637360','Dority','19800619','Austria');
INSERT INTO emprega_midia (id_midia, id_pessoa) VALUES ('36','2517');
INSERT INTO pessoa (id_pessoa, tipo_documento,documento,nome,data_nascimento,nome_pais_origem) VALUES ('2518','PASS','000154146','Gilsdorf','19840113','Bahamas');
INSERT INTO emprega_midia (id_midia, id_pessoa) VALUES ('36','2518');
INSERT INTO pessoa (id_pessoa, tipo_documento,documento,nome,data_nascimento,nome_pais_origem) VALUES ('2519','PASS','000691312','Geesaman','19790519','Iran');
INSERT INTO emprega_midia (id_midia, id_pessoa) VALUES ('36','2519');
INSERT INTO pessoa (id_pessoa, tipo_documento,documento,nome,data_nascimento,nome_pais_origem) VALUES ('2520','PASS','000919175','Ghazal','19810325','Bahrain');
INSERT INTO emprega_midia (id_midia, id_pessoa) VALUES ('36','2520');
INSERT INTO pessoa (id_pessoa, tipo_documento,documento,nome,data_nascimento,nome_pais_origem) VALUES ('2521','PASS','000435980','Blada','19870611','Syria');
INSERT INTO emprega_midia (id_midia, id_pessoa) VALUES ('36','2521');
INSERT INTO pessoa (id_pessoa, tipo_documento,documento,nome,data_nascimento,nome_pais_origem) VALUES ('2522','PASS','000726806','Callies','19881008','Egypt');
INSERT INTO emprega_midia (id_midia, id_pessoa) VALUES ('36','2522');
INSERT INTO pessoa (id_pessoa, tipo_documento,documento,nome,data_nascimento,nome_pais_origem) VALUES ('2523','PASS','000884842','Cordwell','19820217','Barbados');
INSERT INTO emprega_midia (id_midia, id_pessoa) VALUES ('36','2523');
INSERT INTO pessoa (id_pessoa, tipo_documento,documento,nome,data_nascimento,nome_pais_origem) VALUES ('2524','PASS','000763273','Aulds','19891002','Poland');
INSERT INTO emprega_midia (id_midia, id_pessoa) VALUES ('36','2524');
INSERT INTO pessoa (id_pessoa, tipo_documento,documento,nome,data_nascimento,nome_pais_origem) VALUES ('2525','PASS','000122605','Dickmann','19890621','Chile');
INSERT INTO emprega_midia (id_midia, id_pessoa) VALUES ('36','2525');
INSERT INTO pessoa (id_pessoa, tipo_documento,documento,nome,data_nascimento,nome_pais_origem) VALUES ('2526','PASS','000666049','Dekuyper','19850927','Liechtenstein');
INSERT INTO emprega_midia (id_midia, id_pessoa) VALUES ('36','2526');
INSERT INTO pessoa (id_pessoa, tipo_documento,documento,nome,data_nascimento,nome_pais_origem) VALUES ('2527','PASS','000707367','Brechner','19820418','Syria');
INSERT INTO emprega_midia (id_midia, id_pessoa) VALUES ('36','2527');
INSERT INTO pessoa (id_pessoa, tipo_documento,documento,nome,data_nascimento,nome_pais_origem) VALUES ('2528','PASS','000977962','Boldenow','19831109','Georgia');
INSERT INTO emprega_midia (id_midia, id_pessoa) VALUES ('36','2528');
INSERT INTO pessoa (id_pessoa, tipo_documento,documento,nome,data_nascimento,nome_pais_origem) VALUES ('2529','PASS','000362757','Bev','19790715','Azerbaijan');
INSERT INTO emprega_midia (id_midia, id_pessoa) VALUES ('36','2529');
INSERT INTO pessoa (id_pessoa, tipo_documento,documento,nome,data_nascimento,nome_pais_origem) VALUES ('2530','PASS','000510993','Angell','19891112','Estonia');
INSERT INTO emprega_midia (id_midia, id_pessoa) VALUES ('36','2530');
INSERT INTO pessoa (id_pessoa, tipo_documento,documento,nome,data_nascimento,nome_pais_origem) VALUES ('2531','PASS','000416226','Grass','19721019','Slovakia');
INSERT INTO emprega_midia (id_midia, id_pessoa) VALUES ('36','2531');
INSERT INTO pessoa (id_pessoa, tipo_documento,documento,nome,data_nascimento,nome_pais_origem) VALUES ('2532','PASS','000836251','Feraco','19720909','Chile');
INSERT INTO emprega_midia (id_midia, id_pessoa) VALUES ('36','2532');
INSERT INTO equipe_de_midia (id_midia,nome_empresa) VALUES ('37','ASYNNDC');
INSERT INTO pessoa (id_pessoa, tipo_documento,documento,nome,data_nascimento,nome_pais_origem) VALUES ('2533','PASS','000360887','Cane','19810316','Romania');
INSERT INTO emprega_midia (id_midia, id_pessoa) VALUES ('37','2533');
INSERT INTO pessoa (id_pessoa, tipo_documento,documento,nome,data_nascimento,nome_pais_origem) VALUES ('2534','PASS','000462181','Cawood','19731218','Estonia');
INSERT INTO emprega_midia (id_midia, id_pessoa) VALUES ('37','2534');
INSERT INTO pessoa (id_pessoa, tipo_documento,documento,nome,data_nascimento,nome_pais_origem) VALUES ('2535','PASS','000162051','Fallis','19810908','Greece');
INSERT INTO emprega_midia (id_midia, id_pessoa) VALUES ('37','2535');
INSERT INTO pessoa (id_pessoa, tipo_documento,documento,nome,data_nascimento,nome_pais_origem) VALUES ('2536','PASS','000657858','Gehron','19810513','Netherlands');
INSERT INTO emprega_midia (id_midia, id_pessoa) VALUES ('37','2536');
INSERT INTO pessoa (id_pessoa, tipo_documento,documento,nome,data_nascimento,nome_pais_origem) VALUES ('2537','PASS','000702349','Eske','19710423','Australia');
INSERT INTO emprega_midia (id_midia, id_pessoa) VALUES ('37','2537');
INSERT INTO pessoa (id_pessoa, tipo_documento,documento,nome,data_nascimento,nome_pais_origem) VALUES ('2538','PASS','000121191','Chaples','19870606','Paraguay');
INSERT INTO emprega_midia (id_midia, id_pessoa) VALUES ('37','2538');
INSERT INTO pessoa (id_pessoa, tipo_documento,documento,nome,data_nascimento,nome_pais_origem) VALUES ('2539','PASS','000837654','Caez','19831215','Bangladesh');
INSERT INTO emprega_midia (id_midia, id_pessoa) VALUES ('37','2539');
INSERT INTO pessoa (id_pessoa, tipo_documento,documento,nome,data_nascimento,nome_pais_origem) VALUES ('2540','PASS','000215694','Boekelman','19780527','Rica');
INSERT INTO emprega_midia (id_midia, id_pessoa) VALUES ('37','2540');
INSERT INTO pessoa (id_pessoa, tipo_documento,documento,nome,data_nascimento,nome_pais_origem) VALUES ('2541','PASS','000946242','Formella','19831015','Vietnam');
INSERT INTO emprega_midia (id_midia, id_pessoa) VALUES ('37','2541');
INSERT INTO pessoa (id_pessoa, tipo_documento,documento,nome,data_nascimento,nome_pais_origem) VALUES ('2542','PASS','000235937','Chowhan','19870813','Singapore');
INSERT INTO emprega_midia (id_midia, id_pessoa) VALUES ('37','2542');
INSERT INTO pessoa (id_pessoa, tipo_documento,documento,nome,data_nascimento,nome_pais_origem) VALUES ('2543','PASS','000199249','Bhatnagar','19830102','Morocco');
INSERT INTO emprega_midia (id_midia, id_pessoa) VALUES ('37','2543');
INSERT INTO pessoa (id_pessoa, tipo_documento,documento,nome,data_nascimento,nome_pais_origem) VALUES ('2544','PASS','000751395','Bealer','19800709','Iraq');
INSERT INTO emprega_midia (id_midia, id_pessoa) VALUES ('37','2544');
INSERT INTO pessoa (id_pessoa, tipo_documento,documento,nome,data_nascimento,nome_pais_origem) VALUES ('2545','PASS','000737452','Flanner','19860523','Iran');
INSERT INTO emprega_midia (id_midia, id_pessoa) VALUES ('37','2545');
INSERT INTO pessoa (id_pessoa, tipo_documento,documento,nome,data_nascimento,nome_pais_origem) VALUES ('2546','PASS','000113769','Gennett','19870925','Greece');
INSERT INTO emprega_midia (id_midia, id_pessoa) VALUES ('37','2546');
INSERT INTO pessoa (id_pessoa, tipo_documento,documento,nome,data_nascimento,nome_pais_origem) VALUES ('2547','PASS','000397583','Carne','19711021','Rica');
INSERT INTO emprega_midia (id_midia, id_pessoa) VALUES ('37','2547');
INSERT INTO pessoa (id_pessoa, tipo_documento,documento,nome,data_nascimento,nome_pais_origem) VALUES ('2548','PASS','000807569','Breidenstein','19790917','Uruguay');
INSERT INTO emprega_midia (id_midia, id_pessoa) VALUES ('37','2548');
INSERT INTO pessoa (id_pessoa, tipo_documento,documento,nome,data_nascimento,nome_pais_origem) VALUES ('2549','PASS','000347179','Filippelli','19720602','Argentina');
INSERT INTO emprega_midia (id_midia, id_pessoa) VALUES ('37','2549');
INSERT INTO pessoa (id_pessoa, tipo_documento,documento,nome,data_nascimento,nome_pais_origem) VALUES ('2550','PASS','000998919','Amat','19750919','Vietnam');
INSERT INTO emprega_midia (id_midia, id_pessoa) VALUES ('37','2550');
INSERT INTO pessoa (id_pessoa, tipo_documento,documento,nome,data_nascimento,nome_pais_origem) VALUES ('2551','PASS','000668065','Gowin','19880618','Bulgaria');
INSERT INTO emprega_midia (id_midia, id_pessoa) VALUES ('37','2551');
INSERT INTO pessoa (id_pessoa, tipo_documento,documento,nome,data_nascimento,nome_pais_origem) VALUES ('2552','PASS','000861878','Garia','19850401','Luxembourg');
INSERT INTO emprega_midia (id_midia, id_pessoa) VALUES ('37','2552');
INSERT INTO equipe_de_midia (id_midia,nome_empresa) VALUES ('38','TPPYYGW');
INSERT INTO pessoa (id_pessoa, tipo_documento,documento,nome,data_nascimento,nome_pais_origem) VALUES ('2553','PASS','000228845','Argall','19810713','Belgium');
INSERT INTO emprega_midia (id_midia, id_pessoa) VALUES ('38','2553');
INSERT INTO pessoa (id_pessoa, tipo_documento,documento,nome,data_nascimento,nome_pais_origem) VALUES ('2554','PASS','000856838','Angelino','19850419','Turkey');
INSERT INTO emprega_midia (id_midia, id_pessoa) VALUES ('38','2554');
INSERT INTO pessoa (id_pessoa, tipo_documento,documento,nome,data_nascimento,nome_pais_origem) VALUES ('2555','PASS','000850478','Clayter','19850205','Belgium');
INSERT INTO emprega_midia (id_midia, id_pessoa) VALUES ('38','2555');
INSERT INTO pessoa (id_pessoa, tipo_documento,documento,nome,data_nascimento,nome_pais_origem) VALUES ('2556','PASS','000736682','Bawa','19770324','Spain');
INSERT INTO emprega_midia (id_midia, id_pessoa) VALUES ('38','2556');
INSERT INTO pessoa (id_pessoa, tipo_documento,documento,nome,data_nascimento,nome_pais_origem) VALUES ('2557','PASS','000606837','Baatz','19810926','Azerbaijan');
INSERT INTO emprega_midia (id_midia, id_pessoa) VALUES ('38','2557');
INSERT INTO pessoa (id_pessoa, tipo_documento,documento,nome,data_nascimento,nome_pais_origem) VALUES ('2558','PASS','000647281','Aluise','19811113','Turkey');
INSERT INTO emprega_midia (id_midia, id_pessoa) VALUES ('38','2558');
INSERT INTO pessoa (id_pessoa, tipo_documento,documento,nome,data_nascimento,nome_pais_origem) VALUES ('2559','PASS','000146792','Emperor','19710811','Argentina');
INSERT INTO emprega_midia (id_midia, id_pessoa) VALUES ('38','2559');
INSERT INTO pessoa (id_pessoa, tipo_documento,documento,nome,data_nascimento,nome_pais_origem) VALUES ('2560','PASS','000139958','Bocker','19770417','Egypt');
INSERT INTO emprega_midia (id_midia, id_pessoa) VALUES ('38','2560');
INSERT INTO pessoa (id_pessoa, tipo_documento,documento,nome,data_nascimento,nome_pais_origem) VALUES ('2561','PASS','000924146','Conterras','19790822','India');
INSERT INTO emprega_midia (id_midia, id_pessoa) VALUES ('38','2561');
INSERT INTO pessoa (id_pessoa, tipo_documento,documento,nome,data_nascimento,nome_pais_origem) VALUES ('2562','PASS','000904607','Benari','19771214','Switzerland');
INSERT INTO emprega_midia (id_midia, id_pessoa) VALUES ('38','2562');
INSERT INTO pessoa (id_pessoa, tipo_documento,documento,nome,data_nascimento,nome_pais_origem) VALUES ('2563','PASS','000464634','Dute','19881224','Australia');
INSERT INTO emprega_midia (id_midia, id_pessoa) VALUES ('38','2563');
INSERT INTO pessoa (id_pessoa, tipo_documento,documento,nome,data_nascimento,nome_pais_origem) VALUES ('2564','PASS','000547478','Eversman','19741112','Indonesia');
INSERT INTO emprega_midia (id_midia, id_pessoa) VALUES ('38','2564');
INSERT INTO pessoa (id_pessoa, tipo_documento,documento,nome,data_nascimento,nome_pais_origem) VALUES ('2565','PASS','000222011','Erschen','19890408','New');
INSERT INTO emprega_midia (id_midia, id_pessoa) VALUES ('38','2565');
INSERT INTO pessoa (id_pessoa, tipo_documento,documento,nome,data_nascimento,nome_pais_origem) VALUES ('2566','PASS','000995483','Frederique','19871016','New');
INSERT INTO emprega_midia (id_midia, id_pessoa) VALUES ('38','2566');
INSERT INTO pessoa (id_pessoa, tipo_documento,documento,nome,data_nascimento,nome_pais_origem) VALUES ('2567','PASS','000848392','Classie','19780523','Luxembourg');
INSERT INTO emprega_midia (id_midia, id_pessoa) VALUES ('38','2567');
INSERT INTO pessoa (id_pessoa, tipo_documento,documento,nome,data_nascimento,nome_pais_origem) VALUES ('2568','PASS','000881243','Bentsen','19710103','Argentina');
INSERT INTO emprega_midia (id_midia, id_pessoa) VALUES ('38','2568');
INSERT INTO pessoa (id_pessoa, tipo_documento,documento,nome,data_nascimento,nome_pais_origem) VALUES ('2569','PASS','000116274','Balak','19790509','Syria');
INSERT INTO emprega_midia (id_midia, id_pessoa) VALUES ('38','2569');
INSERT INTO pessoa (id_pessoa, tipo_documento,documento,nome,data_nascimento,nome_pais_origem) VALUES ('2570','PASS','000267645','Coronel','19890926','Romania');
INSERT INTO emprega_midia (id_midia, id_pessoa) VALUES ('38','2570');
INSERT INTO equipe_de_midia (id_midia,nome_empresa) VALUES ('39','IOSHSLO');
INSERT INTO pessoa (id_pessoa, tipo_documento,documento,nome,data_nascimento,nome_pais_origem) VALUES ('2571','PASS','000397552','Evey','19740803','Mongolia');
INSERT INTO emprega_midia (id_midia, id_pessoa) VALUES ('39','2571');
INSERT INTO pessoa (id_pessoa, tipo_documento,documento,nome,data_nascimento,nome_pais_origem) VALUES ('2572','PASS','000158943','Ellert','19700427','Netherlands');
INSERT INTO emprega_midia (id_midia, id_pessoa) VALUES ('39','2572');
INSERT INTO pessoa (id_pessoa, tipo_documento,documento,nome,data_nascimento,nome_pais_origem) VALUES ('2573','PASS','000679211','Galauiz','19790423','Serbia');
INSERT INTO emprega_midia (id_midia, id_pessoa) VALUES ('39','2573');
INSERT INTO pessoa (id_pessoa, tipo_documento,documento,nome,data_nascimento,nome_pais_origem) VALUES ('2574','PASS','000855826','Gebert','19850714','Cuba');
INSERT INTO emprega_midia (id_midia, id_pessoa) VALUES ('39','2574');
INSERT INTO pessoa (id_pessoa, tipo_documento,documento,nome,data_nascimento,nome_pais_origem) VALUES ('2575','PASS','000915723','Aw','19810319','Brazil');
INSERT INTO emprega_midia (id_midia, id_pessoa) VALUES ('39','2575');
INSERT INTO pessoa (id_pessoa, tipo_documento,documento,nome,data_nascimento,nome_pais_origem) VALUES ('2576','PASS','000676738','Ayhens','19770114','Iran');
INSERT INTO emprega_midia (id_midia, id_pessoa) VALUES ('39','2576');
INSERT INTO pessoa (id_pessoa, tipo_documento,documento,nome,data_nascimento,nome_pais_origem) VALUES ('2577','PASS','000474712','Charlene','19891012','Rica');
INSERT INTO emprega_midia (id_midia, id_pessoa) VALUES ('39','2577');
INSERT INTO pessoa (id_pessoa, tipo_documento,documento,nome,data_nascimento,nome_pais_origem) VALUES ('2578','PASS','000736496','Fretz','19880310','Nicaragua');
INSERT INTO emprega_midia (id_midia, id_pessoa) VALUES ('39','2578');
INSERT INTO pessoa (id_pessoa, tipo_documento,documento,nome,data_nascimento,nome_pais_origem) VALUES ('2579','PASS','000692195','Blaser','19830404','Armenia');
INSERT INTO emprega_midia (id_midia, id_pessoa) VALUES ('39','2579');
INSERT INTO pessoa (id_pessoa, tipo_documento,documento,nome,data_nascimento,nome_pais_origem) VALUES ('2580','PASS','000605115','Compagno','19831120','Belarus');
INSERT INTO emprega_midia (id_midia, id_pessoa) VALUES ('39','2580');
INSERT INTO pessoa (id_pessoa, tipo_documento,documento,nome,data_nascimento,nome_pais_origem) VALUES ('2581','PASS','000936392','Campisi','19751116','Poland');
INSERT INTO emprega_midia (id_midia, id_pessoa) VALUES ('39','2581');
INSERT INTO pessoa (id_pessoa, tipo_documento,documento,nome,data_nascimento,nome_pais_origem) VALUES ('2582','PASS','000193106','Gilkey','19741115','Slovakia');
INSERT INTO emprega_midia (id_midia, id_pessoa) VALUES ('39','2582');
INSERT INTO pessoa (id_pessoa, tipo_documento,documento,nome,data_nascimento,nome_pais_origem) VALUES ('2583','PASS','000891007','Giard','19790801','Mexico');
INSERT INTO emprega_midia (id_midia, id_pessoa) VALUES ('39','2583');
INSERT INTO pessoa (id_pessoa, tipo_documento,documento,nome,data_nascimento,nome_pais_origem) VALUES ('2584','PASS','000751684','Fernades','19710825','Sweden');
INSERT INTO emprega_midia (id_midia, id_pessoa) VALUES ('39','2584');
INSERT INTO pessoa (id_pessoa, tipo_documento,documento,nome,data_nascimento,nome_pais_origem) VALUES ('2585','PASS','000298489','Curiel','19760317','Peru');
INSERT INTO emprega_midia (id_midia, id_pessoa) VALUES ('39','2585');
INSERT INTO pessoa (id_pessoa, tipo_documento,documento,nome,data_nascimento,nome_pais_origem) VALUES ('2586','PASS','000903590','Fornicola','19820604','Costa');
INSERT INTO emprega_midia (id_midia, id_pessoa) VALUES ('39','2586');
INSERT INTO pessoa (id_pessoa, tipo_documento,documento,nome,data_nascimento,nome_pais_origem) VALUES ('2587','PASS','000599715','Elie','19770314','Sweden');
INSERT INTO emprega_midia (id_midia, id_pessoa) VALUES ('39','2587');
INSERT INTO pessoa (id_pessoa, tipo_documento,documento,nome,data_nascimento,nome_pais_origem) VALUES ('2588','PASS','000131314','Ego','19710807','Serbia');
INSERT INTO emprega_midia (id_midia, id_pessoa) VALUES ('39','2588');
INSERT INTO pessoa (id_pessoa, tipo_documento,documento,nome,data_nascimento,nome_pais_origem) VALUES ('2589','PASS','000275882','Delorse','19730202','Barbados');
INSERT INTO emprega_midia (id_midia, id_pessoa) VALUES ('39','2589');
INSERT INTO pessoa (id_pessoa, tipo_documento,documento,nome,data_nascimento,nome_pais_origem) VALUES ('2590','PASS','000354825','Desforges','19770903','Estonia');
INSERT INTO emprega_midia (id_midia, id_pessoa) VALUES ('39','2590');
INSERT INTO pessoa (id_pessoa, tipo_documento,documento,nome,data_nascimento,nome_pais_origem) VALUES ('2591','PASS','000942838','Cowley','19811014','Nepal');
INSERT INTO emprega_midia (id_midia, id_pessoa) VALUES ('39','2591');
INSERT INTO pessoa (id_pessoa, tipo_documento,documento,nome,data_nascimento,nome_pais_origem) VALUES ('2592','PASS','000519191','Boyland','19880805','Azerbaijan');
INSERT INTO emprega_midia (id_midia, id_pessoa) VALUES ('39','2592');
INSERT INTO pessoa (id_pessoa, tipo_documento,documento,nome,data_nascimento,nome_pais_origem) VALUES ('2593','PASS','000377768','Badilla','19710526','Cuba');
INSERT INTO emprega_midia (id_midia, id_pessoa) VALUES ('39','2593');
INSERT INTO pessoa (id_pessoa, tipo_documento,documento,nome,data_nascimento,nome_pais_origem) VALUES ('2594','PASS','000991301','Baldock','19721122','Syria');
INSERT INTO emprega_midia (id_midia, id_pessoa) VALUES ('39','2594');
INSERT INTO pessoa (id_pessoa, tipo_documento,documento,nome,data_nascimento,nome_pais_origem) VALUES ('2595','PASS','000952758','Denzler','19801124','Barbados');
INSERT INTO emprega_midia (id_midia, id_pessoa) VALUES ('39','2595');
INSERT INTO equipe_de_midia (id_midia,nome_empresa) VALUES ('40','SWXXNTK');
INSERT INTO pessoa (id_pessoa, tipo_documento,documento,nome,data_nascimento,nome_pais_origem) VALUES ('2596','PASS','000967919','Carpentieri','19791105','Zealand');
INSERT INTO emprega_midia (id_midia, id_pessoa) VALUES ('40','2596');
INSERT INTO pessoa (id_pessoa, tipo_documento,documento,nome,data_nascimento,nome_pais_origem) VALUES ('2597','PASS','000947792','Abdelal','19810209','Iraq');
INSERT INTO emprega_midia (id_midia, id_pessoa) VALUES ('40','2597');
INSERT INTO pessoa (id_pessoa, tipo_documento,documento,nome,data_nascimento,nome_pais_origem) VALUES ('2598','PASS','000157326','Aspley','19710912','Arabia');
INSERT INTO emprega_midia (id_midia, id_pessoa) VALUES ('40','2598');
INSERT INTO pessoa (id_pessoa, tipo_documento,documento,nome,data_nascimento,nome_pais_origem) VALUES ('2599','PASS','000511845','Filipelli','19851106','China');
INSERT INTO emprega_midia (id_midia, id_pessoa) VALUES ('40','2599');
INSERT INTO pessoa (id_pessoa, tipo_documento,documento,nome,data_nascimento,nome_pais_origem) VALUES ('2600','PASS','000593390','Ameigh','19840607','Poland');
INSERT INTO emprega_midia (id_midia, id_pessoa) VALUES ('40','2600');
INSERT INTO pessoa (id_pessoa, tipo_documento,documento,nome,data_nascimento,nome_pais_origem) VALUES ('2601','PASS','000760581','Bracey','19821017','Indonesia');
INSERT INTO emprega_midia (id_midia, id_pessoa) VALUES ('40','2601');
INSERT INTO pessoa (id_pessoa, tipo_documento,documento,nome,data_nascimento,nome_pais_origem) VALUES ('2602','PASS','000557738','Glassing','19810704','Italy');
INSERT INTO emprega_midia (id_midia, id_pessoa) VALUES ('40','2602');
INSERT INTO pessoa (id_pessoa, tipo_documento,documento,nome,data_nascimento,nome_pais_origem) VALUES ('2603','PASS','000392406','Amerio','19800909','China');
INSERT INTO emprega_midia (id_midia, id_pessoa) VALUES ('40','2603');
INSERT INTO pessoa (id_pessoa, tipo_documento,documento,nome,data_nascimento,nome_pais_origem) VALUES ('2604','PASS','000509859','Fishman','19891212','Mongolia');
INSERT INTO emprega_midia (id_midia, id_pessoa) VALUES ('40','2604');
INSERT INTO pessoa (id_pessoa, tipo_documento,documento,nome,data_nascimento,nome_pais_origem) VALUES ('2605','PASS','000653178','Fobes','19820612','Mongolia');
INSERT INTO emprega_midia (id_midia, id_pessoa) VALUES ('40','2605');
INSERT INTO pessoa (id_pessoa, tipo_documento,documento,nome,data_nascimento,nome_pais_origem) VALUES ('2606','PASS','000778308','Dewayne','19710815','Armenia');
INSERT INTO emprega_midia (id_midia, id_pessoa) VALUES ('40','2606');
INSERT INTO pessoa (id_pessoa, tipo_documento,documento,nome,data_nascimento,nome_pais_origem) VALUES ('2607','PASS','000860551','Gentili','19890602','Ukraine');
INSERT INTO emprega_midia (id_midia, id_pessoa) VALUES ('40','2607');
INSERT INTO pessoa (id_pessoa, tipo_documento,documento,nome,data_nascimento,nome_pais_origem) VALUES ('2608','PASS','000174804','Busker','19820625','Vietnam');
INSERT INTO emprega_midia (id_midia, id_pessoa) VALUES ('40','2608');
INSERT INTO pessoa (id_pessoa, tipo_documento,documento,nome,data_nascimento,nome_pais_origem) VALUES ('2609','PASS','000765310','Clossin','19840620','Belgium');
INSERT INTO emprega_midia (id_midia, id_pessoa) VALUES ('40','2609');
INSERT INTO pessoa (id_pessoa, tipo_documento,documento,nome,data_nascimento,nome_pais_origem) VALUES ('2610','PASS','000684193','Gaster','19830410','Monaco');
INSERT INTO emprega_midia (id_midia, id_pessoa) VALUES ('40','2610');
INSERT INTO pessoa (id_pessoa, tipo_documento,documento,nome,data_nascimento,nome_pais_origem) VALUES ('2611','PASS','000168349','Beser','19891013','Denmark');
INSERT INTO emprega_midia (id_midia, id_pessoa) VALUES ('40','2611');
INSERT INTO pessoa (id_pessoa, tipo_documento,documento,nome,data_nascimento,nome_pais_origem) VALUES ('2612','PASS','000429721','Barcello','19781004','Bahamas');
INSERT INTO emprega_midia (id_midia, id_pessoa) VALUES ('40','2612');
INSERT INTO pessoa (id_pessoa, tipo_documento,documento,nome,data_nascimento,nome_pais_origem) VALUES ('2613','PASS','000935871','Adloff','19850421','Greece');
INSERT INTO emprega_midia (id_midia, id_pessoa) VALUES ('40','2613');
INSERT INTO pessoa (id_pessoa, tipo_documento,documento,nome,data_nascimento,nome_pais_origem) VALUES ('2614','PASS','000308557','Casano','19700818','Angola');
INSERT INTO emprega_midia (id_midia, id_pessoa) VALUES ('40','2614');
INSERT INTO pessoa (id_pessoa, tipo_documento,documento,nome,data_nascimento,nome_pais_origem) VALUES ('2615','PASS','000157406','Flagler','19730717','Rica');
INSERT INTO emprega_midia (id_midia, id_pessoa) VALUES ('40','2615');
INSERT INTO equipe_de_midia (id_midia,nome_empresa) VALUES ('41','DEAJMQF');
INSERT INTO pessoa (id_pessoa, tipo_documento,documento,nome,data_nascimento,nome_pais_origem) VALUES ('2616','PASS','000780772','Gasque','19791227','Serbia');
INSERT INTO emprega_midia (id_midia, id_pessoa) VALUES ('41','2616');
INSERT INTO equipe_de_midia (id_midia,nome_empresa) VALUES ('42','WYETAFP');
INSERT INTO pessoa (id_pessoa, tipo_documento,documento,nome,data_nascimento,nome_pais_origem) VALUES ('2617','PASS','000413849','Butz','19751006','Azerbaijan');
INSERT INTO emprega_midia (id_midia, id_pessoa) VALUES ('42','2617');
INSERT INTO pessoa (id_pessoa, tipo_documento,documento,nome,data_nascimento,nome_pais_origem) VALUES ('2618','PASS','000745904','Brownsworth','19831027','Syria');
INSERT INTO emprega_midia (id_midia, id_pessoa) VALUES ('42','2618');
INSERT INTO pessoa (id_pessoa, tipo_documento,documento,nome,data_nascimento,nome_pais_origem) VALUES ('2619','PASS','000601300','Awyie','19840505','Poland');
INSERT INTO emprega_midia (id_midia, id_pessoa) VALUES ('42','2619');
INSERT INTO pessoa (id_pessoa, tipo_documento,documento,nome,data_nascimento,nome_pais_origem) VALUES ('2620','PASS','000375641','Frye','19801016','Saudi');
INSERT INTO emprega_midia (id_midia, id_pessoa) VALUES ('42','2620');
INSERT INTO pessoa (id_pessoa, tipo_documento,documento,nome,data_nascimento,nome_pais_origem) VALUES ('2621','PASS','000579561','Ashkettle','19820616','Turkey');
INSERT INTO emprega_midia (id_midia, id_pessoa) VALUES ('42','2621');
INSERT INTO equipe_de_midia (id_midia,nome_empresa) VALUES ('43','HBWYHHT');
INSERT INTO pessoa (id_pessoa, tipo_documento,documento,nome,data_nascimento,nome_pais_origem) VALUES ('2622','PASS','000577607','Everline','19851117','Vietnam');
INSERT INTO emprega_midia (id_midia, id_pessoa) VALUES ('43','2622');
INSERT INTO pessoa (id_pessoa, tipo_documento,documento,nome,data_nascimento,nome_pais_origem) VALUES ('2623','PASS','000996043','Avera','19731006','Rica');
INSERT INTO emprega_midia (id_midia, id_pessoa) VALUES ('43','2623');
INSERT INTO pessoa (id_pessoa, tipo_documento,documento,nome,data_nascimento,nome_pais_origem) VALUES ('2624','PASS','000718274','Airola','19720518','Thailand');
INSERT INTO emprega_midia (id_midia, id_pessoa) VALUES ('43','2624');
INSERT INTO equipe_de_midia (id_midia,nome_empresa) VALUES ('44','AAROMSN');
INSERT INTO pessoa (id_pessoa, tipo_documento,documento,nome,data_nascimento,nome_pais_origem) VALUES ('2625','PASS','000355289','Frese','19870302','Armenia');
INSERT INTO emprega_midia (id_midia, id_pessoa) VALUES ('44','2625');
INSERT INTO pessoa (id_pessoa, tipo_documento,documento,nome,data_nascimento,nome_pais_origem) VALUES ('2626','PASS','000968341','Donnie','19830823','New');
INSERT INTO emprega_midia (id_midia, id_pessoa) VALUES ('44','2626');
INSERT INTO pessoa (id_pessoa, tipo_documento,documento,nome,data_nascimento,nome_pais_origem) VALUES ('2627','PASS','000126874','Falce','19821020','Serbia');
INSERT INTO emprega_midia (id_midia, id_pessoa) VALUES ('44','2627');
INSERT INTO pessoa (id_pessoa, tipo_documento,documento,nome,data_nascimento,nome_pais_origem) VALUES ('2628','PASS','000807551','Alimo','19790617','Hungary');
INSERT INTO emprega_midia (id_midia, id_pessoa) VALUES ('44','2628');
INSERT INTO pessoa (id_pessoa, tipo_documento,documento,nome,data_nascimento,nome_pais_origem) VALUES ('2629','PASS','000647499','Boze','19710320','Slovakia');
INSERT INTO emprega_midia (id_midia, id_pessoa) VALUES ('44','2629');
INSERT INTO pessoa (id_pessoa, tipo_documento,documento,nome,data_nascimento,nome_pais_origem) VALUES ('2630','PASS','000292264','Brevitz','19820611','Uruguay');
INSERT INTO emprega_midia (id_midia, id_pessoa) VALUES ('44','2630');
INSERT INTO equipe_de_midia (id_midia,nome_empresa) VALUES ('45','QWBLOSB');
INSERT INTO pessoa (id_pessoa, tipo_documento,documento,nome,data_nascimento,nome_pais_origem) VALUES ('2631','PASS','000227023','Arnholtz','19750615','Romania');
INSERT INTO emprega_midia (id_midia, id_pessoa) VALUES ('45','2631');
INSERT INTO pessoa (id_pessoa, tipo_documento,documento,nome,data_nascimento,nome_pais_origem) VALUES ('2632','PASS','000264947','Chantal','19850119','Costa');
INSERT INTO emprega_midia (id_midia, id_pessoa) VALUES ('45','2632');
INSERT INTO pessoa (id_pessoa, tipo_documento,documento,nome,data_nascimento,nome_pais_origem) VALUES ('2633','PASS','000927733','Grosenick','19850627','Estonia');
INSERT INTO emprega_midia (id_midia, id_pessoa) VALUES ('45','2633');
INSERT INTO pessoa (id_pessoa, tipo_documento,documento,nome,data_nascimento,nome_pais_origem) VALUES ('2634','PASS','000628950','Alverta','19711105','Azerbaijan');
INSERT INTO emprega_midia (id_midia, id_pessoa) VALUES ('45','2634');
INSERT INTO pessoa (id_pessoa, tipo_documento,documento,nome,data_nascimento,nome_pais_origem) VALUES ('2635','PASS','000420386','Barillas','19750619','Monaco');
INSERT INTO emprega_midia (id_midia, id_pessoa) VALUES ('45','2635');
INSERT INTO equipe_de_midia (id_midia,nome_empresa) VALUES ('46','KXCXOQR');
INSERT INTO pessoa (id_pessoa, tipo_documento,documento,nome,data_nascimento,nome_pais_origem) VALUES ('2636','PASS','000155841','Caskey','19880421','Iran');
INSERT INTO emprega_midia (id_midia, id_pessoa) VALUES ('46','2636');
INSERT INTO pessoa (id_pessoa, tipo_documento,documento,nome,data_nascimento,nome_pais_origem) VALUES ('2637','PASS','000967253','Gemmen','19700314','Japan');
INSERT INTO emprega_midia (id_midia, id_pessoa) VALUES ('46','2637');
INSERT INTO pessoa (id_pessoa, tipo_documento,documento,nome,data_nascimento,nome_pais_origem) VALUES ('2638','PASS','000900124','Benchoff','19760714','Argentina');
INSERT INTO emprega_midia (id_midia, id_pessoa) VALUES ('46','2638');
INSERT INTO pessoa (id_pessoa, tipo_documento,documento,nome,data_nascimento,nome_pais_origem) VALUES ('2639','PASS','000263965','Favre','19700310','Luxembourg');
INSERT INTO emprega_midia (id_midia, id_pessoa) VALUES ('46','2639');
INSERT INTO pessoa (id_pessoa, tipo_documento,documento,nome,data_nascimento,nome_pais_origem) VALUES ('2640','PASS','000934938','Barager','19841110','Romania');
INSERT INTO emprega_midia (id_midia, id_pessoa) VALUES ('46','2640');
INSERT INTO pessoa (id_pessoa, tipo_documento,documento,nome,data_nascimento,nome_pais_origem) VALUES ('2641','PASS','000867290','Czupryna','19720521','Afghanistan');
INSERT INTO emprega_midia (id_midia, id_pessoa) VALUES ('46','2641');
INSERT INTO pessoa (id_pessoa, tipo_documento,documento,nome,data_nascimento,nome_pais_origem) VALUES ('2642','PASS','000959629','Garton','19710524','Liechtenstein');
INSERT INTO emprega_midia (id_midia, id_pessoa) VALUES ('46','2642');
INSERT INTO pessoa (id_pessoa, tipo_documento,documento,nome,data_nascimento,nome_pais_origem) VALUES ('2643','PASS','000255639','Felmet','19751007','Australia');
INSERT INTO emprega_midia (id_midia, id_pessoa) VALUES ('46','2643');
INSERT INTO pessoa (id_pessoa, tipo_documento,documento,nome,data_nascimento,nome_pais_origem) VALUES ('2644','PASS','000789688','Furukawa','19760403','Japan');
INSERT INTO emprega_midia (id_midia, id_pessoa) VALUES ('46','2644');
INSERT INTO pessoa (id_pessoa, tipo_documento,documento,nome,data_nascimento,nome_pais_origem) VALUES ('2645','PASS','000101395','Brondyke','19880416','Romania');
INSERT INTO emprega_midia (id_midia, id_pessoa) VALUES ('46','2645');
INSERT INTO pessoa (id_pessoa, tipo_documento,documento,nome,data_nascimento,nome_pais_origem) VALUES ('2646','PASS','000373686','Gargis','19890415','Rica');
INSERT INTO emprega_midia (id_midia, id_pessoa) VALUES ('46','2646');
INSERT INTO pessoa (id_pessoa, tipo_documento,documento,nome,data_nascimento,nome_pais_origem) VALUES ('2647','PASS','000756517','Bradshaw','19700824','Iraq');
INSERT INTO emprega_midia (id_midia, id_pessoa) VALUES ('46','2647');
INSERT INTO pessoa (id_pessoa, tipo_documento,documento,nome,data_nascimento,nome_pais_origem) VALUES ('2648','PASS','000804412','Ellies','19760416','Lithuania');
INSERT INTO emprega_midia (id_midia, id_pessoa) VALUES ('46','2648');
INSERT INTO pessoa (id_pessoa, tipo_documento,documento,nome,data_nascimento,nome_pais_origem) VALUES ('2649','PASS','000541253','Bumbaca','19880811','New');
INSERT INTO emprega_midia (id_midia, id_pessoa) VALUES ('46','2649');
INSERT INTO pessoa (id_pessoa, tipo_documento,documento,nome,data_nascimento,nome_pais_origem) VALUES ('2650','PASS','000824705','Christman','19761011','Chad');
INSERT INTO emprega_midia (id_midia, id_pessoa) VALUES ('46','2650');
INSERT INTO pessoa (id_pessoa, tipo_documento,documento,nome,data_nascimento,nome_pais_origem) VALUES ('2651','PASS','000862917','Gerst','19740321','Georgia');
INSERT INTO emprega_midia (id_midia, id_pessoa) VALUES ('46','2651');
INSERT INTO pessoa (id_pessoa, tipo_documento,documento,nome,data_nascimento,nome_pais_origem) VALUES ('2652','PASS','000728831','Beene','19860309','Angola');
INSERT INTO emprega_midia (id_midia, id_pessoa) VALUES ('46','2652');
INSERT INTO pessoa (id_pessoa, tipo_documento,documento,nome,data_nascimento,nome_pais_origem) VALUES ('2653','PASS','000962998','Curbo','19711217','Zealand');
INSERT INTO emprega_midia (id_midia, id_pessoa) VALUES ('46','2653');
INSERT INTO pessoa (id_pessoa, tipo_documento,documento,nome,data_nascimento,nome_pais_origem) VALUES ('2654','PASS','000275255','Corburn','19880501','Sweden');
INSERT INTO emprega_midia (id_midia, id_pessoa) VALUES ('46','2654');
INSERT INTO pessoa (id_pessoa, tipo_documento,documento,nome,data_nascimento,nome_pais_origem) VALUES ('2655','PASS','000492152','Copes','19860308','Mozambique');
INSERT INTO emprega_midia (id_midia, id_pessoa) VALUES ('46','2655');
INSERT INTO pessoa (id_pessoa, tipo_documento,documento,nome,data_nascimento,nome_pais_origem) VALUES ('2656','PASS','000269103','Bovey','19780506','Belarus');
INSERT INTO emprega_midia (id_midia, id_pessoa) VALUES ('46','2656');
INSERT INTO pessoa (id_pessoa, tipo_documento,documento,nome,data_nascimento,nome_pais_origem) VALUES ('2657','PASS','000907127','Campagne','19801101','Chile');
INSERT INTO emprega_midia (id_midia, id_pessoa) VALUES ('46','2657');
INSERT INTO equipe_de_midia (id_midia,nome_empresa) VALUES ('47','PLEGGLL');
INSERT INTO pessoa (id_pessoa, tipo_documento,documento,nome,data_nascimento,nome_pais_origem) VALUES ('2658','PASS','000971344','Aurora','19891227','Uruguay');
INSERT INTO emprega_midia (id_midia, id_pessoa) VALUES ('47','2658');
INSERT INTO pessoa (id_pessoa, tipo_documento,documento,nome,data_nascimento,nome_pais_origem) VALUES ('2659','PASS','000839205','Arre','19740815','Spain');
INSERT INTO emprega_midia (id_midia, id_pessoa) VALUES ('47','2659');
INSERT INTO pessoa (id_pessoa, tipo_documento,documento,nome,data_nascimento,nome_pais_origem) VALUES ('2660','PASS','000643294','Botner','19821110','Uzbekistan');
INSERT INTO emprega_midia (id_midia, id_pessoa) VALUES ('47','2660');
INSERT INTO pessoa (id_pessoa, tipo_documento,documento,nome,data_nascimento,nome_pais_origem) VALUES ('2661','PASS','000114498','Cargo','19720822','Hungary');
INSERT INTO emprega_midia (id_midia, id_pessoa) VALUES ('47','2661');
INSERT INTO pessoa (id_pessoa, tipo_documento,documento,nome,data_nascimento,nome_pais_origem) VALUES ('2662','PASS','000146639','Bernard','19841202','Afghanistan');
INSERT INTO emprega_midia (id_midia, id_pessoa) VALUES ('47','2662');
INSERT INTO pessoa (id_pessoa, tipo_documento,documento,nome,data_nascimento,nome_pais_origem) VALUES ('2663','PASS','000594549','Goatley','19801115','Poland');
INSERT INTO emprega_midia (id_midia, id_pessoa) VALUES ('47','2663');
INSERT INTO pessoa (id_pessoa, tipo_documento,documento,nome,data_nascimento,nome_pais_origem) VALUES ('2664','PASS','000227515','Bartel','19770105','Singapore');
INSERT INTO emprega_midia (id_midia, id_pessoa) VALUES ('47','2664');
INSERT INTO pessoa (id_pessoa, tipo_documento,documento,nome,data_nascimento,nome_pais_origem) VALUES ('2665','PASS','000795006','Carri','19740218','Peru');
INSERT INTO emprega_midia (id_midia, id_pessoa) VALUES ('47','2665');
INSERT INTO pessoa (id_pessoa, tipo_documento,documento,nome,data_nascimento,nome_pais_origem) VALUES ('2666','PASS','000829725','Caroway','19740603','Sweden');
INSERT INTO emprega_midia (id_midia, id_pessoa) VALUES ('47','2666');
INSERT INTO pessoa (id_pessoa, tipo_documento,documento,nome,data_nascimento,nome_pais_origem) VALUES ('2667','PASS','000294084','Bellefontaine','19830811','Azerbaijan');
INSERT INTO emprega_midia (id_midia, id_pessoa) VALUES ('47','2667');
INSERT INTO pessoa (id_pessoa, tipo_documento,documento,nome,data_nascimento,nome_pais_origem) VALUES ('2668','PASS','000959219','Deckman','19750824','Singapore');
INSERT INTO emprega_midia (id_midia, id_pessoa) VALUES ('47','2668');
INSERT INTO pessoa (id_pessoa, tipo_documento,documento,nome,data_nascimento,nome_pais_origem) VALUES ('2669','PASS','000234586','Chua','19891111','Sweden');
INSERT INTO emprega_midia (id_midia, id_pessoa) VALUES ('47','2669');
INSERT INTO pessoa (id_pessoa, tipo_documento,documento,nome,data_nascimento,nome_pais_origem) VALUES ('2670','PASS','000769061','Arre','19840327','Georgia');
INSERT INTO emprega_midia (id_midia, id_pessoa) VALUES ('47','2670');
INSERT INTO pessoa (id_pessoa, tipo_documento,documento,nome,data_nascimento,nome_pais_origem) VALUES ('2671','PASS','000804420','Dutil','19790621','Uzbekistan');
INSERT INTO emprega_midia (id_midia, id_pessoa) VALUES ('47','2671');
INSERT INTO pessoa (id_pessoa, tipo_documento,documento,nome,data_nascimento,nome_pais_origem) VALUES ('2672','PASS','000728597','Emuka','19780213','France');
INSERT INTO emprega_midia (id_midia, id_pessoa) VALUES ('47','2672');
INSERT INTO pessoa (id_pessoa, tipo_documento,documento,nome,data_nascimento,nome_pais_origem) VALUES ('2673','PASS','000126524','Dunshie','19780912','Austria');
INSERT INTO emprega_midia (id_midia, id_pessoa) VALUES ('47','2673');
INSERT INTO pessoa (id_pessoa, tipo_documento,documento,nome,data_nascimento,nome_pais_origem) VALUES ('2674','PASS','000796266','Devere','19770411','Poland');
INSERT INTO emprega_midia (id_midia, id_pessoa) VALUES ('47','2674');
INSERT INTO equipe_de_midia (id_midia,nome_empresa) VALUES ('48','JSYQJOB');
INSERT INTO pessoa (id_pessoa, tipo_documento,documento,nome,data_nascimento,nome_pais_origem) VALUES ('2675','PASS','000560926','Farhart','19770419','China');
INSERT INTO emprega_midia (id_midia, id_pessoa) VALUES ('48','2675');
INSERT INTO pessoa (id_pessoa, tipo_documento,documento,nome,data_nascimento,nome_pais_origem) VALUES ('2676','PASS','000309536','Arbaugh','19730324','Netherlands');
INSERT INTO emprega_midia (id_midia, id_pessoa) VALUES ('48','2676');
INSERT INTO pessoa (id_pessoa, tipo_documento,documento,nome,data_nascimento,nome_pais_origem) VALUES ('2677','PASS','000240815','Deluney','19711003','Japan');
INSERT INTO emprega_midia (id_midia, id_pessoa) VALUES ('48','2677');
INSERT INTO pessoa (id_pessoa, tipo_documento,documento,nome,data_nascimento,nome_pais_origem) VALUES ('2678','PASS','000934569','Curey','19840410','Indonesia');
INSERT INTO emprega_midia (id_midia, id_pessoa) VALUES ('48','2678');
INSERT INTO pessoa (id_pessoa, tipo_documento,documento,nome,data_nascimento,nome_pais_origem) VALUES ('2679','PASS','000556269','Drawec','19880712','Cuba');
INSERT INTO emprega_midia (id_midia, id_pessoa) VALUES ('48','2679');
INSERT INTO pessoa (id_pessoa, tipo_documento,documento,nome,data_nascimento,nome_pais_origem) VALUES ('2680','PASS','000140389','Form','19860422','Austria');
INSERT INTO emprega_midia (id_midia, id_pessoa) VALUES ('48','2680');
INSERT INTO pessoa (id_pessoa, tipo_documento,documento,nome,data_nascimento,nome_pais_origem) VALUES ('2681','PASS','000412232','Dashner','19720110','Georgia');
INSERT INTO emprega_midia (id_midia, id_pessoa) VALUES ('48','2681');
INSERT INTO pessoa (id_pessoa, tipo_documento,documento,nome,data_nascimento,nome_pais_origem) VALUES ('2682','PASS','000863554','Fecat','19710620','Bangladesh');
INSERT INTO emprega_midia (id_midia, id_pessoa) VALUES ('48','2682');
INSERT INTO pessoa (id_pessoa, tipo_documento,documento,nome,data_nascimento,nome_pais_origem) VALUES ('2683','PASS','000254651','Candella','19771011','Mongolia');
INSERT INTO emprega_midia (id_midia, id_pessoa) VALUES ('48','2683');
INSERT INTO pessoa (id_pessoa, tipo_documento,documento,nome,data_nascimento,nome_pais_origem) VALUES ('2684','PASS','000798138','Baumkirchner','19820303','Japan');
INSERT INTO emprega_midia (id_midia, id_pessoa) VALUES ('48','2684');
INSERT INTO pessoa (id_pessoa, tipo_documento,documento,nome,data_nascimento,nome_pais_origem) VALUES ('2685','PASS','000308301','Gaunce','19700427','Chile');
INSERT INTO emprega_midia (id_midia, id_pessoa) VALUES ('48','2685');
INSERT INTO pessoa (id_pessoa, tipo_documento,documento,nome,data_nascimento,nome_pais_origem) VALUES ('2686','PASS','000902550','Bianca','19860607','Monaco');
INSERT INTO emprega_midia (id_midia, id_pessoa) VALUES ('48','2686');
INSERT INTO pessoa (id_pessoa, tipo_documento,documento,nome,data_nascimento,nome_pais_origem) VALUES ('2687','PASS','000801424','Antinoro','19891215','Bahamas');
INSERT INTO emprega_midia (id_midia, id_pessoa) VALUES ('48','2687');
INSERT INTO pessoa (id_pessoa, tipo_documento,documento,nome,data_nascimento,nome_pais_origem) VALUES ('2688','PASS','000457227','Genung','19780810','Bulgaria');
INSERT INTO emprega_midia (id_midia, id_pessoa) VALUES ('48','2688');
INSERT INTO pessoa (id_pessoa, tipo_documento,documento,nome,data_nascimento,nome_pais_origem) VALUES ('2689','PASS','000854150','Dusel','19770412','Singapore');
INSERT INTO emprega_midia (id_midia, id_pessoa) VALUES ('48','2689');
INSERT INTO pessoa (id_pessoa, tipo_documento,documento,nome,data_nascimento,nome_pais_origem) VALUES ('2690','PASS','000931594','Brezeale','19890801','Rica');
INSERT INTO emprega_midia (id_midia, id_pessoa) VALUES ('48','2690');
INSERT INTO pessoa (id_pessoa, tipo_documento,documento,nome,data_nascimento,nome_pais_origem) VALUES ('2691','PASS','000675460','Churches','19810223','Thailand');
INSERT INTO emprega_midia (id_midia, id_pessoa) VALUES ('48','2691');
INSERT INTO pessoa (id_pessoa, tipo_documento,documento,nome,data_nascimento,nome_pais_origem) VALUES ('2692','PASS','000206888','Detullio','19851110','Brazil');
INSERT INTO emprega_midia (id_midia, id_pessoa) VALUES ('48','2692');
INSERT INTO pessoa (id_pessoa, tipo_documento,documento,nome,data_nascimento,nome_pais_origem) VALUES ('2693','PASS','000159087','Alber','19830212','Peru');
INSERT INTO emprega_midia (id_midia, id_pessoa) VALUES ('48','2693');
INSERT INTO pessoa (id_pessoa, tipo_documento,documento,nome,data_nascimento,nome_pais_origem) VALUES ('2694','PASS','000671272','Fucillo','19810214','Hungary');
INSERT INTO emprega_midia (id_midia, id_pessoa) VALUES ('48','2694');
INSERT INTO pessoa (id_pessoa, tipo_documento,documento,nome,data_nascimento,nome_pais_origem) VALUES ('2695','PASS','000502737','Clipp','19850426','Ukraine');
INSERT INTO emprega_midia (id_midia, id_pessoa) VALUES ('48','2695');
INSERT INTO pessoa (id_pessoa, tipo_documento,documento,nome,data_nascimento,nome_pais_origem) VALUES ('2696','PASS','000543473','Clippinger','19880801','Syria');
INSERT INTO emprega_midia (id_midia, id_pessoa) VALUES ('48','2696');
INSERT INTO pessoa (id_pessoa, tipo_documento,documento,nome,data_nascimento,nome_pais_origem) VALUES ('2697','PASS','000838102','Cogar','19850919','Indonesia');
INSERT INTO emprega_midia (id_midia, id_pessoa) VALUES ('48','2697');
INSERT INTO pessoa (id_pessoa, tipo_documento,documento,nome,data_nascimento,nome_pais_origem) VALUES ('2698','PASS','000953367','Dietterick','19861119','Bangladesh');
INSERT INTO emprega_midia (id_midia, id_pessoa) VALUES ('48','2698');
INSERT INTO pessoa (id_pessoa, tipo_documento,documento,nome,data_nascimento,nome_pais_origem) VALUES ('2699','PASS','000952932','Dudziak','19830322','Hungary');
INSERT INTO emprega_midia (id_midia, id_pessoa) VALUES ('48','2699');
INSERT INTO pessoa (id_pessoa, tipo_documento,documento,nome,data_nascimento,nome_pais_origem) VALUES ('2700','PASS','000510046','Arlt','19730608','Afghanistan');
INSERT INTO emprega_midia (id_midia, id_pessoa) VALUES ('48','2700');
INSERT INTO equipe_de_midia (id_midia,nome_empresa) VALUES ('49','BWVYPQJ');
INSERT INTO pessoa (id_pessoa, tipo_documento,documento,nome,data_nascimento,nome_pais_origem) VALUES ('2701','PASS','000259084','Enockson','19800123','New');
INSERT INTO emprega_midia (id_midia, id_pessoa) VALUES ('49','2701');
INSERT INTO pessoa (id_pessoa, tipo_documento,documento,nome,data_nascimento,nome_pais_origem) VALUES ('2702','PASS','000979983','Anania','19790611','Finland');
INSERT INTO emprega_midia (id_midia, id_pessoa) VALUES ('49','2702');
INSERT INTO pessoa (id_pessoa, tipo_documento,documento,nome,data_nascimento,nome_pais_origem) VALUES ('2703','PASS','000905849','Aceto','19770327','Norway');
INSERT INTO emprega_midia (id_midia, id_pessoa) VALUES ('49','2703');
INSERT INTO pessoa (id_pessoa, tipo_documento,documento,nome,data_nascimento,nome_pais_origem) VALUES ('2704','PASS','000856292','Fieselman','19750205','Belgium');
INSERT INTO emprega_midia (id_midia, id_pessoa) VALUES ('49','2704');
INSERT INTO pessoa (id_pessoa, tipo_documento,documento,nome,data_nascimento,nome_pais_origem) VALUES ('2705','PASS','000926324','Frabizzio','19840916','Switzerland');
INSERT INTO emprega_midia (id_midia, id_pessoa) VALUES ('49','2705');
INSERT INTO pessoa (id_pessoa, tipo_documento,documento,nome,data_nascimento,nome_pais_origem) VALUES ('2706','PASS','000270371','Coupland','19820422','Angola');
INSERT INTO emprega_midia (id_midia, id_pessoa) VALUES ('49','2706');
INSERT INTO pessoa (id_pessoa, tipo_documento,documento,nome,data_nascimento,nome_pais_origem) VALUES ('2707','PASS','000139951','Daggy','19860509','Barbados');
INSERT INTO emprega_midia (id_midia, id_pessoa) VALUES ('49','2707');
INSERT INTO equipe_de_midia (id_midia,nome_empresa) VALUES ('50','YKSGVOL');
INSERT INTO pessoa (id_pessoa, tipo_documento,documento,nome,data_nascimento,nome_pais_origem) VALUES ('2708','PASS','000968558','Cannan','19810914','Bulgaria');
INSERT INTO emprega_midia (id_midia, id_pessoa) VALUES ('50','2708');
INSERT INTO pessoa (id_pessoa, tipo_documento,documento,nome,data_nascimento,nome_pais_origem) VALUES ('2709','PASS','000325430','Crego','19820520','Armenia');
INSERT INTO emprega_midia (id_midia, id_pessoa) VALUES ('50','2709');
INSERT INTO pessoa (id_pessoa, tipo_documento,documento,nome,data_nascimento,nome_pais_origem) VALUES ('2710','PASS','000947537','Asplund','19710317','Iran');
INSERT INTO emprega_midia (id_midia, id_pessoa) VALUES ('50','2710');
INSERT INTO pessoa (id_pessoa, tipo_documento,documento,nome,data_nascimento,nome_pais_origem) VALUES ('2711','PASS','000124064','Cauthen','19840826','Zealand');
INSERT INTO emprega_midia (id_midia, id_pessoa) VALUES ('50','2711');
INSERT INTO pessoa (id_pessoa, tipo_documento,documento,nome,data_nascimento,nome_pais_origem) VALUES ('2712','PASS','000237382','Consolo','19880717','Mozambique');
INSERT INTO emprega_midia (id_midia, id_pessoa) VALUES ('50','2712');
INSERT INTO pessoa (id_pessoa, tipo_documento,documento,nome,data_nascimento,nome_pais_origem) VALUES ('2713','PASS','000209837','Bendtsen','19801016','Angola');
INSERT INTO emprega_midia (id_midia, id_pessoa) VALUES ('50','2713');
INSERT INTO pessoa (id_pessoa, tipo_documento,documento,nome,data_nascimento,nome_pais_origem) VALUES ('2714','PASS','000108357','Glymph','19761103','Monaco');
INSERT INTO emprega_midia (id_midia, id_pessoa) VALUES ('50','2714');
INSERT INTO pessoa (id_pessoa, tipo_documento,documento,nome,data_nascimento,nome_pais_origem) VALUES ('2715','PASS','000590943','Cummings','19740520','Chad');
INSERT INTO emprega_midia (id_midia, id_pessoa) VALUES ('50','2715');
INSERT INTO pessoa (id_pessoa, tipo_documento,documento,nome,data_nascimento,nome_pais_origem) VALUES ('2716','PASS','000308546','Ashlee','19730422','Germany');
INSERT INTO emprega_midia (id_midia, id_pessoa) VALUES ('50','2716');
INSERT INTO pessoa (id_pessoa, tipo_documento,documento,nome,data_nascimento,nome_pais_origem) VALUES ('2717','PASS','000403797','Bommer','19790514','Austria');
INSERT INTO emprega_midia (id_midia, id_pessoa) VALUES ('50','2717');
INSERT INTO pessoa (id_pessoa, tipo_documento,documento,nome,data_nascimento,nome_pais_origem) VALUES ('2718','PASS','000932287','Amazan','19890712','Hungary');
INSERT INTO emprega_midia (id_midia, id_pessoa) VALUES ('50','2718');
INSERT INTO pessoa (id_pessoa, tipo_documento,documento,nome,data_nascimento,nome_pais_origem) VALUES ('2719','PASS','000151122','Eiselein','19740215','Bulgaria');
INSERT INTO emprega_midia (id_midia, id_pessoa) VALUES ('50','2719');
INSERT INTO pessoa (id_pessoa, tipo_documento,documento,nome,data_nascimento,nome_pais_origem) VALUES ('2720','PASS','000267774','Brooms','19790509','Saudi');
INSERT INTO emprega_midia (id_midia, id_pessoa) VALUES ('50','2720');
INSERT INTO pessoa (id_pessoa, tipo_documento,documento,nome,data_nascimento,nome_pais_origem) VALUES ('2721','PASS','000342376','Bogacz','19740912','Brazil');
INSERT INTO emprega_midia (id_midia, id_pessoa) VALUES ('50','2721');
INSERT INTO pessoa (id_pessoa, tipo_documento,documento,nome,data_nascimento,nome_pais_origem) VALUES ('2722','PASS','000885573','Berzunza','19831124','Luxembourg');
INSERT INTO emprega_midia (id_midia, id_pessoa) VALUES ('50','2722');
INSERT INTO pessoa (id_pessoa, tipo_documento,documento,nome,data_nascimento,nome_pais_origem) VALUES ('2723','PASS','000553752','Centrich','19800715','Colombia');
INSERT INTO emprega_midia (id_midia, id_pessoa) VALUES ('50','2723');
INSERT INTO equipe_de_midia (id_midia,nome_empresa) VALUES ('51','YSWZZFL');
INSERT INTO pessoa (id_pessoa, tipo_documento,documento,nome,data_nascimento,nome_pais_origem) VALUES ('2724','PASS','000986226','Gambold','19800122','Spain');
INSERT INTO emprega_midia (id_midia, id_pessoa) VALUES ('51','2724');
INSERT INTO pessoa (id_pessoa, tipo_documento,documento,nome,data_nascimento,nome_pais_origem) VALUES ('2725','PASS','000998823','Erskine','19780904','Slovakia');
INSERT INTO emprega_midia (id_midia, id_pessoa) VALUES ('51','2725');
INSERT INTO pessoa (id_pessoa, tipo_documento,documento,nome,data_nascimento,nome_pais_origem) VALUES ('2726','PASS','000301377','Blish','19710216','Denmark');
INSERT INTO emprega_midia (id_midia, id_pessoa) VALUES ('51','2726');
INSERT INTO pessoa (id_pessoa, tipo_documento,documento,nome,data_nascimento,nome_pais_origem) VALUES ('2727','PASS','000692917','Almaraz','19700910','Thailand');
INSERT INTO emprega_midia (id_midia, id_pessoa) VALUES ('51','2727');
INSERT INTO pessoa (id_pessoa, tipo_documento,documento,nome,data_nascimento,nome_pais_origem) VALUES ('2728','PASS','000573330','Gayles','19850413','Monaco');
INSERT INTO emprega_midia (id_midia, id_pessoa) VALUES ('51','2728');
INSERT INTO pessoa (id_pessoa, tipo_documento,documento,nome,data_nascimento,nome_pais_origem) VALUES ('2729','PASS','000534212','Dibona','19761110','Bahamas');
INSERT INTO emprega_midia (id_midia, id_pessoa) VALUES ('51','2729');
INSERT INTO pessoa (id_pessoa, tipo_documento,documento,nome,data_nascimento,nome_pais_origem) VALUES ('2730','PASS','000388463','Flickinger','19721214','Portugal');
INSERT INTO emprega_midia (id_midia, id_pessoa) VALUES ('51','2730');
INSERT INTO pessoa (id_pessoa, tipo_documento,documento,nome,data_nascimento,nome_pais_origem) VALUES ('2731','PASS','000133784','Covitz','19701009','France');
INSERT INTO emprega_midia (id_midia, id_pessoa) VALUES ('51','2731');
INSERT INTO pessoa (id_pessoa, tipo_documento,documento,nome,data_nascimento,nome_pais_origem) VALUES ('2732','PASS','000256438','Faine','19720603','Japan');
INSERT INTO emprega_midia (id_midia, id_pessoa) VALUES ('51','2732');
INSERT INTO pessoa (id_pessoa, tipo_documento,documento,nome,data_nascimento,nome_pais_origem) VALUES ('2733','PASS','000314135','Burge','19810610','Hungary');
INSERT INTO emprega_midia (id_midia, id_pessoa) VALUES ('51','2733');
INSERT INTO pessoa (id_pessoa, tipo_documento,documento,nome,data_nascimento,nome_pais_origem) VALUES ('2734','PASS','000603018','Callanan','19830912','Denmark');
INSERT INTO emprega_midia (id_midia, id_pessoa) VALUES ('51','2734');
INSERT INTO pessoa (id_pessoa, tipo_documento,documento,nome,data_nascimento,nome_pais_origem) VALUES ('2735','PASS','000852336','Galimberti','19841118','Australia');
INSERT INTO emprega_midia (id_midia, id_pessoa) VALUES ('51','2735');
INSERT INTO pessoa (id_pessoa, tipo_documento,documento,nome,data_nascimento,nome_pais_origem) VALUES ('2736','PASS','000891880','Dennington','19850416','Colombia');
INSERT INTO emprega_midia (id_midia, id_pessoa) VALUES ('51','2736');
INSERT INTO pessoa (id_pessoa, tipo_documento,documento,nome,data_nascimento,nome_pais_origem) VALUES ('2737','PASS','000612100','Flemings','19730519','Monaco');
INSERT INTO emprega_midia (id_midia, id_pessoa) VALUES ('51','2737');
INSERT INTO pessoa (id_pessoa, tipo_documento,documento,nome,data_nascimento,nome_pais_origem) VALUES ('2738','PASS','000380828','Dusablon','19730714','Brazil');
INSERT INTO emprega_midia (id_midia, id_pessoa) VALUES ('51','2738');
INSERT INTO pessoa (id_pessoa, tipo_documento,documento,nome,data_nascimento,nome_pais_origem) VALUES ('2739','PASS','000231454','Baynham','19721014','India');
INSERT INTO emprega_midia (id_midia, id_pessoa) VALUES ('51','2739');
INSERT INTO pessoa (id_pessoa, tipo_documento,documento,nome,data_nascimento,nome_pais_origem) VALUES ('2740','PASS','000457526','Angocicco','19761219','Angola');
INSERT INTO emprega_midia (id_midia, id_pessoa) VALUES ('51','2740');
INSERT INTO pessoa (id_pessoa, tipo_documento,documento,nome,data_nascimento,nome_pais_origem) VALUES ('2741','PASS','000384590','Cardoza','19750115','Italy');
INSERT INTO emprega_midia (id_midia, id_pessoa) VALUES ('51','2741');
INSERT INTO pessoa (id_pessoa, tipo_documento,documento,nome,data_nascimento,nome_pais_origem) VALUES ('2742','PASS','000393498','Broenneke','19701220','Zealand');
INSERT INTO emprega_midia (id_midia, id_pessoa) VALUES ('51','2742');
INSERT INTO pessoa (id_pessoa, tipo_documento,documento,nome,data_nascimento,nome_pais_origem) VALUES ('2743','PASS','000210938','Bluett','19741224','Lithuania');
INSERT INTO emprega_midia (id_midia, id_pessoa) VALUES ('51','2743');
INSERT INTO pessoa (id_pessoa, tipo_documento,documento,nome,data_nascimento,nome_pais_origem) VALUES ('2744','PASS','000358884','Fringer','19860126','Arabia');
INSERT INTO emprega_midia (id_midia, id_pessoa) VALUES ('51','2744');
INSERT INTO pessoa (id_pessoa, tipo_documento,documento,nome,data_nascimento,nome_pais_origem) VALUES ('2745','PASS','000287000','Frantz','19711110','Ukraine');
INSERT INTO emprega_midia (id_midia, id_pessoa) VALUES ('51','2745');
INSERT INTO equipe_de_midia (id_midia,nome_empresa) VALUES ('52','GVJFMVY');
INSERT INTO pessoa (id_pessoa, tipo_documento,documento,nome,data_nascimento,nome_pais_origem) VALUES ('2746','PASS','000237049','Gaddie','19870918','Syria');
INSERT INTO emprega_midia (id_midia, id_pessoa) VALUES ('52','2746');
INSERT INTO pessoa (id_pessoa, tipo_documento,documento,nome,data_nascimento,nome_pais_origem) VALUES ('2747','PASS','000794539','Fusner','19871011','Peru');
INSERT INTO emprega_midia (id_midia, id_pessoa) VALUES ('52','2747');
INSERT INTO pessoa (id_pessoa, tipo_documento,documento,nome,data_nascimento,nome_pais_origem) VALUES ('2748','PASS','000706391','Calendine','19821014','Bangladesh');
INSERT INTO emprega_midia (id_midia, id_pessoa) VALUES ('52','2748');
INSERT INTO pessoa (id_pessoa, tipo_documento,documento,nome,data_nascimento,nome_pais_origem) VALUES ('2749','PASS','000753865','Brenna','19850202','Nicaragua');
INSERT INTO emprega_midia (id_midia, id_pessoa) VALUES ('52','2749');
INSERT INTO pessoa (id_pessoa, tipo_documento,documento,nome,data_nascimento,nome_pais_origem) VALUES ('2750','PASS','000807685','Arrants','19851227','Saudi');
INSERT INTO emprega_midia (id_midia, id_pessoa) VALUES ('52','2750');
INSERT INTO pessoa (id_pessoa, tipo_documento,documento,nome,data_nascimento,nome_pais_origem) VALUES ('2751','PASS','000917590','Capdeville','19721008','New');
INSERT INTO emprega_midia (id_midia, id_pessoa) VALUES ('52','2751');
INSERT INTO pessoa (id_pessoa, tipo_documento,documento,nome,data_nascimento,nome_pais_origem) VALUES ('2752','PASS','000370365','Egidio','19870713','Belgium');
INSERT INTO emprega_midia (id_midia, id_pessoa) VALUES ('52','2752');
INSERT INTO pessoa (id_pessoa, tipo_documento,documento,nome,data_nascimento,nome_pais_origem) VALUES ('2753','PASS','000909964','Beaucage','19790714','Arabia');
INSERT INTO emprega_midia (id_midia, id_pessoa) VALUES ('52','2753');
INSERT INTO pessoa (id_pessoa, tipo_documento,documento,nome,data_nascimento,nome_pais_origem) VALUES ('2754','PASS','000796959','Dangerfield','19790926','Nicaragua');
INSERT INTO emprega_midia (id_midia, id_pessoa) VALUES ('52','2754');
INSERT INTO pessoa (id_pessoa, tipo_documento,documento,nome,data_nascimento,nome_pais_origem) VALUES ('2755','PASS','000391360','Agostini','19750108','Hungary');
INSERT INTO emprega_midia (id_midia, id_pessoa) VALUES ('52','2755');
INSERT INTO pessoa (id_pessoa, tipo_documento,documento,nome,data_nascimento,nome_pais_origem) VALUES ('2756','PASS','000605110','Dahlka','19751011','Monaco');
INSERT INTO emprega_midia (id_midia, id_pessoa) VALUES ('52','2756');
INSERT INTO pessoa (id_pessoa, tipo_documento,documento,nome,data_nascimento,nome_pais_origem) VALUES ('2757','PASS','000610505','Alsberry','19830721','Zealand');
INSERT INTO emprega_midia (id_midia, id_pessoa) VALUES ('52','2757');
INSERT INTO equipe_de_midia (id_midia,nome_empresa) VALUES ('53','IAXBZHN');
INSERT INTO pessoa (id_pessoa, tipo_documento,documento,nome,data_nascimento,nome_pais_origem) VALUES ('2758','PASS','000529838','Bark','19851122','Belgium');
INSERT INTO emprega_midia (id_midia, id_pessoa) VALUES ('53','2758');
INSERT INTO pessoa (id_pessoa, tipo_documento,documento,nome,data_nascimento,nome_pais_origem) VALUES ('2759','PASS','000666301','Debutts','19700322','Costa');
INSERT INTO emprega_midia (id_midia, id_pessoa) VALUES ('53','2759');
INSERT INTO pessoa (id_pessoa, tipo_documento,documento,nome,data_nascimento,nome_pais_origem) VALUES ('2760','PASS','000379268','Chant','19740914','Cuba');
INSERT INTO emprega_midia (id_midia, id_pessoa) VALUES ('53','2760');
INSERT INTO pessoa (id_pessoa, tipo_documento,documento,nome,data_nascimento,nome_pais_origem) VALUES ('2761','PASS','000671128','Gignac','19860708','Lithuania');
INSERT INTO emprega_midia (id_midia, id_pessoa) VALUES ('53','2761');
INSERT INTO pessoa (id_pessoa, tipo_documento,documento,nome,data_nascimento,nome_pais_origem) VALUES ('2762','PASS','000883230','Cleveland','19850206','Finland');
INSERT INTO emprega_midia (id_midia, id_pessoa) VALUES ('53','2762');
INSERT INTO pessoa (id_pessoa, tipo_documento,documento,nome,data_nascimento,nome_pais_origem) VALUES ('2763','PASS','000763291','Dahl','19810304','Bangladesh');
INSERT INTO emprega_midia (id_midia, id_pessoa) VALUES ('53','2763');
INSERT INTO equipe_de_midia (id_midia,nome_empresa) VALUES ('54','HCTCCFY');
INSERT INTO pessoa (id_pessoa, tipo_documento,documento,nome,data_nascimento,nome_pais_origem) VALUES ('2764','PASS','000452590','Dejoie','19730403','Nicaragua');
INSERT INTO emprega_midia (id_midia, id_pessoa) VALUES ('54','2764');
INSERT INTO pessoa (id_pessoa, tipo_documento,documento,nome,data_nascimento,nome_pais_origem) VALUES ('2765','PASS','000540391','Ceballos','19821117','Iraq');
INSERT INTO emprega_midia (id_midia, id_pessoa) VALUES ('54','2765');
INSERT INTO pessoa (id_pessoa, tipo_documento,documento,nome,data_nascimento,nome_pais_origem) VALUES ('2766','PASS','000705038','Campillo','19841107','Chad');
INSERT INTO emprega_midia (id_midia, id_pessoa) VALUES ('54','2766');
INSERT INTO pessoa (id_pessoa, tipo_documento,documento,nome,data_nascimento,nome_pais_origem) VALUES ('2767','PASS','000938811','Gall','19760201','China');
INSERT INTO emprega_midia (id_midia, id_pessoa) VALUES ('54','2767');
INSERT INTO pessoa (id_pessoa, tipo_documento,documento,nome,data_nascimento,nome_pais_origem) VALUES ('2768','PASS','000930855','Colanero','19710718','Mozambique');
INSERT INTO emprega_midia (id_midia, id_pessoa) VALUES ('54','2768');
INSERT INTO pessoa (id_pessoa, tipo_documento,documento,nome,data_nascimento,nome_pais_origem) VALUES ('2769','PASS','000606902','Bogda','19720215','Arabia');
INSERT INTO emprega_midia (id_midia, id_pessoa) VALUES ('54','2769');
INSERT INTO pessoa (id_pessoa, tipo_documento,documento,nome,data_nascimento,nome_pais_origem) VALUES ('2770','PASS','000652065','Broady','19791122','Thailand');
INSERT INTO emprega_midia (id_midia, id_pessoa) VALUES ('54','2770');
INSERT INTO pessoa (id_pessoa, tipo_documento,documento,nome,data_nascimento,nome_pais_origem) VALUES ('2771','PASS','000407015','Bironas','19720522','China');
INSERT INTO emprega_midia (id_midia, id_pessoa) VALUES ('54','2771');
INSERT INTO pessoa (id_pessoa, tipo_documento,documento,nome,data_nascimento,nome_pais_origem) VALUES ('2772','PASS','000994292','Boetcher','19760513','Zealand');
INSERT INTO emprega_midia (id_midia, id_pessoa) VALUES ('54','2772');
INSERT INTO pessoa (id_pessoa, tipo_documento,documento,nome,data_nascimento,nome_pais_origem) VALUES ('2773','PASS','000646368','Bobadilla','19780422','Nicaragua');
INSERT INTO emprega_midia (id_midia, id_pessoa) VALUES ('54','2773');
INSERT INTO pessoa (id_pessoa, tipo_documento,documento,nome,data_nascimento,nome_pais_origem) VALUES ('2774','PASS','000703127','Cranfill','19820915','Armenia');
INSERT INTO emprega_midia (id_midia, id_pessoa) VALUES ('54','2774');
INSERT INTO equipe_de_midia (id_midia,nome_empresa) VALUES ('55','AATMIJV');
INSERT INTO pessoa (id_pessoa, tipo_documento,documento,nome,data_nascimento,nome_pais_origem) VALUES ('2775','PASS','000276461','Buquo','19811110','Croatia');
INSERT INTO emprega_midia (id_midia, id_pessoa) VALUES ('55','2775');
INSERT INTO pessoa (id_pessoa, tipo_documento,documento,nome,data_nascimento,nome_pais_origem) VALUES ('2776','PASS','000790877','Cerbone','19890821','Netherlands');
INSERT INTO emprega_midia (id_midia, id_pessoa) VALUES ('55','2776');
INSERT INTO pessoa (id_pessoa, tipo_documento,documento,nome,data_nascimento,nome_pais_origem) VALUES ('2777','PASS','000933169','Dokka','19750723','Afghanistan');
INSERT INTO emprega_midia (id_midia, id_pessoa) VALUES ('55','2777');
INSERT INTO pessoa (id_pessoa, tipo_documento,documento,nome,data_nascimento,nome_pais_origem) VALUES ('2778','PASS','000662430','Gorrell','19830320','Thailand');
INSERT INTO emprega_midia (id_midia, id_pessoa) VALUES ('55','2778');
INSERT INTO pessoa (id_pessoa, tipo_documento,documento,nome,data_nascimento,nome_pais_origem) VALUES ('2779','PASS','000398006','Darks','19830914','Morocco');
INSERT INTO emprega_midia (id_midia, id_pessoa) VALUES ('55','2779');
INSERT INTO pessoa (id_pessoa, tipo_documento,documento,nome,data_nascimento,nome_pais_origem) VALUES ('2780','PASS','000957515','Carpentier','19850423','Netherlands');
INSERT INTO emprega_midia (id_midia, id_pessoa) VALUES ('55','2780');
INSERT INTO pessoa (id_pessoa, tipo_documento,documento,nome,data_nascimento,nome_pais_origem) VALUES ('2781','PASS','000512970','Foller','19850309','Afghanistan');
INSERT INTO emprega_midia (id_midia, id_pessoa) VALUES ('55','2781');
INSERT INTO pessoa (id_pessoa, tipo_documento,documento,nome,data_nascimento,nome_pais_origem) VALUES ('2782','PASS','000888880','Grinter','19730708','Morocco');
INSERT INTO emprega_midia (id_midia, id_pessoa) VALUES ('55','2782');
INSERT INTO pessoa (id_pessoa, tipo_documento,documento,nome,data_nascimento,nome_pais_origem) VALUES ('2783','PASS','000601559','Bieschke','19780607','Lithuania');
INSERT INTO emprega_midia (id_midia, id_pessoa) VALUES ('55','2783');
INSERT INTO pessoa (id_pessoa, tipo_documento,documento,nome,data_nascimento,nome_pais_origem) VALUES ('2784','PASS','000586428','Fennern','19770610','Syria');
INSERT INTO emprega_midia (id_midia, id_pessoa) VALUES ('55','2784');
INSERT INTO pessoa (id_pessoa, tipo_documento,documento,nome,data_nascimento,nome_pais_origem) VALUES ('2785','PASS','000761556','Dalla','19750702','Finland');
INSERT INTO emprega_midia (id_midia, id_pessoa) VALUES ('55','2785');
INSERT INTO pessoa (id_pessoa, tipo_documento,documento,nome,data_nascimento,nome_pais_origem) VALUES ('2786','PASS','000343236','Cogley','19790217','Bahamas');
INSERT INTO emprega_midia (id_midia, id_pessoa) VALUES ('55','2786');
INSERT INTO pessoa (id_pessoa, tipo_documento,documento,nome,data_nascimento,nome_pais_origem) VALUES ('2787','PASS','000502097','Demulling','19891225','India');
INSERT INTO emprega_midia (id_midia, id_pessoa) VALUES ('55','2787');
INSERT INTO pessoa (id_pessoa, tipo_documento,documento,nome,data_nascimento,nome_pais_origem) VALUES ('2788','PASS','000586358','Domke','19850918','Chad');
INSERT INTO emprega_midia (id_midia, id_pessoa) VALUES ('55','2788');
INSERT INTO pessoa (id_pessoa, tipo_documento,documento,nome,data_nascimento,nome_pais_origem) VALUES ('2789','PASS','000957272','Connington','19791124','Morocco');
INSERT INTO emprega_midia (id_midia, id_pessoa) VALUES ('55','2789');
INSERT INTO pessoa (id_pessoa, tipo_documento,documento,nome,data_nascimento,nome_pais_origem) VALUES ('2790','PASS','000788363','Clearo','19870402','Ukraine');
INSERT INTO emprega_midia (id_midia, id_pessoa) VALUES ('55','2790');
INSERT INTO pessoa (id_pessoa, tipo_documento,documento,nome,data_nascimento,nome_pais_origem) VALUES ('2791','PASS','000989668','Goblirsch','19760205','Germany');
INSERT INTO emprega_midia (id_midia, id_pessoa) VALUES ('55','2791');
INSERT INTO pessoa (id_pessoa, tipo_documento,documento,nome,data_nascimento,nome_pais_origem) VALUES ('2792','PASS','000404594','Coreil','19841016','Switzerland');
INSERT INTO emprega_midia (id_midia, id_pessoa) VALUES ('55','2792');
INSERT INTO pessoa (id_pessoa, tipo_documento,documento,nome,data_nascimento,nome_pais_origem) VALUES ('2793','PASS','000230384','Bunt','19840218','Arabia');
INSERT INTO emprega_midia (id_midia, id_pessoa) VALUES ('55','2793');
INSERT INTO pessoa (id_pessoa, tipo_documento,documento,nome,data_nascimento,nome_pais_origem) VALUES ('2794','PASS','000246333','Gruenes','19850325','Australia');
INSERT INTO emprega_midia (id_midia, id_pessoa) VALUES ('55','2794');
INSERT INTO pessoa (id_pessoa, tipo_documento,documento,nome,data_nascimento,nome_pais_origem) VALUES ('2795','PASS','000827927','Eikenberry','19800126','Egypt');
INSERT INTO emprega_midia (id_midia, id_pessoa) VALUES ('55','2795');
INSERT INTO pessoa (id_pessoa, tipo_documento,documento,nome,data_nascimento,nome_pais_origem) VALUES ('2796','PASS','000457078','Boike','19810911','Luxembourg');
INSERT INTO emprega_midia (id_midia, id_pessoa) VALUES ('55','2796');
INSERT INTO pessoa (id_pessoa, tipo_documento,documento,nome,data_nascimento,nome_pais_origem) VALUES ('2797','PASS','000351766','Aristide','19710524','Cuba');
INSERT INTO emprega_midia (id_midia, id_pessoa) VALUES ('55','2797');
INSERT INTO pessoa (id_pessoa, tipo_documento,documento,nome,data_nascimento,nome_pais_origem) VALUES ('2798','PASS','000347956','Groome','19730803','China');
INSERT INTO emprega_midia (id_midia, id_pessoa) VALUES ('55','2798');
INSERT INTO pessoa (id_pessoa, tipo_documento,documento,nome,data_nascimento,nome_pais_origem) VALUES ('2799','PASS','000194938','Dresch','19860519','Bangladesh');
INSERT INTO emprega_midia (id_midia, id_pessoa) VALUES ('55','2799');
INSERT INTO pessoa (id_pessoa, tipo_documento,documento,nome,data_nascimento,nome_pais_origem) VALUES ('2800','PASS','000793242','Gnerre','19811207','Belarus');
INSERT INTO emprega_midia (id_midia, id_pessoa) VALUES ('55','2800');
INSERT INTO pessoa (id_pessoa, tipo_documento,documento,nome,data_nascimento,nome_pais_origem) VALUES ('2801','PASS','000272452','Ampy','19820520','Austria');
INSERT INTO emprega_midia (id_midia, id_pessoa) VALUES ('55','2801');
INSERT INTO pessoa (id_pessoa, tipo_documento,documento,nome,data_nascimento,nome_pais_origem) VALUES ('2802','PASS','000867094','Glasby','19770116','Chad');
INSERT INTO emprega_midia (id_midia, id_pessoa) VALUES ('55','2802');
INSERT INTO pessoa (id_pessoa, tipo_documento,documento,nome,data_nascimento,nome_pais_origem) VALUES ('2803','PASS','000820115','Deandrea','19780925','Cuba');
INSERT INTO emprega_midia (id_midia, id_pessoa) VALUES ('55','2803');
INSERT INTO equipe_de_midia (id_midia,nome_empresa) VALUES ('56','DHTWGUC');
INSERT INTO pessoa (id_pessoa, tipo_documento,documento,nome,data_nascimento,nome_pais_origem) VALUES ('2804','PASS','000609255','Encallado','19730226','Arabia');
INSERT INTO emprega_midia (id_midia, id_pessoa) VALUES ('56','2804');
INSERT INTO pessoa (id_pessoa, tipo_documento,documento,nome,data_nascimento,nome_pais_origem) VALUES ('2805','PASS','000305746','Broscious','19821103','Lithuania');
INSERT INTO emprega_midia (id_midia, id_pessoa) VALUES ('56','2805');
INSERT INTO pessoa (id_pessoa, tipo_documento,documento,nome,data_nascimento,nome_pais_origem) VALUES ('2806','PASS','000577241','Battuello','19780226','Mongolia');
INSERT INTO emprega_midia (id_midia, id_pessoa) VALUES ('56','2806');
INSERT INTO pessoa (id_pessoa, tipo_documento,documento,nome,data_nascimento,nome_pais_origem) VALUES ('2807','PASS','000885982','Doan','19731207','Belgium');
INSERT INTO emprega_midia (id_midia, id_pessoa) VALUES ('56','2807');
INSERT INTO equipe_de_midia (id_midia,nome_empresa) VALUES ('57','KZJBSVX');
INSERT INTO pessoa (id_pessoa, tipo_documento,documento,nome,data_nascimento,nome_pais_origem) VALUES ('2808','PASS','000664970','Barbaria','19780104','Croatia');
INSERT INTO emprega_midia (id_midia, id_pessoa) VALUES ('57','2808');
INSERT INTO pessoa (id_pessoa, tipo_documento,documento,nome,data_nascimento,nome_pais_origem) VALUES ('2809','PASS','000797808','Delashaw','19890714','Portugal');
INSERT INTO emprega_midia (id_midia, id_pessoa) VALUES ('57','2809');
INSERT INTO pessoa (id_pessoa, tipo_documento,documento,nome,data_nascimento,nome_pais_origem) VALUES ('2810','PASS','000837342','Branham','19891222','Mozambique');
INSERT INTO emprega_midia (id_midia, id_pessoa) VALUES ('57','2810');
INSERT INTO pessoa (id_pessoa, tipo_documento,documento,nome,data_nascimento,nome_pais_origem) VALUES ('2811','PASS','000187448','Blue','19700510','Uruguay');
INSERT INTO emprega_midia (id_midia, id_pessoa) VALUES ('57','2811');
INSERT INTO pessoa (id_pessoa, tipo_documento,documento,nome,data_nascimento,nome_pais_origem) VALUES ('2812','PASS','000632218','Biernacki','19861023','Denmark');
INSERT INTO emprega_midia (id_midia, id_pessoa) VALUES ('57','2812');
INSERT INTO pessoa (id_pessoa, tipo_documento,documento,nome,data_nascimento,nome_pais_origem) VALUES ('2813','PASS','000587031','Grumbine','19781208','China');
INSERT INTO emprega_midia (id_midia, id_pessoa) VALUES ('57','2813');
INSERT INTO pessoa (id_pessoa, tipo_documento,documento,nome,data_nascimento,nome_pais_origem) VALUES ('2814','PASS','000282788','Cronkite','19830414','Paraguay');
INSERT INTO emprega_midia (id_midia, id_pessoa) VALUES ('57','2814');
INSERT INTO pessoa (id_pessoa, tipo_documento,documento,nome,data_nascimento,nome_pais_origem) VALUES ('2815','PASS','000125265','Blanks','19770503','Syria');
INSERT INTO emprega_midia (id_midia, id_pessoa) VALUES ('57','2815');
INSERT INTO pessoa (id_pessoa, tipo_documento,documento,nome,data_nascimento,nome_pais_origem) VALUES ('2816','PASS','000984333','Engelke','19710326','India');
INSERT INTO emprega_midia (id_midia, id_pessoa) VALUES ('57','2816');
INSERT INTO pessoa (id_pessoa, tipo_documento,documento,nome,data_nascimento,nome_pais_origem) VALUES ('2817','PASS','000791933','Bierbaum','19700612','Switzerland');
INSERT INTO emprega_midia (id_midia, id_pessoa) VALUES ('57','2817');
INSERT INTO pessoa (id_pessoa, tipo_documento,documento,nome,data_nascimento,nome_pais_origem) VALUES ('2818','PASS','000218099','Ascheman','19700816','Portugal');
INSERT INTO emprega_midia (id_midia, id_pessoa) VALUES ('57','2818');
INSERT INTO pessoa (id_pessoa, tipo_documento,documento,nome,data_nascimento,nome_pais_origem) VALUES ('2819','PASS','000592653','Bronson','19731214','Bulgaria');
INSERT INTO emprega_midia (id_midia, id_pessoa) VALUES ('57','2819');
INSERT INTO pessoa (id_pessoa, tipo_documento,documento,nome,data_nascimento,nome_pais_origem) VALUES ('2820','PASS','000745643','Dieringer','19890316','Algeria');
INSERT INTO emprega_midia (id_midia, id_pessoa) VALUES ('57','2820');
INSERT INTO pessoa (id_pessoa, tipo_documento,documento,nome,data_nascimento,nome_pais_origem) VALUES ('2821','PASS','000364197','Damion','19720808','Mexico');
INSERT INTO emprega_midia (id_midia, id_pessoa) VALUES ('57','2821');
INSERT INTO pessoa (id_pessoa, tipo_documento,documento,nome,data_nascimento,nome_pais_origem) VALUES ('2822','PASS','000864895','Cai','19720716','Philippines');
INSERT INTO emprega_midia (id_midia, id_pessoa) VALUES ('57','2822');
INSERT INTO pessoa (id_pessoa, tipo_documento,documento,nome,data_nascimento,nome_pais_origem) VALUES ('2823','PASS','000458095','Dragula','19770401','Slovakia');
INSERT INTO emprega_midia (id_midia, id_pessoa) VALUES ('57','2823');
INSERT INTO pessoa (id_pessoa, tipo_documento,documento,nome,data_nascimento,nome_pais_origem) VALUES ('2824','PASS','000197469','Bergsman','19791105','Syria');
INSERT INTO emprega_midia (id_midia, id_pessoa) VALUES ('57','2824');
INSERT INTO pessoa (id_pessoa, tipo_documento,documento,nome,data_nascimento,nome_pais_origem) VALUES ('2825','PASS','000174681','Bralley','19740609','Australia');
INSERT INTO emprega_midia (id_midia, id_pessoa) VALUES ('57','2825');
INSERT INTO equipe_de_midia (id_midia,nome_empresa) VALUES ('58','KEQNXRU');
INSERT INTO pessoa (id_pessoa, tipo_documento,documento,nome,data_nascimento,nome_pais_origem) VALUES ('2826','PASS','000580722','Gouse','19830421','Switzerland');
INSERT INTO emprega_midia (id_midia, id_pessoa) VALUES ('58','2826');
INSERT INTO pessoa (id_pessoa, tipo_documento,documento,nome,data_nascimento,nome_pais_origem) VALUES ('2827','PASS','000265922','Barritt','19860901','Netherlands');
INSERT INTO emprega_midia (id_midia, id_pessoa) VALUES ('58','2827');
INSERT INTO pessoa (id_pessoa, tipo_documento,documento,nome,data_nascimento,nome_pais_origem) VALUES ('2828','PASS','000784296','Delonais','19810106','Bangladesh');
INSERT INTO emprega_midia (id_midia, id_pessoa) VALUES ('58','2828');
INSERT INTO pessoa (id_pessoa, tipo_documento,documento,nome,data_nascimento,nome_pais_origem) VALUES ('2829','PASS','000175206','Brownwood','19830507','Iran');
INSERT INTO emprega_midia (id_midia, id_pessoa) VALUES ('58','2829');
INSERT INTO pessoa (id_pessoa, tipo_documento,documento,nome,data_nascimento,nome_pais_origem) VALUES ('2830','PASS','000253747','Cernuto','19780415','Paraguay');
INSERT INTO emprega_midia (id_midia, id_pessoa) VALUES ('58','2830');
INSERT INTO pessoa (id_pessoa, tipo_documento,documento,nome,data_nascimento,nome_pais_origem) VALUES ('2831','PASS','000326735','Earp','19810511','Bangladesh');
INSERT INTO emprega_midia (id_midia, id_pessoa) VALUES ('58','2831');
INSERT INTO pessoa (id_pessoa, tipo_documento,documento,nome,data_nascimento,nome_pais_origem) VALUES ('2832','PASS','000223861','Decatur','19711016','Ukraine');
INSERT INTO emprega_midia (id_midia, id_pessoa) VALUES ('58','2832');
INSERT INTO pessoa (id_pessoa, tipo_documento,documento,nome,data_nascimento,nome_pais_origem) VALUES ('2833','PASS','000812631','Bloomingdale','19730324','Belarus');
INSERT INTO emprega_midia (id_midia, id_pessoa) VALUES ('58','2833');
INSERT INTO pessoa (id_pessoa, tipo_documento,documento,nome,data_nascimento,nome_pais_origem) VALUES ('2834','PASS','000782203','Catena','19730805','Chad');
INSERT INTO emprega_midia (id_midia, id_pessoa) VALUES ('58','2834');
INSERT INTO pessoa (id_pessoa, tipo_documento,documento,nome,data_nascimento,nome_pais_origem) VALUES ('2835','PASS','000838926','Amore','19880603','Netherlands');
INSERT INTO emprega_midia (id_midia, id_pessoa) VALUES ('58','2835');
INSERT INTO pessoa (id_pessoa, tipo_documento,documento,nome,data_nascimento,nome_pais_origem) VALUES ('2836','PASS','000822568','Formaggioni','19710426','Belgium');
INSERT INTO emprega_midia (id_midia, id_pessoa) VALUES ('58','2836');
INSERT INTO pessoa (id_pessoa, tipo_documento,documento,nome,data_nascimento,nome_pais_origem) VALUES ('2837','PASS','000855060','Elnora','19711016','Croatia');
INSERT INTO emprega_midia (id_midia, id_pessoa) VALUES ('58','2837');
INSERT INTO pessoa (id_pessoa, tipo_documento,documento,nome,data_nascimento,nome_pais_origem) VALUES ('2838','PASS','000794856','Boesenhofer','19880511','Thailand');
INSERT INTO emprega_midia (id_midia, id_pessoa) VALUES ('58','2838');
INSERT INTO pessoa (id_pessoa, tipo_documento,documento,nome,data_nascimento,nome_pais_origem) VALUES ('2839','PASS','000247142','Dihel','19751025','Netherlands');
INSERT INTO emprega_midia (id_midia, id_pessoa) VALUES ('58','2839');
INSERT INTO pessoa (id_pessoa, tipo_documento,documento,nome,data_nascimento,nome_pais_origem) VALUES ('2840','PASS','000581307','Chevis','19770323','Belarus');
INSERT INTO emprega_midia (id_midia, id_pessoa) VALUES ('58','2840');
INSERT INTO pessoa (id_pessoa, tipo_documento,documento,nome,data_nascimento,nome_pais_origem) VALUES ('2841','PASS','000190328','Elazegui','19770514','Vietnam');
INSERT INTO emprega_midia (id_midia, id_pessoa) VALUES ('58','2841');
INSERT INTO pessoa (id_pessoa, tipo_documento,documento,nome,data_nascimento,nome_pais_origem) VALUES ('2842','PASS','000719914','Crace','19730204','Brazil');
INSERT INTO emprega_midia (id_midia, id_pessoa) VALUES ('58','2842');
INSERT INTO pessoa (id_pessoa, tipo_documento,documento,nome,data_nascimento,nome_pais_origem) VALUES ('2843','PASS','000351415','Bembry','19790801','Peru');
INSERT INTO emprega_midia (id_midia, id_pessoa) VALUES ('58','2843');
INSERT INTO equipe_de_midia (id_midia,nome_empresa) VALUES ('59','ZQJAXGD');
INSERT INTO pessoa (id_pessoa, tipo_documento,documento,nome,data_nascimento,nome_pais_origem) VALUES ('2844','PASS','000247337','Deniken','19770512','Switzerland');
INSERT INTO emprega_midia (id_midia, id_pessoa) VALUES ('59','2844');
INSERT INTO pessoa (id_pessoa, tipo_documento,documento,nome,data_nascimento,nome_pais_origem) VALUES ('2845','PASS','000516378','Bunner','19800618','Bahrain');
INSERT INTO emprega_midia (id_midia, id_pessoa) VALUES ('59','2845');
INSERT INTO pessoa (id_pessoa, tipo_documento,documento,nome,data_nascimento,nome_pais_origem) VALUES ('2846','PASS','000943894','Barnas','19860411','Cuba');
INSERT INTO emprega_midia (id_midia, id_pessoa) VALUES ('59','2846');
INSERT INTO pessoa (id_pessoa, tipo_documento,documento,nome,data_nascimento,nome_pais_origem) VALUES ('2847','PASS','000686514','Franck','19810502','Syria');
INSERT INTO emprega_midia (id_midia, id_pessoa) VALUES ('59','2847');
INSERT INTO pessoa (id_pessoa, tipo_documento,documento,nome,data_nascimento,nome_pais_origem) VALUES ('2848','PASS','000444567','Fidler','19720306','Japan');
INSERT INTO emprega_midia (id_midia, id_pessoa) VALUES ('59','2848');
INSERT INTO pessoa (id_pessoa, tipo_documento,documento,nome,data_nascimento,nome_pais_origem) VALUES ('2849','PASS','000239486','Aicklen','19700223','Senegal');
INSERT INTO emprega_midia (id_midia, id_pessoa) VALUES ('59','2849');
INSERT INTO pessoa (id_pessoa, tipo_documento,documento,nome,data_nascimento,nome_pais_origem) VALUES ('2850','PASS','000663550','Beckie','19770226','Bulgaria');
INSERT INTO emprega_midia (id_midia, id_pessoa) VALUES ('59','2850');
INSERT INTO pessoa (id_pessoa, tipo_documento,documento,nome,data_nascimento,nome_pais_origem) VALUES ('2851','PASS','000832985','Burda','19761101','Croatia');
INSERT INTO emprega_midia (id_midia, id_pessoa) VALUES ('59','2851');
INSERT INTO pessoa (id_pessoa, tipo_documento,documento,nome,data_nascimento,nome_pais_origem) VALUES ('2852','PASS','000864604','Barno','19800608','Turkey');
INSERT INTO emprega_midia (id_midia, id_pessoa) VALUES ('59','2852');
INSERT INTO pessoa (id_pessoa, tipo_documento,documento,nome,data_nascimento,nome_pais_origem) VALUES ('2853','PASS','000306384','Frenner','19780723','Poland');
INSERT INTO emprega_midia (id_midia, id_pessoa) VALUES ('59','2853');
INSERT INTO pessoa (id_pessoa, tipo_documento,documento,nome,data_nascimento,nome_pais_origem) VALUES ('2854','PASS','000280682','Aliza','19830708','Afghanistan');
INSERT INTO emprega_midia (id_midia, id_pessoa) VALUES ('59','2854');
INSERT INTO pessoa (id_pessoa, tipo_documento,documento,nome,data_nascimento,nome_pais_origem) VALUES ('2855','PASS','000204664','Cutsforth','19780609','Zealand');
INSERT INTO emprega_midia (id_midia, id_pessoa) VALUES ('59','2855');
INSERT INTO pessoa (id_pessoa, tipo_documento,documento,nome,data_nascimento,nome_pais_origem) VALUES ('2856','PASS','000670671','Giacopelli','19760617','Austria');
INSERT INTO emprega_midia (id_midia, id_pessoa) VALUES ('59','2856');
INSERT INTO pessoa (id_pessoa, tipo_documento,documento,nome,data_nascimento,nome_pais_origem) VALUES ('2857','PASS','000867967','Colpitts','19890505','Bahamas');
INSERT INTO emprega_midia (id_midia, id_pessoa) VALUES ('59','2857');
INSERT INTO pessoa (id_pessoa, tipo_documento,documento,nome,data_nascimento,nome_pais_origem) VALUES ('2858','PASS','000464176','Crighton','19880527','Brazil');
INSERT INTO emprega_midia (id_midia, id_pessoa) VALUES ('59','2858');
INSERT INTO pessoa (id_pessoa, tipo_documento,documento,nome,data_nascimento,nome_pais_origem) VALUES ('2859','PASS','000696030','Bazarte','19710723','Georgia');
INSERT INTO emprega_midia (id_midia, id_pessoa) VALUES ('59','2859');
INSERT INTO pessoa (id_pessoa, tipo_documento,documento,nome,data_nascimento,nome_pais_origem) VALUES ('2860','PASS','000139535','Dini','19840621','Vietnam');
INSERT INTO emprega_midia (id_midia, id_pessoa) VALUES ('59','2860');
INSERT INTO pessoa (id_pessoa, tipo_documento,documento,nome,data_nascimento,nome_pais_origem) VALUES ('2861','PASS','000426771','Foesch','19711018','Finland');
INSERT INTO emprega_midia (id_midia, id_pessoa) VALUES ('59','2861');
INSERT INTO pessoa (id_pessoa, tipo_documento,documento,nome,data_nascimento,nome_pais_origem) VALUES ('2862','PASS','000578862','Dillworth','19730409','Senegal');
INSERT INTO emprega_midia (id_midia, id_pessoa) VALUES ('59','2862');
INSERT INTO pessoa (id_pessoa, tipo_documento,documento,nome,data_nascimento,nome_pais_origem) VALUES ('2863','PASS','000768445','Bordeau','19730210','Nicaragua');
INSERT INTO emprega_midia (id_midia, id_pessoa) VALUES ('59','2863');
INSERT INTO pessoa (id_pessoa, tipo_documento,documento,nome,data_nascimento,nome_pais_origem) VALUES ('2864','PASS','000235249','Bridger','19800706','Iraq');
INSERT INTO emprega_midia (id_midia, id_pessoa) VALUES ('59','2864');
INSERT INTO pessoa (id_pessoa, tipo_documento,documento,nome,data_nascimento,nome_pais_origem) VALUES ('2865','PASS','000226865','Duboise','19800303','Morocco');
INSERT INTO emprega_midia (id_midia, id_pessoa) VALUES ('59','2865');
INSERT INTO pessoa (id_pessoa, tipo_documento,documento,nome,data_nascimento,nome_pais_origem) VALUES ('2866','PASS','000237986','Gertude','19790218','Austria');
INSERT INTO emprega_midia (id_midia, id_pessoa) VALUES ('59','2866');
INSERT INTO pessoa (id_pessoa, tipo_documento,documento,nome,data_nascimento,nome_pais_origem) VALUES ('2867','PASS','000317254','Garibay','19701109','Mongolia');
INSERT INTO emprega_midia (id_midia, id_pessoa) VALUES ('59','2867');
INSERT INTO pessoa (id_pessoa, tipo_documento,documento,nome,data_nascimento,nome_pais_origem) VALUES ('2868','PASS','000180588','Brucato','19810917','Monaco');
INSERT INTO emprega_midia (id_midia, id_pessoa) VALUES ('59','2868');
INSERT INTO pessoa (id_pessoa, tipo_documento,documento,nome,data_nascimento,nome_pais_origem) VALUES ('2869','PASS','000425653','Chuyangher','19720720','Bangladesh');
INSERT INTO emprega_midia (id_midia, id_pessoa) VALUES ('59','2869');
INSERT INTO pessoa (id_pessoa, tipo_documento,documento,nome,data_nascimento,nome_pais_origem) VALUES ('2870','PASS','000422843','Goldman','19790704','Arabia');
INSERT INTO emprega_midia (id_midia, id_pessoa) VALUES ('59','2870');
INSERT INTO pessoa (id_pessoa, tipo_documento,documento,nome,data_nascimento,nome_pais_origem) VALUES ('2871','PASS','000858949','Barbara','19840601','Saudi');
INSERT INTO emprega_midia (id_midia, id_pessoa) VALUES ('59','2871');
INSERT INTO pessoa (id_pessoa, tipo_documento,documento,nome,data_nascimento,nome_pais_origem) VALUES ('2872','PASS','000120422','Chittick','19811010','Angola');
INSERT INTO emprega_midia (id_midia, id_pessoa) VALUES ('59','2872');
INSERT INTO pessoa (id_pessoa, tipo_documento,documento,nome,data_nascimento,nome_pais_origem) VALUES ('2873','PASS','000364017','Croom','19750218','Bahamas');
INSERT INTO emprega_midia (id_midia, id_pessoa) VALUES ('59','2873');
INSERT INTO equipe_de_midia (id_midia,nome_empresa) VALUES ('60','FEWGSQY');
INSERT INTO pessoa (id_pessoa, tipo_documento,documento,nome,data_nascimento,nome_pais_origem) VALUES ('2874','PASS','000130379','Bunten','19860308','Thailand');
INSERT INTO emprega_midia (id_midia, id_pessoa) VALUES ('60','2874');
INSERT INTO pessoa (id_pessoa, tipo_documento,documento,nome,data_nascimento,nome_pais_origem) VALUES ('2875','PASS','000893737','Anschutz','19780403','Bangladesh');
INSERT INTO emprega_midia (id_midia, id_pessoa) VALUES ('60','2875');
INSERT INTO pessoa (id_pessoa, tipo_documento,documento,nome,data_nascimento,nome_pais_origem) VALUES ('2876','PASS','000338832','Fenrich','19881123','Luxembourg');
INSERT INTO emprega_midia (id_midia, id_pessoa) VALUES ('60','2876');
INSERT INTO pessoa (id_pessoa, tipo_documento,documento,nome,data_nascimento,nome_pais_origem) VALUES ('2877','PASS','000609620','Burnard','19850302','Georgia');
INSERT INTO emprega_midia (id_midia, id_pessoa) VALUES ('60','2877');
INSERT INTO pessoa (id_pessoa, tipo_documento,documento,nome,data_nascimento,nome_pais_origem) VALUES ('2878','PASS','000379277','Bennerson','19841206','Finland');
INSERT INTO emprega_midia (id_midia, id_pessoa) VALUES ('60','2878');
INSERT INTO pessoa (id_pessoa, tipo_documento,documento,nome,data_nascimento,nome_pais_origem) VALUES ('2879','PASS','000635292','Faurot','19811022','Colombia');
INSERT INTO emprega_midia (id_midia, id_pessoa) VALUES ('60','2879');
INSERT INTO pessoa (id_pessoa, tipo_documento,documento,nome,data_nascimento,nome_pais_origem) VALUES ('2880','PASS','000613053','Davisson','19841011','Greece');
INSERT INTO emprega_midia (id_midia, id_pessoa) VALUES ('60','2880');
INSERT INTO pessoa (id_pessoa, tipo_documento,documento,nome,data_nascimento,nome_pais_origem) VALUES ('2881','PASS','000127055','Billeaudeau','19871203','Mexico');
INSERT INTO emprega_midia (id_midia, id_pessoa) VALUES ('60','2881');
INSERT INTO pessoa (id_pessoa, tipo_documento,documento,nome,data_nascimento,nome_pais_origem) VALUES ('2882','PASS','000908800','Elbe','19720625','Afghanistan');
INSERT INTO emprega_midia (id_midia, id_pessoa) VALUES ('60','2882');
INSERT INTO pessoa (id_pessoa, tipo_documento,documento,nome,data_nascimento,nome_pais_origem) VALUES ('2883','PASS','000536688','Cocco','19880827','Morocco');
INSERT INTO emprega_midia (id_midia, id_pessoa) VALUES ('60','2883');
INSERT INTO pessoa (id_pessoa, tipo_documento,documento,nome,data_nascimento,nome_pais_origem) VALUES ('2884','PASS','000218269','Arend','19710726','Ukraine');
INSERT INTO emprega_midia (id_midia, id_pessoa) VALUES ('60','2884');
INSERT INTO pessoa (id_pessoa, tipo_documento,documento,nome,data_nascimento,nome_pais_origem) VALUES ('2885','PASS','000767984','Canaway','19861018','Liechtenstein');
INSERT INTO emprega_midia (id_midia, id_pessoa) VALUES ('60','2885');
INSERT INTO pessoa (id_pessoa, tipo_documento,documento,nome,data_nascimento,nome_pais_origem) VALUES ('2886','PASS','000753834','Goodgion','19880504','Algeria');
INSERT INTO emprega_midia (id_midia, id_pessoa) VALUES ('60','2886');
INSERT INTO pessoa (id_pessoa, tipo_documento,documento,nome,data_nascimento,nome_pais_origem) VALUES ('2887','PASS','000209323','Artiga','19720626','Uzbekistan');
INSERT INTO emprega_midia (id_midia, id_pessoa) VALUES ('60','2887');
INSERT INTO pessoa (id_pessoa, tipo_documento,documento,nome,data_nascimento,nome_pais_origem) VALUES ('2888','PASS','000316743','Favreau','19820909','Armenia');
INSERT INTO emprega_midia (id_midia, id_pessoa) VALUES ('60','2888');
INSERT INTO pessoa (id_pessoa, tipo_documento,documento,nome,data_nascimento,nome_pais_origem) VALUES ('2889','PASS','000983391','Battiato','19850918','Hungary');
INSERT INTO emprega_midia (id_midia, id_pessoa) VALUES ('60','2889');
INSERT INTO equipe_de_midia (id_midia,nome_empresa) VALUES ('61','ALCGCWH');
INSERT INTO pessoa (id_pessoa, tipo_documento,documento,nome,data_nascimento,nome_pais_origem) VALUES ('2890','PASS','000243756','Addison','19860919','Japan');
INSERT INTO emprega_midia (id_midia, id_pessoa) VALUES ('61','2890');
INSERT INTO equipe_de_midia (id_midia,nome_empresa) VALUES ('62','MNLGAIR');
INSERT INTO pessoa (id_pessoa, tipo_documento,documento,nome,data_nascimento,nome_pais_origem) VALUES ('2891','PASS','000640196','Feister','19850108','Hungary');
INSERT INTO emprega_midia (id_midia, id_pessoa) VALUES ('62','2891');
INSERT INTO pessoa (id_pessoa, tipo_documento,documento,nome,data_nascimento,nome_pais_origem) VALUES ('2892','PASS','000112902','Bowling','19801106','Austria');
INSERT INTO emprega_midia (id_midia, id_pessoa) VALUES ('62','2892');
INSERT INTO pessoa (id_pessoa, tipo_documento,documento,nome,data_nascimento,nome_pais_origem) VALUES ('2893','PASS','000643768','Chiquito','19790624','Australia');
INSERT INTO emprega_midia (id_midia, id_pessoa) VALUES ('62','2893');
INSERT INTO pessoa (id_pessoa, tipo_documento,documento,nome,data_nascimento,nome_pais_origem) VALUES ('2894','PASS','000831589','Antenucci','19710109','Luxembourg');
INSERT INTO emprega_midia (id_midia, id_pessoa) VALUES ('62','2894');
INSERT INTO pessoa (id_pessoa, tipo_documento,documento,nome,data_nascimento,nome_pais_origem) VALUES ('2895','PASS','000839606','Gradel','19710719','India');
INSERT INTO emprega_midia (id_midia, id_pessoa) VALUES ('62','2895');
INSERT INTO pessoa (id_pessoa, tipo_documento,documento,nome,data_nascimento,nome_pais_origem) VALUES ('2896','PASS','000325121','Appleby','19711215','Estonia');
INSERT INTO emprega_midia (id_midia, id_pessoa) VALUES ('62','2896');
INSERT INTO pessoa (id_pessoa, tipo_documento,documento,nome,data_nascimento,nome_pais_origem) VALUES ('2897','PASS','000611527','Bennie','19880324','Argentina');
INSERT INTO emprega_midia (id_midia, id_pessoa) VALUES ('62','2897');
INSERT INTO pessoa (id_pessoa, tipo_documento,documento,nome,data_nascimento,nome_pais_origem) VALUES ('2898','PASS','000757953','Amigon','19701107','Bangladesh');
INSERT INTO emprega_midia (id_midia, id_pessoa) VALUES ('62','2898');
INSERT INTO pessoa (id_pessoa, tipo_documento,documento,nome,data_nascimento,nome_pais_origem) VALUES ('2899','PASS','000950452','Arnett','19841109','Finland');
INSERT INTO emprega_midia (id_midia, id_pessoa) VALUES ('62','2899');
INSERT INTO pessoa (id_pessoa, tipo_documento,documento,nome,data_nascimento,nome_pais_origem) VALUES ('2900','PASS','000590163','Derr','19740826','Vietnam');
INSERT INTO emprega_midia (id_midia, id_pessoa) VALUES ('62','2900');
INSERT INTO pessoa (id_pessoa, tipo_documento,documento,nome,data_nascimento,nome_pais_origem) VALUES ('2901','PASS','000309481','Ellinghuysen','19801206','Arabia');
INSERT INTO emprega_midia (id_midia, id_pessoa) VALUES ('62','2901');
INSERT INTO pessoa (id_pessoa, tipo_documento,documento,nome,data_nascimento,nome_pais_origem) VALUES ('2902','PASS','000339482','Cager','19761108','Chad');
INSERT INTO emprega_midia (id_midia, id_pessoa) VALUES ('62','2902');
INSERT INTO pessoa (id_pessoa, tipo_documento,documento,nome,data_nascimento,nome_pais_origem) VALUES ('2903','PASS','000485528','Cracraft','19810812','Iraq');
INSERT INTO emprega_midia (id_midia, id_pessoa) VALUES ('62','2903');
INSERT INTO pessoa (id_pessoa, tipo_documento,documento,nome,data_nascimento,nome_pais_origem) VALUES ('2904','PASS','000408043','Bend','19730621','Hungary');
INSERT INTO emprega_midia (id_midia, id_pessoa) VALUES ('62','2904');
INSERT INTO pessoa (id_pessoa, tipo_documento,documento,nome,data_nascimento,nome_pais_origem) VALUES ('2905','PASS','000431497','An','19820114','Uzbekistan');
INSERT INTO emprega_midia (id_midia, id_pessoa) VALUES ('62','2905');
INSERT INTO pessoa (id_pessoa, tipo_documento,documento,nome,data_nascimento,nome_pais_origem) VALUES ('2906','PASS','000880767','Bellantone','19731020','Netherlands');
INSERT INTO emprega_midia (id_midia, id_pessoa) VALUES ('62','2906');
INSERT INTO pessoa (id_pessoa, tipo_documento,documento,nome,data_nascimento,nome_pais_origem) VALUES ('2907','PASS','000582418','Altringer','19881220','Croatia');
INSERT INTO emprega_midia (id_midia, id_pessoa) VALUES ('62','2907');
INSERT INTO pessoa (id_pessoa, tipo_documento,documento,nome,data_nascimento,nome_pais_origem) VALUES ('2908','PASS','000793618','Cavalier','19810521','Switzerland');
INSERT INTO emprega_midia (id_midia, id_pessoa) VALUES ('62','2908');
INSERT INTO pessoa (id_pessoa, tipo_documento,documento,nome,data_nascimento,nome_pais_origem) VALUES ('2909','PASS','000560990','Breckenstein','19810112','Hungary');
INSERT INTO emprega_midia (id_midia, id_pessoa) VALUES ('62','2909');
INSERT INTO pessoa (id_pessoa, tipo_documento,documento,nome,data_nascimento,nome_pais_origem) VALUES ('2910','PASS','000643464','Buisson','19770417','Norway');
INSERT INTO emprega_midia (id_midia, id_pessoa) VALUES ('62','2910');
INSERT INTO pessoa (id_pessoa, tipo_documento,documento,nome,data_nascimento,nome_pais_origem) VALUES ('2911','PASS','000665515','Cellar','19710522','Brazil');
INSERT INTO emprega_midia (id_midia, id_pessoa) VALUES ('62','2911');
INSERT INTO pessoa (id_pessoa, tipo_documento,documento,nome,data_nascimento,nome_pais_origem) VALUES ('2912','PASS','000550150','Case','19700412','Japan');
INSERT INTO emprega_midia (id_midia, id_pessoa) VALUES ('62','2912');
INSERT INTO pessoa (id_pessoa, tipo_documento,documento,nome,data_nascimento,nome_pais_origem) VALUES ('2913','PASS','000614788','Darin','19870817','India');
INSERT INTO emprega_midia (id_midia, id_pessoa) VALUES ('62','2913');
INSERT INTO pessoa (id_pessoa, tipo_documento,documento,nome,data_nascimento,nome_pais_origem) VALUES ('2914','PASS','000876184','Bohlinger','19710804','Albania');
INSERT INTO emprega_midia (id_midia, id_pessoa) VALUES ('62','2914');
INSERT INTO pessoa (id_pessoa, tipo_documento,documento,nome,data_nascimento,nome_pais_origem) VALUES ('2915','PASS','000502071','Gaynell','19771012','Arabia');
INSERT INTO emprega_midia (id_midia, id_pessoa) VALUES ('62','2915');
INSERT INTO pessoa (id_pessoa, tipo_documento,documento,nome,data_nascimento,nome_pais_origem) VALUES ('2916','PASS','000791644','Flammang','19771217','Sweden');
INSERT INTO emprega_midia (id_midia, id_pessoa) VALUES ('62','2916');
INSERT INTO pessoa (id_pessoa, tipo_documento,documento,nome,data_nascimento,nome_pais_origem) VALUES ('2917','PASS','000515150','Curley','19770809','Bangladesh');
INSERT INTO emprega_midia (id_midia, id_pessoa) VALUES ('62','2917');
INSERT INTO pessoa (id_pessoa, tipo_documento,documento,nome,data_nascimento,nome_pais_origem) VALUES ('2918','PASS','000880738','Boscio','19750615','Estonia');
INSERT INTO emprega_midia (id_midia, id_pessoa) VALUES ('62','2918');
INSERT INTO pessoa (id_pessoa, tipo_documento,documento,nome,data_nascimento,nome_pais_origem) VALUES ('2919','PASS','000692115','Dottle','19720320','Bulgaria');
INSERT INTO emprega_midia (id_midia, id_pessoa) VALUES ('62','2919');
INSERT INTO pessoa (id_pessoa, tipo_documento,documento,nome,data_nascimento,nome_pais_origem) VALUES ('2920','PASS','000616217','Dayne','19740315','China');
INSERT INTO emprega_midia (id_midia, id_pessoa) VALUES ('62','2920');
INSERT INTO pessoa (id_pessoa, tipo_documento,documento,nome,data_nascimento,nome_pais_origem) VALUES ('2921','PASS','000928146','Blanquet','19820122','Bulgaria');
INSERT INTO emprega_midia (id_midia, id_pessoa) VALUES ('62','2921');
INSERT INTO equipe_de_midia (id_midia,nome_empresa) VALUES ('63','VLQZSDW');
INSERT INTO pessoa (id_pessoa, tipo_documento,documento,nome,data_nascimento,nome_pais_origem) VALUES ('2922','PASS','000393609','Bulinski','19750324','Uruguay');
INSERT INTO emprega_midia (id_midia, id_pessoa) VALUES ('63','2922');
INSERT INTO pessoa (id_pessoa, tipo_documento,documento,nome,data_nascimento,nome_pais_origem) VALUES ('2923','PASS','000688929','Fraher','19871226','Germany');
INSERT INTO emprega_midia (id_midia, id_pessoa) VALUES ('63','2923');
INSERT INTO pessoa (id_pessoa, tipo_documento,documento,nome,data_nascimento,nome_pais_origem) VALUES ('2924','PASS','000211146','Arcuri','19711221','Denmark');
INSERT INTO emprega_midia (id_midia, id_pessoa) VALUES ('63','2924');
INSERT INTO pessoa (id_pessoa, tipo_documento,documento,nome,data_nascimento,nome_pais_origem) VALUES ('2925','PASS','000678467','Folker','19890815','Finland');
INSERT INTO emprega_midia (id_midia, id_pessoa) VALUES ('63','2925');
INSERT INTO pessoa (id_pessoa, tipo_documento,documento,nome,data_nascimento,nome_pais_origem) VALUES ('2926','PASS','000906872','Grothoff','19700707','Norway');
INSERT INTO emprega_midia (id_midia, id_pessoa) VALUES ('63','2926');
INSERT INTO pessoa (id_pessoa, tipo_documento,documento,nome,data_nascimento,nome_pais_origem) VALUES ('2927','PASS','000218936','Carpinelli','19841207','Peru');
INSERT INTO emprega_midia (id_midia, id_pessoa) VALUES ('63','2927');
INSERT INTO pessoa (id_pessoa, tipo_documento,documento,nome,data_nascimento,nome_pais_origem) VALUES ('2928','PASS','000100392','Castle','19880622','Peru');
INSERT INTO emprega_midia (id_midia, id_pessoa) VALUES ('63','2928');
INSERT INTO pessoa (id_pessoa, tipo_documento,documento,nome,data_nascimento,nome_pais_origem) VALUES ('2929','PASS','000416786','Choulnard','19850802','Estonia');
INSERT INTO emprega_midia (id_midia, id_pessoa) VALUES ('63','2929');
INSERT INTO pessoa (id_pessoa, tipo_documento,documento,nome,data_nascimento,nome_pais_origem) VALUES ('2930','PASS','000137030','Gaser','19800118','Romania');
INSERT INTO emprega_midia (id_midia, id_pessoa) VALUES ('63','2930');
INSERT INTO pessoa (id_pessoa, tipo_documento,documento,nome,data_nascimento,nome_pais_origem) VALUES ('2931','PASS','000920180','Ginzel','19821221','Bulgaria');
INSERT INTO emprega_midia (id_midia, id_pessoa) VALUES ('63','2931');
INSERT INTO pessoa (id_pessoa, tipo_documento,documento,nome,data_nascimento,nome_pais_origem) VALUES ('2932','PASS','000569789','Celso','19760524','Lithuania');
INSERT INTO emprega_midia (id_midia, id_pessoa) VALUES ('63','2932');
INSERT INTO pessoa (id_pessoa, tipo_documento,documento,nome,data_nascimento,nome_pais_origem) VALUES ('2933','PASS','000493422','Ciotti','19790412','Japan');
INSERT INTO emprega_midia (id_midia, id_pessoa) VALUES ('63','2933');
INSERT INTO pessoa (id_pessoa, tipo_documento,documento,nome,data_nascimento,nome_pais_origem) VALUES ('2934','PASS','000696092','Digmann','19720504','Uruguay');
INSERT INTO emprega_midia (id_midia, id_pessoa) VALUES ('63','2934');
INSERT INTO pessoa (id_pessoa, tipo_documento,documento,nome,data_nascimento,nome_pais_origem) VALUES ('2935','PASS','000114357','Bartow','19730626','Syria');
INSERT INTO emprega_midia (id_midia, id_pessoa) VALUES ('63','2935');
INSERT INTO pessoa (id_pessoa, tipo_documento,documento,nome,data_nascimento,nome_pais_origem) VALUES ('2936','PASS','000307288','Dobbratz','19800202','Georgia');
INSERT INTO emprega_midia (id_midia, id_pessoa) VALUES ('63','2936');
INSERT INTO pessoa (id_pessoa, tipo_documento,documento,nome,data_nascimento,nome_pais_origem) VALUES ('2937','PASS','000108110','Benser','19841126','Chile');
INSERT INTO emprega_midia (id_midia, id_pessoa) VALUES ('63','2937');
INSERT INTO pessoa (id_pessoa, tipo_documento,documento,nome,data_nascimento,nome_pais_origem) VALUES ('2938','PASS','000921197','Blyzes','19880622','Liechtenstein');
INSERT INTO emprega_midia (id_midia, id_pessoa) VALUES ('63','2938');
INSERT INTO pessoa (id_pessoa, tipo_documento,documento,nome,data_nascimento,nome_pais_origem) VALUES ('2939','PASS','000589754','Couret','19751205','Luxembourg');
INSERT INTO emprega_midia (id_midia, id_pessoa) VALUES ('63','2939');
INSERT INTO pessoa (id_pessoa, tipo_documento,documento,nome,data_nascimento,nome_pais_origem) VALUES ('2940','PASS','000643866','Beidler','19881109','Uzbekistan');
INSERT INTO emprega_midia (id_midia, id_pessoa) VALUES ('63','2940');
INSERT INTO pessoa (id_pessoa, tipo_documento,documento,nome,data_nascimento,nome_pais_origem) VALUES ('2941','PASS','000273776','Biddinger','19700812','Romania');
INSERT INTO emprega_midia (id_midia, id_pessoa) VALUES ('63','2941');
INSERT INTO pessoa (id_pessoa, tipo_documento,documento,nome,data_nascimento,nome_pais_origem) VALUES ('2942','PASS','000223751','Friederich','19800108','Bangladesh');
INSERT INTO emprega_midia (id_midia, id_pessoa) VALUES ('63','2942');
INSERT INTO pessoa (id_pessoa, tipo_documento,documento,nome,data_nascimento,nome_pais_origem) VALUES ('2943','PASS','000733672','Craigo','19800607','Croatia');
INSERT INTO emprega_midia (id_midia, id_pessoa) VALUES ('63','2943');
INSERT INTO pessoa (id_pessoa, tipo_documento,documento,nome,data_nascimento,nome_pais_origem) VALUES ('2944','PASS','000637382','Chester','19800106','Hungary');
INSERT INTO emprega_midia (id_midia, id_pessoa) VALUES ('63','2944');
INSERT INTO pessoa (id_pessoa, tipo_documento,documento,nome,data_nascimento,nome_pais_origem) VALUES ('2945','PASS','000518529','Bodenheimer','19810419','Indonesia');
INSERT INTO emprega_midia (id_midia, id_pessoa) VALUES ('63','2945');
INSERT INTO pessoa (id_pessoa, tipo_documento,documento,nome,data_nascimento,nome_pais_origem) VALUES ('2946','PASS','000960998','Faiella','19860818','Cuba');
INSERT INTO emprega_midia (id_midia, id_pessoa) VALUES ('63','2946');
INSERT INTO pessoa (id_pessoa, tipo_documento,documento,nome,data_nascimento,nome_pais_origem) VALUES ('2947','PASS','000787789','Comfort','19850315','Thailand');
INSERT INTO emprega_midia (id_midia, id_pessoa) VALUES ('63','2947');
INSERT INTO pessoa (id_pessoa, tipo_documento,documento,nome,data_nascimento,nome_pais_origem) VALUES ('2948','PASS','000117157','Basel','19740807','Norway');
INSERT INTO emprega_midia (id_midia, id_pessoa) VALUES ('63','2948');
INSERT INTO pessoa (id_pessoa, tipo_documento,documento,nome,data_nascimento,nome_pais_origem) VALUES ('2949','PASS','000758293','Elmer','19881212','Japan');
INSERT INTO emprega_midia (id_midia, id_pessoa) VALUES ('63','2949');
INSERT INTO pessoa (id_pessoa, tipo_documento,documento,nome,data_nascimento,nome_pais_origem) VALUES ('2950','PASS','000612933','Bayird','19841207','Bangladesh');
INSERT INTO emprega_midia (id_midia, id_pessoa) VALUES ('63','2950');
INSERT INTO equipe_de_midia (id_midia,nome_empresa) VALUES ('64','AQZGLPP');
INSERT INTO pessoa (id_pessoa, tipo_documento,documento,nome,data_nascimento,nome_pais_origem) VALUES ('2951','PASS','000856847','Bisard','19790504','Uruguay');
INSERT INTO emprega_midia (id_midia, id_pessoa) VALUES ('64','2951');
INSERT INTO pessoa (id_pessoa, tipo_documento,documento,nome,data_nascimento,nome_pais_origem) VALUES ('2952','PASS','000132116','Galla','19851003','Vietnam');
INSERT INTO emprega_midia (id_midia, id_pessoa) VALUES ('64','2952');
INSERT INTO pessoa (id_pessoa, tipo_documento,documento,nome,data_nascimento,nome_pais_origem) VALUES ('2953','PASS','000847327','Bucanan','19830922','Uruguay');
INSERT INTO emprega_midia (id_midia, id_pessoa) VALUES ('64','2953');
INSERT INTO pessoa (id_pessoa, tipo_documento,documento,nome,data_nascimento,nome_pais_origem) VALUES ('2954','PASS','000972658','Birsner','19720104','Vietnam');
INSERT INTO emprega_midia (id_midia, id_pessoa) VALUES ('64','2954');
INSERT INTO pessoa (id_pessoa, tipo_documento,documento,nome,data_nascimento,nome_pais_origem) VALUES ('2955','PASS','000592381','Goodwin','19890404','Italy');
INSERT INTO emprega_midia (id_midia, id_pessoa) VALUES ('64','2955');
INSERT INTO equipe_de_midia (id_midia,nome_empresa) VALUES ('65','XEAFYFU');
INSERT INTO pessoa (id_pessoa, tipo_documento,documento,nome,data_nascimento,nome_pais_origem) VALUES ('2956','PASS','000837308','Beppu','19710720','Denmark');
INSERT INTO emprega_midia (id_midia, id_pessoa) VALUES ('65','2956');
INSERT INTO pessoa (id_pessoa, tipo_documento,documento,nome,data_nascimento,nome_pais_origem) VALUES ('2957','PASS','000809608','Godzik','19840317','Germany');
INSERT INTO emprega_midia (id_midia, id_pessoa) VALUES ('65','2957');
INSERT INTO pessoa (id_pessoa, tipo_documento,documento,nome,data_nascimento,nome_pais_origem) VALUES ('2958','PASS','000195123','Aw','19850515','Hungary');
INSERT INTO emprega_midia (id_midia, id_pessoa) VALUES ('65','2958');
INSERT INTO pessoa (id_pessoa, tipo_documento,documento,nome,data_nascimento,nome_pais_origem) VALUES ('2959','PASS','000138012','Fallone','19770306','Finland');
INSERT INTO emprega_midia (id_midia, id_pessoa) VALUES ('65','2959');
INSERT INTO pessoa (id_pessoa, tipo_documento,documento,nome,data_nascimento,nome_pais_origem) VALUES ('2960','PASS','000643968','Boughter','19890318','Belgium');
INSERT INTO emprega_midia (id_midia, id_pessoa) VALUES ('65','2960');
INSERT INTO pessoa (id_pessoa, tipo_documento,documento,nome,data_nascimento,nome_pais_origem) VALUES ('2961','PASS','000595140','Branine','19790523','New');
INSERT INTO emprega_midia (id_midia, id_pessoa) VALUES ('65','2961');
INSERT INTO pessoa (id_pessoa, tipo_documento,documento,nome,data_nascimento,nome_pais_origem) VALUES ('2962','PASS','000938838','Getson','19750608','Belgium');
INSERT INTO emprega_midia (id_midia, id_pessoa) VALUES ('65','2962');
INSERT INTO pessoa (id_pessoa, tipo_documento,documento,nome,data_nascimento,nome_pais_origem) VALUES ('2963','PASS','000175483','Akapo','19870621','Turkey');
INSERT INTO emprega_midia (id_midia, id_pessoa) VALUES ('65','2963');
INSERT INTO pessoa (id_pessoa, tipo_documento,documento,nome,data_nascimento,nome_pais_origem) VALUES ('2964','PASS','000914837','Amescua','19880104','Afghanistan');
INSERT INTO emprega_midia (id_midia, id_pessoa) VALUES ('65','2964');
INSERT INTO pessoa (id_pessoa, tipo_documento,documento,nome,data_nascimento,nome_pais_origem) VALUES ('2965','PASS','000848137','Conaghan','19780123','Brazil');
INSERT INTO emprega_midia (id_midia, id_pessoa) VALUES ('65','2965');
INSERT INTO pessoa (id_pessoa, tipo_documento,documento,nome,data_nascimento,nome_pais_origem) VALUES ('2966','PASS','000170504','Ater','19700315','Armenia');
INSERT INTO emprega_midia (id_midia, id_pessoa) VALUES ('65','2966');
INSERT INTO pessoa (id_pessoa, tipo_documento,documento,nome,data_nascimento,nome_pais_origem) VALUES ('2967','PASS','000635757','Farid','19760325','Netherlands');
INSERT INTO emprega_midia (id_midia, id_pessoa) VALUES ('65','2967');
INSERT INTO pessoa (id_pessoa, tipo_documento,documento,nome,data_nascimento,nome_pais_origem) VALUES ('2968','PASS','000521702','Arlington','19701116','Saudi');
INSERT INTO emprega_midia (id_midia, id_pessoa) VALUES ('65','2968');
INSERT INTO pessoa (id_pessoa, tipo_documento,documento,nome,data_nascimento,nome_pais_origem) VALUES ('2969','PASS','000908333','Anastos','19740211','Vietnam');
INSERT INTO emprega_midia (id_midia, id_pessoa) VALUES ('65','2969');
INSERT INTO pessoa (id_pessoa, tipo_documento,documento,nome,data_nascimento,nome_pais_origem) VALUES ('2970','PASS','000363829','Amos','19791101','Afghanistan');
INSERT INTO emprega_midia (id_midia, id_pessoa) VALUES ('65','2970');
INSERT INTO pessoa (id_pessoa, tipo_documento,documento,nome,data_nascimento,nome_pais_origem) VALUES ('2971','PASS','000228654','Fie','19801016','Barbados');
INSERT INTO emprega_midia (id_midia, id_pessoa) VALUES ('65','2971');
INSERT INTO pessoa (id_pessoa, tipo_documento,documento,nome,data_nascimento,nome_pais_origem) VALUES ('2972','PASS','000232590','Gibbens','19780117','Portugal');
INSERT INTO emprega_midia (id_midia, id_pessoa) VALUES ('65','2972');
INSERT INTO pessoa (id_pessoa, tipo_documento,documento,nome,data_nascimento,nome_pais_origem) VALUES ('2973','PASS','000921399','Breckel','19800512','Cuba');
INSERT INTO emprega_midia (id_midia, id_pessoa) VALUES ('65','2973');
INSERT INTO pessoa (id_pessoa, tipo_documento,documento,nome,data_nascimento,nome_pais_origem) VALUES ('2974','PASS','000143541','Boza','19880120','Peru');
INSERT INTO emprega_midia (id_midia, id_pessoa) VALUES ('65','2974');
INSERT INTO pessoa (id_pessoa, tipo_documento,documento,nome,data_nascimento,nome_pais_origem) VALUES ('2975','PASS','000429574','Balko','19760115','Bulgaria');
INSERT INTO emprega_midia (id_midia, id_pessoa) VALUES ('65','2975');
INSERT INTO pessoa (id_pessoa, tipo_documento,documento,nome,data_nascimento,nome_pais_origem) VALUES ('2976','PASS','000624874','Ganiban','19850407','Netherlands');
INSERT INTO emprega_midia (id_midia, id_pessoa) VALUES ('65','2976');
INSERT INTO pessoa (id_pessoa, tipo_documento,documento,nome,data_nascimento,nome_pais_origem) VALUES ('2977','PASS','000629328','Blizzard','19770703','Azerbaijan');
INSERT INTO emprega_midia (id_midia, id_pessoa) VALUES ('65','2977');
INSERT INTO pessoa (id_pessoa, tipo_documento,documento,nome,data_nascimento,nome_pais_origem) VALUES ('2978','PASS','000896979','Dagner','19720623','Iran');
INSERT INTO emprega_midia (id_midia, id_pessoa) VALUES ('65','2978');
INSERT INTO pessoa (id_pessoa, tipo_documento,documento,nome,data_nascimento,nome_pais_origem) VALUES ('2979','PASS','000763952','Chasity','19780916','Serbia');
INSERT INTO emprega_midia (id_midia, id_pessoa) VALUES ('65','2979');
INSERT INTO pessoa (id_pessoa, tipo_documento,documento,nome,data_nascimento,nome_pais_origem) VALUES ('2980','PASS','000357209','Comden','19840724','Syria');
INSERT INTO emprega_midia (id_midia, id_pessoa) VALUES ('65','2980');
INSERT INTO equipe_de_midia (id_midia,nome_empresa) VALUES ('66','FMJBROH');
INSERT INTO pessoa (id_pessoa, tipo_documento,documento,nome,data_nascimento,nome_pais_origem) VALUES ('2981','PASS','000786567','Anisha','19891017','Luxembourg');
INSERT INTO emprega_midia (id_midia, id_pessoa) VALUES ('66','2981');
INSERT INTO pessoa (id_pessoa, tipo_documento,documento,nome,data_nascimento,nome_pais_origem) VALUES ('2982','PASS','000973943','Carrier','19780904','Costa');
INSERT INTO emprega_midia (id_midia, id_pessoa) VALUES ('66','2982');
INSERT INTO equipe_de_midia (id_midia,nome_empresa) VALUES ('67','XEATDNZ');
INSERT INTO pessoa (id_pessoa, tipo_documento,documento,nome,data_nascimento,nome_pais_origem) VALUES ('2983','PASS','000976725','Fly','19890304','France');
INSERT INTO emprega_midia (id_midia, id_pessoa) VALUES ('67','2983');
INSERT INTO pessoa (id_pessoa, tipo_documento,documento,nome,data_nascimento,nome_pais_origem) VALUES ('2984','PASS','000952392','Callens','19720825','Saudi');
INSERT INTO emprega_midia (id_midia, id_pessoa) VALUES ('67','2984');
INSERT INTO pessoa (id_pessoa, tipo_documento,documento,nome,data_nascimento,nome_pais_origem) VALUES ('2985','PASS','000520420','Arrequin','19830404','Syria');
INSERT INTO emprega_midia (id_midia, id_pessoa) VALUES ('67','2985');
INSERT INTO pessoa (id_pessoa, tipo_documento,documento,nome,data_nascimento,nome_pais_origem) VALUES ('2986','PASS','000286215','Dunagan','19870920','Peru');
INSERT INTO emprega_midia (id_midia, id_pessoa) VALUES ('67','2986');
INSERT INTO pessoa (id_pessoa, tipo_documento,documento,nome,data_nascimento,nome_pais_origem) VALUES ('2987','PASS','000279762','Gauna','19860509','India');
INSERT INTO emprega_midia (id_midia, id_pessoa) VALUES ('67','2987');
INSERT INTO pessoa (id_pessoa, tipo_documento,documento,nome,data_nascimento,nome_pais_origem) VALUES ('2988','PASS','000388796','Burrer','19740103','Germany');
INSERT INTO emprega_midia (id_midia, id_pessoa) VALUES ('67','2988');
INSERT INTO pessoa (id_pessoa, tipo_documento,documento,nome,data_nascimento,nome_pais_origem) VALUES ('2989','PASS','000901397','Chantay','19760620','Egypt');
INSERT INTO emprega_midia (id_midia, id_pessoa) VALUES ('67','2989');
INSERT INTO pessoa (id_pessoa, tipo_documento,documento,nome,data_nascimento,nome_pais_origem) VALUES ('2990','PASS','000430805','Brotzman','19780921','Switzerland');
INSERT INTO emprega_midia (id_midia, id_pessoa) VALUES ('67','2990');
INSERT INTO pessoa (id_pessoa, tipo_documento,documento,nome,data_nascimento,nome_pais_origem) VALUES ('2991','PASS','000429773','Frederique','19761104','Singapore');
INSERT INTO emprega_midia (id_midia, id_pessoa) VALUES ('67','2991');
INSERT INTO pessoa (id_pessoa, tipo_documento,documento,nome,data_nascimento,nome_pais_origem) VALUES ('2992','PASS','000507683','Alecca','19731008','Georgia');
INSERT INTO emprega_midia (id_midia, id_pessoa) VALUES ('67','2992');
INSERT INTO pessoa (id_pessoa, tipo_documento,documento,nome,data_nascimento,nome_pais_origem) VALUES ('2993','PASS','000494263','Brimer','19820515','Uruguay');
INSERT INTO emprega_midia (id_midia, id_pessoa) VALUES ('67','2993');
INSERT INTO pessoa (id_pessoa, tipo_documento,documento,nome,data_nascimento,nome_pais_origem) VALUES ('2994','PASS','000978713','Germond','19790818','Italy');
INSERT INTO emprega_midia (id_midia, id_pessoa) VALUES ('67','2994');
INSERT INTO pessoa (id_pessoa, tipo_documento,documento,nome,data_nascimento,nome_pais_origem) VALUES ('2995','PASS','000331084','Gojmerac','19730502','Singapore');
INSERT INTO emprega_midia (id_midia, id_pessoa) VALUES ('67','2995');
INSERT INTO pessoa (id_pessoa, tipo_documento,documento,nome,data_nascimento,nome_pais_origem) VALUES ('2996','PASS','000882000','Fanelle','19760327','Bulgaria');
INSERT INTO emprega_midia (id_midia, id_pessoa) VALUES ('67','2996');
INSERT INTO pessoa (id_pessoa, tipo_documento,documento,nome,data_nascimento,nome_pais_origem) VALUES ('2997','PASS','000244980','Deman','19851015','Mozambique');
INSERT INTO emprega_midia (id_midia, id_pessoa) VALUES ('67','2997');
INSERT INTO pessoa (id_pessoa, tipo_documento,documento,nome,data_nascimento,nome_pais_origem) VALUES ('2998','PASS','000609061','Chavarin','19890725','Afghanistan');
INSERT INTO emprega_midia (id_midia, id_pessoa) VALUES ('67','2998');
INSERT INTO pessoa (id_pessoa, tipo_documento,documento,nome,data_nascimento,nome_pais_origem) VALUES ('2999','PASS','000260187','Abdon','19851202','Paraguay');
INSERT INTO emprega_midia (id_midia, id_pessoa) VALUES ('67','2999');
INSERT INTO pessoa (id_pessoa, tipo_documento,documento,nome,data_nascimento,nome_pais_origem) VALUES ('3000','PASS','000199315','Cinnamon','19750204','Estonia');
INSERT INTO emprega_midia (id_midia, id_pessoa) VALUES ('67','3000');
INSERT INTO pessoa (id_pessoa, tipo_documento,documento,nome,data_nascimento,nome_pais_origem) VALUES ('3001','PASS','000972653','Aiona','19850409','Spain');
INSERT INTO emprega_midia (id_midia, id_pessoa) VALUES ('67','3001');
INSERT INTO pessoa (id_pessoa, tipo_documento,documento,nome,data_nascimento,nome_pais_origem) VALUES ('3002','PASS','000381661','Consla','19731002','Colombia');
INSERT INTO emprega_midia (id_midia, id_pessoa) VALUES ('67','3002');
INSERT INTO pessoa (id_pessoa, tipo_documento,documento,nome,data_nascimento,nome_pais_origem) VALUES ('3003','PASS','000685821','Ambrogi','19810506','Nicaragua');
INSERT INTO emprega_midia (id_midia, id_pessoa) VALUES ('67','3003');
INSERT INTO pessoa (id_pessoa, tipo_documento,documento,nome,data_nascimento,nome_pais_origem) VALUES ('3004','PASS','000179833','Bufton','19771008','Japan');
INSERT INTO emprega_midia (id_midia, id_pessoa) VALUES ('67','3004');
INSERT INTO pessoa (id_pessoa, tipo_documento,documento,nome,data_nascimento,nome_pais_origem) VALUES ('3005','PASS','000458613','Fyksen','19770605','India');
INSERT INTO emprega_midia (id_midia, id_pessoa) VALUES ('67','3005');
INSERT INTO equipe_de_midia (id_midia,nome_empresa) VALUES ('68','YSICAGS');
INSERT INTO pessoa (id_pessoa, tipo_documento,documento,nome,data_nascimento,nome_pais_origem) VALUES ('3006','PASS','000765424','Aho','19760120','Azerbaijan');
INSERT INTO emprega_midia (id_midia, id_pessoa) VALUES ('68','3006');
INSERT INTO pessoa (id_pessoa, tipo_documento,documento,nome,data_nascimento,nome_pais_origem) VALUES ('3007','PASS','000526528','Barill','19800208','Bahrain');
INSERT INTO emprega_midia (id_midia, id_pessoa) VALUES ('68','3007');
INSERT INTO pessoa (id_pessoa, tipo_documento,documento,nome,data_nascimento,nome_pais_origem) VALUES ('3008','PASS','000125470','Ellard','19701214','Argentina');
INSERT INTO emprega_midia (id_midia, id_pessoa) VALUES ('68','3008');
INSERT INTO pessoa (id_pessoa, tipo_documento,documento,nome,data_nascimento,nome_pais_origem) VALUES ('3009','PASS','000163887','Balckburn','19740816','Croatia');
INSERT INTO emprega_midia (id_midia, id_pessoa) VALUES ('68','3009');
INSERT INTO pessoa (id_pessoa, tipo_documento,documento,nome,data_nascimento,nome_pais_origem) VALUES ('3010','PASS','000994496','Daugereau','19831202','Thailand');
INSERT INTO emprega_midia (id_midia, id_pessoa) VALUES ('68','3010');
INSERT INTO pessoa (id_pessoa, tipo_documento,documento,nome,data_nascimento,nome_pais_origem) VALUES ('3011','PASS','000982072','Deang','19870804','Singapore');
INSERT INTO emprega_midia (id_midia, id_pessoa) VALUES ('68','3011');
INSERT INTO pessoa (id_pessoa, tipo_documento,documento,nome,data_nascimento,nome_pais_origem) VALUES ('3012','PASS','000120858','Blacock','19870827','Colombia');
INSERT INTO emprega_midia (id_midia, id_pessoa) VALUES ('68','3012');
INSERT INTO pessoa (id_pessoa, tipo_documento,documento,nome,data_nascimento,nome_pais_origem) VALUES ('3013','PASS','000692945','Galjour','19740116','Albania');
INSERT INTO emprega_midia (id_midia, id_pessoa) VALUES ('68','3013');
INSERT INTO pessoa (id_pessoa, tipo_documento,documento,nome,data_nascimento,nome_pais_origem) VALUES ('3014','PASS','000613979','Defee','19790715','Iran');
INSERT INTO emprega_midia (id_midia, id_pessoa) VALUES ('68','3014');
INSERT INTO pessoa (id_pessoa, tipo_documento,documento,nome,data_nascimento,nome_pais_origem) VALUES ('3015','PASS','000766464','Bijan','19891220','Armenia');
INSERT INTO emprega_midia (id_midia, id_pessoa) VALUES ('68','3015');
INSERT INTO pessoa (id_pessoa, tipo_documento,documento,nome,data_nascimento,nome_pais_origem) VALUES ('3016','PASS','000994794','Casarez','19790307','Lithuania');
INSERT INTO emprega_midia (id_midia, id_pessoa) VALUES ('68','3016');
INSERT INTO pessoa (id_pessoa, tipo_documento,documento,nome,data_nascimento,nome_pais_origem) VALUES ('3017','PASS','000694754','Forres','19780815','Zealand');
INSERT INTO emprega_midia (id_midia, id_pessoa) VALUES ('68','3017');
INSERT INTO pessoa (id_pessoa, tipo_documento,documento,nome,data_nascimento,nome_pais_origem) VALUES ('3018','PASS','000982957','Dygert','19740210','Costa');
INSERT INTO emprega_midia (id_midia, id_pessoa) VALUES ('68','3018');
INSERT INTO pessoa (id_pessoa, tipo_documento,documento,nome,data_nascimento,nome_pais_origem) VALUES ('3019','PASS','000941643','Delarge','19880601','Brazil');
INSERT INTO emprega_midia (id_midia, id_pessoa) VALUES ('68','3019');
INSERT INTO pessoa (id_pessoa, tipo_documento,documento,nome,data_nascimento,nome_pais_origem) VALUES ('3020','PASS','000844739','Decaen','19791118','Rica');
INSERT INTO emprega_midia (id_midia, id_pessoa) VALUES ('68','3020');
INSERT INTO pessoa (id_pessoa, tipo_documento,documento,nome,data_nascimento,nome_pais_origem) VALUES ('3021','PASS','000332175','Avance','19830919','Mongolia');
INSERT INTO emprega_midia (id_midia, id_pessoa) VALUES ('68','3021');
INSERT INTO pessoa (id_pessoa, tipo_documento,documento,nome,data_nascimento,nome_pais_origem) VALUES ('3022','PASS','000875870','Chrusciel','19810501','Chad');
INSERT INTO emprega_midia (id_midia, id_pessoa) VALUES ('68','3022');
INSERT INTO pessoa (id_pessoa, tipo_documento,documento,nome,data_nascimento,nome_pais_origem) VALUES ('3023','PASS','000455787','Bombich','19840124','Algeria');
INSERT INTO emprega_midia (id_midia, id_pessoa) VALUES ('68','3023');
INSERT INTO equipe_de_midia (id_midia,nome_empresa) VALUES ('69','MXCBMDF');
INSERT INTO pessoa (id_pessoa, tipo_documento,documento,nome,data_nascimento,nome_pais_origem) VALUES ('3024','PASS','000534805','Czerwinski','19840127','Slovakia');
INSERT INTO emprega_midia (id_midia, id_pessoa) VALUES ('69','3024');
INSERT INTO pessoa (id_pessoa, tipo_documento,documento,nome,data_nascimento,nome_pais_origem) VALUES ('3025','PASS','000153253','Brunn','19701122','Norway');
INSERT INTO emprega_midia (id_midia, id_pessoa) VALUES ('69','3025');
INSERT INTO pessoa (id_pessoa, tipo_documento,documento,nome,data_nascimento,nome_pais_origem) VALUES ('3026','PASS','000714986','Furry','19730101','Hungary');
INSERT INTO emprega_midia (id_midia, id_pessoa) VALUES ('69','3026');
INSERT INTO pessoa (id_pessoa, tipo_documento,documento,nome,data_nascimento,nome_pais_origem) VALUES ('3027','PASS','000470345','Cons','19720716','Australia');
INSERT INTO emprega_midia (id_midia, id_pessoa) VALUES ('69','3027');
INSERT INTO pessoa (id_pessoa, tipo_documento,documento,nome,data_nascimento,nome_pais_origem) VALUES ('3028','PASS','000435863','Ao','19721020','Australia');
INSERT INTO emprega_midia (id_midia, id_pessoa) VALUES ('69','3028');
INSERT INTO pessoa (id_pessoa, tipo_documento,documento,nome,data_nascimento,nome_pais_origem) VALUES ('3029','PASS','000173365','Bordelon','19781018','Serbia');
INSERT INTO emprega_midia (id_midia, id_pessoa) VALUES ('69','3029');
INSERT INTO pessoa (id_pessoa, tipo_documento,documento,nome,data_nascimento,nome_pais_origem) VALUES ('3030','PASS','000208424','Bolieu','19741113','Denmark');
INSERT INTO emprega_midia (id_midia, id_pessoa) VALUES ('69','3030');
INSERT INTO pessoa (id_pessoa, tipo_documento,documento,nome,data_nascimento,nome_pais_origem) VALUES ('3031','PASS','000110025','Berrio','19700603','Saudi');
INSERT INTO emprega_midia (id_midia, id_pessoa) VALUES ('69','3031');
INSERT INTO pessoa (id_pessoa, tipo_documento,documento,nome,data_nascimento,nome_pais_origem) VALUES ('3032','PASS','000461383','Fant','19810107','Cuba');
INSERT INTO emprega_midia (id_midia, id_pessoa) VALUES ('69','3032');
INSERT INTO pessoa (id_pessoa, tipo_documento,documento,nome,data_nascimento,nome_pais_origem) VALUES ('3033','PASS','000545622','Alecia','19710509','Nepal');
INSERT INTO emprega_midia (id_midia, id_pessoa) VALUES ('69','3033');
INSERT INTO pessoa (id_pessoa, tipo_documento,documento,nome,data_nascimento,nome_pais_origem) VALUES ('3034','PASS','000680654','Cooch','19760114','Portugal');
INSERT INTO emprega_midia (id_midia, id_pessoa) VALUES ('69','3034');
INSERT INTO pessoa (id_pessoa, tipo_documento,documento,nome,data_nascimento,nome_pais_origem) VALUES ('3035','PASS','000929561','Gierhart','19841201','Poland');
INSERT INTO emprega_midia (id_midia, id_pessoa) VALUES ('69','3035');
INSERT INTO pessoa (id_pessoa, tipo_documento,documento,nome,data_nascimento,nome_pais_origem) VALUES ('3036','PASS','000243495','Glinda','19830218','Peru');
INSERT INTO emprega_midia (id_midia, id_pessoa) VALUES ('69','3036');
INSERT INTO pessoa (id_pessoa, tipo_documento,documento,nome,data_nascimento,nome_pais_origem) VALUES ('3037','PASS','000219233','Armentor','19800507','Paraguay');
INSERT INTO emprega_midia (id_midia, id_pessoa) VALUES ('69','3037');
INSERT INTO pessoa (id_pessoa, tipo_documento,documento,nome,data_nascimento,nome_pais_origem) VALUES ('3038','PASS','000320378','Conney','19791126','Ukraine');
INSERT INTO emprega_midia (id_midia, id_pessoa) VALUES ('69','3038');
INSERT INTO pessoa (id_pessoa, tipo_documento,documento,nome,data_nascimento,nome_pais_origem) VALUES ('3039','PASS','000159525','Domenica','19740615','Spain');
INSERT INTO emprega_midia (id_midia, id_pessoa) VALUES ('69','3039');
INSERT INTO pessoa (id_pessoa, tipo_documento,documento,nome,data_nascimento,nome_pais_origem) VALUES ('3040','PASS','000144961','Donerson','19790608','Lithuania');
INSERT INTO emprega_midia (id_midia, id_pessoa) VALUES ('69','3040');
INSERT INTO pessoa (id_pessoa, tipo_documento,documento,nome,data_nascimento,nome_pais_origem) VALUES ('3041','PASS','000583085','Ahrends','19771209','Hungary');
INSERT INTO emprega_midia (id_midia, id_pessoa) VALUES ('69','3041');
INSERT INTO pessoa (id_pessoa, tipo_documento,documento,nome,data_nascimento,nome_pais_origem) VALUES ('3042','PASS','000960266','Garretson','19751010','Philippines');
INSERT INTO emprega_midia (id_midia, id_pessoa) VALUES ('69','3042');
INSERT INTO pessoa (id_pessoa, tipo_documento,documento,nome,data_nascimento,nome_pais_origem) VALUES ('3043','PASS','000549140','Barthlow','19830920','Bahamas');
INSERT INTO emprega_midia (id_midia, id_pessoa) VALUES ('69','3043');
INSERT INTO pessoa (id_pessoa, tipo_documento,documento,nome,data_nascimento,nome_pais_origem) VALUES ('3044','PASS','000200825','Fairbanks','19721227','Georgia');
INSERT INTO emprega_midia (id_midia, id_pessoa) VALUES ('69','3044');
INSERT INTO pessoa (id_pessoa, tipo_documento,documento,nome,data_nascimento,nome_pais_origem) VALUES ('3045','PASS','000307046','Aufiero','19860927','Thailand');
INSERT INTO emprega_midia (id_midia, id_pessoa) VALUES ('69','3045');
INSERT INTO pessoa (id_pessoa, tipo_documento,documento,nome,data_nascimento,nome_pais_origem) VALUES ('3046','PASS','000885168','Erfert','19800909','Georgia');
INSERT INTO emprega_midia (id_midia, id_pessoa) VALUES ('69','3046');
INSERT INTO pessoa (id_pessoa, tipo_documento,documento,nome,data_nascimento,nome_pais_origem) VALUES ('3047','PASS','000912579','Buckalew','19700225','Peru');
INSERT INTO emprega_midia (id_midia, id_pessoa) VALUES ('69','3047');
INSERT INTO pessoa (id_pessoa, tipo_documento,documento,nome,data_nascimento,nome_pais_origem) VALUES ('3048','PASS','000374468','Formento','19710416','Austria');
INSERT INTO emprega_midia (id_midia, id_pessoa) VALUES ('69','3048');
INSERT INTO pessoa (id_pessoa, tipo_documento,documento,nome,data_nascimento,nome_pais_origem) VALUES ('3049','PASS','000704758','Anfinson','19740107','Nicaragua');
INSERT INTO emprega_midia (id_midia, id_pessoa) VALUES ('69','3049');
INSERT INTO pessoa (id_pessoa, tipo_documento,documento,nome,data_nascimento,nome_pais_origem) VALUES ('3050','PASS','000315577','Breakfield','19740104','India');
INSERT INTO emprega_midia (id_midia, id_pessoa) VALUES ('69','3050');
INSERT INTO pessoa (id_pessoa, tipo_documento,documento,nome,data_nascimento,nome_pais_origem) VALUES ('3051','PASS','000803360','Dejarden','19840307','Monaco');
INSERT INTO emprega_midia (id_midia, id_pessoa) VALUES ('69','3051');
INSERT INTO pessoa (id_pessoa, tipo_documento,documento,nome,data_nascimento,nome_pais_origem) VALUES ('3052','PASS','000800917','Bussa','19730621','China');
INSERT INTO emprega_midia (id_midia, id_pessoa) VALUES ('69','3052');
INSERT INTO pessoa (id_pessoa, tipo_documento,documento,nome,data_nascimento,nome_pais_origem) VALUES ('3053','PASS','000938085','Epifano','19860818','Netherlands');
INSERT INTO emprega_midia (id_midia, id_pessoa) VALUES ('69','3053');
INSERT INTO pessoa (id_pessoa, tipo_documento,documento,nome,data_nascimento,nome_pais_origem) VALUES ('3054','PASS','000910647','Anesi','19850504','Afghanistan');
INSERT INTO emprega_midia (id_midia, id_pessoa) VALUES ('69','3054');
INSERT INTO equipe_de_midia (id_midia,nome_empresa) VALUES ('70','AZFNDUY');
INSERT INTO pessoa (id_pessoa, tipo_documento,documento,nome,data_nascimento,nome_pais_origem) VALUES ('3055','PASS','000862504','Clever','19770307','Iraq');
INSERT INTO emprega_midia (id_midia, id_pessoa) VALUES ('70','3055');
INSERT INTO pessoa (id_pessoa, tipo_documento,documento,nome,data_nascimento,nome_pais_origem) VALUES ('3056','PASS','000513328','Bradick','19840618','Japan');
INSERT INTO emprega_midia (id_midia, id_pessoa) VALUES ('70','3056');
INSERT INTO pessoa (id_pessoa, tipo_documento,documento,nome,data_nascimento,nome_pais_origem) VALUES ('3057','PASS','000865549','Dyal','19700411','Japan');
INSERT INTO emprega_midia (id_midia, id_pessoa) VALUES ('70','3057');
INSERT INTO pessoa (id_pessoa, tipo_documento,documento,nome,data_nascimento,nome_pais_origem) VALUES ('3058','PASS','000326855','Esper','19760526','Algeria');
INSERT INTO emprega_midia (id_midia, id_pessoa) VALUES ('70','3058');
INSERT INTO pessoa (id_pessoa, tipo_documento,documento,nome,data_nascimento,nome_pais_origem) VALUES ('3059','PASS','000751660','Dossantos','19851105','Mexico');
INSERT INTO emprega_midia (id_midia, id_pessoa) VALUES ('70','3059');
INSERT INTO pessoa (id_pessoa, tipo_documento,documento,nome,data_nascimento,nome_pais_origem) VALUES ('3060','PASS','000923441','Adriance','19860918','Georgia');
INSERT INTO emprega_midia (id_midia, id_pessoa) VALUES ('70','3060');
INSERT INTO pessoa (id_pessoa, tipo_documento,documento,nome,data_nascimento,nome_pais_origem) VALUES ('3061','PASS','000604925','Beaudry','19870423','Slovakia');
INSERT INTO emprega_midia (id_midia, id_pessoa) VALUES ('70','3061');
INSERT INTO pessoa (id_pessoa, tipo_documento,documento,nome,data_nascimento,nome_pais_origem) VALUES ('3062','PASS','000611401','Eveler','19840521','Serbia');
INSERT INTO emprega_midia (id_midia, id_pessoa) VALUES ('70','3062');
INSERT INTO pessoa (id_pessoa, tipo_documento,documento,nome,data_nascimento,nome_pais_origem) VALUES ('3063','PASS','000816789','Buccheri','19710126','Costa');
INSERT INTO emprega_midia (id_midia, id_pessoa) VALUES ('70','3063');
INSERT INTO pessoa (id_pessoa, tipo_documento,documento,nome,data_nascimento,nome_pais_origem) VALUES ('3064','PASS','000760876','Civatte','19711008','Belarus');
INSERT INTO emprega_midia (id_midia, id_pessoa) VALUES ('70','3064');
INSERT INTO pessoa (id_pessoa, tipo_documento,documento,nome,data_nascimento,nome_pais_origem) VALUES ('3065','PASS','000179685','Chiprean','19770304','Liechtenstein');
INSERT INTO emprega_midia (id_midia, id_pessoa) VALUES ('70','3065');
INSERT INTO pessoa (id_pessoa, tipo_documento,documento,nome,data_nascimento,nome_pais_origem) VALUES ('3066','PASS','000725907','Ahmadi','19780823','Ukraine');
INSERT INTO emprega_midia (id_midia, id_pessoa) VALUES ('70','3066');
INSERT INTO pessoa (id_pessoa, tipo_documento,documento,nome,data_nascimento,nome_pais_origem) VALUES ('3067','PASS','000414701','Dobert','19720122','Poland');
INSERT INTO emprega_midia (id_midia, id_pessoa) VALUES ('70','3067');
INSERT INTO pessoa (id_pessoa, tipo_documento,documento,nome,data_nascimento,nome_pais_origem) VALUES ('3068','PASS','000521351','Buth','19740702','Bangladesh');
INSERT INTO emprega_midia (id_midia, id_pessoa) VALUES ('70','3068');
INSERT INTO pessoa (id_pessoa, tipo_documento,documento,nome,data_nascimento,nome_pais_origem) VALUES ('3069','PASS','000517242','Barcelo','19760218','Uzbekistan');
INSERT INTO emprega_midia (id_midia, id_pessoa) VALUES ('70','3069');
INSERT INTO pessoa (id_pessoa, tipo_documento,documento,nome,data_nascimento,nome_pais_origem) VALUES ('3070','PASS','000963947','Bourgon','19890510','Armenia');
INSERT INTO emprega_midia (id_midia, id_pessoa) VALUES ('70','3070');
INSERT INTO pessoa (id_pessoa, tipo_documento,documento,nome,data_nascimento,nome_pais_origem) VALUES ('3071','PASS','000159192','Batt','19770412','Chad');
INSERT INTO emprega_midia (id_midia, id_pessoa) VALUES ('70','3071');
INSERT INTO equipe_de_midia (id_midia,nome_empresa) VALUES ('71','NMFVHPP');
INSERT INTO pessoa (id_pessoa, tipo_documento,documento,nome,data_nascimento,nome_pais_origem) VALUES ('3072','PASS','000708205','Artie','19800110','Azerbaijan');
INSERT INTO emprega_midia (id_midia, id_pessoa) VALUES ('71','3072');
INSERT INTO pessoa (id_pessoa, tipo_documento,documento,nome,data_nascimento,nome_pais_origem) VALUES ('3073','PASS','000828655','Gravino','19780303','Denmark');
INSERT INTO emprega_midia (id_midia, id_pessoa) VALUES ('71','3073');
INSERT INTO pessoa (id_pessoa, tipo_documento,documento,nome,data_nascimento,nome_pais_origem) VALUES ('3074','PASS','000661794','Cazel','19841223','Nepal');
INSERT INTO emprega_midia (id_midia, id_pessoa) VALUES ('71','3074');
INSERT INTO pessoa (id_pessoa, tipo_documento,documento,nome,data_nascimento,nome_pais_origem) VALUES ('3075','PASS','000472835','Balladares','19760909','Georgia');
INSERT INTO emprega_midia (id_midia, id_pessoa) VALUES ('71','3075');
INSERT INTO pessoa (id_pessoa, tipo_documento,documento,nome,data_nascimento,nome_pais_origem) VALUES ('3076','PASS','000315680','Brohl','19880912','Romania');
INSERT INTO emprega_midia (id_midia, id_pessoa) VALUES ('71','3076');
INSERT INTO pessoa (id_pessoa, tipo_documento,documento,nome,data_nascimento,nome_pais_origem) VALUES ('3077','PASS','000605298','Boswink','19820814','Costa');
INSERT INTO emprega_midia (id_midia, id_pessoa) VALUES ('71','3077');
INSERT INTO pessoa (id_pessoa, tipo_documento,documento,nome,data_nascimento,nome_pais_origem) VALUES ('3078','PASS','000648134','Casdorph','19880107','Indonesia');
INSERT INTO emprega_midia (id_midia, id_pessoa) VALUES ('71','3078');
INSERT INTO pessoa (id_pessoa, tipo_documento,documento,nome,data_nascimento,nome_pais_origem) VALUES ('3079','PASS','000698742','Fredda','19871209','Bahrain');
INSERT INTO emprega_midia (id_midia, id_pessoa) VALUES ('71','3079');
INSERT INTO pessoa (id_pessoa, tipo_documento,documento,nome,data_nascimento,nome_pais_origem) VALUES ('3080','PASS','000595200','Alberts','19781113','Slovakia');
INSERT INTO emprega_midia (id_midia, id_pessoa) VALUES ('71','3080');
INSERT INTO pessoa (id_pessoa, tipo_documento,documento,nome,data_nascimento,nome_pais_origem) VALUES ('3081','PASS','000314676','Crummey','19750902','New');
INSERT INTO emprega_midia (id_midia, id_pessoa) VALUES ('71','3081');
INSERT INTO pessoa (id_pessoa, tipo_documento,documento,nome,data_nascimento,nome_pais_origem) VALUES ('3082','PASS','000661717','Gavidia','19810709','Romania');
INSERT INTO emprega_midia (id_midia, id_pessoa) VALUES ('71','3082');
INSERT INTO pessoa (id_pessoa, tipo_documento,documento,nome,data_nascimento,nome_pais_origem) VALUES ('3083','PASS','000393912','Astarita','19701002','Australia');
INSERT INTO emprega_midia (id_midia, id_pessoa) VALUES ('71','3083');
INSERT INTO pessoa (id_pessoa, tipo_documento,documento,nome,data_nascimento,nome_pais_origem) VALUES ('3084','PASS','000118033','Faraj','19800712','New');
INSERT INTO emprega_midia (id_midia, id_pessoa) VALUES ('71','3084');
INSERT INTO pessoa (id_pessoa, tipo_documento,documento,nome,data_nascimento,nome_pais_origem) VALUES ('3085','PASS','000123422','Ameduri','19850818','Vietnam');
INSERT INTO emprega_midia (id_midia, id_pessoa) VALUES ('71','3085');
INSERT INTO pessoa (id_pessoa, tipo_documento,documento,nome,data_nascimento,nome_pais_origem) VALUES ('3086','PASS','000539895','Creger','19840223','Serbia');
INSERT INTO emprega_midia (id_midia, id_pessoa) VALUES ('71','3086');
INSERT INTO pessoa (id_pessoa, tipo_documento,documento,nome,data_nascimento,nome_pais_origem) VALUES ('3087','PASS','000565727','Chavana','19851014','Norway');
INSERT INTO emprega_midia (id_midia, id_pessoa) VALUES ('71','3087');
INSERT INTO pessoa (id_pessoa, tipo_documento,documento,nome,data_nascimento,nome_pais_origem) VALUES ('3088','PASS','000243739','Decillis','19750323','Barbados');
INSERT INTO emprega_midia (id_midia, id_pessoa) VALUES ('71','3088');
INSERT INTO pessoa (id_pessoa, tipo_documento,documento,nome,data_nascimento,nome_pais_origem) VALUES ('3089','PASS','000875445','Fremon','19731027','Mongolia');
INSERT INTO emprega_midia (id_midia, id_pessoa) VALUES ('71','3089');
INSERT INTO pessoa (id_pessoa, tipo_documento,documento,nome,data_nascimento,nome_pais_origem) VALUES ('3090','PASS','000560172','Douthart','19890626','Argentina');
INSERT INTO emprega_midia (id_midia, id_pessoa) VALUES ('71','3090');
INSERT INTO pessoa (id_pessoa, tipo_documento,documento,nome,data_nascimento,nome_pais_origem) VALUES ('3091','PASS','000519804','Grinage','19770511','Sweden');
INSERT INTO emprega_midia (id_midia, id_pessoa) VALUES ('71','3091');
INSERT INTO pessoa (id_pessoa, tipo_documento,documento,nome,data_nascimento,nome_pais_origem) VALUES ('3092','PASS','000229880','Aispuro','19700105','Bulgaria');
INSERT INTO emprega_midia (id_midia, id_pessoa) VALUES ('71','3092');
INSERT INTO pessoa (id_pessoa, tipo_documento,documento,nome,data_nascimento,nome_pais_origem) VALUES ('3093','PASS','000653503','Glugla','19850603','Argentina');
INSERT INTO emprega_midia (id_midia, id_pessoa) VALUES ('71','3093');
INSERT INTO equipe_de_midia (id_midia,nome_empresa) VALUES ('72','EBEEITV');
INSERT INTO pessoa (id_pessoa, tipo_documento,documento,nome,data_nascimento,nome_pais_origem) VALUES ('3094','PASS','000895938','Antman','19710916','New');
INSERT INTO emprega_midia (id_midia, id_pessoa) VALUES ('72','3094');
INSERT INTO pessoa (id_pessoa, tipo_documento,documento,nome,data_nascimento,nome_pais_origem) VALUES ('3095','PASS','000155152','Glasscock','19770717','Uzbekistan');
INSERT INTO emprega_midia (id_midia, id_pessoa) VALUES ('72','3095');
INSERT INTO pessoa (id_pessoa, tipo_documento,documento,nome,data_nascimento,nome_pais_origem) VALUES ('3096','PASS','000951062','Cotham','19870723','Monaco');
INSERT INTO emprega_midia (id_midia, id_pessoa) VALUES ('72','3096');
INSERT INTO pessoa (id_pessoa, tipo_documento,documento,nome,data_nascimento,nome_pais_origem) VALUES ('3097','PASS','000682167','Gest','19771210','Bahrain');
INSERT INTO emprega_midia (id_midia, id_pessoa) VALUES ('72','3097');
INSERT INTO equipe_de_midia (id_midia,nome_empresa) VALUES ('73','FGZHPKP');
INSERT INTO pessoa (id_pessoa, tipo_documento,documento,nome,data_nascimento,nome_pais_origem) VALUES ('3098','PASS','000486340','Geringer','19760710','Cuba');
INSERT INTO emprega_midia (id_midia, id_pessoa) VALUES ('73','3098');
INSERT INTO pessoa (id_pessoa, tipo_documento,documento,nome,data_nascimento,nome_pais_origem) VALUES ('3099','PASS','000696361','Cejka','19780917','Uruguay');
INSERT INTO emprega_midia (id_midia, id_pessoa) VALUES ('73','3099');
INSERT INTO pessoa (id_pessoa, tipo_documento,documento,nome,data_nascimento,nome_pais_origem) VALUES ('3100','PASS','000673984','Contento','19880919','Netherlands');
INSERT INTO emprega_midia (id_midia, id_pessoa) VALUES ('73','3100');
INSERT INTO pessoa (id_pessoa, tipo_documento,documento,nome,data_nascimento,nome_pais_origem) VALUES ('3101','PASS','000133012','Gillom','19721205','Slovakia');
INSERT INTO emprega_midia (id_midia, id_pessoa) VALUES ('73','3101');
INSERT INTO pessoa (id_pessoa, tipo_documento,documento,nome,data_nascimento,nome_pais_origem) VALUES ('3102','PASS','000722235','Glazier','19890102','Cuba');
INSERT INTO emprega_midia (id_midia, id_pessoa) VALUES ('73','3102');
INSERT INTO pessoa (id_pessoa, tipo_documento,documento,nome,data_nascimento,nome_pais_origem) VALUES ('3103','PASS','000952984','Baublitz','19870226','Singapore');
INSERT INTO emprega_midia (id_midia, id_pessoa) VALUES ('73','3103');
INSERT INTO equipe_de_midia (id_midia,nome_empresa) VALUES ('74','OVLTEMK');
INSERT INTO pessoa (id_pessoa, tipo_documento,documento,nome,data_nascimento,nome_pais_origem) VALUES ('3104','PASS','000261928','Creque','19840804','Paraguay');
INSERT INTO emprega_midia (id_midia, id_pessoa) VALUES ('74','3104');
INSERT INTO pessoa (id_pessoa, tipo_documento,documento,nome,data_nascimento,nome_pais_origem) VALUES ('3105','PASS','000350602','Balton','19770213','Switzerland');
INSERT INTO emprega_midia (id_midia, id_pessoa) VALUES ('74','3105');
INSERT INTO pessoa (id_pessoa, tipo_documento,documento,nome,data_nascimento,nome_pais_origem) VALUES ('3106','PASS','000969819','Gantt','19721111','France');
INSERT INTO emprega_midia (id_midia, id_pessoa) VALUES ('74','3106');
INSERT INTO pessoa (id_pessoa, tipo_documento,documento,nome,data_nascimento,nome_pais_origem) VALUES ('3107','PASS','000874000','Arqueta','19730410','Paraguay');
INSERT INTO emprega_midia (id_midia, id_pessoa) VALUES ('74','3107');
INSERT INTO pessoa (id_pessoa, tipo_documento,documento,nome,data_nascimento,nome_pais_origem) VALUES ('3108','PASS','000617037','Chien','19861109','Armenia');
INSERT INTO emprega_midia (id_midia, id_pessoa) VALUES ('74','3108');
INSERT INTO pessoa (id_pessoa, tipo_documento,documento,nome,data_nascimento,nome_pais_origem) VALUES ('3109','PASS','000458331','Dedier','19701009','Portugal');
INSERT INTO emprega_midia (id_midia, id_pessoa) VALUES ('74','3109');
INSERT INTO pessoa (id_pessoa, tipo_documento,documento,nome,data_nascimento,nome_pais_origem) VALUES ('3110','PASS','000171447','Calender','19800301','Turkey');
INSERT INTO emprega_midia (id_midia, id_pessoa) VALUES ('74','3110');
INSERT INTO pessoa (id_pessoa, tipo_documento,documento,nome,data_nascimento,nome_pais_origem) VALUES ('3111','PASS','000561770','Cauterucci','19870727','Singapore');
INSERT INTO emprega_midia (id_midia, id_pessoa) VALUES ('74','3111');
INSERT INTO pessoa (id_pessoa, tipo_documento,documento,nome,data_nascimento,nome_pais_origem) VALUES ('3112','PASS','000826097','Akin','19840601','Australia');
INSERT INTO emprega_midia (id_midia, id_pessoa) VALUES ('74','3112');
INSERT INTO pessoa (id_pessoa, tipo_documento,documento,nome,data_nascimento,nome_pais_origem) VALUES ('3113','PASS','000851800','Armes','19891203','India');
INSERT INTO emprega_midia (id_midia, id_pessoa) VALUES ('74','3113');
INSERT INTO pessoa (id_pessoa, tipo_documento,documento,nome,data_nascimento,nome_pais_origem) VALUES ('3114','PASS','000806857','Chumbley','19790423','France');
INSERT INTO emprega_midia (id_midia, id_pessoa) VALUES ('74','3114');
INSERT INTO pessoa (id_pessoa, tipo_documento,documento,nome,data_nascimento,nome_pais_origem) VALUES ('3115','PASS','000935025','Cassavaugh','19761207','Indonesia');
INSERT INTO emprega_midia (id_midia, id_pessoa) VALUES ('74','3115');
INSERT INTO pessoa (id_pessoa, tipo_documento,documento,nome,data_nascimento,nome_pais_origem) VALUES ('3116','PASS','000826421','Benedict','19720627','Finland');
INSERT INTO emprega_midia (id_midia, id_pessoa) VALUES ('74','3116');
INSERT INTO pessoa (id_pessoa, tipo_documento,documento,nome,data_nascimento,nome_pais_origem) VALUES ('3117','PASS','000200699','Blanchette','19891207','Nicaragua');
INSERT INTO emprega_midia (id_midia, id_pessoa) VALUES ('74','3117');
INSERT INTO pessoa (id_pessoa, tipo_documento,documento,nome,data_nascimento,nome_pais_origem) VALUES ('3118','PASS','000795834','Carty','19700513','Croatia');
INSERT INTO emprega_midia (id_midia, id_pessoa) VALUES ('74','3118');
INSERT INTO pessoa (id_pessoa, tipo_documento,documento,nome,data_nascimento,nome_pais_origem) VALUES ('3119','PASS','000447011','Caristo','19770608','Denmark');
INSERT INTO emprega_midia (id_midia, id_pessoa) VALUES ('74','3119');
INSERT INTO pessoa (id_pessoa, tipo_documento,documento,nome,data_nascimento,nome_pais_origem) VALUES ('3120','PASS','000914274','Dudzic','19791114','Afghanistan');
INSERT INTO emprega_midia (id_midia, id_pessoa) VALUES ('74','3120');
INSERT INTO equipe_de_midia (id_midia,nome_empresa) VALUES ('75','ZVUOBCZ');
INSERT INTO pessoa (id_pessoa, tipo_documento,documento,nome,data_nascimento,nome_pais_origem) VALUES ('3121','PASS','000243935','Denisha','19870615','Netherlands');
INSERT INTO emprega_midia (id_midia, id_pessoa) VALUES ('75','3121');
INSERT INTO pessoa (id_pessoa, tipo_documento,documento,nome,data_nascimento,nome_pais_origem) VALUES ('3122','PASS','000181705','Borrego','19780913','Argentina');
INSERT INTO emprega_midia (id_midia, id_pessoa) VALUES ('75','3122');
INSERT INTO pessoa (id_pessoa, tipo_documento,documento,nome,data_nascimento,nome_pais_origem) VALUES ('3123','PASS','000892412','Grabowiecki','19871111','Thailand');
INSERT INTO emprega_midia (id_midia, id_pessoa) VALUES ('75','3123');
INSERT INTO pessoa (id_pessoa, tipo_documento,documento,nome,data_nascimento,nome_pais_origem) VALUES ('3124','PASS','000566026','Cabrena','19831227','Portugal');
INSERT INTO emprega_midia (id_midia, id_pessoa) VALUES ('75','3124');
INSERT INTO pessoa (id_pessoa, tipo_documento,documento,nome,data_nascimento,nome_pais_origem) VALUES ('3125','PASS','000730701','Brancheau','19830319','Iraq');
INSERT INTO emprega_midia (id_midia, id_pessoa) VALUES ('75','3125');
INSERT INTO pessoa (id_pessoa, tipo_documento,documento,nome,data_nascimento,nome_pais_origem) VALUES ('3126','PASS','000403189','Brea','19780425','Poland');
INSERT INTO emprega_midia (id_midia, id_pessoa) VALUES ('75','3126');
INSERT INTO pessoa (id_pessoa, tipo_documento,documento,nome,data_nascimento,nome_pais_origem) VALUES ('3127','PASS','000803041','Becton','19711211','Netherlands');
INSERT INTO emprega_midia (id_midia, id_pessoa) VALUES ('75','3127');
INSERT INTO pessoa (id_pessoa, tipo_documento,documento,nome,data_nascimento,nome_pais_origem) VALUES ('3128','PASS','000127725','Gaede','19760616','Singapore');
INSERT INTO emprega_midia (id_midia, id_pessoa) VALUES ('75','3128');
INSERT INTO pessoa (id_pessoa, tipo_documento,documento,nome,data_nascimento,nome_pais_origem) VALUES ('3129','PASS','000179675','Accardi','19800405','Monaco');
INSERT INTO emprega_midia (id_midia, id_pessoa) VALUES ('75','3129');
INSERT INTO pessoa (id_pessoa, tipo_documento,documento,nome,data_nascimento,nome_pais_origem) VALUES ('3130','PASS','000671883','Cher','19751011','Iran');
INSERT INTO emprega_midia (id_midia, id_pessoa) VALUES ('75','3130');
INSERT INTO pessoa (id_pessoa, tipo_documento,documento,nome,data_nascimento,nome_pais_origem) VALUES ('3131','PASS','000637160','Gildow','19710227','Sweden');
INSERT INTO emprega_midia (id_midia, id_pessoa) VALUES ('75','3131');
INSERT INTO pessoa (id_pessoa, tipo_documento,documento,nome,data_nascimento,nome_pais_origem) VALUES ('3132','PASS','000677587','Durkes','19731014','Argentina');
INSERT INTO emprega_midia (id_midia, id_pessoa) VALUES ('75','3132');
INSERT INTO pessoa (id_pessoa, tipo_documento,documento,nome,data_nascimento,nome_pais_origem) VALUES ('3133','PASS','000246225','Dusek','19861119','Liechtenstein');
INSERT INTO emprega_midia (id_midia, id_pessoa) VALUES ('75','3133');
INSERT INTO pessoa (id_pessoa, tipo_documento,documento,nome,data_nascimento,nome_pais_origem) VALUES ('3134','PASS','000224486','Almarez','19860522','Hungary');
INSERT INTO emprega_midia (id_midia, id_pessoa) VALUES ('75','3134');
INSERT INTO pessoa (id_pessoa, tipo_documento,documento,nome,data_nascimento,nome_pais_origem) VALUES ('3135','PASS','000513732','Greenlees','19720204','Nepal');
INSERT INTO emprega_midia (id_midia, id_pessoa) VALUES ('75','3135');
INSERT INTO pessoa (id_pessoa, tipo_documento,documento,nome,data_nascimento,nome_pais_origem) VALUES ('3136','PASS','000206870','Furubotten','19800624','Uzbekistan');
INSERT INTO emprega_midia (id_midia, id_pessoa) VALUES ('75','3136');
INSERT INTO pessoa (id_pessoa, tipo_documento,documento,nome,data_nascimento,nome_pais_origem) VALUES ('3137','PASS','000787201','Golebiowski','19701221','Cuba');
INSERT INTO emprega_midia (id_midia, id_pessoa) VALUES ('75','3137');
INSERT INTO pessoa (id_pessoa, tipo_documento,documento,nome,data_nascimento,nome_pais_origem) VALUES ('3138','PASS','000977946','Adule','19711117','Turkey');
INSERT INTO emprega_midia (id_midia, id_pessoa) VALUES ('75','3138');
INSERT INTO pessoa (id_pessoa, tipo_documento,documento,nome,data_nascimento,nome_pais_origem) VALUES ('3139','PASS','000868593','Engelhart','19790826','Netherlands');
INSERT INTO emprega_midia (id_midia, id_pessoa) VALUES ('75','3139');
INSERT INTO pessoa (id_pessoa, tipo_documento,documento,nome,data_nascimento,nome_pais_origem) VALUES ('3140','PASS','000542223','Fadel','19891201','Greece');
INSERT INTO emprega_midia (id_midia, id_pessoa) VALUES ('75','3140');
INSERT INTO pessoa (id_pessoa, tipo_documento,documento,nome,data_nascimento,nome_pais_origem) VALUES ('3141','PASS','000367599','Bybel','19730327','Sweden');
INSERT INTO emprega_midia (id_midia, id_pessoa) VALUES ('75','3141');
INSERT INTO pessoa (id_pessoa, tipo_documento,documento,nome,data_nascimento,nome_pais_origem) VALUES ('3142','PASS','000894956','Bakanauskas','19771101','Senegal');
INSERT INTO emprega_midia (id_midia, id_pessoa) VALUES ('75','3142');
INSERT INTO equipe_de_midia (id_midia,nome_empresa) VALUES ('76','XXYVLDD');
INSERT INTO pessoa (id_pessoa, tipo_documento,documento,nome,data_nascimento,nome_pais_origem) VALUES ('3143','PASS','000781113','Colomb','19740821','Indonesia');
INSERT INTO emprega_midia (id_midia, id_pessoa) VALUES ('76','3143');
INSERT INTO pessoa (id_pessoa, tipo_documento,documento,nome,data_nascimento,nome_pais_origem) VALUES ('3144','PASS','000841115','Arnoldi','19711218','Australia');
INSERT INTO emprega_midia (id_midia, id_pessoa) VALUES ('76','3144');
INSERT INTO pessoa (id_pessoa, tipo_documento,documento,nome,data_nascimento,nome_pais_origem) VALUES ('3145','PASS','000258330','Creglow','19700614','Bangladesh');
INSERT INTO emprega_midia (id_midia, id_pessoa) VALUES ('76','3145');
INSERT INTO pessoa (id_pessoa, tipo_documento,documento,nome,data_nascimento,nome_pais_origem) VALUES ('3146','PASS','000819891','Delashmit','19780822','Japan');
INSERT INTO emprega_midia (id_midia, id_pessoa) VALUES ('76','3146');
INSERT INTO pessoa (id_pessoa, tipo_documento,documento,nome,data_nascimento,nome_pais_origem) VALUES ('3147','PASS','000834937','Branz','19870819','Lithuania');
INSERT INTO emprega_midia (id_midia, id_pessoa) VALUES ('76','3147');
INSERT INTO pessoa (id_pessoa, tipo_documento,documento,nome,data_nascimento,nome_pais_origem) VALUES ('3148','PASS','000868739','Evett','19740304','Uzbekistan');
INSERT INTO emprega_midia (id_midia, id_pessoa) VALUES ('76','3148');
INSERT INTO pessoa (id_pessoa, tipo_documento,documento,nome,data_nascimento,nome_pais_origem) VALUES ('3149','PASS','000386701','Cribbs','19751227','Belarus');
INSERT INTO emprega_midia (id_midia, id_pessoa) VALUES ('76','3149');
INSERT INTO pessoa (id_pessoa, tipo_documento,documento,nome,data_nascimento,nome_pais_origem) VALUES ('3150','PASS','000931278','Bartlome','19840716','Argentina');
INSERT INTO emprega_midia (id_midia, id_pessoa) VALUES ('76','3150');
INSERT INTO pessoa (id_pessoa, tipo_documento,documento,nome,data_nascimento,nome_pais_origem) VALUES ('3151','PASS','000864526','Embry','19881115','Romania');
INSERT INTO emprega_midia (id_midia, id_pessoa) VALUES ('76','3151');
INSERT INTO pessoa (id_pessoa, tipo_documento,documento,nome,data_nascimento,nome_pais_origem) VALUES ('3152','PASS','000192543','Fauske','19830519','Thailand');
INSERT INTO emprega_midia (id_midia, id_pessoa) VALUES ('76','3152');
INSERT INTO equipe_de_midia (id_midia,nome_empresa) VALUES ('77','PRLIINC');
INSERT INTO pessoa (id_pessoa, tipo_documento,documento,nome,data_nascimento,nome_pais_origem) VALUES ('3153','PASS','000598697','Dearmas','19781103','Albania');
INSERT INTO emprega_midia (id_midia, id_pessoa) VALUES ('77','3153');
INSERT INTO pessoa (id_pessoa, tipo_documento,documento,nome,data_nascimento,nome_pais_origem) VALUES ('3154','PASS','000951468','Emore','19790602','Norway');
INSERT INTO emprega_midia (id_midia, id_pessoa) VALUES ('77','3154');
INSERT INTO pessoa (id_pessoa, tipo_documento,documento,nome,data_nascimento,nome_pais_origem) VALUES ('3155','PASS','000749898','Dambakly','19770605','Austria');
INSERT INTO emprega_midia (id_midia, id_pessoa) VALUES ('77','3155');
INSERT INTO pessoa (id_pessoa, tipo_documento,documento,nome,data_nascimento,nome_pais_origem) VALUES ('3156','PASS','000892413','Babcock','19811027','Belarus');
INSERT INTO emprega_midia (id_midia, id_pessoa) VALUES ('77','3156');
INSERT INTO pessoa (id_pessoa, tipo_documento,documento,nome,data_nascimento,nome_pais_origem) VALUES ('3157','PASS','000378346','Demetro','19750215','Saudi');
INSERT INTO emprega_midia (id_midia, id_pessoa) VALUES ('77','3157');
INSERT INTO pessoa (id_pessoa, tipo_documento,documento,nome,data_nascimento,nome_pais_origem) VALUES ('3158','PASS','000501603','Frosch','19851016','Estonia');
INSERT INTO emprega_midia (id_midia, id_pessoa) VALUES ('77','3158');
INSERT INTO pessoa (id_pessoa, tipo_documento,documento,nome,data_nascimento,nome_pais_origem) VALUES ('3159','PASS','000161813','Apley','19730201','Morocco');
INSERT INTO emprega_midia (id_midia, id_pessoa) VALUES ('77','3159');
INSERT INTO equipe_de_midia (id_midia,nome_empresa) VALUES ('78','METBJVQ');
INSERT INTO pessoa (id_pessoa, tipo_documento,documento,nome,data_nascimento,nome_pais_origem) VALUES ('3160','PASS','000989054','Fallo','19860104','Hungary');
INSERT INTO emprega_midia (id_midia, id_pessoa) VALUES ('78','3160');
INSERT INTO pessoa (id_pessoa, tipo_documento,documento,nome,data_nascimento,nome_pais_origem) VALUES ('3161','PASS','000768633','Bulloch','19750926','Vietnam');
INSERT INTO emprega_midia (id_midia, id_pessoa) VALUES ('78','3161');
INSERT INTO pessoa (id_pessoa, tipo_documento,documento,nome,data_nascimento,nome_pais_origem) VALUES ('3162','PASS','000216732','Ciarlo','19801113','Bahamas');
INSERT INTO emprega_midia (id_midia, id_pessoa) VALUES ('78','3162');
INSERT INTO pessoa (id_pessoa, tipo_documento,documento,nome,data_nascimento,nome_pais_origem) VALUES ('3163','PASS','000985861','Castaner','19720317','Finland');
INSERT INTO emprega_midia (id_midia, id_pessoa) VALUES ('78','3163');
INSERT INTO pessoa (id_pessoa, tipo_documento,documento,nome,data_nascimento,nome_pais_origem) VALUES ('3164','PASS','000782070','Fie','19890311','Albania');
INSERT INTO emprega_midia (id_midia, id_pessoa) VALUES ('78','3164');
INSERT INTO pessoa (id_pessoa, tipo_documento,documento,nome,data_nascimento,nome_pais_origem) VALUES ('3165','PASS','000142452','Ensey','19830207','Germany');
INSERT INTO emprega_midia (id_midia, id_pessoa) VALUES ('78','3165');
INSERT INTO pessoa (id_pessoa, tipo_documento,documento,nome,data_nascimento,nome_pais_origem) VALUES ('3166','PASS','000971055','Ashwood','19861006','France');
INSERT INTO emprega_midia (id_midia, id_pessoa) VALUES ('78','3166');
INSERT INTO pessoa (id_pessoa, tipo_documento,documento,nome,data_nascimento,nome_pais_origem) VALUES ('3167','PASS','000605503','Furey','19720106','Germany');
INSERT INTO emprega_midia (id_midia, id_pessoa) VALUES ('78','3167');
INSERT INTO pessoa (id_pessoa, tipo_documento,documento,nome,data_nascimento,nome_pais_origem) VALUES ('3168','PASS','000442492','Donelly','19720907','Turkey');
INSERT INTO emprega_midia (id_midia, id_pessoa) VALUES ('78','3168');
INSERT INTO pessoa (id_pessoa, tipo_documento,documento,nome,data_nascimento,nome_pais_origem) VALUES ('3169','PASS','000938364','Balasa','19730627','Arabia');
INSERT INTO emprega_midia (id_midia, id_pessoa) VALUES ('78','3169');
INSERT INTO pessoa (id_pessoa, tipo_documento,documento,nome,data_nascimento,nome_pais_origem) VALUES ('3170','PASS','000157004','Bandemer','19721110','Cuba');
INSERT INTO emprega_midia (id_midia, id_pessoa) VALUES ('78','3170');
INSERT INTO pessoa (id_pessoa, tipo_documento,documento,nome,data_nascimento,nome_pais_origem) VALUES ('3171','PASS','000115428','Bowie','19721011','Turkey');
INSERT INTO emprega_midia (id_midia, id_pessoa) VALUES ('78','3171');
INSERT INTO pessoa (id_pessoa, tipo_documento,documento,nome,data_nascimento,nome_pais_origem) VALUES ('3172','PASS','000615611','Amalong','19700523','Liechtenstein');
INSERT INTO emprega_midia (id_midia, id_pessoa) VALUES ('78','3172');
INSERT INTO pessoa (id_pessoa, tipo_documento,documento,nome,data_nascimento,nome_pais_origem) VALUES ('3173','PASS','000576734','Billow','19851220','Angola');
INSERT INTO emprega_midia (id_midia, id_pessoa) VALUES ('78','3173');
INSERT INTO pessoa (id_pessoa, tipo_documento,documento,nome,data_nascimento,nome_pais_origem) VALUES ('3174','PASS','000197678','Bastin','19870819','Japan');
INSERT INTO emprega_midia (id_midia, id_pessoa) VALUES ('78','3174');
INSERT INTO pessoa (id_pessoa, tipo_documento,documento,nome,data_nascimento,nome_pais_origem) VALUES ('3175','PASS','000210302','Alacano','19861023','Romania');
INSERT INTO emprega_midia (id_midia, id_pessoa) VALUES ('78','3175');
INSERT INTO pessoa (id_pessoa, tipo_documento,documento,nome,data_nascimento,nome_pais_origem) VALUES ('3176','PASS','000971153','Burchfiel','19701216','Chad');
INSERT INTO emprega_midia (id_midia, id_pessoa) VALUES ('78','3176');
INSERT INTO pessoa (id_pessoa, tipo_documento,documento,nome,data_nascimento,nome_pais_origem) VALUES ('3177','PASS','000680024','Bradeen','19780617','Serbia');
INSERT INTO emprega_midia (id_midia, id_pessoa) VALUES ('78','3177');
INSERT INTO pessoa (id_pessoa, tipo_documento,documento,nome,data_nascimento,nome_pais_origem) VALUES ('3178','PASS','000665519','Brinks','19860811','Singapore');
INSERT INTO emprega_midia (id_midia, id_pessoa) VALUES ('78','3178');
INSERT INTO pessoa (id_pessoa, tipo_documento,documento,nome,data_nascimento,nome_pais_origem) VALUES ('3179','PASS','000267975','Foxman','19880519','Peru');
INSERT INTO emprega_midia (id_midia, id_pessoa) VALUES ('78','3179');
INSERT INTO pessoa (id_pessoa, tipo_documento,documento,nome,data_nascimento,nome_pais_origem) VALUES ('3180','PASS','000616914','Bonetto','19780714','Switzerland');
INSERT INTO emprega_midia (id_midia, id_pessoa) VALUES ('78','3180');
INSERT INTO pessoa (id_pessoa, tipo_documento,documento,nome,data_nascimento,nome_pais_origem) VALUES ('3181','PASS','000731301','Ballantine','19870319','Portugal');
INSERT INTO emprega_midia (id_midia, id_pessoa) VALUES ('78','3181');
INSERT INTO pessoa (id_pessoa, tipo_documento,documento,nome,data_nascimento,nome_pais_origem) VALUES ('3182','PASS','000420007','Crutchev','19770114','Armenia');
INSERT INTO emprega_midia (id_midia, id_pessoa) VALUES ('78','3182');
INSERT INTO pessoa (id_pessoa, tipo_documento,documento,nome,data_nascimento,nome_pais_origem) VALUES ('3183','PASS','000325277','Beckerman','19880726','Portugal');
INSERT INTO emprega_midia (id_midia, id_pessoa) VALUES ('78','3183');
INSERT INTO pessoa (id_pessoa, tipo_documento,documento,nome,data_nascimento,nome_pais_origem) VALUES ('3184','PASS','000239428','Cessna','19840708','Poland');
INSERT INTO emprega_midia (id_midia, id_pessoa) VALUES ('78','3184');
INSERT INTO pessoa (id_pessoa, tipo_documento,documento,nome,data_nascimento,nome_pais_origem) VALUES ('3185','PASS','000516627','Grett','19891219','China');
INSERT INTO emprega_midia (id_midia, id_pessoa) VALUES ('78','3185');
INSERT INTO pessoa (id_pessoa, tipo_documento,documento,nome,data_nascimento,nome_pais_origem) VALUES ('3186','PASS','000845359','Furner','19800412','Mozambique');
INSERT INTO emprega_midia (id_midia, id_pessoa) VALUES ('78','3186');
INSERT INTO pessoa (id_pessoa, tipo_documento,documento,nome,data_nascimento,nome_pais_origem) VALUES ('3187','PASS','000723145','Bantillan','19730813','Barbados');
INSERT INTO emprega_midia (id_midia, id_pessoa) VALUES ('78','3187');
INSERT INTO equipe_de_midia (id_midia,nome_empresa) VALUES ('79','DOVJWOC');
INSERT INTO pessoa (id_pessoa, tipo_documento,documento,nome,data_nascimento,nome_pais_origem) VALUES ('3188','PASS','000158971','Bernarducci','19821103','Singapore');
INSERT INTO emprega_midia (id_midia, id_pessoa) VALUES ('79','3188');
INSERT INTO pessoa (id_pessoa, tipo_documento,documento,nome,data_nascimento,nome_pais_origem) VALUES ('3189','PASS','000753542','Grashot','19880217','Nicaragua');
INSERT INTO emprega_midia (id_midia, id_pessoa) VALUES ('79','3189');
INSERT INTO pessoa (id_pessoa, tipo_documento,documento,nome,data_nascimento,nome_pais_origem) VALUES ('3190','PASS','000807465','Bulle','19760927','Algeria');
INSERT INTO emprega_midia (id_midia, id_pessoa) VALUES ('79','3190');
INSERT INTO pessoa (id_pessoa, tipo_documento,documento,nome,data_nascimento,nome_pais_origem) VALUES ('3191','PASS','000663815','Correl','19881204','Afghanistan');
INSERT INTO emprega_midia (id_midia, id_pessoa) VALUES ('79','3191');
INSERT INTO pessoa (id_pessoa, tipo_documento,documento,nome,data_nascimento,nome_pais_origem) VALUES ('3192','PASS','000123907','Cubero','19731026','Morocco');
INSERT INTO emprega_midia (id_midia, id_pessoa) VALUES ('79','3192');
INSERT INTO pessoa (id_pessoa, tipo_documento,documento,nome,data_nascimento,nome_pais_origem) VALUES ('3193','PASS','000599155','Ceravolo','19710521','Belgium');
INSERT INTO emprega_midia (id_midia, id_pessoa) VALUES ('79','3193');
INSERT INTO pessoa (id_pessoa, tipo_documento,documento,nome,data_nascimento,nome_pais_origem) VALUES ('3194','PASS','000160402','Bjork','19720114','Bahrain');
INSERT INTO emprega_midia (id_midia, id_pessoa) VALUES ('79','3194');
INSERT INTO equipe_de_midia (id_midia,nome_empresa) VALUES ('80','HHLZJXE');
INSERT INTO pessoa (id_pessoa, tipo_documento,documento,nome,data_nascimento,nome_pais_origem) VALUES ('3195','PASS','000865628','Clabough','19830706','Poland');
INSERT INTO emprega_midia (id_midia, id_pessoa) VALUES ('80','3195');
INSERT INTO pessoa (id_pessoa, tipo_documento,documento,nome,data_nascimento,nome_pais_origem) VALUES ('3196','PASS','000713097','Cress','19771215','Algeria');
INSERT INTO emprega_midia (id_midia, id_pessoa) VALUES ('80','3196');
INSERT INTO pessoa (id_pessoa, tipo_documento,documento,nome,data_nascimento,nome_pais_origem) VALUES ('3197','PASS','000807157','Diseth','19811024','Turkey');
INSERT INTO emprega_midia (id_midia, id_pessoa) VALUES ('80','3197');
INSERT INTO pessoa (id_pessoa, tipo_documento,documento,nome,data_nascimento,nome_pais_origem) VALUES ('3198','PASS','000359762','Coonradt','19750311','Armenia');
INSERT INTO emprega_midia (id_midia, id_pessoa) VALUES ('80','3198');
INSERT INTO pessoa (id_pessoa, tipo_documento,documento,nome,data_nascimento,nome_pais_origem) VALUES ('3199','PASS','000577889','Caire','19890101','Iraq');
INSERT INTO emprega_midia (id_midia, id_pessoa) VALUES ('80','3199');
INSERT INTO pessoa (id_pessoa, tipo_documento,documento,nome,data_nascimento,nome_pais_origem) VALUES ('3200','PASS','000178046','Franceschi','19721208','Monaco');
INSERT INTO emprega_midia (id_midia, id_pessoa) VALUES ('80','3200');
INSERT INTO pessoa (id_pessoa, tipo_documento,documento,nome,data_nascimento,nome_pais_origem) VALUES ('3201','PASS','000899720','Chisman','19831124','Chile');
INSERT INTO emprega_midia (id_midia, id_pessoa) VALUES ('80','3201');
INSERT INTO pessoa (id_pessoa, tipo_documento,documento,nome,data_nascimento,nome_pais_origem) VALUES ('3202','PASS','000728697','Bausch','19721005','Mozambique');
INSERT INTO emprega_midia (id_midia, id_pessoa) VALUES ('80','3202');
INSERT INTO pessoa (id_pessoa, tipo_documento,documento,nome,data_nascimento,nome_pais_origem) VALUES ('3203','PASS','000721451','Culajay','19800216','Chile');
INSERT INTO emprega_midia (id_midia, id_pessoa) VALUES ('80','3203');
INSERT INTO pessoa (id_pessoa, tipo_documento,documento,nome,data_nascimento,nome_pais_origem) VALUES ('3204','PASS','000846184','Baptista','19710614','Indonesia');
INSERT INTO emprega_midia (id_midia, id_pessoa) VALUES ('80','3204');
INSERT INTO pessoa (id_pessoa, tipo_documento,documento,nome,data_nascimento,nome_pais_origem) VALUES ('3205','PASS','000424777','Crislip','19800617','Lithuania');
INSERT INTO emprega_midia (id_midia, id_pessoa) VALUES ('80','3205');
INSERT INTO pessoa (id_pessoa, tipo_documento,documento,nome,data_nascimento,nome_pais_origem) VALUES ('3206','PASS','000909651','Gillan','19830625','Azerbaijan');
INSERT INTO emprega_midia (id_midia, id_pessoa) VALUES ('80','3206');
INSERT INTO pessoa (id_pessoa, tipo_documento,documento,nome,data_nascimento,nome_pais_origem) VALUES ('3207','PASS','000603254','Brown','19880701','Cuba');
INSERT INTO emprega_midia (id_midia, id_pessoa) VALUES ('80','3207');
INSERT INTO pessoa (id_pessoa, tipo_documento,documento,nome,data_nascimento,nome_pais_origem) VALUES ('3208','PASS','000908637','Allocca','19810325','France');
INSERT INTO emprega_midia (id_midia, id_pessoa) VALUES ('80','3208');
INSERT INTO pessoa (id_pessoa, tipo_documento,documento,nome,data_nascimento,nome_pais_origem) VALUES ('3209','PASS','000438085','Feuerstein','19850322','Arabia');
INSERT INTO emprega_midia (id_midia, id_pessoa) VALUES ('80','3209');
INSERT INTO pessoa (id_pessoa, tipo_documento,documento,nome,data_nascimento,nome_pais_origem) VALUES ('3210','PASS','000632024','Bauder','19880406','China');
INSERT INTO emprega_midia (id_midia, id_pessoa) VALUES ('80','3210');
INSERT INTO pessoa (id_pessoa, tipo_documento,documento,nome,data_nascimento,nome_pais_origem) VALUES ('3211','PASS','000525623','Gerleman','19791125','Paraguay');
INSERT INTO emprega_midia (id_midia, id_pessoa) VALUES ('80','3211');
INSERT INTO pessoa (id_pessoa, tipo_documento,documento,nome,data_nascimento,nome_pais_origem) VALUES ('3212','PASS','000429879','Chillis','19820108','Vietnam');
INSERT INTO emprega_midia (id_midia, id_pessoa) VALUES ('80','3212');
INSERT INTO pessoa (id_pessoa, tipo_documento,documento,nome,data_nascimento,nome_pais_origem) VALUES ('3213','PASS','000179994','Falcioni','19790922','Morocco');
INSERT INTO emprega_midia (id_midia, id_pessoa) VALUES ('80','3213');
INSERT INTO equipe_de_midia (id_midia,nome_empresa) VALUES ('81','HICHVMY');
INSERT INTO pessoa (id_pessoa, tipo_documento,documento,nome,data_nascimento,nome_pais_origem) VALUES ('3214','PASS','000591617','Embs','19800826','Paraguay');
INSERT INTO emprega_midia (id_midia, id_pessoa) VALUES ('81','3214');
INSERT INTO pessoa (id_pessoa, tipo_documento,documento,nome,data_nascimento,nome_pais_origem) VALUES ('3215','PASS','000871145','Fauble','19801124','Paraguay');
INSERT INTO emprega_midia (id_midia, id_pessoa) VALUES ('81','3215');
INSERT INTO pessoa (id_pessoa, tipo_documento,documento,nome,data_nascimento,nome_pais_origem) VALUES ('3216','PASS','000796143','Amason','19730208','Chile');
INSERT INTO emprega_midia (id_midia, id_pessoa) VALUES ('81','3216');
INSERT INTO pessoa (id_pessoa, tipo_documento,documento,nome,data_nascimento,nome_pais_origem) VALUES ('3217','PASS','000154164','Gros','19701206','Belgium');
INSERT INTO emprega_midia (id_midia, id_pessoa) VALUES ('81','3217');
INSERT INTO pessoa (id_pessoa, tipo_documento,documento,nome,data_nascimento,nome_pais_origem) VALUES ('3218','PASS','000633816','Frasso','19891013','Afghanistan');
INSERT INTO emprega_midia (id_midia, id_pessoa) VALUES ('81','3218');
INSERT INTO pessoa (id_pessoa, tipo_documento,documento,nome,data_nascimento,nome_pais_origem) VALUES ('3219','PASS','000664864','Delavergne','19871117','Uruguay');
INSERT INTO emprega_midia (id_midia, id_pessoa) VALUES ('81','3219');
INSERT INTO pessoa (id_pessoa, tipo_documento,documento,nome,data_nascimento,nome_pais_origem) VALUES ('3220','PASS','000187694','Debernardi','19830223','Uruguay');
INSERT INTO emprega_midia (id_midia, id_pessoa) VALUES ('81','3220');
INSERT INTO pessoa (id_pessoa, tipo_documento,documento,nome,data_nascimento,nome_pais_origem) VALUES ('3221','PASS','000434101','Gius','19870807','Chad');
INSERT INTO emprega_midia (id_midia, id_pessoa) VALUES ('81','3221');
INSERT INTO pessoa (id_pessoa, tipo_documento,documento,nome,data_nascimento,nome_pais_origem) VALUES ('3222','PASS','000458956','Asher','19810617','Portugal');
INSERT INTO emprega_midia (id_midia, id_pessoa) VALUES ('81','3222');
INSERT INTO pessoa (id_pessoa, tipo_documento,documento,nome,data_nascimento,nome_pais_origem) VALUES ('3223','PASS','000212309','Bethurum','19770510','Sweden');
INSERT INTO emprega_midia (id_midia, id_pessoa) VALUES ('81','3223');
INSERT INTO pessoa (id_pessoa, tipo_documento,documento,nome,data_nascimento,nome_pais_origem) VALUES ('3224','PASS','000896926','Bogut','19741111','China');
INSERT INTO emprega_midia (id_midia, id_pessoa) VALUES ('81','3224');
INSERT INTO pessoa (id_pessoa, tipo_documento,documento,nome,data_nascimento,nome_pais_origem) VALUES ('3225','PASS','000743866','Congleton','19800820','Monaco');
INSERT INTO emprega_midia (id_midia, id_pessoa) VALUES ('81','3225');
INSERT INTO pessoa (id_pessoa, tipo_documento,documento,nome,data_nascimento,nome_pais_origem) VALUES ('3226','PASS','000486235','Bobadilla','19790506','Ukraine');
INSERT INTO emprega_midia (id_midia, id_pessoa) VALUES ('81','3226');
INSERT INTO pessoa (id_pessoa, tipo_documento,documento,nome,data_nascimento,nome_pais_origem) VALUES ('3227','PASS','000686318','Buvens','19760903','Mongolia');
INSERT INTO emprega_midia (id_midia, id_pessoa) VALUES ('81','3227');
INSERT INTO pessoa (id_pessoa, tipo_documento,documento,nome,data_nascimento,nome_pais_origem) VALUES ('3228','PASS','000546824','Bendler','19720413','Netherlands');
INSERT INTO emprega_midia (id_midia, id_pessoa) VALUES ('81','3228');
INSERT INTO pessoa (id_pessoa, tipo_documento,documento,nome,data_nascimento,nome_pais_origem) VALUES ('3229','PASS','000850935','Buttolph','19791225','Peru');
INSERT INTO emprega_midia (id_midia, id_pessoa) VALUES ('81','3229');
INSERT INTO pessoa (id_pessoa, tipo_documento,documento,nome,data_nascimento,nome_pais_origem) VALUES ('3230','PASS','000194469','Degnan','19710416','Australia');
INSERT INTO emprega_midia (id_midia, id_pessoa) VALUES ('81','3230');
INSERT INTO pessoa (id_pessoa, tipo_documento,documento,nome,data_nascimento,nome_pais_origem) VALUES ('3231','PASS','000806648','Dutt','19800925','Estonia');
INSERT INTO emprega_midia (id_midia, id_pessoa) VALUES ('81','3231');
INSERT INTO pessoa (id_pessoa, tipo_documento,documento,nome,data_nascimento,nome_pais_origem) VALUES ('3232','PASS','000353652','Adeline','19780801','Philippines');
INSERT INTO emprega_midia (id_midia, id_pessoa) VALUES ('81','3232');
INSERT INTO pessoa (id_pessoa, tipo_documento,documento,nome,data_nascimento,nome_pais_origem) VALUES ('3233','PASS','000351666','Dwan','19820611','Netherlands');
INSERT INTO emprega_midia (id_midia, id_pessoa) VALUES ('81','3233');
INSERT INTO pessoa (id_pessoa, tipo_documento,documento,nome,data_nascimento,nome_pais_origem) VALUES ('3234','PASS','000229307','Girote','19780414','France');
INSERT INTO emprega_midia (id_midia, id_pessoa) VALUES ('81','3234');
INSERT INTO pessoa (id_pessoa, tipo_documento,documento,nome,data_nascimento,nome_pais_origem) VALUES ('3235','PASS','000593081','Cocca','19720321','Cuba');
INSERT INTO emprega_midia (id_midia, id_pessoa) VALUES ('81','3235');
INSERT INTO pessoa (id_pessoa, tipo_documento,documento,nome,data_nascimento,nome_pais_origem) VALUES ('3236','PASS','000653473','Dummitt','19721022','Romania');
INSERT INTO emprega_midia (id_midia, id_pessoa) VALUES ('81','3236');
INSERT INTO pessoa (id_pessoa, tipo_documento,documento,nome,data_nascimento,nome_pais_origem) VALUES ('3237','PASS','000882428','Buntz','19841012','Nicaragua');
INSERT INTO emprega_midia (id_midia, id_pessoa) VALUES ('81','3237');
INSERT INTO equipe_de_midia (id_midia,nome_empresa) VALUES ('82','FGFJOFL');
INSERT INTO pessoa (id_pessoa, tipo_documento,documento,nome,data_nascimento,nome_pais_origem) VALUES ('3238','PASS','000848924','Garlett','19701020','Chad');
INSERT INTO emprega_midia (id_midia, id_pessoa) VALUES ('82','3238');
INSERT INTO pessoa (id_pessoa, tipo_documento,documento,nome,data_nascimento,nome_pais_origem) VALUES ('3239','PASS','000967025','Arnstein','19811013','Luxembourg');
INSERT INTO emprega_midia (id_midia, id_pessoa) VALUES ('82','3239');
INSERT INTO pessoa (id_pessoa, tipo_documento,documento,nome,data_nascimento,nome_pais_origem) VALUES ('3240','PASS','000648319','Carcia','19810406','France');
INSERT INTO emprega_midia (id_midia, id_pessoa) VALUES ('82','3240');
INSERT INTO pessoa (id_pessoa, tipo_documento,documento,nome,data_nascimento,nome_pais_origem) VALUES ('3241','PASS','000556981','Cader','19710421','Bahamas');
INSERT INTO emprega_midia (id_midia, id_pessoa) VALUES ('82','3241');
INSERT INTO pessoa (id_pessoa, tipo_documento,documento,nome,data_nascimento,nome_pais_origem) VALUES ('3242','PASS','000208352','Engleson','19790923','Greece');
INSERT INTO emprega_midia (id_midia, id_pessoa) VALUES ('82','3242');
INSERT INTO pessoa (id_pessoa, tipo_documento,documento,nome,data_nascimento,nome_pais_origem) VALUES ('3243','PASS','000434708','Dirlam','19820220','Poland');
INSERT INTO emprega_midia (id_midia, id_pessoa) VALUES ('82','3243');
INSERT INTO pessoa (id_pessoa, tipo_documento,documento,nome,data_nascimento,nome_pais_origem) VALUES ('3244','PASS','000105624','Forward','19790223','Algeria');
INSERT INTO emprega_midia (id_midia, id_pessoa) VALUES ('82','3244');
INSERT INTO pessoa (id_pessoa, tipo_documento,documento,nome,data_nascimento,nome_pais_origem) VALUES ('3245','PASS','000556063','Blundo','19830616','Zealand');
INSERT INTO emprega_midia (id_midia, id_pessoa) VALUES ('82','3245');
INSERT INTO pessoa (id_pessoa, tipo_documento,documento,nome,data_nascimento,nome_pais_origem) VALUES ('3246','PASS','000240185','Furrow','19731019','Slovakia');
INSERT INTO emprega_midia (id_midia, id_pessoa) VALUES ('82','3246');
INSERT INTO pessoa (id_pessoa, tipo_documento,documento,nome,data_nascimento,nome_pais_origem) VALUES ('3247','PASS','000687938','Estabillo','19830319','Chad');
INSERT INTO emprega_midia (id_midia, id_pessoa) VALUES ('82','3247');
INSERT INTO pessoa (id_pessoa, tipo_documento,documento,nome,data_nascimento,nome_pais_origem) VALUES ('3248','PASS','000151560','Detamore','19840902','Brazil');
INSERT INTO emprega_midia (id_midia, id_pessoa) VALUES ('82','3248');
INSERT INTO pessoa (id_pessoa, tipo_documento,documento,nome,data_nascimento,nome_pais_origem) VALUES ('3249','PASS','000729152','Forsythe','19810415','Bulgaria');
INSERT INTO emprega_midia (id_midia, id_pessoa) VALUES ('82','3249');
INSERT INTO pessoa (id_pessoa, tipo_documento,documento,nome,data_nascimento,nome_pais_origem) VALUES ('3250','PASS','000408451','Arya','19850701','Paraguay');
INSERT INTO emprega_midia (id_midia, id_pessoa) VALUES ('82','3250');
INSERT INTO pessoa (id_pessoa, tipo_documento,documento,nome,data_nascimento,nome_pais_origem) VALUES ('3251','PASS','000247103','Dargis','19741223','Romania');
INSERT INTO emprega_midia (id_midia, id_pessoa) VALUES ('82','3251');
INSERT INTO pessoa (id_pessoa, tipo_documento,documento,nome,data_nascimento,nome_pais_origem) VALUES ('3252','PASS','000477434','Clive','19860618','Belgium');
INSERT INTO emprega_midia (id_midia, id_pessoa) VALUES ('82','3252');
INSERT INTO pessoa (id_pessoa, tipo_documento,documento,nome,data_nascimento,nome_pais_origem) VALUES ('3253','PASS','000811473','Furfaro','19710606','Japan');
INSERT INTO emprega_midia (id_midia, id_pessoa) VALUES ('82','3253');
INSERT INTO pessoa (id_pessoa, tipo_documento,documento,nome,data_nascimento,nome_pais_origem) VALUES ('3254','PASS','000617889','Catino','19720914','Arabia');
INSERT INTO emprega_midia (id_midia, id_pessoa) VALUES ('82','3254');
INSERT INTO pessoa (id_pessoa, tipo_documento,documento,nome,data_nascimento,nome_pais_origem) VALUES ('3255','PASS','000841243','Chorley','19800610','Switzerland');
INSERT INTO emprega_midia (id_midia, id_pessoa) VALUES ('82','3255');
INSERT INTO pessoa (id_pessoa, tipo_documento,documento,nome,data_nascimento,nome_pais_origem) VALUES ('3256','PASS','000702912','Enzenauer','19851101','Zealand');
INSERT INTO emprega_midia (id_midia, id_pessoa) VALUES ('82','3256');
INSERT INTO pessoa (id_pessoa, tipo_documento,documento,nome,data_nascimento,nome_pais_origem) VALUES ('3257','PASS','000552348','Filthaut','19781006','Bulgaria');
INSERT INTO emprega_midia (id_midia, id_pessoa) VALUES ('82','3257');
INSERT INTO pessoa (id_pessoa, tipo_documento,documento,nome,data_nascimento,nome_pais_origem) VALUES ('3258','PASS','000690064','Cedar','19840503','Thailand');
INSERT INTO emprega_midia (id_midia, id_pessoa) VALUES ('82','3258');
INSERT INTO pessoa (id_pessoa, tipo_documento,documento,nome,data_nascimento,nome_pais_origem) VALUES ('3259','PASS','000466275','Fenbert','19720827','Finland');
INSERT INTO emprega_midia (id_midia, id_pessoa) VALUES ('82','3259');
INSERT INTO pessoa (id_pessoa, tipo_documento,documento,nome,data_nascimento,nome_pais_origem) VALUES ('3260','PASS','000718356','Estell','19790814','Chad');
INSERT INTO emprega_midia (id_midia, id_pessoa) VALUES ('82','3260');
INSERT INTO pessoa (id_pessoa, tipo_documento,documento,nome,data_nascimento,nome_pais_origem) VALUES ('3261','PASS','000791904','Enslow','19880624','Denmark');
INSERT INTO emprega_midia (id_midia, id_pessoa) VALUES ('82','3261');
INSERT INTO equipe_de_midia (id_midia,nome_empresa) VALUES ('83','PRZYBFD');
INSERT INTO pessoa (id_pessoa, tipo_documento,documento,nome,data_nascimento,nome_pais_origem) VALUES ('3262','PASS','000401187','Garfield','19731112','Belarus');
INSERT INTO emprega_midia (id_midia, id_pessoa) VALUES ('83','3262');
INSERT INTO pessoa (id_pessoa, tipo_documento,documento,nome,data_nascimento,nome_pais_origem) VALUES ('3263','PASS','000876626','Georgianna','19830719','Singapore');
INSERT INTO emprega_midia (id_midia, id_pessoa) VALUES ('83','3263');
INSERT INTO pessoa (id_pessoa, tipo_documento,documento,nome,data_nascimento,nome_pais_origem) VALUES ('3264','PASS','000224488','Ballentine','19730415','Chile');
INSERT INTO emprega_midia (id_midia, id_pessoa) VALUES ('83','3264');
INSERT INTO pessoa (id_pessoa, tipo_documento,documento,nome,data_nascimento,nome_pais_origem) VALUES ('3265','PASS','000671988','Cefalu','19760103','Angola');
INSERT INTO emprega_midia (id_midia, id_pessoa) VALUES ('83','3265');
INSERT INTO pessoa (id_pessoa, tipo_documento,documento,nome,data_nascimento,nome_pais_origem) VALUES ('3266','PASS','000895337','Della','19740114','Belgium');
INSERT INTO emprega_midia (id_midia, id_pessoa) VALUES ('83','3266');
INSERT INTO pessoa (id_pessoa, tipo_documento,documento,nome,data_nascimento,nome_pais_origem) VALUES ('3267','PASS','000853561','Dibbles','19801001','Angola');
INSERT INTO emprega_midia (id_midia, id_pessoa) VALUES ('83','3267');
INSERT INTO pessoa (id_pessoa, tipo_documento,documento,nome,data_nascimento,nome_pais_origem) VALUES ('3268','PASS','000394794','Gowler','19811102','Rica');
INSERT INTO emprega_midia (id_midia, id_pessoa) VALUES ('83','3268');
INSERT INTO pessoa (id_pessoa, tipo_documento,documento,nome,data_nascimento,nome_pais_origem) VALUES ('3269','PASS','000942160','Gatz','19891226','Serbia');
INSERT INTO emprega_midia (id_midia, id_pessoa) VALUES ('83','3269');
INSERT INTO pessoa (id_pessoa, tipo_documento,documento,nome,data_nascimento,nome_pais_origem) VALUES ('3270','PASS','000287496','Buonaiuto','19711111','Finland');
INSERT INTO emprega_midia (id_midia, id_pessoa) VALUES ('83','3270');
INSERT INTO pessoa (id_pessoa, tipo_documento,documento,nome,data_nascimento,nome_pais_origem) VALUES ('3271','PASS','000946257','Bucanan','19810322','Iraq');
INSERT INTO emprega_midia (id_midia, id_pessoa) VALUES ('83','3271');
INSERT INTO pessoa (id_pessoa, tipo_documento,documento,nome,data_nascimento,nome_pais_origem) VALUES ('3272','PASS','000381380','Goetsch','19831213','Singapore');
INSERT INTO emprega_midia (id_midia, id_pessoa) VALUES ('83','3272');
INSERT INTO pessoa (id_pessoa, tipo_documento,documento,nome,data_nascimento,nome_pais_origem) VALUES ('3273','PASS','000343445','Asad','19720807','Finland');
INSERT INTO emprega_midia (id_midia, id_pessoa) VALUES ('83','3273');
INSERT INTO pessoa (id_pessoa, tipo_documento,documento,nome,data_nascimento,nome_pais_origem) VALUES ('3274','PASS','000142019','Chai','19700312','Germany');
INSERT INTO emprega_midia (id_midia, id_pessoa) VALUES ('83','3274');
INSERT INTO pessoa (id_pessoa, tipo_documento,documento,nome,data_nascimento,nome_pais_origem) VALUES ('3275','PASS','000227904','Culcasi','19780209','Philippines');
INSERT INTO emprega_midia (id_midia, id_pessoa) VALUES ('83','3275');
INSERT INTO pessoa (id_pessoa, tipo_documento,documento,nome,data_nascimento,nome_pais_origem) VALUES ('3276','PASS','000243749','Fagg','19720319','Iraq');
INSERT INTO emprega_midia (id_midia, id_pessoa) VALUES ('83','3276');
INSERT INTO equipe_de_midia (id_midia,nome_empresa) VALUES ('84','UZFQXVJ');
INSERT INTO pessoa (id_pessoa, tipo_documento,documento,nome,data_nascimento,nome_pais_origem) VALUES ('3277','PASS','000307032','Fechner','19840915','Japan');
INSERT INTO emprega_midia (id_midia, id_pessoa) VALUES ('84','3277');
INSERT INTO pessoa (id_pessoa, tipo_documento,documento,nome,data_nascimento,nome_pais_origem) VALUES ('3278','PASS','000964547','Antonakos','19880121','Mozambique');
INSERT INTO emprega_midia (id_midia, id_pessoa) VALUES ('84','3278');
INSERT INTO pessoa (id_pessoa, tipo_documento,documento,nome,data_nascimento,nome_pais_origem) VALUES ('3279','PASS','000233728','Avala','19851123','Belgium');
INSERT INTO emprega_midia (id_midia, id_pessoa) VALUES ('84','3279');
INSERT INTO pessoa (id_pessoa, tipo_documento,documento,nome,data_nascimento,nome_pais_origem) VALUES ('3280','PASS','000157989','Greve','19790523','Peru');
INSERT INTO emprega_midia (id_midia, id_pessoa) VALUES ('84','3280');
INSERT INTO pessoa (id_pessoa, tipo_documento,documento,nome,data_nascimento,nome_pais_origem) VALUES ('3281','PASS','000465311','Causley','19790616','Norway');
INSERT INTO emprega_midia (id_midia, id_pessoa) VALUES ('84','3281');
INSERT INTO pessoa (id_pessoa, tipo_documento,documento,nome,data_nascimento,nome_pais_origem) VALUES ('3282','PASS','000789280','Briney','19800808','Chad');
INSERT INTO emprega_midia (id_midia, id_pessoa) VALUES ('84','3282');
INSERT INTO pessoa (id_pessoa, tipo_documento,documento,nome,data_nascimento,nome_pais_origem) VALUES ('3283','PASS','000770851','Bluhm','19870903','France');
INSERT INTO emprega_midia (id_midia, id_pessoa) VALUES ('84','3283');
INSERT INTO pessoa (id_pessoa, tipo_documento,documento,nome,data_nascimento,nome_pais_origem) VALUES ('3284','PASS','000401178','Etherton','19731012','China');
INSERT INTO emprega_midia (id_midia, id_pessoa) VALUES ('84','3284');
INSERT INTO pessoa (id_pessoa, tipo_documento,documento,nome,data_nascimento,nome_pais_origem) VALUES ('3285','PASS','000380511','Cuyler','19720204','Chile');
INSERT INTO emprega_midia (id_midia, id_pessoa) VALUES ('84','3285');
INSERT INTO pessoa (id_pessoa, tipo_documento,documento,nome,data_nascimento,nome_pais_origem) VALUES ('3286','PASS','000237548','Bickleman','19740822','Senegal');
INSERT INTO emprega_midia (id_midia, id_pessoa) VALUES ('84','3286');
INSERT INTO pessoa (id_pessoa, tipo_documento,documento,nome,data_nascimento,nome_pais_origem) VALUES ('3287','PASS','000751391','Brong','19760101','Uruguay');
INSERT INTO emprega_midia (id_midia, id_pessoa) VALUES ('84','3287');
INSERT INTO pessoa (id_pessoa, tipo_documento,documento,nome,data_nascimento,nome_pais_origem) VALUES ('3288','PASS','000176913','Flynn','19800404','Zealand');
INSERT INTO emprega_midia (id_midia, id_pessoa) VALUES ('84','3288');
INSERT INTO pessoa (id_pessoa, tipo_documento,documento,nome,data_nascimento,nome_pais_origem) VALUES ('3289','PASS','000362671','Crelia','19760126','Senegal');
INSERT INTO emprega_midia (id_midia, id_pessoa) VALUES ('84','3289');
INSERT INTO pessoa (id_pessoa, tipo_documento,documento,nome,data_nascimento,nome_pais_origem) VALUES ('3290','PASS','000204238','Crincoli','19760223','Netherlands');
INSERT INTO emprega_midia (id_midia, id_pessoa) VALUES ('84','3290');
INSERT INTO pessoa (id_pessoa, tipo_documento,documento,nome,data_nascimento,nome_pais_origem) VALUES ('3291','PASS','000899099','Goicoechea','19831020','Mozambique');
INSERT INTO emprega_midia (id_midia, id_pessoa) VALUES ('84','3291');
INSERT INTO pessoa (id_pessoa, tipo_documento,documento,nome,data_nascimento,nome_pais_origem) VALUES ('3292','PASS','000230627','Franko','19840621','Colombia');
INSERT INTO emprega_midia (id_midia, id_pessoa) VALUES ('84','3292');
INSERT INTO pessoa (id_pessoa, tipo_documento,documento,nome,data_nascimento,nome_pais_origem) VALUES ('3293','PASS','000675571','Asam','19700109','Monaco');
INSERT INTO emprega_midia (id_midia, id_pessoa) VALUES ('84','3293');
INSERT INTO pessoa (id_pessoa, tipo_documento,documento,nome,data_nascimento,nome_pais_origem) VALUES ('3294','PASS','000455610','Daughterty','19800411','Vietnam');
INSERT INTO emprega_midia (id_midia, id_pessoa) VALUES ('84','3294');
INSERT INTO pessoa (id_pessoa, tipo_documento,documento,nome,data_nascimento,nome_pais_origem) VALUES ('3295','PASS','000461859','Gangl','19830124','Afghanistan');
INSERT INTO emprega_midia (id_midia, id_pessoa) VALUES ('84','3295');
INSERT INTO pessoa (id_pessoa, tipo_documento,documento,nome,data_nascimento,nome_pais_origem) VALUES ('3296','PASS','000601112','Besley','19720808','Croatia');
INSERT INTO emprega_midia (id_midia, id_pessoa) VALUES ('84','3296');
INSERT INTO pessoa (id_pessoa, tipo_documento,documento,nome,data_nascimento,nome_pais_origem) VALUES ('3297','PASS','000519833','Cassem','19820713','Croatia');
INSERT INTO emprega_midia (id_midia, id_pessoa) VALUES ('84','3297');
INSERT INTO equipe_de_midia (id_midia,nome_empresa) VALUES ('85','IGEQNAX');
INSERT INTO pessoa (id_pessoa, tipo_documento,documento,nome,data_nascimento,nome_pais_origem) VALUES ('3298','PASS','000663567','Beel','19861225','Armenia');
INSERT INTO emprega_midia (id_midia, id_pessoa) VALUES ('85','3298');
INSERT INTO pessoa (id_pessoa, tipo_documento,documento,nome,data_nascimento,nome_pais_origem) VALUES ('3299','PASS','000651105','Anwar','19870107','Costa');
INSERT INTO emprega_midia (id_midia, id_pessoa) VALUES ('85','3299');
INSERT INTO pessoa (id_pessoa, tipo_documento,documento,nome,data_nascimento,nome_pais_origem) VALUES ('3300','PASS','000317907','Goldtrap','19710624','Bulgaria');
INSERT INTO emprega_midia (id_midia, id_pessoa) VALUES ('85','3300');
INSERT INTO pessoa (id_pessoa, tipo_documento,documento,nome,data_nascimento,nome_pais_origem) VALUES ('3301','PASS','000276085','Brach','19750809','Iran');
INSERT INTO emprega_midia (id_midia, id_pessoa) VALUES ('85','3301');
INSERT INTO pessoa (id_pessoa, tipo_documento,documento,nome,data_nascimento,nome_pais_origem) VALUES ('3302','PASS','000936456','Cianciotta','19780926','Zealand');
INSERT INTO emprega_midia (id_midia, id_pessoa) VALUES ('85','3302');
INSERT INTO pessoa (id_pessoa, tipo_documento,documento,nome,data_nascimento,nome_pais_origem) VALUES ('3303','PASS','000860240','Daku','19790519','Norway');
INSERT INTO emprega_midia (id_midia, id_pessoa) VALUES ('85','3303');
INSERT INTO equipe_de_midia (id_midia,nome_empresa) VALUES ('86','TXBMISW');
INSERT INTO pessoa (id_pessoa, tipo_documento,documento,nome,data_nascimento,nome_pais_origem) VALUES ('3304','PASS','000435512','Dumag','19800121','Portugal');
INSERT INTO emprega_midia (id_midia, id_pessoa) VALUES ('86','3304');
INSERT INTO pessoa (id_pessoa, tipo_documento,documento,nome,data_nascimento,nome_pais_origem) VALUES ('3305','PASS','000283104','Garmany','19870109','Barbados');
INSERT INTO emprega_midia (id_midia, id_pessoa) VALUES ('86','3305');
INSERT INTO pessoa (id_pessoa, tipo_documento,documento,nome,data_nascimento,nome_pais_origem) VALUES ('3306','PASS','000883940','Adessa','19851122','Chile');
INSERT INTO emprega_midia (id_midia, id_pessoa) VALUES ('86','3306');
INSERT INTO pessoa (id_pessoa, tipo_documento,documento,nome,data_nascimento,nome_pais_origem) VALUES ('3307','PASS','000631950','Amaker','19870826','Bulgaria');
INSERT INTO emprega_midia (id_midia, id_pessoa) VALUES ('86','3307');
INSERT INTO pessoa (id_pessoa, tipo_documento,documento,nome,data_nascimento,nome_pais_origem) VALUES ('3308','PASS','000709092','Domiano','19790426','Philippines');
INSERT INTO emprega_midia (id_midia, id_pessoa) VALUES ('86','3308');
INSERT INTO pessoa (id_pessoa, tipo_documento,documento,nome,data_nascimento,nome_pais_origem) VALUES ('3309','PASS','000186160','Difrancisco','19780106','Vietnam');
INSERT INTO emprega_midia (id_midia, id_pessoa) VALUES ('86','3309');
INSERT INTO pessoa (id_pessoa, tipo_documento,documento,nome,data_nascimento,nome_pais_origem) VALUES ('3310','PASS','000394380','Goltra','19760809','Morocco');
INSERT INTO emprega_midia (id_midia, id_pessoa) VALUES ('86','3310');
INSERT INTO pessoa (id_pessoa, tipo_documento,documento,nome,data_nascimento,nome_pais_origem) VALUES ('3311','PASS','000656475','Apruzzese','19851018','France');
INSERT INTO emprega_midia (id_midia, id_pessoa) VALUES ('86','3311');
INSERT INTO pessoa (id_pessoa, tipo_documento,documento,nome,data_nascimento,nome_pais_origem) VALUES ('3312','PASS','000951331','Gremminger','19740201','Senegal');
INSERT INTO emprega_midia (id_midia, id_pessoa) VALUES ('86','3312');
INSERT INTO pessoa (id_pessoa, tipo_documento,documento,nome,data_nascimento,nome_pais_origem) VALUES ('3313','PASS','000231788','Frankina','19700517','Brazil');
INSERT INTO emprega_midia (id_midia, id_pessoa) VALUES ('86','3313');
INSERT INTO pessoa (id_pessoa, tipo_documento,documento,nome,data_nascimento,nome_pais_origem) VALUES ('3314','PASS','000678244','Brasswell','19820927','Austria');
INSERT INTO emprega_midia (id_midia, id_pessoa) VALUES ('86','3314');
INSERT INTO pessoa (id_pessoa, tipo_documento,documento,nome,data_nascimento,nome_pais_origem) VALUES ('3315','PASS','000449677','Crickard','19820622','Armenia');
INSERT INTO emprega_midia (id_midia, id_pessoa) VALUES ('86','3315');
INSERT INTO pessoa (id_pessoa, tipo_documento,documento,nome,data_nascimento,nome_pais_origem) VALUES ('3316','PASS','000337324','Bookhardt','19751120','Portugal');
INSERT INTO emprega_midia (id_midia, id_pessoa) VALUES ('86','3316');
INSERT INTO pessoa (id_pessoa, tipo_documento,documento,nome,data_nascimento,nome_pais_origem) VALUES ('3317','PASS','000132185','Bason','19831123','Mexico');
INSERT INTO emprega_midia (id_midia, id_pessoa) VALUES ('86','3317');
INSERT INTO pessoa (id_pessoa, tipo_documento,documento,nome,data_nascimento,nome_pais_origem) VALUES ('3318','PASS','000299785','Carson','19890913','Argentina');
INSERT INTO emprega_midia (id_midia, id_pessoa) VALUES ('86','3318');
INSERT INTO pessoa (id_pessoa, tipo_documento,documento,nome,data_nascimento,nome_pais_origem) VALUES ('3319','PASS','000209264','Cossano','19740904','Croatia');
INSERT INTO emprega_midia (id_midia, id_pessoa) VALUES ('86','3319');
INSERT INTO pessoa (id_pessoa, tipo_documento,documento,nome,data_nascimento,nome_pais_origem) VALUES ('3320','PASS','000315870','Equils','19830423','Romania');
INSERT INTO emprega_midia (id_midia, id_pessoa) VALUES ('86','3320');
INSERT INTO pessoa (id_pessoa, tipo_documento,documento,nome,data_nascimento,nome_pais_origem) VALUES ('3321','PASS','000827243','Belding','19791114','Spain');
INSERT INTO emprega_midia (id_midia, id_pessoa) VALUES ('86','3321');
INSERT INTO pessoa (id_pessoa, tipo_documento,documento,nome,data_nascimento,nome_pais_origem) VALUES ('3322','PASS','000210258','Calendine','19871009','Zealand');
INSERT INTO emprega_midia (id_midia, id_pessoa) VALUES ('86','3322');
INSERT INTO equipe_de_midia (id_midia,nome_empresa) VALUES ('87','TTWNEHN');
INSERT INTO pessoa (id_pessoa, tipo_documento,documento,nome,data_nascimento,nome_pais_origem) VALUES ('3323','PASS','000634203','Delcolle','19720721','Bulgaria');
INSERT INTO emprega_midia (id_midia, id_pessoa) VALUES ('87','3323');
INSERT INTO pessoa (id_pessoa, tipo_documento,documento,nome,data_nascimento,nome_pais_origem) VALUES ('3324','PASS','000324857','Ciganek','19850708','Afghanistan');
INSERT INTO emprega_midia (id_midia, id_pessoa) VALUES ('87','3324');
INSERT INTO pessoa (id_pessoa, tipo_documento,documento,nome,data_nascimento,nome_pais_origem) VALUES ('3325','PASS','000501661','Fujiwara','19770917','Senegal');
INSERT INTO emprega_midia (id_midia, id_pessoa) VALUES ('87','3325');
INSERT INTO pessoa (id_pessoa, tipo_documento,documento,nome,data_nascimento,nome_pais_origem) VALUES ('3326','PASS','000465089','Alexiou','19840813','Norway');
INSERT INTO emprega_midia (id_midia, id_pessoa) VALUES ('87','3326');
INSERT INTO pessoa (id_pessoa, tipo_documento,documento,nome,data_nascimento,nome_pais_origem) VALUES ('3327','PASS','000685548','Bonaccorsi','19761003','Nepal');
INSERT INTO emprega_midia (id_midia, id_pessoa) VALUES ('87','3327');
INSERT INTO pessoa (id_pessoa, tipo_documento,documento,nome,data_nascimento,nome_pais_origem) VALUES ('3328','PASS','000951137','Cardenos','19760227','Colombia');
INSERT INTO emprega_midia (id_midia, id_pessoa) VALUES ('87','3328');
INSERT INTO pessoa (id_pessoa, tipo_documento,documento,nome,data_nascimento,nome_pais_origem) VALUES ('3329','PASS','000922838','Cecilia','19870901','Slovakia');
INSERT INTO emprega_midia (id_midia, id_pessoa) VALUES ('87','3329');
INSERT INTO pessoa (id_pessoa, tipo_documento,documento,nome,data_nascimento,nome_pais_origem) VALUES ('3330','PASS','000967754','Flanigan','19801016','Nicaragua');
INSERT INTO emprega_midia (id_midia, id_pessoa) VALUES ('87','3330');
INSERT INTO pessoa (id_pessoa, tipo_documento,documento,nome,data_nascimento,nome_pais_origem) VALUES ('3331','PASS','000286832','Dearmore','19860823','Luxembourg');
INSERT INTO emprega_midia (id_midia, id_pessoa) VALUES ('87','3331');
INSERT INTO pessoa (id_pessoa, tipo_documento,documento,nome,data_nascimento,nome_pais_origem) VALUES ('3332','PASS','000781305','Courtoy','19720807','Spain');
INSERT INTO emprega_midia (id_midia, id_pessoa) VALUES ('87','3332');
INSERT INTO pessoa (id_pessoa, tipo_documento,documento,nome,data_nascimento,nome_pais_origem) VALUES ('3333','PASS','000936062','Debray','19800426','France');
INSERT INTO emprega_midia (id_midia, id_pessoa) VALUES ('87','3333');
INSERT INTO pessoa (id_pessoa, tipo_documento,documento,nome,data_nascimento,nome_pais_origem) VALUES ('3334','PASS','000954711','Corkran','19871021','Senegal');
INSERT INTO emprega_midia (id_midia, id_pessoa) VALUES ('87','3334');
INSERT INTO pessoa (id_pessoa, tipo_documento,documento,nome,data_nascimento,nome_pais_origem) VALUES ('3335','PASS','000577115','Bernell','19710427','Monaco');
INSERT INTO emprega_midia (id_midia, id_pessoa) VALUES ('87','3335');
INSERT INTO pessoa (id_pessoa, tipo_documento,documento,nome,data_nascimento,nome_pais_origem) VALUES ('3336','PASS','000708684','Gianopulos','19851102','Estonia');
INSERT INTO emprega_midia (id_midia, id_pessoa) VALUES ('87','3336');
INSERT INTO pessoa (id_pessoa, tipo_documento,documento,nome,data_nascimento,nome_pais_origem) VALUES ('3337','PASS','000389466','Ducasse','19881118','Germany');
INSERT INTO emprega_midia (id_midia, id_pessoa) VALUES ('87','3337');
INSERT INTO pessoa (id_pessoa, tipo_documento,documento,nome,data_nascimento,nome_pais_origem) VALUES ('3338','PASS','000828501','Campton','19830118','Mongolia');
INSERT INTO emprega_midia (id_midia, id_pessoa) VALUES ('87','3338');
INSERT INTO pessoa (id_pessoa, tipo_documento,documento,nome,data_nascimento,nome_pais_origem) VALUES ('3339','PASS','000738175','Bossick','19800706','France');
INSERT INTO emprega_midia (id_midia, id_pessoa) VALUES ('87','3339');
INSERT INTO pessoa (id_pessoa, tipo_documento,documento,nome,data_nascimento,nome_pais_origem) VALUES ('3340','PASS','000661104','Buitrago','19881115','Barbados');
INSERT INTO emprega_midia (id_midia, id_pessoa) VALUES ('87','3340');
INSERT INTO pessoa (id_pessoa, tipo_documento,documento,nome,data_nascimento,nome_pais_origem) VALUES ('3341','PASS','000822806','Dorado','19730515','Azerbaijan');
INSERT INTO emprega_midia (id_midia, id_pessoa) VALUES ('87','3341');
INSERT INTO pessoa (id_pessoa, tipo_documento,documento,nome,data_nascimento,nome_pais_origem) VALUES ('3342','PASS','000295189','Bollinger','19770621','Georgia');
INSERT INTO emprega_midia (id_midia, id_pessoa) VALUES ('87','3342');
INSERT INTO pessoa (id_pessoa, tipo_documento,documento,nome,data_nascimento,nome_pais_origem) VALUES ('3343','PASS','000403102','Groover','19810522','Italy');
INSERT INTO emprega_midia (id_midia, id_pessoa) VALUES ('87','3343');
INSERT INTO pessoa (id_pessoa, tipo_documento,documento,nome,data_nascimento,nome_pais_origem) VALUES ('3344','PASS','000413228','Coyco','19750826','Bangladesh');
INSERT INTO emprega_midia (id_midia, id_pessoa) VALUES ('87','3344');
INSERT INTO pessoa (id_pessoa, tipo_documento,documento,nome,data_nascimento,nome_pais_origem) VALUES ('3345','PASS','000465036','Coffee','19720425','Poland');
INSERT INTO emprega_midia (id_midia, id_pessoa) VALUES ('87','3345');
INSERT INTO pessoa (id_pessoa, tipo_documento,documento,nome,data_nascimento,nome_pais_origem) VALUES ('3346','PASS','000961521','Deroos','19740918','Mozambique');
INSERT INTO emprega_midia (id_midia, id_pessoa) VALUES ('87','3346');
INSERT INTO pessoa (id_pessoa, tipo_documento,documento,nome,data_nascimento,nome_pais_origem) VALUES ('3347','PASS','000676922','Cockriel','19880126','Azerbaijan');
INSERT INTO emprega_midia (id_midia, id_pessoa) VALUES ('87','3347');
INSERT INTO pessoa (id_pessoa, tipo_documento,documento,nome,data_nascimento,nome_pais_origem) VALUES ('3348','PASS','000251873','Battisti','19780612','Netherlands');
INSERT INTO emprega_midia (id_midia, id_pessoa) VALUES ('87','3348');
INSERT INTO pessoa (id_pessoa, tipo_documento,documento,nome,data_nascimento,nome_pais_origem) VALUES ('3349','PASS','000375934','Dannie','19701116','Argentina');
INSERT INTO emprega_midia (id_midia, id_pessoa) VALUES ('87','3349');
INSERT INTO pessoa (id_pessoa, tipo_documento,documento,nome,data_nascimento,nome_pais_origem) VALUES ('3350','PASS','000681621','Dause','19860426','Iraq');
INSERT INTO emprega_midia (id_midia, id_pessoa) VALUES ('87','3350');
INSERT INTO equipe_de_midia (id_midia,nome_empresa) VALUES ('88','OZUTIJV');
INSERT INTO pessoa (id_pessoa, tipo_documento,documento,nome,data_nascimento,nome_pais_origem) VALUES ('3351','PASS','000386628','Gachupin','19850312','Senegal');
INSERT INTO emprega_midia (id_midia, id_pessoa) VALUES ('88','3351');
INSERT INTO pessoa (id_pessoa, tipo_documento,documento,nome,data_nascimento,nome_pais_origem) VALUES ('3352','PASS','000610335','Antonelli','19740317','Vietnam');
INSERT INTO emprega_midia (id_midia, id_pessoa) VALUES ('88','3352');
INSERT INTO pessoa (id_pessoa, tipo_documento,documento,nome,data_nascimento,nome_pais_origem) VALUES ('3353','PASS','000361413','Eveler','19741102','Syria');
INSERT INTO emprega_midia (id_midia, id_pessoa) VALUES ('88','3353');
INSERT INTO pessoa (id_pessoa, tipo_documento,documento,nome,data_nascimento,nome_pais_origem) VALUES ('3354','PASS','000249687','Cumoletti','19880419','Bahamas');
INSERT INTO emprega_midia (id_midia, id_pessoa) VALUES ('88','3354');
INSERT INTO pessoa (id_pessoa, tipo_documento,documento,nome,data_nascimento,nome_pais_origem) VALUES ('3355','PASS','000898999','Carlough','19701221','Peru');
INSERT INTO emprega_midia (id_midia, id_pessoa) VALUES ('88','3355');
INSERT INTO pessoa (id_pessoa, tipo_documento,documento,nome,data_nascimento,nome_pais_origem) VALUES ('3356','PASS','000413081','Alward','19790209','Sweden');
INSERT INTO emprega_midia (id_midia, id_pessoa) VALUES ('88','3356');
INSERT INTO pessoa (id_pessoa, tipo_documento,documento,nome,data_nascimento,nome_pais_origem) VALUES ('3357','PASS','000994344','Balassi','19790303','Georgia');
INSERT INTO emprega_midia (id_midia, id_pessoa) VALUES ('88','3357');
INSERT INTO pessoa (id_pessoa, tipo_documento,documento,nome,data_nascimento,nome_pais_origem) VALUES ('3358','PASS','000414027','Arbetman','19710610','Luxembourg');
INSERT INTO emprega_midia (id_midia, id_pessoa) VALUES ('88','3358');
INSERT INTO pessoa (id_pessoa, tipo_documento,documento,nome,data_nascimento,nome_pais_origem) VALUES ('3359','PASS','000643949','Caspar','19830509','Bahrain');
INSERT INTO emprega_midia (id_midia, id_pessoa) VALUES ('88','3359');
INSERT INTO pessoa (id_pessoa, tipo_documento,documento,nome,data_nascimento,nome_pais_origem) VALUES ('3360','PASS','000362029','Fontanini','19811120','New');
INSERT INTO emprega_midia (id_midia, id_pessoa) VALUES ('88','3360');
INSERT INTO pessoa (id_pessoa, tipo_documento,documento,nome,data_nascimento,nome_pais_origem) VALUES ('3361','PASS','000763592','Enter','19851115','Saudi');
INSERT INTO emprega_midia (id_midia, id_pessoa) VALUES ('88','3361');
INSERT INTO pessoa (id_pessoa, tipo_documento,documento,nome,data_nascimento,nome_pais_origem) VALUES ('3362','PASS','000139045','Bongle','19800609','Brazil');
INSERT INTO emprega_midia (id_midia, id_pessoa) VALUES ('88','3362');
INSERT INTO pessoa (id_pessoa, tipo_documento,documento,nome,data_nascimento,nome_pais_origem) VALUES ('3363','PASS','000429377','Endries','19731207','Slovakia');
INSERT INTO emprega_midia (id_midia, id_pessoa) VALUES ('88','3363');
INSERT INTO pessoa (id_pessoa, tipo_documento,documento,nome,data_nascimento,nome_pais_origem) VALUES ('3364','PASS','000564051','Alyssa','19740816','Turkey');
INSERT INTO emprega_midia (id_midia, id_pessoa) VALUES ('88','3364');
INSERT INTO equipe_de_midia (id_midia,nome_empresa) VALUES ('89','OFFPABI');
INSERT INTO pessoa (id_pessoa, tipo_documento,documento,nome,data_nascimento,nome_pais_origem) VALUES ('3365','PASS','000485686','Dimodica','19771225','Hungary');
INSERT INTO emprega_midia (id_midia, id_pessoa) VALUES ('89','3365');
INSERT INTO pessoa (id_pessoa, tipo_documento,documento,nome,data_nascimento,nome_pais_origem) VALUES ('3366','PASS','000698537','Brazzel','19821123','Netherlands');
INSERT INTO emprega_midia (id_midia, id_pessoa) VALUES ('89','3366');
INSERT INTO pessoa (id_pessoa, tipo_documento,documento,nome,data_nascimento,nome_pais_origem) VALUES ('3367','PASS','000172253','Fansher','19710110','Paraguay');
INSERT INTO emprega_midia (id_midia, id_pessoa) VALUES ('89','3367');
INSERT INTO pessoa (id_pessoa, tipo_documento,documento,nome,data_nascimento,nome_pais_origem) VALUES ('3368','PASS','000858531','Gucciardi','19800413','Peru');
INSERT INTO emprega_midia (id_midia, id_pessoa) VALUES ('89','3368');
INSERT INTO pessoa (id_pessoa, tipo_documento,documento,nome,data_nascimento,nome_pais_origem) VALUES ('3369','PASS','000638489','Blackhurst','19860702','Mongolia');
INSERT INTO emprega_midia (id_midia, id_pessoa) VALUES ('89','3369');
INSERT INTO pessoa (id_pessoa, tipo_documento,documento,nome,data_nascimento,nome_pais_origem) VALUES ('3370','PASS','000850581','Blaske','19731010','China');
INSERT INTO emprega_midia (id_midia, id_pessoa) VALUES ('89','3370');
INSERT INTO pessoa (id_pessoa, tipo_documento,documento,nome,data_nascimento,nome_pais_origem) VALUES ('3371','PASS','000228204','Berube','19840725','Saudi');
INSERT INTO emprega_midia (id_midia, id_pessoa) VALUES ('89','3371');
INSERT INTO pessoa (id_pessoa, tipo_documento,documento,nome,data_nascimento,nome_pais_origem) VALUES ('3372','PASS','000322502','Berray','19870921','Australia');
INSERT INTO emprega_midia (id_midia, id_pessoa) VALUES ('89','3372');
INSERT INTO pessoa (id_pessoa, tipo_documento,documento,nome,data_nascimento,nome_pais_origem) VALUES ('3373','PASS','000604936','Dieter','19800622','Colombia');
INSERT INTO emprega_midia (id_midia, id_pessoa) VALUES ('89','3373');
INSERT INTO pessoa (id_pessoa, tipo_documento,documento,nome,data_nascimento,nome_pais_origem) VALUES ('3374','PASS','000777377','Cordle','19880319','Belarus');
INSERT INTO emprega_midia (id_midia, id_pessoa) VALUES ('89','3374');
INSERT INTO pessoa (id_pessoa, tipo_documento,documento,nome,data_nascimento,nome_pais_origem) VALUES ('3375','PASS','000336229','Aaby','19710613','Liechtenstein');
INSERT INTO emprega_midia (id_midia, id_pessoa) VALUES ('89','3375');
INSERT INTO pessoa (id_pessoa, tipo_documento,documento,nome,data_nascimento,nome_pais_origem) VALUES ('3376','PASS','000664666','Delegado','19730608','Austria');
INSERT INTO emprega_midia (id_midia, id_pessoa) VALUES ('89','3376');
INSERT INTO pessoa (id_pessoa, tipo_documento,documento,nome,data_nascimento,nome_pais_origem) VALUES ('3377','PASS','000740073','Aline','19820511','Algeria');
INSERT INTO emprega_midia (id_midia, id_pessoa) VALUES ('89','3377');
INSERT INTO pessoa (id_pessoa, tipo_documento,documento,nome,data_nascimento,nome_pais_origem) VALUES ('3378','PASS','000299076','Canestrini','19700111','Barbados');
INSERT INTO emprega_midia (id_midia, id_pessoa) VALUES ('89','3378');
INSERT INTO pessoa (id_pessoa, tipo_documento,documento,nome,data_nascimento,nome_pais_origem) VALUES ('3379','PASS','000716080','Bartone','19750212','Portugal');
INSERT INTO emprega_midia (id_midia, id_pessoa) VALUES ('89','3379');
INSERT INTO pessoa (id_pessoa, tipo_documento,documento,nome,data_nascimento,nome_pais_origem) VALUES ('3380','PASS','000548604','Brient','19850217','Italy');
INSERT INTO emprega_midia (id_midia, id_pessoa) VALUES ('89','3380');
INSERT INTO pessoa (id_pessoa, tipo_documento,documento,nome,data_nascimento,nome_pais_origem) VALUES ('3381','PASS','000871518','Dedra','19890619','Austria');
INSERT INTO emprega_midia (id_midia, id_pessoa) VALUES ('89','3381');
INSERT INTO pessoa (id_pessoa, tipo_documento,documento,nome,data_nascimento,nome_pais_origem) VALUES ('3382','PASS','000980416','Burchette','19700317','Denmark');
INSERT INTO emprega_midia (id_midia, id_pessoa) VALUES ('89','3382');
INSERT INTO pessoa (id_pessoa, tipo_documento,documento,nome,data_nascimento,nome_pais_origem) VALUES ('3383','PASS','000998991','Burgert','19780824','Philippines');
INSERT INTO emprega_midia (id_midia, id_pessoa) VALUES ('89','3383');
INSERT INTO pessoa (id_pessoa, tipo_documento,documento,nome,data_nascimento,nome_pais_origem) VALUES ('3384','PASS','000928531','Finfrock','19770124','Thailand');
INSERT INTO emprega_midia (id_midia, id_pessoa) VALUES ('89','3384');
INSERT INTO pessoa (id_pessoa, tipo_documento,documento,nome,data_nascimento,nome_pais_origem) VALUES ('3385','PASS','000389052','Berrios','19751202','Belarus');
INSERT INTO emprega_midia (id_midia, id_pessoa) VALUES ('89','3385');
INSERT INTO pessoa (id_pessoa, tipo_documento,documento,nome,data_nascimento,nome_pais_origem) VALUES ('3386','PASS','000104594','Gladney','19800527','Brazil');
INSERT INTO emprega_midia (id_midia, id_pessoa) VALUES ('89','3386');
INSERT INTO pessoa (id_pessoa, tipo_documento,documento,nome,data_nascimento,nome_pais_origem) VALUES ('3387','PASS','000276355','Aschim','19761208','Serbia');
INSERT INTO emprega_midia (id_midia, id_pessoa) VALUES ('89','3387');
INSERT INTO pessoa (id_pessoa, tipo_documento,documento,nome,data_nascimento,nome_pais_origem) VALUES ('3388','PASS','000260848','Dorvil','19830305','Armenia');
INSERT INTO emprega_midia (id_midia, id_pessoa) VALUES ('89','3388');
INSERT INTO pessoa (id_pessoa, tipo_documento,documento,nome,data_nascimento,nome_pais_origem) VALUES ('3389','PASS','000139811','Appenzeller','19701218','Costa');
INSERT INTO emprega_midia (id_midia, id_pessoa) VALUES ('89','3389');
INSERT INTO equipe_de_midia (id_midia,nome_empresa) VALUES ('90','WRRDQKS');
INSERT INTO pessoa (id_pessoa, tipo_documento,documento,nome,data_nascimento,nome_pais_origem) VALUES ('3390','PASS','000876544','Bugay','19741004','Uruguay');
INSERT INTO emprega_midia (id_midia, id_pessoa) VALUES ('90','3390');
INSERT INTO pessoa (id_pessoa, tipo_documento,documento,nome,data_nascimento,nome_pais_origem) VALUES ('3391','PASS','000720683','Clinkingbeard','19890317','Netherlands');
INSERT INTO emprega_midia (id_midia, id_pessoa) VALUES ('90','3391');
INSERT INTO pessoa (id_pessoa, tipo_documento,documento,nome,data_nascimento,nome_pais_origem) VALUES ('3392','PASS','000118245','Gravat','19700309','Ukraine');
INSERT INTO emprega_midia (id_midia, id_pessoa) VALUES ('90','3392');
INSERT INTO pessoa (id_pessoa, tipo_documento,documento,nome,data_nascimento,nome_pais_origem) VALUES ('3393','PASS','000239572','Bilski','19850303','Morocco');
INSERT INTO emprega_midia (id_midia, id_pessoa) VALUES ('90','3393');
INSERT INTO pessoa (id_pessoa, tipo_documento,documento,nome,data_nascimento,nome_pais_origem) VALUES ('3394','PASS','000844866','Cogdell','19880626','Syria');
INSERT INTO emprega_midia (id_midia, id_pessoa) VALUES ('90','3394');
INSERT INTO pessoa (id_pessoa, tipo_documento,documento,nome,data_nascimento,nome_pais_origem) VALUES ('3395','PASS','000950797','Girt','19861211','Peru');
INSERT INTO emprega_midia (id_midia, id_pessoa) VALUES ('90','3395');
INSERT INTO pessoa (id_pessoa, tipo_documento,documento,nome,data_nascimento,nome_pais_origem) VALUES ('3396','PASS','000425885','Dulin','19840301','Denmark');
INSERT INTO emprega_midia (id_midia, id_pessoa) VALUES ('90','3396');
INSERT INTO pessoa (id_pessoa, tipo_documento,documento,nome,data_nascimento,nome_pais_origem) VALUES ('3397','PASS','000363918','Favorite','19790822','Rica');
INSERT INTO emprega_midia (id_midia, id_pessoa) VALUES ('90','3397');
INSERT INTO pessoa (id_pessoa, tipo_documento,documento,nome,data_nascimento,nome_pais_origem) VALUES ('3398','PASS','000510897','Ferreri','19740307','Indonesia');
INSERT INTO emprega_midia (id_midia, id_pessoa) VALUES ('90','3398');
INSERT INTO pessoa (id_pessoa, tipo_documento,documento,nome,data_nascimento,nome_pais_origem) VALUES ('3399','PASS','000670331','Clay','19810826','Denmark');
INSERT INTO emprega_midia (id_midia, id_pessoa) VALUES ('90','3399');
INSERT INTO pessoa (id_pessoa, tipo_documento,documento,nome,data_nascimento,nome_pais_origem) VALUES ('3400','PASS','000376230','Ellenbee','19811220','Indonesia');
INSERT INTO emprega_midia (id_midia, id_pessoa) VALUES ('90','3400');
INSERT INTO pessoa (id_pessoa, tipo_documento,documento,nome,data_nascimento,nome_pais_origem) VALUES ('3401','PASS','000245248','Frampton','19850910','Arabia');
INSERT INTO emprega_midia (id_midia, id_pessoa) VALUES ('90','3401');
INSERT INTO pessoa (id_pessoa, tipo_documento,documento,nome,data_nascimento,nome_pais_origem) VALUES ('3402','PASS','000392301','Cortney','19820318','Japan');
INSERT INTO emprega_midia (id_midia, id_pessoa) VALUES ('90','3402');
INSERT INTO pessoa (id_pessoa, tipo_documento,documento,nome,data_nascimento,nome_pais_origem) VALUES ('3403','PASS','000193769','Bandel','19740612','Colombia');
INSERT INTO emprega_midia (id_midia, id_pessoa) VALUES ('90','3403');
INSERT INTO pessoa (id_pessoa, tipo_documento,documento,nome,data_nascimento,nome_pais_origem) VALUES ('3404','PASS','000371541','Calliham','19890106','Monaco');
INSERT INTO emprega_midia (id_midia, id_pessoa) VALUES ('90','3404');
INSERT INTO pessoa (id_pessoa, tipo_documento,documento,nome,data_nascimento,nome_pais_origem) VALUES ('3405','PASS','000472935','Casilles','19820520','Afghanistan');
INSERT INTO emprega_midia (id_midia, id_pessoa) VALUES ('90','3405');
INSERT INTO pessoa (id_pessoa, tipo_documento,documento,nome,data_nascimento,nome_pais_origem) VALUES ('3406','PASS','000843910','Bellina','19870306','Azerbaijan');
INSERT INTO emprega_midia (id_midia, id_pessoa) VALUES ('90','3406');
INSERT INTO pessoa (id_pessoa, tipo_documento,documento,nome,data_nascimento,nome_pais_origem) VALUES ('3407','PASS','000619780','Gourd','19760623','Ukraine');
INSERT INTO emprega_midia (id_midia, id_pessoa) VALUES ('90','3407');
INSERT INTO pessoa (id_pessoa, tipo_documento,documento,nome,data_nascimento,nome_pais_origem) VALUES ('3408','PASS','000525458','Beloate','19740910','Afghanistan');
INSERT INTO emprega_midia (id_midia, id_pessoa) VALUES ('90','3408');
INSERT INTO pessoa (id_pessoa, tipo_documento,documento,nome,data_nascimento,nome_pais_origem) VALUES ('3409','PASS','000427826','Ducklow','19820212','Barbados');
INSERT INTO emprega_midia (id_midia, id_pessoa) VALUES ('90','3409');
INSERT INTO pessoa (id_pessoa, tipo_documento,documento,nome,data_nascimento,nome_pais_origem) VALUES ('3410','PASS','000894710','Dambakly','19760413','Egypt');
INSERT INTO emprega_midia (id_midia, id_pessoa) VALUES ('90','3410');
INSERT INTO pessoa (id_pessoa, tipo_documento,documento,nome,data_nascimento,nome_pais_origem) VALUES ('3411','PASS','000425284','Dilthey','19710821','Angola');
INSERT INTO emprega_midia (id_midia, id_pessoa) VALUES ('90','3411');
INSERT INTO pessoa (id_pessoa, tipo_documento,documento,nome,data_nascimento,nome_pais_origem) VALUES ('3412','PASS','000707249','Dubreuil','19730110','Belgium');
INSERT INTO emprega_midia (id_midia, id_pessoa) VALUES ('90','3412');
INSERT INTO equipe_de_midia (id_midia,nome_empresa) VALUES ('91','GZEXRAB');
INSERT INTO pessoa (id_pessoa, tipo_documento,documento,nome,data_nascimento,nome_pais_origem) VALUES ('3413','PASS','000232679','Fineran','19740826','India');
INSERT INTO emprega_midia (id_midia, id_pessoa) VALUES ('91','3413');
INSERT INTO pessoa (id_pessoa, tipo_documento,documento,nome,data_nascimento,nome_pais_origem) VALUES ('3414','PASS','000738285','Cutsinger','19891120','Chile');
INSERT INTO emprega_midia (id_midia, id_pessoa) VALUES ('91','3414');
INSERT INTO pessoa (id_pessoa, tipo_documento,documento,nome,data_nascimento,nome_pais_origem) VALUES ('3415','PASS','000791549','Blount','19780904','Croatia');
INSERT INTO emprega_midia (id_midia, id_pessoa) VALUES ('91','3415');
INSERT INTO pessoa (id_pessoa, tipo_documento,documento,nome,data_nascimento,nome_pais_origem) VALUES ('3416','PASS','000821452','Ducrepin','19891018','Switzerland');
INSERT INTO emprega_midia (id_midia, id_pessoa) VALUES ('91','3416');
INSERT INTO pessoa (id_pessoa, tipo_documento,documento,nome,data_nascimento,nome_pais_origem) VALUES ('3417','PASS','000838648','Gartland','19760310','France');
INSERT INTO emprega_midia (id_midia, id_pessoa) VALUES ('91','3417');
INSERT INTO pessoa (id_pessoa, tipo_documento,documento,nome,data_nascimento,nome_pais_origem) VALUES ('3418','PASS','000805850','Cummer','19720505','Liechtenstein');
INSERT INTO emprega_midia (id_midia, id_pessoa) VALUES ('91','3418');
INSERT INTO pessoa (id_pessoa, tipo_documento,documento,nome,data_nascimento,nome_pais_origem) VALUES ('3419','PASS','000103584','Devel','19790924','Turkey');
INSERT INTO emprega_midia (id_midia, id_pessoa) VALUES ('91','3419');
INSERT INTO pessoa (id_pessoa, tipo_documento,documento,nome,data_nascimento,nome_pais_origem) VALUES ('3420','PASS','000346696','Fernsler','19810315','Costa');
INSERT INTO emprega_midia (id_midia, id_pessoa) VALUES ('91','3420');
INSERT INTO pessoa (id_pessoa, tipo_documento,documento,nome,data_nascimento,nome_pais_origem) VALUES ('3421','PASS','000195537','Arnio','19760814','Nicaragua');
INSERT INTO emprega_midia (id_midia, id_pessoa) VALUES ('91','3421');
INSERT INTO pessoa (id_pessoa, tipo_documento,documento,nome,data_nascimento,nome_pais_origem) VALUES ('3422','PASS','000681739','Almy','19740415','Turkey');
INSERT INTO emprega_midia (id_midia, id_pessoa) VALUES ('91','3422');
INSERT INTO pessoa (id_pessoa, tipo_documento,documento,nome,data_nascimento,nome_pais_origem) VALUES ('3423','PASS','000782292','Griffth','19871102','Serbia');
INSERT INTO emprega_midia (id_midia, id_pessoa) VALUES ('91','3423');
INSERT INTO pessoa (id_pessoa, tipo_documento,documento,nome,data_nascimento,nome_pais_origem) VALUES ('3424','PASS','000791709','Anstead','19710520','Argentina');
INSERT INTO emprega_midia (id_midia, id_pessoa) VALUES ('91','3424');
INSERT INTO pessoa (id_pessoa, tipo_documento,documento,nome,data_nascimento,nome_pais_origem) VALUES ('3425','PASS','000750111','Asa','19730607','Nicaragua');
INSERT INTO emprega_midia (id_midia, id_pessoa) VALUES ('91','3425');
INSERT INTO pessoa (id_pessoa, tipo_documento,documento,nome,data_nascimento,nome_pais_origem) VALUES ('3426','PASS','000854138','Arechiga','19700207','Poland');
INSERT INTO emprega_midia (id_midia, id_pessoa) VALUES ('91','3426');
INSERT INTO pessoa (id_pessoa, tipo_documento,documento,nome,data_nascimento,nome_pais_origem) VALUES ('3427','PASS','000563592','Fusillo','19860125','Paraguay');
INSERT INTO emprega_midia (id_midia, id_pessoa) VALUES ('91','3427');
INSERT INTO equipe_de_midia (id_midia,nome_empresa) VALUES ('92','PVHBVWM');
INSERT INTO pessoa (id_pessoa, tipo_documento,documento,nome,data_nascimento,nome_pais_origem) VALUES ('3428','PASS','000154482','Dalegowski','19851221','Netherlands');
INSERT INTO emprega_midia (id_midia, id_pessoa) VALUES ('92','3428');
INSERT INTO pessoa (id_pessoa, tipo_documento,documento,nome,data_nascimento,nome_pais_origem) VALUES ('3429','PASS','000221602','Azad','19850717','Serbia');
INSERT INTO emprega_midia (id_midia, id_pessoa) VALUES ('92','3429');
INSERT INTO pessoa (id_pessoa, tipo_documento,documento,nome,data_nascimento,nome_pais_origem) VALUES ('3430','PASS','000569223','Bankhead','19851224','Switzerland');
INSERT INTO emprega_midia (id_midia, id_pessoa) VALUES ('92','3430');
INSERT INTO pessoa (id_pessoa, tipo_documento,documento,nome,data_nascimento,nome_pais_origem) VALUES ('3431','PASS','000203517','Cowboy','19811111','Finland');
INSERT INTO emprega_midia (id_midia, id_pessoa) VALUES ('92','3431');
INSERT INTO pessoa (id_pessoa, tipo_documento,documento,nome,data_nascimento,nome_pais_origem) VALUES ('3432','PASS','000332235','Englund','19770727','Mongolia');
INSERT INTO emprega_midia (id_midia, id_pessoa) VALUES ('92','3432');
INSERT INTO pessoa (id_pessoa, tipo_documento,documento,nome,data_nascimento,nome_pais_origem) VALUES ('3433','PASS','000327090','Barbalich','19750419','Colombia');
INSERT INTO emprega_midia (id_midia, id_pessoa) VALUES ('92','3433');
INSERT INTO pessoa (id_pessoa, tipo_documento,documento,nome,data_nascimento,nome_pais_origem) VALUES ('3434','PASS','000130518','Craighead','19780213','Ukraine');
INSERT INTO emprega_midia (id_midia, id_pessoa) VALUES ('92','3434');
INSERT INTO pessoa (id_pessoa, tipo_documento,documento,nome,data_nascimento,nome_pais_origem) VALUES ('3435','PASS','000626091','Doyer','19760502','Iraq');
INSERT INTO emprega_midia (id_midia, id_pessoa) VALUES ('92','3435');
INSERT INTO pessoa (id_pessoa, tipo_documento,documento,nome,data_nascimento,nome_pais_origem) VALUES ('3436','PASS','000625051','Cerullo','19790816','India');
INSERT INTO emprega_midia (id_midia, id_pessoa) VALUES ('92','3436');
INSERT INTO pessoa (id_pessoa, tipo_documento,documento,nome,data_nascimento,nome_pais_origem) VALUES ('3437','PASS','000179074','Diciano','19711213','Indonesia');
INSERT INTO emprega_midia (id_midia, id_pessoa) VALUES ('92','3437');
INSERT INTO pessoa (id_pessoa, tipo_documento,documento,nome,data_nascimento,nome_pais_origem) VALUES ('3438','PASS','000451147','Burlingham','19711210','Greece');
INSERT INTO emprega_midia (id_midia, id_pessoa) VALUES ('92','3438');
INSERT INTO pessoa (id_pessoa, tipo_documento,documento,nome,data_nascimento,nome_pais_origem) VALUES ('3439','PASS','000933403','Ferrone','19881222','Brazil');
INSERT INTO emprega_midia (id_midia, id_pessoa) VALUES ('92','3439');
INSERT INTO pessoa (id_pessoa, tipo_documento,documento,nome,data_nascimento,nome_pais_origem) VALUES ('3440','PASS','000304079','Airhart','19850927','Norway');
INSERT INTO emprega_midia (id_midia, id_pessoa) VALUES ('92','3440');
INSERT INTO equipe_de_midia (id_midia,nome_empresa) VALUES ('93','WEKMWZV');
INSERT INTO pessoa (id_pessoa, tipo_documento,documento,nome,data_nascimento,nome_pais_origem) VALUES ('3441','PASS','000575949','Cheves','19831115','Greece');
INSERT INTO emprega_midia (id_midia, id_pessoa) VALUES ('93','3441');
INSERT INTO pessoa (id_pessoa, tipo_documento,documento,nome,data_nascimento,nome_pais_origem) VALUES ('3442','PASS','000518085','Delmoro','19860712','Argentina');
INSERT INTO emprega_midia (id_midia, id_pessoa) VALUES ('93','3442');
INSERT INTO pessoa (id_pessoa, tipo_documento,documento,nome,data_nascimento,nome_pais_origem) VALUES ('3443','PASS','000371072','Beatie','19880108','Nicaragua');
INSERT INTO emprega_midia (id_midia, id_pessoa) VALUES ('93','3443');
INSERT INTO pessoa (id_pessoa, tipo_documento,documento,nome,data_nascimento,nome_pais_origem) VALUES ('3444','PASS','000215453','Grassle','19830217','Poland');
INSERT INTO emprega_midia (id_midia, id_pessoa) VALUES ('93','3444');
INSERT INTO pessoa (id_pessoa, tipo_documento,documento,nome,data_nascimento,nome_pais_origem) VALUES ('3445','PASS','000276778','Figgins','19840525','Switzerland');
INSERT INTO emprega_midia (id_midia, id_pessoa) VALUES ('93','3445');
INSERT INTO pessoa (id_pessoa, tipo_documento,documento,nome,data_nascimento,nome_pais_origem) VALUES ('3446','PASS','000106261','Draggoo','19770915','Arabia');
INSERT INTO emprega_midia (id_midia, id_pessoa) VALUES ('93','3446');
INSERT INTO pessoa (id_pessoa, tipo_documento,documento,nome,data_nascimento,nome_pais_origem) VALUES ('3447','PASS','000967417','Gampong','19790825','Netherlands');
INSERT INTO emprega_midia (id_midia, id_pessoa) VALUES ('93','3447');
INSERT INTO pessoa (id_pessoa, tipo_documento,documento,nome,data_nascimento,nome_pais_origem) VALUES ('3448','PASS','000721932','Edemann','19800814','Luxembourg');
INSERT INTO emprega_midia (id_midia, id_pessoa) VALUES ('93','3448');
INSERT INTO pessoa (id_pessoa, tipo_documento,documento,nome,data_nascimento,nome_pais_origem) VALUES ('3449','PASS','000733843','Edda','19710512','Italy');
INSERT INTO emprega_midia (id_midia, id_pessoa) VALUES ('93','3449');
INSERT INTO pessoa (id_pessoa, tipo_documento,documento,nome,data_nascimento,nome_pais_origem) VALUES ('3450','PASS','000314369','Bernatowicz','19780311','Portugal');
INSERT INTO emprega_midia (id_midia, id_pessoa) VALUES ('93','3450');
INSERT INTO pessoa (id_pessoa, tipo_documento,documento,nome,data_nascimento,nome_pais_origem) VALUES ('3451','PASS','000903701','Cevallos','19841106','Turkey');
INSERT INTO emprega_midia (id_midia, id_pessoa) VALUES ('93','3451');
INSERT INTO pessoa (id_pessoa, tipo_documento,documento,nome,data_nascimento,nome_pais_origem) VALUES ('3452','PASS','000944173','Dorathy','19840312','Senegal');
INSERT INTO emprega_midia (id_midia, id_pessoa) VALUES ('93','3452');
INSERT INTO pessoa (id_pessoa, tipo_documento,documento,nome,data_nascimento,nome_pais_origem) VALUES ('3453','PASS','000349793','Alstrom','19871112','Finland');
INSERT INTO emprega_midia (id_midia, id_pessoa) VALUES ('93','3453');
INSERT INTO pessoa (id_pessoa, tipo_documento,documento,nome,data_nascimento,nome_pais_origem) VALUES ('3454','PASS','000256233','Gage','19751123','Bahrain');
INSERT INTO emprega_midia (id_midia, id_pessoa) VALUES ('93','3454');
INSERT INTO pessoa (id_pessoa, tipo_documento,documento,nome,data_nascimento,nome_pais_origem) VALUES ('3455','PASS','000895727','Brentnall','19841211','Indonesia');
INSERT INTO emprega_midia (id_midia, id_pessoa) VALUES ('93','3455');
INSERT INTO pessoa (id_pessoa, tipo_documento,documento,nome,data_nascimento,nome_pais_origem) VALUES ('3456','PASS','000506375','Desatnik','19780209','Rica');
INSERT INTO emprega_midia (id_midia, id_pessoa) VALUES ('93','3456');
INSERT INTO pessoa (id_pessoa, tipo_documento,documento,nome,data_nascimento,nome_pais_origem) VALUES ('3457','PASS','000480613','Balowski','19860301','Iran');
INSERT INTO emprega_midia (id_midia, id_pessoa) VALUES ('93','3457');
INSERT INTO pessoa (id_pessoa, tipo_documento,documento,nome,data_nascimento,nome_pais_origem) VALUES ('3458','PASS','000627725','Cliche','19890825','France');
INSERT INTO emprega_midia (id_midia, id_pessoa) VALUES ('93','3458');
INSERT INTO pessoa (id_pessoa, tipo_documento,documento,nome,data_nascimento,nome_pais_origem) VALUES ('3459','PASS','000386019','Dryer','19850120','Turkey');
INSERT INTO emprega_midia (id_midia, id_pessoa) VALUES ('93','3459');
INSERT INTO equipe_de_midia (id_midia,nome_empresa) VALUES ('94','ZIEUNAC');
INSERT INTO pessoa (id_pessoa, tipo_documento,documento,nome,data_nascimento,nome_pais_origem) VALUES ('3460','PASS','000410306','Barreiro','19720907','Afghanistan');
INSERT INTO emprega_midia (id_midia, id_pessoa) VALUES ('94','3460');
INSERT INTO pessoa (id_pessoa, tipo_documento,documento,nome,data_nascimento,nome_pais_origem) VALUES ('3461','PASS','000837754','Bluming','19780419','Turkey');
INSERT INTO emprega_midia (id_midia, id_pessoa) VALUES ('94','3461');
INSERT INTO pessoa (id_pessoa, tipo_documento,documento,nome,data_nascimento,nome_pais_origem) VALUES ('3462','PASS','000753177','Buday','19841227','Denmark');
INSERT INTO emprega_midia (id_midia, id_pessoa) VALUES ('94','3462');
INSERT INTO pessoa (id_pessoa, tipo_documento,documento,nome,data_nascimento,nome_pais_origem) VALUES ('3463','PASS','000642328','Creps','19780419','Senegal');
INSERT INTO emprega_midia (id_midia, id_pessoa) VALUES ('94','3463');
INSERT INTO pessoa (id_pessoa, tipo_documento,documento,nome,data_nascimento,nome_pais_origem) VALUES ('3464','PASS','000998329','Challis','19741111','Nicaragua');
INSERT INTO emprega_midia (id_midia, id_pessoa) VALUES ('94','3464');
INSERT INTO pessoa (id_pessoa, tipo_documento,documento,nome,data_nascimento,nome_pais_origem) VALUES ('3465','PASS','000818906','Chall','19880619','Afghanistan');
INSERT INTO emprega_midia (id_midia, id_pessoa) VALUES ('94','3465');
INSERT INTO pessoa (id_pessoa, tipo_documento,documento,nome,data_nascimento,nome_pais_origem) VALUES ('3466','PASS','000622219','Dufauchard','19761113','Azerbaijan');
INSERT INTO emprega_midia (id_midia, id_pessoa) VALUES ('94','3466');
INSERT INTO pessoa (id_pessoa, tipo_documento,documento,nome,data_nascimento,nome_pais_origem) VALUES ('3467','PASS','000857270','Dinovo','19841012','Georgia');
INSERT INTO emprega_midia (id_midia, id_pessoa) VALUES ('94','3467');
INSERT INTO pessoa (id_pessoa, tipo_documento,documento,nome,data_nascimento,nome_pais_origem) VALUES ('3468','PASS','000495198','Ardrey','19851216','Angola');
INSERT INTO emprega_midia (id_midia, id_pessoa) VALUES ('94','3468');
INSERT INTO pessoa (id_pessoa, tipo_documento,documento,nome,data_nascimento,nome_pais_origem) VALUES ('3469','PASS','000788564','Draggett','19760815','India');
INSERT INTO emprega_midia (id_midia, id_pessoa) VALUES ('94','3469');
INSERT INTO pessoa (id_pessoa, tipo_documento,documento,nome,data_nascimento,nome_pais_origem) VALUES ('3470','PASS','000969423','Casaceli','19801201','Indonesia');
INSERT INTO emprega_midia (id_midia, id_pessoa) VALUES ('94','3470');
INSERT INTO pessoa (id_pessoa, tipo_documento,documento,nome,data_nascimento,nome_pais_origem) VALUES ('3471','PASS','000707787','Cassella','19750807','Romania');
INSERT INTO emprega_midia (id_midia, id_pessoa) VALUES ('94','3471');
INSERT INTO pessoa (id_pessoa, tipo_documento,documento,nome,data_nascimento,nome_pais_origem) VALUES ('3472','PASS','000846531','Gowins','19740715','Zealand');
INSERT INTO emprega_midia (id_midia, id_pessoa) VALUES ('94','3472');
INSERT INTO equipe_de_midia (id_midia,nome_empresa) VALUES ('95','GGGEKTF');
INSERT INTO pessoa (id_pessoa, tipo_documento,documento,nome,data_nascimento,nome_pais_origem) VALUES ('3473','PASS','000564444','Boege','19821109','Germany');
INSERT INTO emprega_midia (id_midia, id_pessoa) VALUES ('95','3473');
INSERT INTO pessoa (id_pessoa, tipo_documento,documento,nome,data_nascimento,nome_pais_origem) VALUES ('3474','PASS','000589002','Dibrino','19890212','Bahrain');
INSERT INTO emprega_midia (id_midia, id_pessoa) VALUES ('95','3474');
INSERT INTO pessoa (id_pessoa, tipo_documento,documento,nome,data_nascimento,nome_pais_origem) VALUES ('3475','PASS','000789948','Bertrano','19840304','Romania');
INSERT INTO emprega_midia (id_midia, id_pessoa) VALUES ('95','3475');
INSERT INTO pessoa (id_pessoa, tipo_documento,documento,nome,data_nascimento,nome_pais_origem) VALUES ('3476','PASS','000811496','Gasiorowski','19860620','Albania');
INSERT INTO emprega_midia (id_midia, id_pessoa) VALUES ('95','3476');
INSERT INTO pessoa (id_pessoa, tipo_documento,documento,nome,data_nascimento,nome_pais_origem) VALUES ('3477','PASS','000507001','Fonteno','19761101','Chile');
INSERT INTO emprega_midia (id_midia, id_pessoa) VALUES ('95','3477');
INSERT INTO pessoa (id_pessoa, tipo_documento,documento,nome,data_nascimento,nome_pais_origem) VALUES ('3478','PASS','000698203','Denkins','19811121','Belarus');
INSERT INTO emprega_midia (id_midia, id_pessoa) VALUES ('95','3478');
INSERT INTO pessoa (id_pessoa, tipo_documento,documento,nome,data_nascimento,nome_pais_origem) VALUES ('3479','PASS','000324335','Dennies','19801227','Arabia');
INSERT INTO emprega_midia (id_midia, id_pessoa) VALUES ('95','3479');
INSERT INTO pessoa (id_pessoa, tipo_documento,documento,nome,data_nascimento,nome_pais_origem) VALUES ('3480','PASS','000336984','Gdula','19721105','Peru');
INSERT INTO emprega_midia (id_midia, id_pessoa) VALUES ('95','3480');
INSERT INTO pessoa (id_pessoa, tipo_documento,documento,nome,data_nascimento,nome_pais_origem) VALUES ('3481','PASS','000461975','Gevorkian','19780603','Azerbaijan');
INSERT INTO emprega_midia (id_midia, id_pessoa) VALUES ('95','3481');
INSERT INTO pessoa (id_pessoa, tipo_documento,documento,nome,data_nascimento,nome_pais_origem) VALUES ('3482','PASS','000976677','Bosch','19740221','Argentina');
INSERT INTO emprega_midia (id_midia, id_pessoa) VALUES ('95','3482');
INSERT INTO pessoa (id_pessoa, tipo_documento,documento,nome,data_nascimento,nome_pais_origem) VALUES ('3483','PASS','000311154','Benston','19720602','Colombia');
INSERT INTO emprega_midia (id_midia, id_pessoa) VALUES ('95','3483');
INSERT INTO pessoa (id_pessoa, tipo_documento,documento,nome,data_nascimento,nome_pais_origem) VALUES ('3484','PASS','000930031','Bodkin','19750326','Azerbaijan');
INSERT INTO emprega_midia (id_midia, id_pessoa) VALUES ('95','3484');
INSERT INTO pessoa (id_pessoa, tipo_documento,documento,nome,data_nascimento,nome_pais_origem) VALUES ('3485','PASS','000445949','Fukui','19810706','Estonia');
INSERT INTO emprega_midia (id_midia, id_pessoa) VALUES ('95','3485');
INSERT INTO pessoa (id_pessoa, tipo_documento,documento,nome,data_nascimento,nome_pais_origem) VALUES ('3486','PASS','000946011','Coberly','19780809','Iraq');
INSERT INTO emprega_midia (id_midia, id_pessoa) VALUES ('95','3486');
INSERT INTO pessoa (id_pessoa, tipo_documento,documento,nome,data_nascimento,nome_pais_origem) VALUES ('3487','PASS','000355281','Comins','19840117','Chile');
INSERT INTO emprega_midia (id_midia, id_pessoa) VALUES ('95','3487');
INSERT INTO pessoa (id_pessoa, tipo_documento,documento,nome,data_nascimento,nome_pais_origem) VALUES ('3488','PASS','000805515','Artley','19741011','Chad');
INSERT INTO emprega_midia (id_midia, id_pessoa) VALUES ('95','3488');
INSERT INTO pessoa (id_pessoa, tipo_documento,documento,nome,data_nascimento,nome_pais_origem) VALUES ('3489','PASS','000214001','Dietz','19731106','Bangladesh');
INSERT INTO emprega_midia (id_midia, id_pessoa) VALUES ('95','3489');
INSERT INTO pessoa (id_pessoa, tipo_documento,documento,nome,data_nascimento,nome_pais_origem) VALUES ('3490','PASS','000837580','Garick','19851112','Sweden');
INSERT INTO emprega_midia (id_midia, id_pessoa) VALUES ('95','3490');
INSERT INTO pessoa (id_pessoa, tipo_documento,documento,nome,data_nascimento,nome_pais_origem) VALUES ('3491','PASS','000252580','Babson','19770724','India');
INSERT INTO emprega_midia (id_midia, id_pessoa) VALUES ('95','3491');
INSERT INTO pessoa (id_pessoa, tipo_documento,documento,nome,data_nascimento,nome_pais_origem) VALUES ('3492','PASS','000393318','Alman','19780216','Saudi');
INSERT INTO emprega_midia (id_midia, id_pessoa) VALUES ('95','3492');
INSERT INTO pessoa (id_pessoa, tipo_documento,documento,nome,data_nascimento,nome_pais_origem) VALUES ('3493','PASS','000435061','Borowiec','19870506','Switzerland');
INSERT INTO emprega_midia (id_midia, id_pessoa) VALUES ('95','3493');
INSERT INTO pessoa (id_pessoa, tipo_documento,documento,nome,data_nascimento,nome_pais_origem) VALUES ('3494','PASS','000816753','Duman','19891204','Georgia');
INSERT INTO emprega_midia (id_midia, id_pessoa) VALUES ('95','3494');
INSERT INTO pessoa (id_pessoa, tipo_documento,documento,nome,data_nascimento,nome_pais_origem) VALUES ('3495','PASS','000209024','Degraffenried','19740225','Lithuania');
INSERT INTO emprega_midia (id_midia, id_pessoa) VALUES ('95','3495');
INSERT INTO pessoa (id_pessoa, tipo_documento,documento,nome,data_nascimento,nome_pais_origem) VALUES ('3496','PASS','000739776','Cerulli','19770601','Ukraine');
INSERT INTO emprega_midia (id_midia, id_pessoa) VALUES ('95','3496');
INSERT INTO pessoa (id_pessoa, tipo_documento,documento,nome,data_nascimento,nome_pais_origem) VALUES ('3497','PASS','000329892','Dietrick','19891013','Norway');
INSERT INTO emprega_midia (id_midia, id_pessoa) VALUES ('95','3497');
INSERT INTO equipe_de_midia (id_midia,nome_empresa) VALUES ('96','WBHXQAQ');
INSERT INTO pessoa (id_pessoa, tipo_documento,documento,nome,data_nascimento,nome_pais_origem) VALUES ('3498','PASS','000893112','Eshom','19860716','Egypt');
INSERT INTO emprega_midia (id_midia, id_pessoa) VALUES ('96','3498');
INSERT INTO pessoa (id_pessoa, tipo_documento,documento,nome,data_nascimento,nome_pais_origem) VALUES ('3499','PASS','000504537','Glatt','19810602','Bangladesh');
INSERT INTO emprega_midia (id_midia, id_pessoa) VALUES ('96','3499');
INSERT INTO pessoa (id_pessoa, tipo_documento,documento,nome,data_nascimento,nome_pais_origem) VALUES ('3500','PASS','000958290','Flournoy','19710711','Georgia');
INSERT INTO emprega_midia (id_midia, id_pessoa) VALUES ('96','3500');
INSERT INTO pessoa (id_pessoa, tipo_documento,documento,nome,data_nascimento,nome_pais_origem) VALUES ('3501','PASS','000186009','Alina','19820426','Nepal');
INSERT INTO emprega_midia (id_midia, id_pessoa) VALUES ('96','3501');
INSERT INTO pessoa (id_pessoa, tipo_documento,documento,nome,data_nascimento,nome_pais_origem) VALUES ('3502','PASS','000468629','Donson','19781107','Egypt');
INSERT INTO emprega_midia (id_midia, id_pessoa) VALUES ('96','3502');
INSERT INTO pessoa (id_pessoa, tipo_documento,documento,nome,data_nascimento,nome_pais_origem) VALUES ('3503','PASS','000384263','Beerling','19810414','Japan');
INSERT INTO emprega_midia (id_midia, id_pessoa) VALUES ('96','3503');
INSERT INTO pessoa (id_pessoa, tipo_documento,documento,nome,data_nascimento,nome_pais_origem) VALUES ('3504','PASS','000142394','Berlo','19891019','Arabia');
INSERT INTO emprega_midia (id_midia, id_pessoa) VALUES ('96','3504');
INSERT INTO pessoa (id_pessoa, tipo_documento,documento,nome,data_nascimento,nome_pais_origem) VALUES ('3505','PASS','000400112','Dafonte','19731204','Sweden');
INSERT INTO emprega_midia (id_midia, id_pessoa) VALUES ('96','3505');
INSERT INTO pessoa (id_pessoa, tipo_documento,documento,nome,data_nascimento,nome_pais_origem) VALUES ('3506','PASS','000210949','Canizales','19750620','Peru');
INSERT INTO emprega_midia (id_midia, id_pessoa) VALUES ('96','3506');
INSERT INTO pessoa (id_pessoa, tipo_documento,documento,nome,data_nascimento,nome_pais_origem) VALUES ('3507','PASS','000116619','Defrancisco','19760221','Serbia');
INSERT INTO emprega_midia (id_midia, id_pessoa) VALUES ('96','3507');
INSERT INTO pessoa (id_pessoa, tipo_documento,documento,nome,data_nascimento,nome_pais_origem) VALUES ('3508','PASS','000887402','Corbelli','19711011','Bangladesh');
INSERT INTO emprega_midia (id_midia, id_pessoa) VALUES ('96','3508');
INSERT INTO pessoa (id_pessoa, tipo_documento,documento,nome,data_nascimento,nome_pais_origem) VALUES ('3509','PASS','000176916','Gjerde','19851121','China');
INSERT INTO emprega_midia (id_midia, id_pessoa) VALUES ('96','3509');
INSERT INTO pessoa (id_pessoa, tipo_documento,documento,nome,data_nascimento,nome_pais_origem) VALUES ('3510','PASS','000627269','Godsey','19780623','Angola');
INSERT INTO emprega_midia (id_midia, id_pessoa) VALUES ('96','3510');
INSERT INTO pessoa (id_pessoa, tipo_documento,documento,nome,data_nascimento,nome_pais_origem) VALUES ('3511','PASS','000540358','Gerdes','19810706','Belarus');
INSERT INTO emprega_midia (id_midia, id_pessoa) VALUES ('96','3511');
INSERT INTO pessoa (id_pessoa, tipo_documento,documento,nome,data_nascimento,nome_pais_origem) VALUES ('3512','PASS','000491434','Dyck','19740618','Rica');
INSERT INTO emprega_midia (id_midia, id_pessoa) VALUES ('96','3512');
INSERT INTO pessoa (id_pessoa, tipo_documento,documento,nome,data_nascimento,nome_pais_origem) VALUES ('3513','PASS','000988843','Chinni','19740626','China');
INSERT INTO emprega_midia (id_midia, id_pessoa) VALUES ('96','3513');
INSERT INTO pessoa (id_pessoa, tipo_documento,documento,nome,data_nascimento,nome_pais_origem) VALUES ('3514','PASS','000643661','Crapps','19871124','Algeria');
INSERT INTO emprega_midia (id_midia, id_pessoa) VALUES ('96','3514');
INSERT INTO pessoa (id_pessoa, tipo_documento,documento,nome,data_nascimento,nome_pais_origem) VALUES ('3515','PASS','000787299','Avona','19881205','Chad');
INSERT INTO emprega_midia (id_midia, id_pessoa) VALUES ('96','3515');
INSERT INTO pessoa (id_pessoa, tipo_documento,documento,nome,data_nascimento,nome_pais_origem) VALUES ('3516','PASS','000550171','Drahota','19891127','Croatia');
INSERT INTO emprega_midia (id_midia, id_pessoa) VALUES ('96','3516');
INSERT INTO pessoa (id_pessoa, tipo_documento,documento,nome,data_nascimento,nome_pais_origem) VALUES ('3517','PASS','000247652','Dominski','19880912','Slovakia');
INSERT INTO emprega_midia (id_midia, id_pessoa) VALUES ('96','3517');
INSERT INTO pessoa (id_pessoa, tipo_documento,documento,nome,data_nascimento,nome_pais_origem) VALUES ('3518','PASS','000893020','Angileri','19781221','Azerbaijan');
INSERT INTO emprega_midia (id_midia, id_pessoa) VALUES ('96','3518');
INSERT INTO pessoa (id_pessoa, tipo_documento,documento,nome,data_nascimento,nome_pais_origem) VALUES ('3519','PASS','000689062','Denten','19830717','Serbia');
INSERT INTO emprega_midia (id_midia, id_pessoa) VALUES ('96','3519');
INSERT INTO pessoa (id_pessoa, tipo_documento,documento,nome,data_nascimento,nome_pais_origem) VALUES ('3520','PASS','000306362','Brunetti','19750201','Iran');
INSERT INTO emprega_midia (id_midia, id_pessoa) VALUES ('96','3520');
INSERT INTO pessoa (id_pessoa, tipo_documento,documento,nome,data_nascimento,nome_pais_origem) VALUES ('3521','PASS','000352810','Bertino','19860813','Zealand');
INSERT INTO emprega_midia (id_midia, id_pessoa) VALUES ('96','3521');
INSERT INTO pessoa (id_pessoa, tipo_documento,documento,nome,data_nascimento,nome_pais_origem) VALUES ('3522','PASS','000587206','Amys','19710222','Liechtenstein');
INSERT INTO emprega_midia (id_midia, id_pessoa) VALUES ('96','3522');
INSERT INTO pessoa (id_pessoa, tipo_documento,documento,nome,data_nascimento,nome_pais_origem) VALUES ('3523','PASS','000563556','Dockery','19710223','Bahamas');
INSERT INTO emprega_midia (id_midia, id_pessoa) VALUES ('96','3523');
INSERT INTO pessoa (id_pessoa, tipo_documento,documento,nome,data_nascimento,nome_pais_origem) VALUES ('3524','PASS','000498920','Doi','19891122','Egypt');
INSERT INTO emprega_midia (id_midia, id_pessoa) VALUES ('96','3524');
INSERT INTO pessoa (id_pessoa, tipo_documento,documento,nome,data_nascimento,nome_pais_origem) VALUES ('3525','PASS','000689923','Acy','19730323','Senegal');
INSERT INTO emprega_midia (id_midia, id_pessoa) VALUES ('96','3525');
INSERT INTO equipe_de_midia (id_midia,nome_empresa) VALUES ('97','YMPGTCH');
INSERT INTO pessoa (id_pessoa, tipo_documento,documento,nome,data_nascimento,nome_pais_origem) VALUES ('3526','PASS','000243378','Cadavid','19700310','Argentina');
INSERT INTO emprega_midia (id_midia, id_pessoa) VALUES ('97','3526');
INSERT INTO pessoa (id_pessoa, tipo_documento,documento,nome,data_nascimento,nome_pais_origem) VALUES ('3527','PASS','000785081','Esselink','19740618','Cuba');
INSERT INTO emprega_midia (id_midia, id_pessoa) VALUES ('97','3527');
INSERT INTO pessoa (id_pessoa, tipo_documento,documento,nome,data_nascimento,nome_pais_origem) VALUES ('3528','PASS','000194259','Disano','19720914','Paraguay');
INSERT INTO emprega_midia (id_midia, id_pessoa) VALUES ('97','3528');
INSERT INTO pessoa (id_pessoa, tipo_documento,documento,nome,data_nascimento,nome_pais_origem) VALUES ('3529','PASS','000102181','Delveechio','19730915','Singapore');
INSERT INTO emprega_midia (id_midia, id_pessoa) VALUES ('97','3529');
INSERT INTO pessoa (id_pessoa, tipo_documento,documento,nome,data_nascimento,nome_pais_origem) VALUES ('3530','PASS','000606192','Fennelly','19820223','Iraq');
INSERT INTO emprega_midia (id_midia, id_pessoa) VALUES ('97','3530');
INSERT INTO pessoa (id_pessoa, tipo_documento,documento,nome,data_nascimento,nome_pais_origem) VALUES ('3531','PASS','000517932','Bera','19741008','Senegal');
INSERT INTO emprega_midia (id_midia, id_pessoa) VALUES ('97','3531');
INSERT INTO pessoa (id_pessoa, tipo_documento,documento,nome,data_nascimento,nome_pais_origem) VALUES ('3532','PASS','000443096','Cazaree','19831205','Vietnam');
INSERT INTO emprega_midia (id_midia, id_pessoa) VALUES ('97','3532');
INSERT INTO pessoa (id_pessoa, tipo_documento,documento,nome,data_nascimento,nome_pais_origem) VALUES ('3533','PASS','000135073','Agre','19871208','Paraguay');
INSERT INTO emprega_midia (id_midia, id_pessoa) VALUES ('97','3533');
INSERT INTO pessoa (id_pessoa, tipo_documento,documento,nome,data_nascimento,nome_pais_origem) VALUES ('3534','PASS','000471200','Blumenkranz','19730204','Sweden');
INSERT INTO emprega_midia (id_midia, id_pessoa) VALUES ('97','3534');
INSERT INTO pessoa (id_pessoa, tipo_documento,documento,nome,data_nascimento,nome_pais_origem) VALUES ('3535','PASS','000734835','Girvan','19761117','Philippines');
INSERT INTO emprega_midia (id_midia, id_pessoa) VALUES ('97','3535');
INSERT INTO pessoa (id_pessoa, tipo_documento,documento,nome,data_nascimento,nome_pais_origem) VALUES ('3536','PASS','000551151','Beckem','19800501','Ukraine');
INSERT INTO emprega_midia (id_midia, id_pessoa) VALUES ('97','3536');
INSERT INTO pessoa (id_pessoa, tipo_documento,documento,nome,data_nascimento,nome_pais_origem) VALUES ('3537','PASS','000565082','Elma','19791113','New');
INSERT INTO emprega_midia (id_midia, id_pessoa) VALUES ('97','3537');
INSERT INTO pessoa (id_pessoa, tipo_documento,documento,nome,data_nascimento,nome_pais_origem) VALUES ('3538','PASS','000114069','Cockey','19741001','Slovakia');
INSERT INTO emprega_midia (id_midia, id_pessoa) VALUES ('97','3538');
INSERT INTO pessoa (id_pessoa, tipo_documento,documento,nome,data_nascimento,nome_pais_origem) VALUES ('3539','PASS','000757844','Boness','19720220','Italy');
INSERT INTO emprega_midia (id_midia, id_pessoa) VALUES ('97','3539');
INSERT INTO pessoa (id_pessoa, tipo_documento,documento,nome,data_nascimento,nome_pais_origem) VALUES ('3540','PASS','000259067','Cutaia','19700906','Algeria');
INSERT INTO emprega_midia (id_midia, id_pessoa) VALUES ('97','3540');
INSERT INTO equipe_de_midia (id_midia,nome_empresa) VALUES ('98','PNIIDIY');
INSERT INTO pessoa (id_pessoa, tipo_documento,documento,nome,data_nascimento,nome_pais_origem) VALUES ('3541','PASS','000583554','Barrigan','19771106','Norway');
INSERT INTO emprega_midia (id_midia, id_pessoa) VALUES ('98','3541');
INSERT INTO pessoa (id_pessoa, tipo_documento,documento,nome,data_nascimento,nome_pais_origem) VALUES ('3542','PASS','000384151','Albracht','19780212','Saudi');
INSERT INTO emprega_midia (id_midia, id_pessoa) VALUES ('98','3542');
INSERT INTO pessoa (id_pessoa, tipo_documento,documento,nome,data_nascimento,nome_pais_origem) VALUES ('3543','PASS','000155610','Felderman','19880504','Syria');
INSERT INTO emprega_midia (id_midia, id_pessoa) VALUES ('98','3543');
INSERT INTO pessoa (id_pessoa, tipo_documento,documento,nome,data_nascimento,nome_pais_origem) VALUES ('3544','PASS','000998697','Baba','19781010','Nicaragua');
INSERT INTO emprega_midia (id_midia, id_pessoa) VALUES ('98','3544');
INSERT INTO pessoa (id_pessoa, tipo_documento,documento,nome,data_nascimento,nome_pais_origem) VALUES ('3545','PASS','000308398','Dickison','19880208','Turkey');
INSERT INTO emprega_midia (id_midia, id_pessoa) VALUES ('98','3545');
INSERT INTO pessoa (id_pessoa, tipo_documento,documento,nome,data_nascimento,nome_pais_origem) VALUES ('3546','PASS','000197456','Delafontaine','19770725','Belgium');
INSERT INTO emprega_midia (id_midia, id_pessoa) VALUES ('98','3546');
INSERT INTO pessoa (id_pessoa, tipo_documento,documento,nome,data_nascimento,nome_pais_origem) VALUES ('3547','PASS','000763668','Casuat','19770915','Azerbaijan');
INSERT INTO emprega_midia (id_midia, id_pessoa) VALUES ('98','3547');
INSERT INTO pessoa (id_pessoa, tipo_documento,documento,nome,data_nascimento,nome_pais_origem) VALUES ('3548','PASS','000188125','Futral','19800412','Vietnam');
INSERT INTO emprega_midia (id_midia, id_pessoa) VALUES ('98','3548');
INSERT INTO pessoa (id_pessoa, tipo_documento,documento,nome,data_nascimento,nome_pais_origem) VALUES ('3549','PASS','000221780','Coard','19870723','Thailand');
INSERT INTO emprega_midia (id_midia, id_pessoa) VALUES ('98','3549');
INSERT INTO pessoa (id_pessoa, tipo_documento,documento,nome,data_nascimento,nome_pais_origem) VALUES ('3550','PASS','000596627','Bayouth','19760819','Saudi');
INSERT INTO emprega_midia (id_midia, id_pessoa) VALUES ('98','3550');
INSERT INTO pessoa (id_pessoa, tipo_documento,documento,nome,data_nascimento,nome_pais_origem) VALUES ('3551','PASS','000349358','Carnalla','19710120','Switzerland');
INSERT INTO emprega_midia (id_midia, id_pessoa) VALUES ('98','3551');
INSERT INTO pessoa (id_pessoa, tipo_documento,documento,nome,data_nascimento,nome_pais_origem) VALUES ('3552','PASS','000784718','Asplund','19810615','Zealand');
INSERT INTO emprega_midia (id_midia, id_pessoa) VALUES ('98','3552');
INSERT INTO pessoa (id_pessoa, tipo_documento,documento,nome,data_nascimento,nome_pais_origem) VALUES ('3553','PASS','000959222','Delnero','19880306','Uruguay');
INSERT INTO emprega_midia (id_midia, id_pessoa) VALUES ('98','3553');
INSERT INTO pessoa (id_pessoa, tipo_documento,documento,nome,data_nascimento,nome_pais_origem) VALUES ('3554','PASS','000679113','Fenniwald','19781025','Nicaragua');
INSERT INTO emprega_midia (id_midia, id_pessoa) VALUES ('98','3554');
INSERT INTO pessoa (id_pessoa, tipo_documento,documento,nome,data_nascimento,nome_pais_origem) VALUES ('3555','PASS','000708716','Blankenship','19810126','Saudi');
INSERT INTO emprega_midia (id_midia, id_pessoa) VALUES ('98','3555');
INSERT INTO pessoa (id_pessoa, tipo_documento,documento,nome,data_nascimento,nome_pais_origem) VALUES ('3556','PASS','000706754','Baccus','19720821','Netherlands');
INSERT INTO emprega_midia (id_midia, id_pessoa) VALUES ('98','3556');
INSERT INTO pessoa (id_pessoa, tipo_documento,documento,nome,data_nascimento,nome_pais_origem) VALUES ('3557','PASS','000645802','Forsha','19880418','Netherlands');
INSERT INTO emprega_midia (id_midia, id_pessoa) VALUES ('98','3557');
INSERT INTO pessoa (id_pessoa, tipo_documento,documento,nome,data_nascimento,nome_pais_origem) VALUES ('3558','PASS','000317651','Bednarski','19890121','Serbia');
INSERT INTO emprega_midia (id_midia, id_pessoa) VALUES ('98','3558');
INSERT INTO pessoa (id_pessoa, tipo_documento,documento,nome,data_nascimento,nome_pais_origem) VALUES ('3559','PASS','000196254','Baillie','19831009','Azerbaijan');
INSERT INTO emprega_midia (id_midia, id_pessoa) VALUES ('98','3559');
INSERT INTO pessoa (id_pessoa, tipo_documento,documento,nome,data_nascimento,nome_pais_origem) VALUES ('3560','PASS','000474239','Bernet','19790302','Arabia');
INSERT INTO emprega_midia (id_midia, id_pessoa) VALUES ('98','3560');
INSERT INTO equipe_de_midia (id_midia,nome_empresa) VALUES ('99','OLMEGPG');
INSERT INTO pessoa (id_pessoa, tipo_documento,documento,nome,data_nascimento,nome_pais_origem) VALUES ('3561','PASS','000575374','Dinnocenzo','19861021','Iraq');
INSERT INTO emprega_midia (id_midia, id_pessoa) VALUES ('99','3561');
INSERT INTO pessoa (id_pessoa, tipo_documento,documento,nome,data_nascimento,nome_pais_origem) VALUES ('3562','PASS','000960527','Daugherty','19800705','Syria');
INSERT INTO emprega_midia (id_midia, id_pessoa) VALUES ('99','3562');
INSERT INTO pessoa (id_pessoa, tipo_documento,documento,nome,data_nascimento,nome_pais_origem) VALUES ('3563','PASS','000843234','Degroff','19740101','Estonia');
INSERT INTO emprega_midia (id_midia, id_pessoa) VALUES ('99','3563');
INSERT INTO pessoa (id_pessoa, tipo_documento,documento,nome,data_nascimento,nome_pais_origem) VALUES ('3564','PASS','000207829','Doetsch','19780205','Hungary');
INSERT INTO emprega_midia (id_midia, id_pessoa) VALUES ('99','3564');
INSERT INTO pessoa (id_pessoa, tipo_documento,documento,nome,data_nascimento,nome_pais_origem) VALUES ('3565','PASS','000365798','Degen','19780223','Saudi');
INSERT INTO emprega_midia (id_midia, id_pessoa) VALUES ('99','3565');
INSERT INTO pessoa (id_pessoa, tipo_documento,documento,nome,data_nascimento,nome_pais_origem) VALUES ('3566','PASS','000968456','Gamons','19771118','Italy');
INSERT INTO emprega_midia (id_midia, id_pessoa) VALUES ('99','3566');
INSERT INTO pessoa (id_pessoa, tipo_documento,documento,nome,data_nascimento,nome_pais_origem) VALUES ('3567','PASS','000959788','Benefiel','19730207','Rica');
INSERT INTO emprega_midia (id_midia, id_pessoa) VALUES ('99','3567');
INSERT INTO pessoa (id_pessoa, tipo_documento,documento,nome,data_nascimento,nome_pais_origem) VALUES ('3568','PASS','000187265','Bohrer','19810325','Rica');
INSERT INTO emprega_midia (id_midia, id_pessoa) VALUES ('99','3568');
INSERT INTO pessoa (id_pessoa, tipo_documento,documento,nome,data_nascimento,nome_pais_origem) VALUES ('3569','PASS','000779599','Gosey','19760424','Croatia');
INSERT INTO emprega_midia (id_midia, id_pessoa) VALUES ('99','3569');
INSERT INTO pessoa (id_pessoa, tipo_documento,documento,nome,data_nascimento,nome_pais_origem) VALUES ('3570','PASS','000159416','Gnoza','19830402','Egypt');
INSERT INTO emprega_midia (id_midia, id_pessoa) VALUES ('99','3570');
INSERT INTO pessoa (id_pessoa, tipo_documento,documento,nome,data_nascimento,nome_pais_origem) VALUES ('3571','PASS','000422393','Gianino','19740416','Afghanistan');
INSERT INTO emprega_midia (id_midia, id_pessoa) VALUES ('99','3571');
INSERT INTO pessoa (id_pessoa, tipo_documento,documento,nome,data_nascimento,nome_pais_origem) VALUES ('3572','PASS','000489997','Grumbach','19780716','Ukraine');
INSERT INTO emprega_midia (id_midia, id_pessoa) VALUES ('99','3572');
INSERT INTO pessoa (id_pessoa, tipo_documento,documento,nome,data_nascimento,nome_pais_origem) VALUES ('3573','PASS','000105022','Anker','19790911','Uzbekistan');
INSERT INTO emprega_midia (id_midia, id_pessoa) VALUES ('99','3573');
INSERT INTO pessoa (id_pessoa, tipo_documento,documento,nome,data_nascimento,nome_pais_origem) VALUES ('3574','PASS','000573439','Borah','19700515','Mongolia');
INSERT INTO emprega_midia (id_midia, id_pessoa) VALUES ('99','3574');
INSERT INTO pessoa (id_pessoa, tipo_documento,documento,nome,data_nascimento,nome_pais_origem) VALUES ('3575','PASS','000947069','Bowin','19850625','Costa');
INSERT INTO emprega_midia (id_midia, id_pessoa) VALUES ('99','3575');
INSERT INTO pessoa (id_pessoa, tipo_documento,documento,nome,data_nascimento,nome_pais_origem) VALUES ('3576','PASS','000470761','Chegwidden','19781105','Germany');
INSERT INTO emprega_midia (id_midia, id_pessoa) VALUES ('99','3576');
INSERT INTO pessoa (id_pessoa, tipo_documento,documento,nome,data_nascimento,nome_pais_origem) VALUES ('3577','PASS','000451574','Grigg','19780426','Singapore');
INSERT INTO emprega_midia (id_midia, id_pessoa) VALUES ('99','3577');
INSERT INTO pessoa (id_pessoa, tipo_documento,documento,nome,data_nascimento,nome_pais_origem) VALUES ('3578','PASS','000914345','Atchison','19821218','Saudi');
INSERT INTO emprega_midia (id_midia, id_pessoa) VALUES ('99','3578');
INSERT INTO pessoa (id_pessoa, tipo_documento,documento,nome,data_nascimento,nome_pais_origem) VALUES ('3579','PASS','000441233','Bubert','19770418','Austria');
INSERT INTO emprega_midia (id_midia, id_pessoa) VALUES ('99','3579');
INSERT INTO equipe_de_midia (id_midia,nome_empresa) VALUES ('100','FGQHTOY');
INSERT INTO pessoa (id_pessoa, tipo_documento,documento,nome,data_nascimento,nome_pais_origem) VALUES ('3580','PASS','000484154','Divan','19740914','Paraguay');
INSERT INTO emprega_midia (id_midia, id_pessoa) VALUES ('100','3580');
INSERT INTO pessoa (id_pessoa, tipo_documento,documento,nome,data_nascimento,nome_pais_origem) VALUES ('3581','PASS','000149837','Forest','19860915','Croatia');
INSERT INTO emprega_midia (id_midia, id_pessoa) VALUES ('100','3581');
INSERT INTO pessoa (id_pessoa, tipo_documento,documento,nome,data_nascimento,nome_pais_origem) VALUES ('3582','PASS','000544773','Foresman','19780807','Switzerland');
INSERT INTO emprega_midia (id_midia, id_pessoa) VALUES ('100','3582');
INSERT INTO pessoa (id_pessoa, tipo_documento,documento,nome,data_nascimento,nome_pais_origem) VALUES ('3583','PASS','000890654','Eastwood','19881109','Portugal');
INSERT INTO emprega_midia (id_midia, id_pessoa) VALUES ('100','3583');
INSERT INTO pessoa (id_pessoa, tipo_documento,documento,nome,data_nascimento,nome_pais_origem) VALUES ('3584','PASS','000966478','Ellerd','19870126','Estonia');
INSERT INTO emprega_midia (id_midia, id_pessoa) VALUES ('100','3584');
INSERT INTO pessoa (id_pessoa, tipo_documento,documento,nome,data_nascimento,nome_pais_origem) VALUES ('3585','PASS','000277768','Adels','19840316','Serbia');
INSERT INTO emprega_midia (id_midia, id_pessoa) VALUES ('100','3585');
INSERT INTO pessoa (id_pessoa, tipo_documento,documento,nome,data_nascimento,nome_pais_origem) VALUES ('3586','PASS','000210284','Dipanfilo','19800402','Japan');
INSERT INTO emprega_midia (id_midia, id_pessoa) VALUES ('100','3586');
INSERT INTO pessoa (id_pessoa, tipo_documento,documento,nome,data_nascimento,nome_pais_origem) VALUES ('3587','PASS','000116000','Grandin','19800920','Thailand');
INSERT INTO emprega_midia (id_midia, id_pessoa) VALUES ('100','3587');
INSERT INTO pessoa (id_pessoa, tipo_documento,documento,nome,data_nascimento,nome_pais_origem) VALUES ('3588','PASS','000414694','Freilich','19850211','Switzerland');
INSERT INTO emprega_midia (id_midia, id_pessoa) VALUES ('100','3588');
INSERT INTO pessoa (id_pessoa, tipo_documento,documento,nome,data_nascimento,nome_pais_origem) VALUES ('3589','PASS','000766955','Catozzi','19780622','Barbados');
INSERT INTO emprega_midia (id_midia, id_pessoa) VALUES ('100','3589');
INSERT INTO pessoa (id_pessoa, tipo_documento,documento,nome,data_nascimento,nome_pais_origem) VALUES ('3590','PASS','000761817','Folden','19850702','Lithuania');
INSERT INTO emprega_midia (id_midia, id_pessoa) VALUES ('100','3590');
INSERT INTO pessoa (id_pessoa, tipo_documento,documento,nome,data_nascimento,nome_pais_origem) VALUES ('3591','PASS','000515806','Bonk','19770609','Switzerland');
INSERT INTO emprega_midia (id_midia, id_pessoa) VALUES ('100','3591');
INSERT INTO pessoa (id_pessoa, tipo_documento,documento,nome,data_nascimento,nome_pais_origem) VALUES ('3592','PASS','000826611','Giovanna','19750224','Estonia');
INSERT INTO emprega_midia (id_midia, id_pessoa) VALUES ('100','3592');
INSERT INTO pessoa (id_pessoa, tipo_documento,documento,nome,data_nascimento,nome_pais_origem) VALUES ('3593','PASS','000293124','Goldfeder','19720125','Ukraine');
INSERT INTO emprega_midia (id_midia, id_pessoa) VALUES ('100','3593');
INSERT INTO pessoa (id_pessoa, tipo_documento,documento,nome,data_nascimento,nome_pais_origem) VALUES ('3594','PASS','000833422','Grinvalsky','19840618','Chile');
INSERT INTO emprega_midia (id_midia, id_pessoa) VALUES ('100','3594');
INSERT INTO pessoa (id_pessoa, tipo_documento,documento,nome,data_nascimento,nome_pais_origem) VALUES ('3595','PASS','000516011','Cushinberry','19700226','Uzbekistan');
INSERT INTO emprega_midia (id_midia, id_pessoa) VALUES ('100','3595');
INSERT INTO pessoa (id_pessoa, tipo_documento,documento,nome,data_nascimento,nome_pais_origem) VALUES ('3596','PASS','000745899','Cynova','19831211','Netherlands');
INSERT INTO emprega_midia (id_midia, id_pessoa) VALUES ('100','3596');
INSERT INTO pessoa (id_pessoa, tipo_documento,documento,nome,data_nascimento,nome_pais_origem) VALUES ('3597','PASS','000153182','Childs','19750719','Luxembourg');
INSERT INTO emprega_midia (id_midia, id_pessoa) VALUES ('100','3597');
INSERT INTO pessoa (id_pessoa, tipo_documento,documento,nome,data_nascimento,nome_pais_origem) VALUES ('3598','PASS','000656378','Defalco','19761109','Germany');
INSERT INTO emprega_midia (id_midia, id_pessoa) VALUES ('100','3598');
COMMIT;