START TRANSACTION;
INSERT INTO pessoa (id_pessoa, tipo_documento,documento,nome,data_nascimento,nome_pais_origem) VALUES ('1684','PASS','000249852','Finucan','19830714','Armenia');
INSERT INTO pessoa (id_pessoa, tipo_documento,documento,nome,data_nascimento,nome_pais_origem) VALUES ('1685','PASS','000100719','Glausier','19800206','Barbados');
INSERT INTO pessoa (id_pessoa, tipo_documento,documento,nome,data_nascimento,nome_pais_origem) VALUES ('1686','PASS','000179727','Bonita','19810703','Germany');
INSERT INTO pessoa (id_pessoa, tipo_documento,documento,nome,data_nascimento,nome_pais_origem) VALUES ('1687','PASS','000933499','Conejo','19851123','Armenia');
INSERT INTO pessoa (id_pessoa, tipo_documento,documento,nome,data_nascimento,nome_pais_origem) VALUES ('1688','PASS','000820362','Chafin','19720302','Saudi');
INSERT INTO pessoa (id_pessoa, tipo_documento,documento,nome,data_nascimento,nome_pais_origem) VALUES ('1689','PASS','000153470','Dewaratanawan','19770321','Egypt');
INSERT INTO pessoa (id_pessoa, tipo_documento,documento,nome,data_nascimento,nome_pais_origem) VALUES ('1690','PASS','000611085','Buss','19880818','Switzerland');
INSERT INTO pessoa (id_pessoa, tipo_documento,documento,nome,data_nascimento,nome_pais_origem) VALUES ('1691','PASS','000185036','Aley','19730709','Mongolia');
INSERT INTO pessoa (id_pessoa, tipo_documento,documento,nome,data_nascimento,nome_pais_origem) VALUES ('1692','PASS','000741173','Dimassimo','19740808','Uruguay');
INSERT INTO pessoa (id_pessoa, tipo_documento,documento,nome,data_nascimento,nome_pais_origem) VALUES ('1693','PASS','000292270','Bulisco','19821124','Slovakia');
INSERT INTO pessoa (id_pessoa, tipo_documento,documento,nome,data_nascimento,nome_pais_origem) VALUES ('1694','PASS','000662973','Bidstrup','19870208','Poland');
INSERT INTO pessoa (id_pessoa, tipo_documento,documento,nome,data_nascimento,nome_pais_origem) VALUES ('1695','PASS','000992052','Cherrie','19760120','Uruguay');
INSERT INTO pessoa (id_pessoa, tipo_documento,documento,nome,data_nascimento,nome_pais_origem) VALUES ('1696','PASS','000586693','Galbavy','19860820','Arabia');
INSERT INTO pessoa (id_pessoa, tipo_documento,documento,nome,data_nascimento,nome_pais_origem) VALUES ('1697','PASS','000650793','Ernzen','19770320','Senegal');
INSERT INTO pessoa (id_pessoa, tipo_documento,documento,nome,data_nascimento,nome_pais_origem) VALUES ('1698','PASS','000903249','Bellow','19710821','Japan');
INSERT INTO pessoa (id_pessoa, tipo_documento,documento,nome,data_nascimento,nome_pais_origem) VALUES ('1699','PASS','000256640','Berdy','19851001','Afghanistan');
INSERT INTO pessoa (id_pessoa, tipo_documento,documento,nome,data_nascimento,nome_pais_origem) VALUES ('1700','PASS','000351397','Agin','19891204','Croatia');
INSERT INTO pessoa (id_pessoa, tipo_documento,documento,nome,data_nascimento,nome_pais_origem) VALUES ('1701','PASS','000463154','Bellino','19851221','Germany');
INSERT INTO pessoa (id_pessoa, tipo_documento,documento,nome,data_nascimento,nome_pais_origem) VALUES ('1702','PASS','000610725','Cami','19850808','Poland');
INSERT INTO pessoa (id_pessoa, tipo_documento,documento,nome,data_nascimento,nome_pais_origem) VALUES ('1703','PASS','000294712','Austino','19720806','France');
INSERT INTO pessoa (id_pessoa, tipo_documento,documento,nome,data_nascimento,nome_pais_origem) VALUES ('1704','PASS','000371814','Gelinas','19880916','France');
INSERT INTO pessoa (id_pessoa, tipo_documento,documento,nome,data_nascimento,nome_pais_origem) VALUES ('1705','PASS','000349924','Fanny','19800813','Nicaragua');
INSERT INTO pessoa (id_pessoa, tipo_documento,documento,nome,data_nascimento,nome_pais_origem) VALUES ('1706','PASS','000384004','Carma','19760307','Australia');
INSERT INTO pessoa (id_pessoa, tipo_documento,documento,nome,data_nascimento,nome_pais_origem) VALUES ('1707','PASS','000730694','Crosson','19790311','Australia');
INSERT INTO pessoa (id_pessoa, tipo_documento,documento,nome,data_nascimento,nome_pais_origem) VALUES ('1708','PASS','000661044','Bowl','19881203','Slovakia');
INSERT INTO pessoa (id_pessoa, tipo_documento,documento,nome,data_nascimento,nome_pais_origem) VALUES ('1709','PASS','000266561','Frederica','19890214','Colombia');
INSERT INTO pessoa (id_pessoa, tipo_documento,documento,nome,data_nascimento,nome_pais_origem) VALUES ('1710','PASS','000752459','Fraiser','19850227','Indonesia');
INSERT INTO pessoa (id_pessoa, tipo_documento,documento,nome,data_nascimento,nome_pais_origem) VALUES ('1711','PASS','000944868','Garacci','19780311','Egypt');
INSERT INTO pessoa (id_pessoa, tipo_documento,documento,nome,data_nascimento,nome_pais_origem) VALUES ('1712','PASS','000506705','Adolphus','19790808','Singapore');
INSERT INTO pessoa (id_pessoa, tipo_documento,documento,nome,data_nascimento,nome_pais_origem) VALUES ('1713','PASS','000496019','Bousum','19760611','Singapore');
INSERT INTO pessoa (id_pessoa, tipo_documento,documento,nome,data_nascimento,nome_pais_origem) VALUES ('1714','PASS','000102626','Eleveld','19711227','Greece');
INSERT INTO pessoa (id_pessoa, tipo_documento,documento,nome,data_nascimento,nome_pais_origem) VALUES ('1715','PASS','000353392','Fielding','19890416','Belgium');
INSERT INTO pessoa (id_pessoa, tipo_documento,documento,nome,data_nascimento,nome_pais_origem) VALUES ('1716','PASS','000299886','Gilman','19870811','Norway');
INSERT INTO pessoa (id_pessoa, tipo_documento,documento,nome,data_nascimento,nome_pais_origem) VALUES ('1717','PASS','000529226','Formisano','19720921','Costa');
INSERT INTO pessoa (id_pessoa, tipo_documento,documento,nome,data_nascimento,nome_pais_origem) VALUES ('1718','PASS','000818461','Bogda','19881103','Croatia');
INSERT INTO pessoa (id_pessoa, tipo_documento,documento,nome,data_nascimento,nome_pais_origem) VALUES ('1719','PASS','000661115','Grinie','19740216','Greece');
INSERT INTO pessoa (id_pessoa, tipo_documento,documento,nome,data_nascimento,nome_pais_origem) VALUES ('1720','PASS','000735261','Giumarro','19850825','Syria');
INSERT INTO pessoa (id_pessoa, tipo_documento,documento,nome,data_nascimento,nome_pais_origem) VALUES ('1721','PASS','000381644','Claybourne','19700127','Austria');
INSERT INTO pessoa (id_pessoa, tipo_documento,documento,nome,data_nascimento,nome_pais_origem) VALUES ('1722','PASS','000517409','Groh','19750217','Egypt');
INSERT INTO pessoa (id_pessoa, tipo_documento,documento,nome,data_nascimento,nome_pais_origem) VALUES ('1723','PASS','000555851','Gravenstein','19761223','Bulgaria');
INSERT INTO pessoa (id_pessoa, tipo_documento,documento,nome,data_nascimento,nome_pais_origem) VALUES ('1724','PASS','000967839','Finegan','19860110','Iraq');
INSERT INTO pessoa (id_pessoa, tipo_documento,documento,nome,data_nascimento,nome_pais_origem) VALUES ('1725','PASS','000799887','Billiet','19830304','Mozambique');
INSERT INTO pessoa (id_pessoa, tipo_documento,documento,nome,data_nascimento,nome_pais_origem) VALUES ('1726','PASS','000796439','Avina','19710703','Spain');
INSERT INTO pessoa (id_pessoa, tipo_documento,documento,nome,data_nascimento,nome_pais_origem) VALUES ('1727','PASS','000856903','Gentles','19710416','Japan');
INSERT INTO pessoa (id_pessoa, tipo_documento,documento,nome,data_nascimento,nome_pais_origem) VALUES ('1728','PASS','000335211','Carkhuff','19740901','Switzerland');
INSERT INTO pessoa (id_pessoa, tipo_documento,documento,nome,data_nascimento,nome_pais_origem) VALUES ('1729','PASS','000589777','Guarisco','19810924','France');
INSERT INTO pessoa (id_pessoa, tipo_documento,documento,nome,data_nascimento,nome_pais_origem) VALUES ('1730','PASS','000945138','Cianci','19860503','Italy');
INSERT INTO pessoa (id_pessoa, tipo_documento,documento,nome,data_nascimento,nome_pais_origem) VALUES ('1731','PASS','000979107','Damien','19800403','Netherlands');
INSERT INTO pessoa (id_pessoa, tipo_documento,documento,nome,data_nascimento,nome_pais_origem) VALUES ('1732','PASS','000819395','Chasteen','19890803','New');
INSERT INTO pessoa (id_pessoa, tipo_documento,documento,nome,data_nascimento,nome_pais_origem) VALUES ('1733','PASS','000999894','Fajen','19810915','Ukraine');
INSERT INTO pessoa (id_pessoa, tipo_documento,documento,nome,data_nascimento,nome_pais_origem) VALUES ('1734','PASS','000414282','Bowdon','19820508','France');
INSERT INTO pessoa (id_pessoa, tipo_documento,documento,nome,data_nascimento,nome_pais_origem) VALUES ('1735','PASS','000383659','Deonna','19780705','Bahrain');
INSERT INTO pessoa (id_pessoa, tipo_documento,documento,nome,data_nascimento,nome_pais_origem) VALUES ('1736','PASS','000330412','Graig','19700316','Colombia');
INSERT INTO pessoa (id_pessoa, tipo_documento,documento,nome,data_nascimento,nome_pais_origem) VALUES ('1737','PASS','000590155','Carvell','19881005','Australia');
INSERT INTO pessoa (id_pessoa, tipo_documento,documento,nome,data_nascimento,nome_pais_origem) VALUES ('1738','PASS','000272217','Cavalier','19850503','Japan');
INSERT INTO pessoa (id_pessoa, tipo_documento,documento,nome,data_nascimento,nome_pais_origem) VALUES ('1739','PASS','000262727','Defouw','19810106','Syria');
INSERT INTO pessoa (id_pessoa, tipo_documento,documento,nome,data_nascimento,nome_pais_origem) VALUES ('1740','PASS','000401830','Casivant','19731226','New');
INSERT INTO pessoa (id_pessoa, tipo_documento,documento,nome,data_nascimento,nome_pais_origem) VALUES ('1741','PASS','000101430','Eisensmith','19870221','Finland');
INSERT INTO pessoa (id_pessoa, tipo_documento,documento,nome,data_nascimento,nome_pais_origem) VALUES ('1742','PASS','000166806','Dehombre','19750911','Greece');
INSERT INTO pessoa (id_pessoa, tipo_documento,documento,nome,data_nascimento,nome_pais_origem) VALUES ('1743','PASS','000324597','Bowlby','19780317','Nepal');
INSERT INTO pessoa (id_pessoa, tipo_documento,documento,nome,data_nascimento,nome_pais_origem) VALUES ('1744','PASS','000211699','Barbot','19721223','Algeria');
INSERT INTO pessoa (id_pessoa, tipo_documento,documento,nome,data_nascimento,nome_pais_origem) VALUES ('1745','PASS','000123606','Bake','19800416','Chad');
INSERT INTO pessoa (id_pessoa, tipo_documento,documento,nome,data_nascimento,nome_pais_origem) VALUES ('1746','PASS','000789828','Forney','19730125','Morocco');
INSERT INTO pessoa (id_pessoa, tipo_documento,documento,nome,data_nascimento,nome_pais_origem) VALUES ('1747','PASS','000271485','Bellini','19800721','Sweden');
INSERT INTO pessoa (id_pessoa, tipo_documento,documento,nome,data_nascimento,nome_pais_origem) VALUES ('1748','PASS','000934906','Abrahamian','19891203','Uzbekistan');
INSERT INTO pessoa (id_pessoa, tipo_documento,documento,nome,data_nascimento,nome_pais_origem) VALUES ('1749','PASS','000569027','Augustave','19821111','Azerbaijan');
INSERT INTO pessoa (id_pessoa, tipo_documento,documento,nome,data_nascimento,nome_pais_origem) VALUES ('1750','PASS','000595476','Crother','19760322','Switzerland');
INSERT INTO pessoa (id_pessoa, tipo_documento,documento,nome,data_nascimento,nome_pais_origem) VALUES ('1751','PASS','000160559','Earman','19831222','Brazil');
INSERT INTO pessoa (id_pessoa, tipo_documento,documento,nome,data_nascimento,nome_pais_origem) VALUES ('1752','PASS','000934768','Burgio','19860604','Nicaragua');
INSERT INTO pessoa (id_pessoa, tipo_documento,documento,nome,data_nascimento,nome_pais_origem) VALUES ('1753','PASS','000413094','Bermudes','19840309','Philippines');
INSERT INTO pessoa (id_pessoa, tipo_documento,documento,nome,data_nascimento,nome_pais_origem) VALUES ('1754','PASS','000705385','Barranger','19710222','Ukraine');
INSERT INTO pessoa (id_pessoa, tipo_documento,documento,nome,data_nascimento,nome_pais_origem) VALUES ('1755','PASS','000326157','Esfahani','19710123','Uruguay');
INSERT INTO pessoa (id_pessoa, tipo_documento,documento,nome,data_nascimento,nome_pais_origem) VALUES ('1756','PASS','000808217','Gallmon','19850723','Ukraine');
INSERT INTO pessoa (id_pessoa, tipo_documento,documento,nome,data_nascimento,nome_pais_origem) VALUES ('1757','PASS','000747492','Ebonie','19850408','Senegal');
INSERT INTO pessoa (id_pessoa, tipo_documento,documento,nome,data_nascimento,nome_pais_origem) VALUES ('1758','PASS','000408701','Ballina','19890212','Slovakia');
INSERT INTO pessoa (id_pessoa, tipo_documento,documento,nome,data_nascimento,nome_pais_origem) VALUES ('1759','PASS','000207363','Bulosan','19861115','Nepal');
INSERT INTO pessoa (id_pessoa, tipo_documento,documento,nome,data_nascimento,nome_pais_origem) VALUES ('1760','PASS','000489180','Broglio','19710822','Mozambique');
INSERT INTO pessoa (id_pessoa, tipo_documento,documento,nome,data_nascimento,nome_pais_origem) VALUES ('1761','PASS','000210112','Daniele','19790825','Morocco');
INSERT INTO pessoa (id_pessoa, tipo_documento,documento,nome,data_nascimento,nome_pais_origem) VALUES ('1762','PASS','000589996','Balford','19810922','Syria');
INSERT INTO pessoa (id_pessoa, tipo_documento,documento,nome,data_nascimento,nome_pais_origem) VALUES ('1763','PASS','000986432','Gabrial','19731111','Morocco');
INSERT INTO pessoa (id_pessoa, tipo_documento,documento,nome,data_nascimento,nome_pais_origem) VALUES ('1764','PASS','000834585','Franssen','19790708','Thailand');
INSERT INTO pessoa (id_pessoa, tipo_documento,documento,nome,data_nascimento,nome_pais_origem) VALUES ('1765','PASS','000791359','Fedder','19840521','Austria');
INSERT INTO pessoa (id_pessoa, tipo_documento,documento,nome,data_nascimento,nome_pais_origem) VALUES ('1766','PASS','000202471','Gallogly','19870915','Uzbekistan');
INSERT INTO pessoa (id_pessoa, tipo_documento,documento,nome,data_nascimento,nome_pais_origem) VALUES ('1767','PASS','000419910','Gardella','19750807','Costa');
INSERT INTO pessoa (id_pessoa, tipo_documento,documento,nome,data_nascimento,nome_pais_origem) VALUES ('1768','PASS','000671492','Carmelina','19830615','Albania');
INSERT INTO pessoa (id_pessoa, tipo_documento,documento,nome,data_nascimento,nome_pais_origem) VALUES ('1769','PASS','000448253','Gregson','19770712','Afghanistan');
INSERT INTO pessoa (id_pessoa, tipo_documento,documento,nome,data_nascimento,nome_pais_origem) VALUES ('1770','PASS','000444869','Grdina','19870816','Georgia');
INSERT INTO pessoa (id_pessoa, tipo_documento,documento,nome,data_nascimento,nome_pais_origem) VALUES ('1771','PASS','000180576','Donley','19870216','Albania');
INSERT INTO pessoa (id_pessoa, tipo_documento,documento,nome,data_nascimento,nome_pais_origem) VALUES ('1772','PASS','000701008','France','19730610','Paraguay');
INSERT INTO pessoa (id_pessoa, tipo_documento,documento,nome,data_nascimento,nome_pais_origem) VALUES ('1773','PASS','000955047','Bernstrom','19820217','Nepal');
INSERT INTO pessoa (id_pessoa, tipo_documento,documento,nome,data_nascimento,nome_pais_origem) VALUES ('1774','PASS','000600138','Gaynelle','19880606','Argentina');
INSERT INTO pessoa (id_pessoa, tipo_documento,documento,nome,data_nascimento,nome_pais_origem) VALUES ('1775','PASS','000438135','Detwiler','19720721','Portugal');
INSERT INTO pessoa (id_pessoa, tipo_documento,documento,nome,data_nascimento,nome_pais_origem) VALUES ('1776','PASS','000941873','Annon','19870111','Singapore');
INSERT INTO pessoa (id_pessoa, tipo_documento,documento,nome,data_nascimento,nome_pais_origem) VALUES ('1777','PASS','000621434','December','19781225','Indonesia');
INSERT INTO pessoa (id_pessoa, tipo_documento,documento,nome,data_nascimento,nome_pais_origem) VALUES ('1778','PASS','000923271','Citrone','19790919','Finland');
INSERT INTO pessoa (id_pessoa, tipo_documento,documento,nome,data_nascimento,nome_pais_origem) VALUES ('1779','PASS','000987087','Gogan','19741109','Mongolia');
INSERT INTO tradutor (id_pessoa,codigo_pais_traduz) VALUES ('1684','RUS');
INSERT INTO tradutor (id_pessoa,codigo_pais_traduz) VALUES ('1685','SAU');
INSERT INTO tradutor (id_pessoa,codigo_pais_traduz) VALUES ('1686','EGY');
INSERT INTO tradutor (id_pessoa,codigo_pais_traduz) VALUES ('1687','URY');
INSERT INTO tradutor (id_pessoa,codigo_pais_traduz) VALUES ('1688','POR');
INSERT INTO tradutor (id_pessoa,codigo_pais_traduz) VALUES ('1689','ESP');
INSERT INTO tradutor (id_pessoa,codigo_pais_traduz) VALUES ('1690','MAR');
INSERT INTO tradutor (id_pessoa,codigo_pais_traduz) VALUES ('1691','IRN');
INSERT INTO tradutor (id_pessoa,codigo_pais_traduz) VALUES ('1692','FRA');
INSERT INTO tradutor (id_pessoa,codigo_pais_traduz) VALUES ('1693','AUS');
INSERT INTO tradutor (id_pessoa,codigo_pais_traduz) VALUES ('1694','PER');
INSERT INTO tradutor (id_pessoa,codigo_pais_traduz) VALUES ('1695','DEN');
INSERT INTO tradutor (id_pessoa,codigo_pais_traduz) VALUES ('1696','ARG');
INSERT INTO tradutor (id_pessoa,codigo_pais_traduz) VALUES ('1697','ISL');
INSERT INTO tradutor (id_pessoa,codigo_pais_traduz) VALUES ('1698','CRO');
INSERT INTO tradutor (id_pessoa,codigo_pais_traduz) VALUES ('1699','NIG');
INSERT INTO tradutor (id_pessoa,codigo_pais_traduz) VALUES ('1700','BRA');
INSERT INTO tradutor (id_pessoa,codigo_pais_traduz) VALUES ('1701','SWI');
INSERT INTO tradutor (id_pessoa,codigo_pais_traduz) VALUES ('1702','CRI');
INSERT INTO tradutor (id_pessoa,codigo_pais_traduz) VALUES ('1703','SRB');
INSERT INTO tradutor (id_pessoa,codigo_pais_traduz) VALUES ('1704','GER');
INSERT INTO tradutor (id_pessoa,codigo_pais_traduz) VALUES ('1705','MEX');
INSERT INTO tradutor (id_pessoa,codigo_pais_traduz) VALUES ('1706','SWE');
INSERT INTO tradutor (id_pessoa,codigo_pais_traduz) VALUES ('1707','KOR');
INSERT INTO tradutor (id_pessoa,codigo_pais_traduz) VALUES ('1708','BEL');
INSERT INTO tradutor (id_pessoa,codigo_pais_traduz) VALUES ('1709','PAN');
INSERT INTO tradutor (id_pessoa,codigo_pais_traduz) VALUES ('1710','TUN');
INSERT INTO tradutor (id_pessoa,codigo_pais_traduz) VALUES ('1711','ENG');
INSERT INTO tradutor (id_pessoa,codigo_pais_traduz) VALUES ('1712','POL');
INSERT INTO tradutor (id_pessoa,codigo_pais_traduz) VALUES ('1713','SEN');
INSERT INTO tradutor (id_pessoa,codigo_pais_traduz) VALUES ('1714','COL');
INSERT INTO tradutor (id_pessoa,codigo_pais_traduz) VALUES ('1715','JPN');
INSERT INTO tradutor (id_pessoa,codigo_pais_traduz) VALUES ('1716','RUS');
INSERT INTO tradutor (id_pessoa,codigo_pais_traduz) VALUES ('1717','SAU');
INSERT INTO tradutor (id_pessoa,codigo_pais_traduz) VALUES ('1718','EGY');
INSERT INTO tradutor (id_pessoa,codigo_pais_traduz) VALUES ('1719','URY');
INSERT INTO tradutor (id_pessoa,codigo_pais_traduz) VALUES ('1720','POR');
INSERT INTO tradutor (id_pessoa,codigo_pais_traduz) VALUES ('1721','ESP');
INSERT INTO tradutor (id_pessoa,codigo_pais_traduz) VALUES ('1722','MAR');
INSERT INTO tradutor (id_pessoa,codigo_pais_traduz) VALUES ('1723','IRN');
INSERT INTO tradutor (id_pessoa,codigo_pais_traduz) VALUES ('1724','FRA');
INSERT INTO tradutor (id_pessoa,codigo_pais_traduz) VALUES ('1725','AUS');
INSERT INTO tradutor (id_pessoa,codigo_pais_traduz) VALUES ('1726','PER');
INSERT INTO tradutor (id_pessoa,codigo_pais_traduz) VALUES ('1727','DEN');
INSERT INTO tradutor (id_pessoa,codigo_pais_traduz) VALUES ('1728','ARG');
INSERT INTO tradutor (id_pessoa,codigo_pais_traduz) VALUES ('1729','ISL');
INSERT INTO tradutor (id_pessoa,codigo_pais_traduz) VALUES ('1730','CRO');
INSERT INTO tradutor (id_pessoa,codigo_pais_traduz) VALUES ('1731','NIG');
INSERT INTO tradutor (id_pessoa,codigo_pais_traduz) VALUES ('1732','BRA');
INSERT INTO tradutor (id_pessoa,codigo_pais_traduz) VALUES ('1733','SWI');
INSERT INTO tradutor (id_pessoa,codigo_pais_traduz) VALUES ('1734','CRI');
INSERT INTO tradutor (id_pessoa,codigo_pais_traduz) VALUES ('1735','SRB');
INSERT INTO tradutor (id_pessoa,codigo_pais_traduz) VALUES ('1736','GER');
INSERT INTO tradutor (id_pessoa,codigo_pais_traduz) VALUES ('1737','MEX');
INSERT INTO tradutor (id_pessoa,codigo_pais_traduz) VALUES ('1738','SWE');
INSERT INTO tradutor (id_pessoa,codigo_pais_traduz) VALUES ('1739','KOR');
INSERT INTO tradutor (id_pessoa,codigo_pais_traduz) VALUES ('1740','BEL');
INSERT INTO tradutor (id_pessoa,codigo_pais_traduz) VALUES ('1741','PAN');
INSERT INTO tradutor (id_pessoa,codigo_pais_traduz) VALUES ('1742','TUN');
INSERT INTO tradutor (id_pessoa,codigo_pais_traduz) VALUES ('1743','ENG');
INSERT INTO tradutor (id_pessoa,codigo_pais_traduz) VALUES ('1744','POL');
INSERT INTO tradutor (id_pessoa,codigo_pais_traduz) VALUES ('1745','SEN');
INSERT INTO tradutor (id_pessoa,codigo_pais_traduz) VALUES ('1746','COL');
INSERT INTO tradutor (id_pessoa,codigo_pais_traduz) VALUES ('1747','JPN');
INSERT INTO tradutor (id_pessoa,codigo_pais_traduz) VALUES ('1748','RUS');
INSERT INTO tradutor (id_pessoa,codigo_pais_traduz) VALUES ('1749','SAU');
INSERT INTO tradutor (id_pessoa,codigo_pais_traduz) VALUES ('1750','EGY');
INSERT INTO tradutor (id_pessoa,codigo_pais_traduz) VALUES ('1751','URY');
INSERT INTO tradutor (id_pessoa,codigo_pais_traduz) VALUES ('1752','POR');
INSERT INTO tradutor (id_pessoa,codigo_pais_traduz) VALUES ('1753','ESP');
INSERT INTO tradutor (id_pessoa,codigo_pais_traduz) VALUES ('1754','MAR');
INSERT INTO tradutor (id_pessoa,codigo_pais_traduz) VALUES ('1755','IRN');
INSERT INTO tradutor (id_pessoa,codigo_pais_traduz) VALUES ('1756','FRA');
INSERT INTO tradutor (id_pessoa,codigo_pais_traduz) VALUES ('1757','AUS');
INSERT INTO tradutor (id_pessoa,codigo_pais_traduz) VALUES ('1758','PER');
INSERT INTO tradutor (id_pessoa,codigo_pais_traduz) VALUES ('1759','DEN');
INSERT INTO tradutor (id_pessoa,codigo_pais_traduz) VALUES ('1760','ARG');
INSERT INTO tradutor (id_pessoa,codigo_pais_traduz) VALUES ('1761','ISL');
INSERT INTO tradutor (id_pessoa,codigo_pais_traduz) VALUES ('1762','CRO');
INSERT INTO tradutor (id_pessoa,codigo_pais_traduz) VALUES ('1763','NIG');
INSERT INTO tradutor (id_pessoa,codigo_pais_traduz) VALUES ('1764','BRA');
INSERT INTO tradutor (id_pessoa,codigo_pais_traduz) VALUES ('1765','SWI');
INSERT INTO tradutor (id_pessoa,codigo_pais_traduz) VALUES ('1766','CRI');
INSERT INTO tradutor (id_pessoa,codigo_pais_traduz) VALUES ('1767','SRB');
INSERT INTO tradutor (id_pessoa,codigo_pais_traduz) VALUES ('1768','GER');
INSERT INTO tradutor (id_pessoa,codigo_pais_traduz) VALUES ('1769','MEX');
INSERT INTO tradutor (id_pessoa,codigo_pais_traduz) VALUES ('1770','SWE');
INSERT INTO tradutor (id_pessoa,codigo_pais_traduz) VALUES ('1771','KOR');
INSERT INTO tradutor (id_pessoa,codigo_pais_traduz) VALUES ('1772','BEL');
INSERT INTO tradutor (id_pessoa,codigo_pais_traduz) VALUES ('1773','PAN');
INSERT INTO tradutor (id_pessoa,codigo_pais_traduz) VALUES ('1774','TUN');
INSERT INTO tradutor (id_pessoa,codigo_pais_traduz) VALUES ('1775','ENG');
INSERT INTO tradutor (id_pessoa,codigo_pais_traduz) VALUES ('1776','POL');
INSERT INTO tradutor (id_pessoa,codigo_pais_traduz) VALUES ('1777','SEN');
INSERT INTO tradutor (id_pessoa,codigo_pais_traduz) VALUES ('1778','COL');
INSERT INTO tradutor (id_pessoa,codigo_pais_traduz) VALUES ('1779','JPN');
INSERT INTO idioma (codigo_idioma,nome) VALUES ('RUS','Russo');
INSERT INTO idioma (codigo_idioma,nome) VALUES ('POR','Português');
INSERT INTO idioma (codigo_idioma,nome) VALUES ('ZHO','Chinês');
INSERT INTO idioma (codigo_idioma,nome) VALUES ('HRV','Croata');
INSERT INTO idioma (codigo_idioma,nome) VALUES ('BUL','Bulgaro');
INSERT INTO idioma (codigo_idioma,nome) VALUES ('ARA','Árabe');
INSERT INTO idioma (codigo_idioma,nome) VALUES ('ARM','Armênio');
INSERT INTO idioma (codigo_idioma,nome) VALUES ('ALB','Albanês');
INSERT INTO idioma (codigo_idioma,nome) VALUES ('BOS','Bósnio');
INSERT INTO idioma (codigo_idioma,nome) VALUES ('NYA','Chichewa');
INSERT INTO idioma (codigo_idioma,nome) VALUES ('CHV','Chuvash');
INSERT INTO idioma (codigo_idioma,nome) VALUES ('CES','Tcheco');
INSERT INTO idioma (codigo_idioma,nome) VALUES ('DAN','Dinamarquês');
INSERT INTO idioma (codigo_idioma,nome) VALUES ('ENG','Inglês');
INSERT INTO idioma (codigo_idioma,nome) VALUES ('FRA','Francês');
INSERT INTO idioma (codigo_idioma,nome) VALUES ('DEU','Alemão');
INSERT INTO idioma (codigo_idioma,nome) VALUES ('HEB','Hebraico');
INSERT INTO idioma (codigo_idioma,nome) VALUES ('HUN','Húngaro');
INSERT INTO idioma (codigo_idioma,nome) VALUES ('HIN','Hindi');
INSERT INTO idioma (codigo_idioma,nome) VALUES ('JPN','Japonês');
INSERT INTO idioma (codigo_idioma,nome) VALUES ('KAZ','Kazaque');
INSERT INTO idioma (codigo_idioma,nome) VALUES ('KOR','Koreano');
INSERT INTO idioma (codigo_idioma,nome) VALUES ('LIT','Lituânio');
INSERT INTO idioma (codigo_idioma,nome) VALUES ('MON','Mongol');
INSERT INTO idioma (codigo_idioma,nome) VALUES ('ESP','Espanhol');
INSERT INTO idioma (codigo_idioma,nome) VALUES ('NOR','Norueguês');
INSERT INTO idioma (codigo_idioma,nome) VALUES ('POL','Polonês');
INSERT INTO idioma (codigo_idioma,nome) VALUES ('RON','Romênio');
INSERT INTO idioma (codigo_idioma,nome) VALUES ('SLV','Eslováqui');
INSERT INTO idioma (codigo_idioma,nome) VALUES ('BOD','Tibetano');
INSERT INTO idioma (codigo_idioma,nome) VALUES ('TAH','Tahitiano');
INSERT INTO idioma (codigo_idioma,nome) VALUES ('ZUL','Zulu');
INSERT INTO conhece (id_pessoa,codigo_idioma) VALUES ('1684','HRV');
INSERT INTO conhece (id_pessoa,codigo_idioma) VALUES ('1684','FRA');
INSERT INTO conhece (id_pessoa,codigo_idioma) VALUES ('1684','ESP');
INSERT INTO conhece (id_pessoa,codigo_idioma) VALUES ('1684','ZUL');
INSERT INTO conhece (id_pessoa,codigo_idioma) VALUES ('1686','NYA');
INSERT INTO conhece (id_pessoa,codigo_idioma) VALUES ('1686','ZUL');
INSERT INTO conhece (id_pessoa,codigo_idioma) VALUES ('1687','HRV');
INSERT INTO conhece (id_pessoa,codigo_idioma) VALUES ('1687','DEU');
INSERT INTO conhece (id_pessoa,codigo_idioma) VALUES ('1688','ZHO');
INSERT INTO conhece (id_pessoa,codigo_idioma) VALUES ('1688','DEU');
INSERT INTO conhece (id_pessoa,codigo_idioma) VALUES ('1688','HUN');
INSERT INTO conhece (id_pessoa,codigo_idioma) VALUES ('1688','NOR');
INSERT INTO conhece (id_pessoa,codigo_idioma) VALUES ('1690','ENG');
INSERT INTO conhece (id_pessoa,codigo_idioma) VALUES ('1690','ESP');
INSERT INTO conhece (id_pessoa,codigo_idioma) VALUES ('1691','BUL');
INSERT INTO conhece (id_pessoa,codigo_idioma) VALUES ('1691','KAZ');
INSERT INTO conhece (id_pessoa,codigo_idioma) VALUES ('1691','ESP');
INSERT INTO conhece (id_pessoa,codigo_idioma) VALUES ('1691','POL');
INSERT INTO conhece (id_pessoa,codigo_idioma) VALUES ('1692','ALB');
INSERT INTO conhece (id_pessoa,codigo_idioma) VALUES ('1692','NYA');
INSERT INTO conhece (id_pessoa,codigo_idioma) VALUES ('1692','DEU');
INSERT INTO conhece (id_pessoa,codigo_idioma) VALUES ('1692','ZUL');
INSERT INTO conhece (id_pessoa,codigo_idioma) VALUES ('1693','NYA');
INSERT INTO conhece (id_pessoa,codigo_idioma) VALUES ('1693','BOD');
INSERT INTO conhece (id_pessoa,codigo_idioma) VALUES ('1693','ZUL');
INSERT INTO conhece (id_pessoa,codigo_idioma) VALUES ('1694','ZHO');
INSERT INTO conhece (id_pessoa,codigo_idioma) VALUES ('1695','ZHO');
INSERT INTO conhece (id_pessoa,codigo_idioma) VALUES ('1695','MON');
INSERT INTO conhece (id_pessoa,codigo_idioma) VALUES ('1695','SLV');
INSERT INTO conhece (id_pessoa,codigo_idioma) VALUES ('1696','POR');
INSERT INTO conhece (id_pessoa,codigo_idioma) VALUES ('1696','ALB');
INSERT INTO conhece (id_pessoa,codigo_idioma) VALUES ('1697','POR');
INSERT INTO conhece (id_pessoa,codigo_idioma) VALUES ('1697','NYA');
INSERT INTO conhece (id_pessoa,codigo_idioma) VALUES ('1697','HEB');
INSERT INTO conhece (id_pessoa,codigo_idioma) VALUES ('1697','TAH');
INSERT INTO conhece (id_pessoa,codigo_idioma) VALUES ('1698','SLV');
INSERT INTO conhece (id_pessoa,codigo_idioma) VALUES ('1699','HEB');
INSERT INTO conhece (id_pessoa,codigo_idioma) VALUES ('1699','HUN');
INSERT INTO conhece (id_pessoa,codigo_idioma) VALUES ('1700','CES');
INSERT INTO conhece (id_pessoa,codigo_idioma) VALUES ('1702','ZHO');
INSERT INTO conhece (id_pessoa,codigo_idioma) VALUES ('1702','ALB');
INSERT INTO conhece (id_pessoa,codigo_idioma) VALUES ('1702','ENG');
INSERT INTO conhece (id_pessoa,codigo_idioma) VALUES ('1703','KOR');
INSERT INTO conhece (id_pessoa,codigo_idioma) VALUES ('1704','DAN');
INSERT INTO conhece (id_pessoa,codigo_idioma) VALUES ('1704','RON');
INSERT INTO conhece (id_pessoa,codigo_idioma) VALUES ('1706','DAN');
INSERT INTO conhece (id_pessoa,codigo_idioma) VALUES ('1706','ENG');
INSERT INTO conhece (id_pessoa,codigo_idioma) VALUES ('1706','FRA');
INSERT INTO conhece (id_pessoa,codigo_idioma) VALUES ('1706','MON');
INSERT INTO conhece (id_pessoa,codigo_idioma) VALUES ('1707','FRA');
INSERT INTO conhece (id_pessoa,codigo_idioma) VALUES ('1707','HUN');
INSERT INTO conhece (id_pessoa,codigo_idioma) VALUES ('1707','HIN');
INSERT INTO conhece (id_pessoa,codigo_idioma) VALUES ('1707','KOR');
INSERT INTO conhece (id_pessoa,codigo_idioma) VALUES ('1708','LIT');
INSERT INTO conhece (id_pessoa,codigo_idioma) VALUES ('1709','ZHO');
INSERT INTO conhece (id_pessoa,codigo_idioma) VALUES ('1709','BOS');
INSERT INTO conhece (id_pessoa,codigo_idioma) VALUES ('1709','KOR');
INSERT INTO conhece (id_pessoa,codigo_idioma) VALUES ('1710','ARA');
INSERT INTO conhece (id_pessoa,codigo_idioma) VALUES ('1711','DEU');
INSERT INTO conhece (id_pessoa,codigo_idioma) VALUES ('1711','HEB');
INSERT INTO conhece (id_pessoa,codigo_idioma) VALUES ('1711','KAZ');
INSERT INTO conhece (id_pessoa,codigo_idioma) VALUES ('1711','ESP');
INSERT INTO conhece (id_pessoa,codigo_idioma) VALUES ('1712','ALB');
INSERT INTO conhece (id_pessoa,codigo_idioma) VALUES ('1712','ENG');
INSERT INTO conhece (id_pessoa,codigo_idioma) VALUES ('1713','NYA');
INSERT INTO conhece (id_pessoa,codigo_idioma) VALUES ('1713','MON');
INSERT INTO conhece (id_pessoa,codigo_idioma) VALUES ('1714','ARM');
INSERT INTO conhece (id_pessoa,codigo_idioma) VALUES ('1716','POR');
INSERT INTO conhece (id_pessoa,codigo_idioma) VALUES ('1716','ARA');
INSERT INTO conhece (id_pessoa,codigo_idioma) VALUES ('1716','CHV');
INSERT INTO conhece (id_pessoa,codigo_idioma) VALUES ('1717','BUL');
INSERT INTO conhece (id_pessoa,codigo_idioma) VALUES ('1717','BOS');
INSERT INTO conhece (id_pessoa,codigo_idioma) VALUES ('1717','BOD');
INSERT INTO conhece (id_pessoa,codigo_idioma) VALUES ('1720','ZUL');
INSERT INTO conhece (id_pessoa,codigo_idioma) VALUES ('1722','CES');
INSERT INTO conhece (id_pessoa,codigo_idioma) VALUES ('1722','DAN');
INSERT INTO conhece (id_pessoa,codigo_idioma) VALUES ('1722','KAZ');
INSERT INTO conhece (id_pessoa,codigo_idioma) VALUES ('1722','ESP');
INSERT INTO conhece (id_pessoa,codigo_idioma) VALUES ('1723','BUL');
INSERT INTO conhece (id_pessoa,codigo_idioma) VALUES ('1723','POL');
INSERT INTO conhece (id_pessoa,codigo_idioma) VALUES ('1726','POR');
INSERT INTO conhece (id_pessoa,codigo_idioma) VALUES ('1726','HEB');
INSERT INTO conhece (id_pessoa,codigo_idioma) VALUES ('1726','NOR');
INSERT INTO conhece (id_pessoa,codigo_idioma) VALUES ('1727','RUS');
INSERT INTO conhece (id_pessoa,codigo_idioma) VALUES ('1727','ZHO');
INSERT INTO conhece (id_pessoa,codigo_idioma) VALUES ('1727','BUL');
INSERT INTO conhece (id_pessoa,codigo_idioma) VALUES ('1727','RON');
INSERT INTO conhece (id_pessoa,codigo_idioma) VALUES ('1728','ENG');
INSERT INTO conhece (id_pessoa,codigo_idioma) VALUES ('1729','HEB');
INSERT INTO conhece (id_pessoa,codigo_idioma) VALUES ('1729','LIT');
INSERT INTO conhece (id_pessoa,codigo_idioma) VALUES ('1730','ENG');
INSERT INTO conhece (id_pessoa,codigo_idioma) VALUES ('1730','HEB');
INSERT INTO conhece (id_pessoa,codigo_idioma) VALUES ('1730','JPN');
INSERT INTO conhece (id_pessoa,codigo_idioma) VALUES ('1730','NOR');
INSERT INTO conhece (id_pessoa,codigo_idioma) VALUES ('1731','DAN');
INSERT INTO conhece (id_pessoa,codigo_idioma) VALUES ('1732','FRA');
INSERT INTO conhece (id_pessoa,codigo_idioma) VALUES ('1732','KAZ');
INSERT INTO conhece (id_pessoa,codigo_idioma) VALUES ('1732','MON');
INSERT INTO conhece (id_pessoa,codigo_idioma) VALUES ('1734','HIN');
INSERT INTO conhece (id_pessoa,codigo_idioma) VALUES ('1734','TAH');
INSERT INTO conhece (id_pessoa,codigo_idioma) VALUES ('1735','HRV');
INSERT INTO conhece (id_pessoa,codigo_idioma) VALUES ('1735','HIN');
INSERT INTO conhece (id_pessoa,codigo_idioma) VALUES ('1735','JPN');
INSERT INTO conhece (id_pessoa,codigo_idioma) VALUES ('1735','KAZ');
INSERT INTO conhece (id_pessoa,codigo_idioma) VALUES ('1737','CHV');
INSERT INTO conhece (id_pessoa,codigo_idioma) VALUES ('1737','DAN');
INSERT INTO conhece (id_pessoa,codigo_idioma) VALUES ('1738','HUN');
INSERT INTO conhece (id_pessoa,codigo_idioma) VALUES ('1738','TAH');
INSERT INTO conhece (id_pessoa,codigo_idioma) VALUES ('1740','HRV');
INSERT INTO conhece (id_pessoa,codigo_idioma) VALUES ('1740','LIT');
INSERT INTO conhece (id_pessoa,codigo_idioma) VALUES ('1740','NOR');
INSERT INTO conhece (id_pessoa,codigo_idioma) VALUES ('1741','ARM');
INSERT INTO conhece (id_pessoa,codigo_idioma) VALUES ('1742','CES');
INSERT INTO conhece (id_pessoa,codigo_idioma) VALUES ('1742','HEB');
INSERT INTO conhece (id_pessoa,codigo_idioma) VALUES ('1743','BUL');
INSERT INTO conhece (id_pessoa,codigo_idioma) VALUES ('1743','NYA');
INSERT INTO conhece (id_pessoa,codigo_idioma) VALUES ('1743','ESP');
INSERT INTO conhece (id_pessoa,codigo_idioma) VALUES ('1743','POL');
INSERT INTO conhece (id_pessoa,codigo_idioma) VALUES ('1744','RUS');
INSERT INTO conhece (id_pessoa,codigo_idioma) VALUES ('1744','CHV');
INSERT INTO conhece (id_pessoa,codigo_idioma) VALUES ('1744','KOR');
INSERT INTO conhece (id_pessoa,codigo_idioma) VALUES ('1745','HIN');
INSERT INTO conhece (id_pessoa,codigo_idioma) VALUES ('1745','JPN');
INSERT INTO conhece (id_pessoa,codigo_idioma) VALUES ('1747','RUS');
INSERT INTO conhece (id_pessoa,codigo_idioma) VALUES ('1747','HRV');
INSERT INTO conhece (id_pessoa,codigo_idioma) VALUES ('1747','NOR');
INSERT INTO conhece (id_pessoa,codigo_idioma) VALUES ('1748','HIN');
INSERT INTO conhece (id_pessoa,codigo_idioma) VALUES ('1748','RON');
INSERT INTO conhece (id_pessoa,codigo_idioma) VALUES ('1749','DAN');
INSERT INTO conhece (id_pessoa,codigo_idioma) VALUES ('1749','HUN');
INSERT INTO conhece (id_pessoa,codigo_idioma) VALUES ('1749','RON');
INSERT INTO conhece (id_pessoa,codigo_idioma) VALUES ('1749','BOD');
INSERT INTO conhece (id_pessoa,codigo_idioma) VALUES ('1750','ZUL');
INSERT INTO conhece (id_pessoa,codigo_idioma) VALUES ('1752','BUL');
INSERT INTO conhece (id_pessoa,codigo_idioma) VALUES ('1752','CES');
INSERT INTO conhece (id_pessoa,codigo_idioma) VALUES ('1752','JPN');
INSERT INTO conhece (id_pessoa,codigo_idioma) VALUES ('1752','TAH');
INSERT INTO conhece (id_pessoa,codigo_idioma) VALUES ('1753','ARA');
INSERT INTO conhece (id_pessoa,codigo_idioma) VALUES ('1753','ENG');
INSERT INTO conhece (id_pessoa,codigo_idioma) VALUES ('1753','JPN');
INSERT INTO conhece (id_pessoa,codigo_idioma) VALUES ('1755','CHV');
INSERT INTO conhece (id_pessoa,codigo_idioma) VALUES ('1755','DEU');
INSERT INTO conhece (id_pessoa,codigo_idioma) VALUES ('1755','MON');
INSERT INTO conhece (id_pessoa,codigo_idioma) VALUES ('1756','TAH');
INSERT INTO conhece (id_pessoa,codigo_idioma) VALUES ('1757','CHV');
INSERT INTO conhece (id_pessoa,codigo_idioma) VALUES ('1757','DEU');
INSERT INTO conhece (id_pessoa,codigo_idioma) VALUES ('1757','SLV');
INSERT INTO conhece (id_pessoa,codigo_idioma) VALUES ('1758','HRV');
INSERT INTO conhece (id_pessoa,codigo_idioma) VALUES ('1758','ARA');
INSERT INTO conhece (id_pessoa,codigo_idioma) VALUES ('1758','DAN');
INSERT INTO conhece (id_pessoa,codigo_idioma) VALUES ('1758','FRA');
INSERT INTO conhece (id_pessoa,codigo_idioma) VALUES ('1759','HRV');
INSERT INTO conhece (id_pessoa,codigo_idioma) VALUES ('1759','BUL');
INSERT INTO conhece (id_pessoa,codigo_idioma) VALUES ('1759','HUN');
INSERT INTO conhece (id_pessoa,codigo_idioma) VALUES ('1759','SLV');
INSERT INTO conhece (id_pessoa,codigo_idioma) VALUES ('1760','BUL');
INSERT INTO conhece (id_pessoa,codigo_idioma) VALUES ('1760','CES');
INSERT INTO conhece (id_pessoa,codigo_idioma) VALUES ('1760','SLV');
INSERT INTO conhece (id_pessoa,codigo_idioma) VALUES ('1761','KAZ');
INSERT INTO conhece (id_pessoa,codigo_idioma) VALUES ('1764','ARA');
INSERT INTO conhece (id_pessoa,codigo_idioma) VALUES ('1764','ALB');
INSERT INTO conhece (id_pessoa,codigo_idioma) VALUES ('1764','ENG');
INSERT INTO conhece (id_pessoa,codigo_idioma) VALUES ('1764','MON');
INSERT INTO conhece (id_pessoa,codigo_idioma) VALUES ('1765','DAN');
INSERT INTO conhece (id_pessoa,codigo_idioma) VALUES ('1765','RON');
INSERT INTO conhece (id_pessoa,codigo_idioma) VALUES ('1765','BOD');
INSERT INTO conhece (id_pessoa,codigo_idioma) VALUES ('1766','ARA');
INSERT INTO conhece (id_pessoa,codigo_idioma) VALUES ('1766','NYA');
INSERT INTO conhece (id_pessoa,codigo_idioma) VALUES ('1766','HUN');
INSERT INTO conhece (id_pessoa,codigo_idioma) VALUES ('1766','ZUL');
INSERT INTO conhece (id_pessoa,codigo_idioma) VALUES ('1768','ARA');
INSERT INTO conhece (id_pessoa,codigo_idioma) VALUES ('1768','CHV');
INSERT INTO conhece (id_pessoa,codigo_idioma) VALUES ('1768','TAH');
INSERT INTO conhece (id_pessoa,codigo_idioma) VALUES ('1769','POR');
INSERT INTO conhece (id_pessoa,codigo_idioma) VALUES ('1769','NOR');
INSERT INTO conhece (id_pessoa,codigo_idioma) VALUES ('1770','ARA');
INSERT INTO conhece (id_pessoa,codigo_idioma) VALUES ('1770','SLV');
INSERT INTO conhece (id_pessoa,codigo_idioma) VALUES ('1772','POR');
INSERT INTO conhece (id_pessoa,codigo_idioma) VALUES ('1772','ZUL');
INSERT INTO conhece (id_pessoa,codigo_idioma) VALUES ('1773','ZHO');
INSERT INTO conhece (id_pessoa,codigo_idioma) VALUES ('1773','KAZ');
INSERT INTO conhece (id_pessoa,codigo_idioma) VALUES ('1775','MON');
INSERT INTO conhece (id_pessoa,codigo_idioma) VALUES ('1775','NOR');
INSERT INTO conhece (id_pessoa,codigo_idioma) VALUES ('1776','ZHO');
INSERT INTO conhece (id_pessoa,codigo_idioma) VALUES ('1776','HIN');
INSERT INTO conhece (id_pessoa,codigo_idioma) VALUES ('1778','HIN');
INSERT INTO conhece (id_pessoa,codigo_idioma) VALUES ('1778','BOD');
INSERT INTO conhece (id_pessoa,codigo_idioma) VALUES ('1779','ARM');
INSERT INTO conhece (id_pessoa,codigo_idioma) VALUES ('1779','ALB');
INSERT INTO conhece (id_pessoa,codigo_idioma) VALUES ('1779','ENG');
COMMIT;