INSERT INTO equipe_de_gravacao (id_gravacao,nome_empresa) VALUES ('1','OLDTKQN');
INSERT INTO pessoa (id_pessoa, tipo_documento,documento,nome,data_nascimento,nome_pais_origem) VALUES ('3599','PASS','000937349','Burr','19810121','Lithuania');
INSERT INTO emprega_gravacao (id_gravacao, id_pessoa) VALUES ('1','3599');
INSERT INTO pessoa (id_pessoa, tipo_documento,documento,nome,data_nascimento,nome_pais_origem) VALUES ('3600','PASS','000726455','Debes','19840817','Luxembourg');
INSERT INTO emprega_gravacao (id_gravacao, id_pessoa) VALUES ('1','3600');
INSERT INTO pessoa (id_pessoa, tipo_documento,documento,nome,data_nascimento,nome_pais_origem) VALUES ('3601','PASS','000271345','Frymyer','19840105','Costa');
INSERT INTO emprega_gravacao (id_gravacao, id_pessoa) VALUES ('1','3601');
INSERT INTO pessoa (id_pessoa, tipo_documento,documento,nome,data_nascimento,nome_pais_origem) VALUES ('3602','PASS','000601396','Arns','19730606','Cuba');
INSERT INTO emprega_gravacao (id_gravacao, id_pessoa) VALUES ('1','3602');
INSERT INTO pessoa (id_pessoa, tipo_documento,documento,nome,data_nascimento,nome_pais_origem) VALUES ('3603','PASS','000195908','Crown','19830412','Slovakia');
INSERT INTO emprega_gravacao (id_gravacao, id_pessoa) VALUES ('1','3603');
INSERT INTO pessoa (id_pessoa, tipo_documento,documento,nome,data_nascimento,nome_pais_origem) VALUES ('3604','PASS','000623965','Downham','19830822','Arabia');
INSERT INTO emprega_gravacao (id_gravacao, id_pessoa) VALUES ('1','3604');
INSERT INTO pessoa (id_pessoa, tipo_documento,documento,nome,data_nascimento,nome_pais_origem) VALUES ('3605','PASS','000698177','Curd','19790620','Denmark');
INSERT INTO emprega_gravacao (id_gravacao, id_pessoa) VALUES ('1','3605');
INSERT INTO pessoa (id_pessoa, tipo_documento,documento,nome,data_nascimento,nome_pais_origem) VALUES ('3606','PASS','000999746','Bridgeman','19740820','Finland');
INSERT INTO emprega_gravacao (id_gravacao, id_pessoa) VALUES ('1','3606');
INSERT INTO pessoa (id_pessoa, tipo_documento,documento,nome,data_nascimento,nome_pais_origem) VALUES ('3607','PASS','000695924','Bryan','19730403','Germany');
INSERT INTO emprega_gravacao (id_gravacao, id_pessoa) VALUES ('1','3607');
INSERT INTO pessoa (id_pessoa, tipo_documento,documento,nome,data_nascimento,nome_pais_origem) VALUES ('3608','PASS','000635202','Dorow','19770418','Bangladesh');
INSERT INTO emprega_gravacao (id_gravacao, id_pessoa) VALUES ('1','3608');
INSERT INTO pessoa (id_pessoa, tipo_documento,documento,nome,data_nascimento,nome_pais_origem) VALUES ('3609','PASS','000953456','Cockburn','19870521','Arabia');
INSERT INTO emprega_gravacao (id_gravacao, id_pessoa) VALUES ('1','3609');
INSERT INTO pessoa (id_pessoa, tipo_documento,documento,nome,data_nascimento,nome_pais_origem) VALUES ('3610','PASS','000279271','Dilallo','19820526','Iraq');
INSERT INTO emprega_gravacao (id_gravacao, id_pessoa) VALUES ('1','3610');
INSERT INTO pessoa (id_pessoa, tipo_documento,documento,nome,data_nascimento,nome_pais_origem) VALUES ('3611','PASS','000544146','Godbold','19790424','Algeria');
INSERT INTO emprega_gravacao (id_gravacao, id_pessoa) VALUES ('1','3611');
INSERT INTO pessoa (id_pessoa, tipo_documento,documento,nome,data_nascimento,nome_pais_origem) VALUES ('3612','PASS','000256205','Bouges','19861024','Slovakia');
INSERT INTO emprega_gravacao (id_gravacao, id_pessoa) VALUES ('1','3612');
INSERT INTO pessoa (id_pessoa, tipo_documento,documento,nome,data_nascimento,nome_pais_origem) VALUES ('3613','PASS','000337771','Fahringer','19860625','Peru');
INSERT INTO emprega_gravacao (id_gravacao, id_pessoa) VALUES ('1','3613');
INSERT INTO pessoa (id_pessoa, tipo_documento,documento,nome,data_nascimento,nome_pais_origem) VALUES ('3614','PASS','000136176','Gesinski','19710813','Bulgaria');
INSERT INTO emprega_gravacao (id_gravacao, id_pessoa) VALUES ('1','3614');
INSERT INTO pessoa (id_pessoa, tipo_documento,documento,nome,data_nascimento,nome_pais_origem) VALUES ('3615','PASS','000143200','Ganns','19800713','Finland');
INSERT INTO emprega_gravacao (id_gravacao, id_pessoa) VALUES ('1','3615');
INSERT INTO pessoa (id_pessoa, tipo_documento,documento,nome,data_nascimento,nome_pais_origem) VALUES ('3616','PASS','000592266','Colpetzer','19751219','Bahamas');
INSERT INTO emprega_gravacao (id_gravacao, id_pessoa) VALUES ('1','3616');
INSERT INTO pessoa (id_pessoa, tipo_documento,documento,nome,data_nascimento,nome_pais_origem) VALUES ('3617','PASS','000387289','Goodemote','19830223','Bulgaria');
INSERT INTO emprega_gravacao (id_gravacao, id_pessoa) VALUES ('1','3617');
INSERT INTO pessoa (id_pessoa, tipo_documento,documento,nome,data_nascimento,nome_pais_origem) VALUES ('3618','PASS','000260363','Aipopo','19700126','India');
INSERT INTO emprega_gravacao (id_gravacao, id_pessoa) VALUES ('1','3618');
INSERT INTO pessoa (id_pessoa, tipo_documento,documento,nome,data_nascimento,nome_pais_origem) VALUES ('3619','PASS','000420813','Dimaggio','19700520','Philippines');
INSERT INTO emprega_gravacao (id_gravacao, id_pessoa) VALUES ('1','3619');
INSERT INTO pessoa (id_pessoa, tipo_documento,documento,nome,data_nascimento,nome_pais_origem) VALUES ('3620','PASS','000993846','Desola','19870404','Arabia');
INSERT INTO emprega_gravacao (id_gravacao, id_pessoa) VALUES ('1','3620');
INSERT INTO equipe_de_gravacao (id_gravacao,nome_empresa) VALUES ('2','HLRZYGI');
INSERT INTO pessoa (id_pessoa, tipo_documento,documento,nome,data_nascimento,nome_pais_origem) VALUES ('3621','PASS','000992809','Conch','19851203','Norway');
INSERT INTO emprega_gravacao (id_gravacao, id_pessoa) VALUES ('2','3621');
INSERT INTO pessoa (id_pessoa, tipo_documento,documento,nome,data_nascimento,nome_pais_origem) VALUES ('3622','PASS','000631351','Bolay','19881022','Armenia');
INSERT INTO emprega_gravacao (id_gravacao, id_pessoa) VALUES ('2','3622');
INSERT INTO pessoa (id_pessoa, tipo_documento,documento,nome,data_nascimento,nome_pais_origem) VALUES ('3623','PASS','000197536','Friesz','19761125','Colombia');
INSERT INTO emprega_gravacao (id_gravacao, id_pessoa) VALUES ('2','3623');
INSERT INTO pessoa (id_pessoa, tipo_documento,documento,nome,data_nascimento,nome_pais_origem) VALUES ('3624','PASS','000567893','Germaine','19850702','Belarus');
INSERT INTO emprega_gravacao (id_gravacao, id_pessoa) VALUES ('2','3624');
INSERT INTO pessoa (id_pessoa, tipo_documento,documento,nome,data_nascimento,nome_pais_origem) VALUES ('3625','PASS','000756352','Fang','19890110','Turkey');
INSERT INTO emprega_gravacao (id_gravacao, id_pessoa) VALUES ('2','3625');
INSERT INTO pessoa (id_pessoa, tipo_documento,documento,nome,data_nascimento,nome_pais_origem) VALUES ('3626','PASS','000700915','Albertson','19750101','Estonia');
INSERT INTO emprega_gravacao (id_gravacao, id_pessoa) VALUES ('2','3626');
INSERT INTO pessoa (id_pessoa, tipo_documento,documento,nome,data_nascimento,nome_pais_origem) VALUES ('3627','PASS','000890373','Chirino','19771003','Georgia');
INSERT INTO emprega_gravacao (id_gravacao, id_pessoa) VALUES ('2','3627');
INSERT INTO pessoa (id_pessoa, tipo_documento,documento,nome,data_nascimento,nome_pais_origem) VALUES ('3628','PASS','000952673','Didonato','19780419','Senegal');
INSERT INTO emprega_gravacao (id_gravacao, id_pessoa) VALUES ('2','3628');
INSERT INTO pessoa (id_pessoa, tipo_documento,documento,nome,data_nascimento,nome_pais_origem) VALUES ('3629','PASS','000697959','Byford','19790520','Thailand');
INSERT INTO emprega_gravacao (id_gravacao, id_pessoa) VALUES ('2','3629');
INSERT INTO pessoa (id_pessoa, tipo_documento,documento,nome,data_nascimento,nome_pais_origem) VALUES ('3630','PASS','000151294','Barket','19850512','Saudi');
INSERT INTO emprega_gravacao (id_gravacao, id_pessoa) VALUES ('2','3630');
INSERT INTO pessoa (id_pessoa, tipo_documento,documento,nome,data_nascimento,nome_pais_origem) VALUES ('3631','PASS','000885940','Donerson','19720505','Thailand');
INSERT INTO emprega_gravacao (id_gravacao, id_pessoa) VALUES ('2','3631');
INSERT INTO pessoa (id_pessoa, tipo_documento,documento,nome,data_nascimento,nome_pais_origem) VALUES ('3632','PASS','000419056','Gonsar','19730808','Costa');
INSERT INTO emprega_gravacao (id_gravacao, id_pessoa) VALUES ('2','3632');
INSERT INTO pessoa (id_pessoa, tipo_documento,documento,nome,data_nascimento,nome_pais_origem) VALUES ('3633','PASS','000514987','Cutcher','19841026','Philippines');
INSERT INTO emprega_gravacao (id_gravacao, id_pessoa) VALUES ('2','3633');
INSERT INTO pessoa (id_pessoa, tipo_documento,documento,nome,data_nascimento,nome_pais_origem) VALUES ('3634','PASS','000842994','Demsey','19840726','Argentina');
INSERT INTO emprega_gravacao (id_gravacao, id_pessoa) VALUES ('2','3634');
INSERT INTO pessoa (id_pessoa, tipo_documento,documento,nome,data_nascimento,nome_pais_origem) VALUES ('3635','PASS','000213965','Biagini','19790803','Bahrain');
INSERT INTO emprega_gravacao (id_gravacao, id_pessoa) VALUES ('2','3635');
INSERT INTO pessoa (id_pessoa, tipo_documento,documento,nome,data_nascimento,nome_pais_origem) VALUES ('3636','PASS','000537792','Brackeen','19781004','Austria');
INSERT INTO emprega_gravacao (id_gravacao, id_pessoa) VALUES ('2','3636');
INSERT INTO pessoa (id_pessoa, tipo_documento,documento,nome,data_nascimento,nome_pais_origem) VALUES ('3637','PASS','000660446','Ervin','19770121','Poland');
INSERT INTO emprega_gravacao (id_gravacao, id_pessoa) VALUES ('2','3637');
INSERT INTO pessoa (id_pessoa, tipo_documento,documento,nome,data_nascimento,nome_pais_origem) VALUES ('3638','PASS','000583325','Ancira','19880604','Poland');
INSERT INTO emprega_gravacao (id_gravacao, id_pessoa) VALUES ('2','3638');
INSERT INTO pessoa (id_pessoa, tipo_documento,documento,nome,data_nascimento,nome_pais_origem) VALUES ('3639','PASS','000374120','Androlewicz','19800320','Cuba');
INSERT INTO emprega_gravacao (id_gravacao, id_pessoa) VALUES ('2','3639');
INSERT INTO pessoa (id_pessoa, tipo_documento,documento,nome,data_nascimento,nome_pais_origem) VALUES ('3640','PASS','000865682','Cacciotti','19710204','Sweden');
INSERT INTO emprega_gravacao (id_gravacao, id_pessoa) VALUES ('2','3640');
INSERT INTO pessoa (id_pessoa, tipo_documento,documento,nome,data_nascimento,nome_pais_origem) VALUES ('3641','PASS','000632215','Armen','19711010','Belgium');
INSERT INTO emprega_gravacao (id_gravacao, id_pessoa) VALUES ('2','3641');
INSERT INTO pessoa (id_pessoa, tipo_documento,documento,nome,data_nascimento,nome_pais_origem) VALUES ('3642','PASS','000334388','Adney','19790104','Georgia');
INSERT INTO emprega_gravacao (id_gravacao, id_pessoa) VALUES ('2','3642');
INSERT INTO equipe_de_gravacao (id_gravacao,nome_empresa) VALUES ('3','LCADRKT');
INSERT INTO pessoa (id_pessoa, tipo_documento,documento,nome,data_nascimento,nome_pais_origem) VALUES ('3643','PASS','000137110','Brightly','19841013','Iran');
INSERT INTO emprega_gravacao (id_gravacao, id_pessoa) VALUES ('3','3643');
INSERT INTO pessoa (id_pessoa, tipo_documento,documento,nome,data_nascimento,nome_pais_origem) VALUES ('3644','PASS','000891186','Glista','19731208','Bahrain');
INSERT INTO emprega_gravacao (id_gravacao, id_pessoa) VALUES ('3','3644');
INSERT INTO pessoa (id_pessoa, tipo_documento,documento,nome,data_nascimento,nome_pais_origem) VALUES ('3645','PASS','000329280','Gnas','19830815','Uzbekistan');
INSERT INTO emprega_gravacao (id_gravacao, id_pessoa) VALUES ('3','3645');
INSERT INTO pessoa (id_pessoa, tipo_documento,documento,nome,data_nascimento,nome_pais_origem) VALUES ('3646','PASS','000348732','Costillo','19700809','Argentina');
INSERT INTO emprega_gravacao (id_gravacao, id_pessoa) VALUES ('3','3646');
INSERT INTO pessoa (id_pessoa, tipo_documento,documento,nome,data_nascimento,nome_pais_origem) VALUES ('3647','PASS','000320544','Bustle','19741006','Bahrain');
INSERT INTO emprega_gravacao (id_gravacao, id_pessoa) VALUES ('3','3647');
INSERT INTO pessoa (id_pessoa, tipo_documento,documento,nome,data_nascimento,nome_pais_origem) VALUES ('3648','PASS','000361337','Breon','19820204','Afghanistan');
INSERT INTO emprega_gravacao (id_gravacao, id_pessoa) VALUES ('3','3648');
INSERT INTO pessoa (id_pessoa, tipo_documento,documento,nome,data_nascimento,nome_pais_origem) VALUES ('3649','PASS','000818508','Avant','19790124','Estonia');
INSERT INTO emprega_gravacao (id_gravacao, id_pessoa) VALUES ('3','3649');
INSERT INTO pessoa (id_pessoa, tipo_documento,documento,nome,data_nascimento,nome_pais_origem) VALUES ('3650','PASS','000964797','Denboer','19810508','Afghanistan');
INSERT INTO emprega_gravacao (id_gravacao, id_pessoa) VALUES ('3','3650');
INSERT INTO pessoa (id_pessoa, tipo_documento,documento,nome,data_nascimento,nome_pais_origem) VALUES ('3651','PASS','000793211','Cleare','19741010','Iran');
INSERT INTO emprega_gravacao (id_gravacao, id_pessoa) VALUES ('3','3651');
INSERT INTO pessoa (id_pessoa, tipo_documento,documento,nome,data_nascimento,nome_pais_origem) VALUES ('3652','PASS','000720715','Caivano','19790406','Turkey');
INSERT INTO emprega_gravacao (id_gravacao, id_pessoa) VALUES ('3','3652');
INSERT INTO pessoa (id_pessoa, tipo_documento,documento,nome,data_nascimento,nome_pais_origem) VALUES ('3653','PASS','000149982','Aust','19730714','Italy');
INSERT INTO emprega_gravacao (id_gravacao, id_pessoa) VALUES ('3','3653');
INSERT INTO pessoa (id_pessoa, tipo_documento,documento,nome,data_nascimento,nome_pais_origem) VALUES ('3654','PASS','000763125','Gainer','19790112','Colombia');
INSERT INTO emprega_gravacao (id_gravacao, id_pessoa) VALUES ('3','3654');
INSERT INTO pessoa (id_pessoa, tipo_documento,documento,nome,data_nascimento,nome_pais_origem) VALUES ('3655','PASS','000916671','Barff','19730525','Colombia');
INSERT INTO emprega_gravacao (id_gravacao, id_pessoa) VALUES ('3','3655');
INSERT INTO pessoa (id_pessoa, tipo_documento,documento,nome,data_nascimento,nome_pais_origem) VALUES ('3656','PASS','000170571','Delonais','19840615','Iran');
INSERT INTO emprega_gravacao (id_gravacao, id_pessoa) VALUES ('3','3656');
INSERT INTO pessoa (id_pessoa, tipo_documento,documento,nome,data_nascimento,nome_pais_origem) VALUES ('3657','PASS','000874769','Dubois','19801221','Norway');
INSERT INTO emprega_gravacao (id_gravacao, id_pessoa) VALUES ('3','3657');
INSERT INTO pessoa (id_pessoa, tipo_documento,documento,nome,data_nascimento,nome_pais_origem) VALUES ('3658','PASS','000690318','Alstad','19821123','Spain');
INSERT INTO emprega_gravacao (id_gravacao, id_pessoa) VALUES ('3','3658');
INSERT INTO pessoa (id_pessoa, tipo_documento,documento,nome,data_nascimento,nome_pais_origem) VALUES ('3659','PASS','000323704','Guarracino','19701218','Mexico');
INSERT INTO emprega_gravacao (id_gravacao, id_pessoa) VALUES ('3','3659');
INSERT INTO pessoa (id_pessoa, tipo_documento,documento,nome,data_nascimento,nome_pais_origem) VALUES ('3660','PASS','000702272','Furlone','19871023','Estonia');
INSERT INTO emprega_gravacao (id_gravacao, id_pessoa) VALUES ('3','3660');
INSERT INTO pessoa (id_pessoa, tipo_documento,documento,nome,data_nascimento,nome_pais_origem) VALUES ('3661','PASS','000196102','Freddie','19831215','Saudi');
INSERT INTO emprega_gravacao (id_gravacao, id_pessoa) VALUES ('3','3661');
INSERT INTO pessoa (id_pessoa, tipo_documento,documento,nome,data_nascimento,nome_pais_origem) VALUES ('3662','PASS','000162175','Giangrosso','19860220','Nicaragua');
INSERT INTO emprega_gravacao (id_gravacao, id_pessoa) VALUES ('3','3662');
INSERT INTO pessoa (id_pessoa, tipo_documento,documento,nome,data_nascimento,nome_pais_origem) VALUES ('3663','PASS','000103969','Edgeston','19841216','Turkey');
INSERT INTO emprega_gravacao (id_gravacao, id_pessoa) VALUES ('3','3663');
INSERT INTO pessoa (id_pessoa, tipo_documento,documento,nome,data_nascimento,nome_pais_origem) VALUES ('3664','PASS','000620104','Alexader','19821014','China');
INSERT INTO emprega_gravacao (id_gravacao, id_pessoa) VALUES ('3','3664');
INSERT INTO pessoa (id_pessoa, tipo_documento,documento,nome,data_nascimento,nome_pais_origem) VALUES ('3665','PASS','000211041','Faidley','19751019','Albania');
INSERT INTO emprega_gravacao (id_gravacao, id_pessoa) VALUES ('3','3665');
INSERT INTO pessoa (id_pessoa, tipo_documento,documento,nome,data_nascimento,nome_pais_origem) VALUES ('3666','PASS','000798968','Brostoff','19870120','Belarus');
INSERT INTO emprega_gravacao (id_gravacao, id_pessoa) VALUES ('3','3666');
INSERT INTO pessoa (id_pessoa, tipo_documento,documento,nome,data_nascimento,nome_pais_origem) VALUES ('3667','PASS','000950228','Galea','19830911','Iraq');
INSERT INTO emprega_gravacao (id_gravacao, id_pessoa) VALUES ('3','3667');
INSERT INTO pessoa (id_pessoa, tipo_documento,documento,nome,data_nascimento,nome_pais_origem) VALUES ('3668','PASS','000993283','Eastep','19890208','Brazil');
INSERT INTO emprega_gravacao (id_gravacao, id_pessoa) VALUES ('3','3668');
INSERT INTO pessoa (id_pessoa, tipo_documento,documento,nome,data_nascimento,nome_pais_origem) VALUES ('3669','PASS','000512994','Forker','19860722','Finland');
INSERT INTO emprega_gravacao (id_gravacao, id_pessoa) VALUES ('3','3669');
INSERT INTO pessoa (id_pessoa, tipo_documento,documento,nome,data_nascimento,nome_pais_origem) VALUES ('3670','PASS','000610833','Baggesen','19881011','Saudi');
INSERT INTO emprega_gravacao (id_gravacao, id_pessoa) VALUES ('3','3670');
INSERT INTO pessoa (id_pessoa, tipo_documento,documento,nome,data_nascimento,nome_pais_origem) VALUES ('3671','PASS','000649690','Autrano','19731006','Serbia');
INSERT INTO emprega_gravacao (id_gravacao, id_pessoa) VALUES ('3','3671');
INSERT INTO equipe_de_gravacao (id_gravacao,nome_empresa) VALUES ('4','SZPPMGT');
INSERT INTO pessoa (id_pessoa, tipo_documento,documento,nome,data_nascimento,nome_pais_origem) VALUES ('3672','PASS','000286349','Eidinger','19740702','Slovakia');
INSERT INTO emprega_gravacao (id_gravacao, id_pessoa) VALUES ('4','3672');
INSERT INTO pessoa (id_pessoa, tipo_documento,documento,nome,data_nascimento,nome_pais_origem) VALUES ('3673','PASS','000782477','Goshow','19821211','Mozambique');
INSERT INTO emprega_gravacao (id_gravacao, id_pessoa) VALUES ('4','3673');
INSERT INTO pessoa (id_pessoa, tipo_documento,documento,nome,data_nascimento,nome_pais_origem) VALUES ('3674','PASS','000283512','Buffkin','19740125','Italy');
INSERT INTO emprega_gravacao (id_gravacao, id_pessoa) VALUES ('4','3674');
INSERT INTO pessoa (id_pessoa, tipo_documento,documento,nome,data_nascimento,nome_pais_origem) VALUES ('3675','PASS','000169310','Coulon','19830613','Thailand');
INSERT INTO emprega_gravacao (id_gravacao, id_pessoa) VALUES ('4','3675');
INSERT INTO pessoa (id_pessoa, tipo_documento,documento,nome,data_nascimento,nome_pais_origem) VALUES ('3676','PASS','000249785','Giard','19850709','Japan');
INSERT INTO emprega_gravacao (id_gravacao, id_pessoa) VALUES ('4','3676');
INSERT INTO pessoa (id_pessoa, tipo_documento,documento,nome,data_nascimento,nome_pais_origem) VALUES ('3677','PASS','000421788','Caughlin','19880225','Poland');
INSERT INTO emprega_gravacao (id_gravacao, id_pessoa) VALUES ('4','3677');
INSERT INTO pessoa (id_pessoa, tipo_documento,documento,nome,data_nascimento,nome_pais_origem) VALUES ('3678','PASS','000188372','Cyr','19720415','Thailand');
INSERT INTO emprega_gravacao (id_gravacao, id_pessoa) VALUES ('4','3678');
INSERT INTO pessoa (id_pessoa, tipo_documento,documento,nome,data_nascimento,nome_pais_origem) VALUES ('3679','PASS','000812240','Frenner','19800220','Norway');
INSERT INTO emprega_gravacao (id_gravacao, id_pessoa) VALUES ('4','3679');
INSERT INTO pessoa (id_pessoa, tipo_documento,documento,nome,data_nascimento,nome_pais_origem) VALUES ('3680','PASS','000164760','Braband','19751209','Senegal');
INSERT INTO emprega_gravacao (id_gravacao, id_pessoa) VALUES ('4','3680');
INSERT INTO pessoa (id_pessoa, tipo_documento,documento,nome,data_nascimento,nome_pais_origem) VALUES ('3681','PASS','000224423','Daufeldt','19791023','Uruguay');
INSERT INTO emprega_gravacao (id_gravacao, id_pessoa) VALUES ('4','3681');
INSERT INTO pessoa (id_pessoa, tipo_documento,documento,nome,data_nascimento,nome_pais_origem) VALUES ('3682','PASS','000836758','Calvino','19890201','India');
INSERT INTO emprega_gravacao (id_gravacao, id_pessoa) VALUES ('4','3682');
INSERT INTO pessoa (id_pessoa, tipo_documento,documento,nome,data_nascimento,nome_pais_origem) VALUES ('3683','PASS','000827029','Fritzpatrick','19730712','Brazil');
INSERT INTO emprega_gravacao (id_gravacao, id_pessoa) VALUES ('4','3683');
INSERT INTO pessoa (id_pessoa, tipo_documento,documento,nome,data_nascimento,nome_pais_origem) VALUES ('3684','PASS','000635851','Carlon','19800201','Netherlands');
INSERT INTO emprega_gravacao (id_gravacao, id_pessoa) VALUES ('4','3684');
INSERT INTO pessoa (id_pessoa, tipo_documento,documento,nome,data_nascimento,nome_pais_origem) VALUES ('3685','PASS','000108145','Alevedo','19731021','Algeria');
INSERT INTO emprega_gravacao (id_gravacao, id_pessoa) VALUES ('4','3685');
INSERT INTO pessoa (id_pessoa, tipo_documento,documento,nome,data_nascimento,nome_pais_origem) VALUES ('3686','PASS','000437010','Battiata','19840111','Hungary');
INSERT INTO emprega_gravacao (id_gravacao, id_pessoa) VALUES ('4','3686');
INSERT INTO pessoa (id_pessoa, tipo_documento,documento,nome,data_nascimento,nome_pais_origem) VALUES ('3687','PASS','000499203','Freber','19821106','Belarus');
INSERT INTO emprega_gravacao (id_gravacao, id_pessoa) VALUES ('4','3687');
INSERT INTO pessoa (id_pessoa, tipo_documento,documento,nome,data_nascimento,nome_pais_origem) VALUES ('3688','PASS','000188900','Goetting','19870220','Egypt');
INSERT INTO emprega_gravacao (id_gravacao, id_pessoa) VALUES ('4','3688');
INSERT INTO pessoa (id_pessoa, tipo_documento,documento,nome,data_nascimento,nome_pais_origem) VALUES ('3689','PASS','000149464','Dufresne','19800522','Brazil');
INSERT INTO emprega_gravacao (id_gravacao, id_pessoa) VALUES ('4','3689');
INSERT INTO pessoa (id_pessoa, tipo_documento,documento,nome,data_nascimento,nome_pais_origem) VALUES ('3690','PASS','000279799','Chabez','19850618','Sweden');
INSERT INTO emprega_gravacao (id_gravacao, id_pessoa) VALUES ('4','3690');
INSERT INTO equipe_de_gravacao (id_gravacao,nome_empresa) VALUES ('5','HHLVJDZ');
INSERT INTO pessoa (id_pessoa, tipo_documento,documento,nome,data_nascimento,nome_pais_origem) VALUES ('3691','PASS','000207819','Bagby','19760726','Belgium');
INSERT INTO emprega_gravacao (id_gravacao, id_pessoa) VALUES ('5','3691');
INSERT INTO pessoa (id_pessoa, tipo_documento,documento,nome,data_nascimento,nome_pais_origem) VALUES ('3692','PASS','000352278','Denoncourt','19730414','Mozambique');
INSERT INTO emprega_gravacao (id_gravacao, id_pessoa) VALUES ('5','3692');
INSERT INTO pessoa (id_pessoa, tipo_documento,documento,nome,data_nascimento,nome_pais_origem) VALUES ('3693','PASS','000574803','Bjork','19781019','Bangladesh');
INSERT INTO emprega_gravacao (id_gravacao, id_pessoa) VALUES ('5','3693');
INSERT INTO pessoa (id_pessoa, tipo_documento,documento,nome,data_nascimento,nome_pais_origem) VALUES ('3694','PASS','000745827','Burgher','19820608','Afghanistan');
INSERT INTO emprega_gravacao (id_gravacao, id_pessoa) VALUES ('5','3694');
INSERT INTO pessoa (id_pessoa, tipo_documento,documento,nome,data_nascimento,nome_pais_origem) VALUES ('3695','PASS','000310149','Ginanni','19760219','Cuba');
INSERT INTO emprega_gravacao (id_gravacao, id_pessoa) VALUES ('5','3695');
INSERT INTO pessoa (id_pessoa, tipo_documento,documento,nome,data_nascimento,nome_pais_origem) VALUES ('3696','PASS','000377249','Beattle','19740822','Japan');
INSERT INTO emprega_gravacao (id_gravacao, id_pessoa) VALUES ('5','3696');
INSERT INTO pessoa (id_pessoa, tipo_documento,documento,nome,data_nascimento,nome_pais_origem) VALUES ('3697','PASS','000100983','Comish','19830111','Ukraine');
INSERT INTO emprega_gravacao (id_gravacao, id_pessoa) VALUES ('5','3697');
INSERT INTO pessoa (id_pessoa, tipo_documento,documento,nome,data_nascimento,nome_pais_origem) VALUES ('3698','PASS','000434617','Claywell','19740816','Japan');
INSERT INTO emprega_gravacao (id_gravacao, id_pessoa) VALUES ('5','3698');
INSERT INTO pessoa (id_pessoa, tipo_documento,documento,nome,data_nascimento,nome_pais_origem) VALUES ('3699','PASS','000161641','Goldsby','19730713','Portugal');
INSERT INTO emprega_gravacao (id_gravacao, id_pessoa) VALUES ('5','3699');
INSERT INTO pessoa (id_pessoa, tipo_documento,documento,nome,data_nascimento,nome_pais_origem) VALUES ('3700','PASS','000698081','Emmette','19810505','Costa');
INSERT INTO emprega_gravacao (id_gravacao, id_pessoa) VALUES ('5','3700');
INSERT INTO pessoa (id_pessoa, tipo_documento,documento,nome,data_nascimento,nome_pais_origem) VALUES ('3701','PASS','000360201','Belinski','19861026','Syria');
INSERT INTO emprega_gravacao (id_gravacao, id_pessoa) VALUES ('5','3701');
INSERT INTO pessoa (id_pessoa, tipo_documento,documento,nome,data_nascimento,nome_pais_origem) VALUES ('3702','PASS','000818411','Broman','19850523','Bahrain');
INSERT INTO emprega_gravacao (id_gravacao, id_pessoa) VALUES ('5','3702');
INSERT INTO pessoa (id_pessoa, tipo_documento,documento,nome,data_nascimento,nome_pais_origem) VALUES ('3703','PASS','000291937','Cerrillo','19890926','Nepal');
INSERT INTO emprega_gravacao (id_gravacao, id_pessoa) VALUES ('5','3703');
INSERT INTO pessoa (id_pessoa, tipo_documento,documento,nome,data_nascimento,nome_pais_origem) VALUES ('3704','PASS','000545848','Armocida','19820118','Saudi');
INSERT INTO emprega_gravacao (id_gravacao, id_pessoa) VALUES ('5','3704');
INSERT INTO pessoa (id_pessoa, tipo_documento,documento,nome,data_nascimento,nome_pais_origem) VALUES ('3705','PASS','000255735','Griffo','19760801','Australia');
INSERT INTO emprega_gravacao (id_gravacao, id_pessoa) VALUES ('5','3705');
INSERT INTO equipe_de_gravacao (id_gravacao,nome_empresa) VALUES ('6','ADJNVIO');
INSERT INTO pessoa (id_pessoa, tipo_documento,documento,nome,data_nascimento,nome_pais_origem) VALUES ('3706','PASS','000487380','Biondo','19730616','Turkey');
INSERT INTO emprega_gravacao (id_gravacao, id_pessoa) VALUES ('6','3706');
INSERT INTO pessoa (id_pessoa, tipo_documento,documento,nome,data_nascimento,nome_pais_origem) VALUES ('3707','PASS','000519301','Dummer','19760310','Afghanistan');
INSERT INTO emprega_gravacao (id_gravacao, id_pessoa) VALUES ('6','3707');
INSERT INTO pessoa (id_pessoa, tipo_documento,documento,nome,data_nascimento,nome_pais_origem) VALUES ('3708','PASS','000719959','Cipcic','19770708','Egypt');
INSERT INTO emprega_gravacao (id_gravacao, id_pessoa) VALUES ('6','3708');
INSERT INTO pessoa (id_pessoa, tipo_documento,documento,nome,data_nascimento,nome_pais_origem) VALUES ('3709','PASS','000772714','Deherrera','19871013','Albania');
INSERT INTO emprega_gravacao (id_gravacao, id_pessoa) VALUES ('6','3709');
INSERT INTO pessoa (id_pessoa, tipo_documento,documento,nome,data_nascimento,nome_pais_origem) VALUES ('3710','PASS','000565019','Berrien','19860327','Bulgaria');
INSERT INTO emprega_gravacao (id_gravacao, id_pessoa) VALUES ('6','3710');
INSERT INTO pessoa (id_pessoa, tipo_documento,documento,nome,data_nascimento,nome_pais_origem) VALUES ('3711','PASS','000563311','Deraney','19860224','Iraq');
INSERT INTO emprega_gravacao (id_gravacao, id_pessoa) VALUES ('6','3711');
INSERT INTO pessoa (id_pessoa, tipo_documento,documento,nome,data_nascimento,nome_pais_origem) VALUES ('3712','PASS','000934649','Dukette','19740724','Netherlands');
INSERT INTO emprega_gravacao (id_gravacao, id_pessoa) VALUES ('6','3712');
INSERT INTO pessoa (id_pessoa, tipo_documento,documento,nome,data_nascimento,nome_pais_origem) VALUES ('3713','PASS','000889586','Frietas','19850221','France');
INSERT INTO emprega_gravacao (id_gravacao, id_pessoa) VALUES ('6','3713');
INSERT INTO pessoa (id_pessoa, tipo_documento,documento,nome,data_nascimento,nome_pais_origem) VALUES ('3714','PASS','000210889','Domhoff','19731027','Croatia');
INSERT INTO emprega_gravacao (id_gravacao, id_pessoa) VALUES ('6','3714');
INSERT INTO pessoa (id_pessoa, tipo_documento,documento,nome,data_nascimento,nome_pais_origem) VALUES ('3715','PASS','000571728','Chevez','19800117','Germany');
INSERT INTO emprega_gravacao (id_gravacao, id_pessoa) VALUES ('6','3715');
INSERT INTO pessoa (id_pessoa, tipo_documento,documento,nome,data_nascimento,nome_pais_origem) VALUES ('3716','PASS','000757337','Brockel','19740308','Chad');
INSERT INTO emprega_gravacao (id_gravacao, id_pessoa) VALUES ('6','3716');
INSERT INTO pessoa (id_pessoa, tipo_documento,documento,nome,data_nascimento,nome_pais_origem) VALUES ('3717','PASS','000403566','Cummer','19730314','Arabia');
INSERT INTO emprega_gravacao (id_gravacao, id_pessoa) VALUES ('6','3717');
INSERT INTO pessoa (id_pessoa, tipo_documento,documento,nome,data_nascimento,nome_pais_origem) VALUES ('3718','PASS','000877072','Exline','19770313','Japan');
INSERT INTO emprega_gravacao (id_gravacao, id_pessoa) VALUES ('6','3718');
INSERT INTO pessoa (id_pessoa, tipo_documento,documento,nome,data_nascimento,nome_pais_origem) VALUES ('3719','PASS','000881167','Baldauf','19850402','Syria');
INSERT INTO emprega_gravacao (id_gravacao, id_pessoa) VALUES ('6','3719');
INSERT INTO pessoa (id_pessoa, tipo_documento,documento,nome,data_nascimento,nome_pais_origem) VALUES ('3720','PASS','000105313','Dueno','19890822','Azerbaijan');
INSERT INTO emprega_gravacao (id_gravacao, id_pessoa) VALUES ('6','3720');
INSERT INTO pessoa (id_pessoa, tipo_documento,documento,nome,data_nascimento,nome_pais_origem) VALUES ('3721','PASS','000165872','Abbott','19710905','Syria');
INSERT INTO emprega_gravacao (id_gravacao, id_pessoa) VALUES ('6','3721');
INSERT INTO pessoa (id_pessoa, tipo_documento,documento,nome,data_nascimento,nome_pais_origem) VALUES ('3722','PASS','000744301','Drawe','19770705','Barbados');
INSERT INTO emprega_gravacao (id_gravacao, id_pessoa) VALUES ('6','3722');
INSERT INTO pessoa (id_pessoa, tipo_documento,documento,nome,data_nascimento,nome_pais_origem) VALUES ('3723','PASS','000633499','Garlington','19731126','Denmark');
INSERT INTO emprega_gravacao (id_gravacao, id_pessoa) VALUES ('6','3723');
INSERT INTO pessoa (id_pessoa, tipo_documento,documento,nome,data_nascimento,nome_pais_origem) VALUES ('3724','PASS','000689764','Chaix','19780722','Japan');
INSERT INTO emprega_gravacao (id_gravacao, id_pessoa) VALUES ('6','3724');
INSERT INTO pessoa (id_pessoa, tipo_documento,documento,nome,data_nascimento,nome_pais_origem) VALUES ('3725','PASS','000193822','Bibian','19740120','Turkey');
INSERT INTO emprega_gravacao (id_gravacao, id_pessoa) VALUES ('6','3725');
INSERT INTO pessoa (id_pessoa, tipo_documento,documento,nome,data_nascimento,nome_pais_origem) VALUES ('3726','PASS','000334821','Gandeza','19741104','Argentina');
INSERT INTO emprega_gravacao (id_gravacao, id_pessoa) VALUES ('6','3726');
INSERT INTO pessoa (id_pessoa, tipo_documento,documento,nome,data_nascimento,nome_pais_origem) VALUES ('3727','PASS','000540120','Defiore','19820606','Germany');
INSERT INTO emprega_gravacao (id_gravacao, id_pessoa) VALUES ('6','3727');
INSERT INTO pessoa (id_pessoa, tipo_documento,documento,nome,data_nascimento,nome_pais_origem) VALUES ('3728','PASS','000493089','Glady','19890103','Australia');
INSERT INTO emprega_gravacao (id_gravacao, id_pessoa) VALUES ('6','3728');
INSERT INTO equipe_de_gravacao (id_gravacao,nome_empresa) VALUES ('7','VPXIAAC');
INSERT INTO pessoa (id_pessoa, tipo_documento,documento,nome,data_nascimento,nome_pais_origem) VALUES ('3729','PASS','000161118','Beja','19890203','Peru');
INSERT INTO emprega_gravacao (id_gravacao, id_pessoa) VALUES ('7','3729');
INSERT INTO pessoa (id_pessoa, tipo_documento,documento,nome,data_nascimento,nome_pais_origem) VALUES ('3730','PASS','000534594','Cesar','19711023','Mexico');
INSERT INTO emprega_gravacao (id_gravacao, id_pessoa) VALUES ('7','3730');
INSERT INTO pessoa (id_pessoa, tipo_documento,documento,nome,data_nascimento,nome_pais_origem) VALUES ('3731','PASS','000248470','Bart','19840417','Bahrain');
INSERT INTO emprega_gravacao (id_gravacao, id_pessoa) VALUES ('7','3731');
INSERT INTO pessoa (id_pessoa, tipo_documento,documento,nome,data_nascimento,nome_pais_origem) VALUES ('3732','PASS','000391706','Echoles','19750301','Italy');
INSERT INTO emprega_gravacao (id_gravacao, id_pessoa) VALUES ('7','3732');
INSERT INTO pessoa (id_pessoa, tipo_documento,documento,nome,data_nascimento,nome_pais_origem) VALUES ('3733','PASS','000375335','Francesca','19790401','Nepal');
INSERT INTO emprega_gravacao (id_gravacao, id_pessoa) VALUES ('7','3733');
INSERT INTO pessoa (id_pessoa, tipo_documento,documento,nome,data_nascimento,nome_pais_origem) VALUES ('3734','PASS','000201250','Dacruz','19870812','Philippines');
INSERT INTO emprega_gravacao (id_gravacao, id_pessoa) VALUES ('7','3734');
INSERT INTO pessoa (id_pessoa, tipo_documento,documento,nome,data_nascimento,nome_pais_origem) VALUES ('3735','PASS','000149211','Dalphonse','19801106','Poland');
INSERT INTO emprega_gravacao (id_gravacao, id_pessoa) VALUES ('7','3735');
INSERT INTO pessoa (id_pessoa, tipo_documento,documento,nome,data_nascimento,nome_pais_origem) VALUES ('3736','PASS','000358725','Bruins','19811123','Uruguay');
INSERT INTO emprega_gravacao (id_gravacao, id_pessoa) VALUES ('7','3736');
INSERT INTO pessoa (id_pessoa, tipo_documento,documento,nome,data_nascimento,nome_pais_origem) VALUES ('3737','PASS','000488797','Gilcris','19840915','Portugal');
INSERT INTO emprega_gravacao (id_gravacao, id_pessoa) VALUES ('7','3737');
INSERT INTO pessoa (id_pessoa, tipo_documento,documento,nome,data_nascimento,nome_pais_origem) VALUES ('3738','PASS','000346444','Anno','19740205','Peru');
INSERT INTO emprega_gravacao (id_gravacao, id_pessoa) VALUES ('7','3738');
INSERT INTO pessoa (id_pessoa, tipo_documento,documento,nome,data_nascimento,nome_pais_origem) VALUES ('3739','PASS','000795093','Abdulmateen','19890520','New');
INSERT INTO emprega_gravacao (id_gravacao, id_pessoa) VALUES ('7','3739');
INSERT INTO pessoa (id_pessoa, tipo_documento,documento,nome,data_nascimento,nome_pais_origem) VALUES ('3740','PASS','000727839','Cerniglia','19871202','Angola');
INSERT INTO emprega_gravacao (id_gravacao, id_pessoa) VALUES ('7','3740');
INSERT INTO pessoa (id_pessoa, tipo_documento,documento,nome,data_nascimento,nome_pais_origem) VALUES ('3741','PASS','000183423','Esquerre','19770402','Afghanistan');
INSERT INTO emprega_gravacao (id_gravacao, id_pessoa) VALUES ('7','3741');
INSERT INTO pessoa (id_pessoa, tipo_documento,documento,nome,data_nascimento,nome_pais_origem) VALUES ('3742','PASS','000726443','Alfonzo','19780702','India');
INSERT INTO emprega_gravacao (id_gravacao, id_pessoa) VALUES ('7','3742');
INSERT INTO pessoa (id_pessoa, tipo_documento,documento,nome,data_nascimento,nome_pais_origem) VALUES ('3743','PASS','000395223','Dannenberg','19820415','Thailand');
INSERT INTO emprega_gravacao (id_gravacao, id_pessoa) VALUES ('7','3743');
INSERT INTO pessoa (id_pessoa, tipo_documento,documento,nome,data_nascimento,nome_pais_origem) VALUES ('3744','PASS','000234523','Ginocchio','19760723','Philippines');
INSERT INTO emprega_gravacao (id_gravacao, id_pessoa) VALUES ('7','3744');
INSERT INTO pessoa (id_pessoa, tipo_documento,documento,nome,data_nascimento,nome_pais_origem) VALUES ('3745','PASS','000519129','Breman','19880124','Belgium');
INSERT INTO emprega_gravacao (id_gravacao, id_pessoa) VALUES ('7','3745');
INSERT INTO pessoa (id_pessoa, tipo_documento,documento,nome,data_nascimento,nome_pais_origem) VALUES ('3746','PASS','000936640','Bocklund','19731027','Argentina');
INSERT INTO emprega_gravacao (id_gravacao, id_pessoa) VALUES ('7','3746');
INSERT INTO pessoa (id_pessoa, tipo_documento,documento,nome,data_nascimento,nome_pais_origem) VALUES ('3747','PASS','000123284','Digregorio','19771025','Finland');
INSERT INTO emprega_gravacao (id_gravacao, id_pessoa) VALUES ('7','3747');
INSERT INTO pessoa (id_pessoa, tipo_documento,documento,nome,data_nascimento,nome_pais_origem) VALUES ('3748','PASS','000897567','Devillez','19750722','Costa');
INSERT INTO emprega_gravacao (id_gravacao, id_pessoa) VALUES ('7','3748');
INSERT INTO equipe_de_gravacao (id_gravacao,nome_empresa) VALUES ('8','QNKUJLW');
INSERT INTO pessoa (id_pessoa, tipo_documento,documento,nome,data_nascimento,nome_pais_origem) VALUES ('3749','PASS','000259076','Barragan','19840315','Paraguay');
INSERT INTO emprega_gravacao (id_gravacao, id_pessoa) VALUES ('8','3749');
INSERT INTO pessoa (id_pessoa, tipo_documento,documento,nome,data_nascimento,nome_pais_origem) VALUES ('3750','PASS','000361487','Crew','19860921','Argentina');
INSERT INTO emprega_gravacao (id_gravacao, id_pessoa) VALUES ('8','3750');
INSERT INTO pessoa (id_pessoa, tipo_documento,documento,nome,data_nascimento,nome_pais_origem) VALUES ('3751','PASS','000764575','Conelli','19740726','Germany');
INSERT INTO emprega_gravacao (id_gravacao, id_pessoa) VALUES ('8','3751');
INSERT INTO pessoa (id_pessoa, tipo_documento,documento,nome,data_nascimento,nome_pais_origem) VALUES ('3752','PASS','000863345','Grizzle','19710602','China');
INSERT INTO emprega_gravacao (id_gravacao, id_pessoa) VALUES ('8','3752');
INSERT INTO pessoa (id_pessoa, tipo_documento,documento,nome,data_nascimento,nome_pais_origem) VALUES ('3753','PASS','000649349','Goodridge','19860913','Argentina');
INSERT INTO emprega_gravacao (id_gravacao, id_pessoa) VALUES ('8','3753');
INSERT INTO pessoa (id_pessoa, tipo_documento,documento,nome,data_nascimento,nome_pais_origem) VALUES ('3754','PASS','000580012','Fedder','19870813','Germany');
INSERT INTO emprega_gravacao (id_gravacao, id_pessoa) VALUES ('8','3754');
INSERT INTO pessoa (id_pessoa, tipo_documento,documento,nome,data_nascimento,nome_pais_origem) VALUES ('3755','PASS','000515559','Cianchetti','19730825','Saudi');
INSERT INTO emprega_gravacao (id_gravacao, id_pessoa) VALUES ('8','3755');
INSERT INTO pessoa (id_pessoa, tipo_documento,documento,nome,data_nascimento,nome_pais_origem) VALUES ('3756','PASS','000473019','Gehling','19700912','Costa');
INSERT INTO emprega_gravacao (id_gravacao, id_pessoa) VALUES ('8','3756');
INSERT INTO pessoa (id_pessoa, tipo_documento,documento,nome,data_nascimento,nome_pais_origem) VALUES ('3757','PASS','000494900','Daul','19800817','Azerbaijan');
INSERT INTO emprega_gravacao (id_gravacao, id_pessoa) VALUES ('8','3757');
INSERT INTO equipe_de_gravacao (id_gravacao,nome_empresa) VALUES ('9','KQXVIRS');
INSERT INTO pessoa (id_pessoa, tipo_documento,documento,nome,data_nascimento,nome_pais_origem) VALUES ('3758','PASS','000202351','Corwell','19750103','Brazil');
INSERT INTO emprega_gravacao (id_gravacao, id_pessoa) VALUES ('9','3758');
INSERT INTO pessoa (id_pessoa, tipo_documento,documento,nome,data_nascimento,nome_pais_origem) VALUES ('3759','PASS','000178721','Bauerle','19830821','Peru');
INSERT INTO emprega_gravacao (id_gravacao, id_pessoa) VALUES ('9','3759');
INSERT INTO pessoa (id_pessoa, tipo_documento,documento,nome,data_nascimento,nome_pais_origem) VALUES ('3760','PASS','000189936','Cypress','19710313','Portugal');
INSERT INTO emprega_gravacao (id_gravacao, id_pessoa) VALUES ('9','3760');
INSERT INTO pessoa (id_pessoa, tipo_documento,documento,nome,data_nascimento,nome_pais_origem) VALUES ('3761','PASS','000361552','Brittny','19750527','Monaco');
INSERT INTO emprega_gravacao (id_gravacao, id_pessoa) VALUES ('9','3761');
INSERT INTO pessoa (id_pessoa, tipo_documento,documento,nome,data_nascimento,nome_pais_origem) VALUES ('3762','PASS','000262745','Casselberry','19821008','Costa');
INSERT INTO emprega_gravacao (id_gravacao, id_pessoa) VALUES ('9','3762');
INSERT INTO pessoa (id_pessoa, tipo_documento,documento,nome,data_nascimento,nome_pais_origem) VALUES ('3763','PASS','000779850','Frame','19751222','Romania');
INSERT INTO emprega_gravacao (id_gravacao, id_pessoa) VALUES ('9','3763');
INSERT INTO pessoa (id_pessoa, tipo_documento,documento,nome,data_nascimento,nome_pais_origem) VALUES ('3764','PASS','000614592','Charter','19720207','Lithuania');
INSERT INTO emprega_gravacao (id_gravacao, id_pessoa) VALUES ('9','3764');
INSERT INTO pessoa (id_pessoa, tipo_documento,documento,nome,data_nascimento,nome_pais_origem) VALUES ('3765','PASS','000126440','Baccouche','19780513','Japan');
INSERT INTO emprega_gravacao (id_gravacao, id_pessoa) VALUES ('9','3765');
INSERT INTO pessoa (id_pessoa, tipo_documento,documento,nome,data_nascimento,nome_pais_origem) VALUES ('3766','PASS','000233076','Arnell','19791216','Estonia');
INSERT INTO emprega_gravacao (id_gravacao, id_pessoa) VALUES ('9','3766');
INSERT INTO pessoa (id_pessoa, tipo_documento,documento,nome,data_nascimento,nome_pais_origem) VALUES ('3767','PASS','000158393','Akoni','19770916','Slovakia');
INSERT INTO emprega_gravacao (id_gravacao, id_pessoa) VALUES ('9','3767');
INSERT INTO pessoa (id_pessoa, tipo_documento,documento,nome,data_nascimento,nome_pais_origem) VALUES ('3768','PASS','000355700','Croson','19750513','Germany');
INSERT INTO emprega_gravacao (id_gravacao, id_pessoa) VALUES ('9','3768');
INSERT INTO pessoa (id_pessoa, tipo_documento,documento,nome,data_nascimento,nome_pais_origem) VALUES ('3769','PASS','000113511','Broadhurst','19780627','Liechtenstein');
INSERT INTO emprega_gravacao (id_gravacao, id_pessoa) VALUES ('9','3769');
INSERT INTO pessoa (id_pessoa, tipo_documento,documento,nome,data_nascimento,nome_pais_origem) VALUES ('3770','PASS','000683030','Donten','19840709','Angola');
INSERT INTO emprega_gravacao (id_gravacao, id_pessoa) VALUES ('9','3770');
INSERT INTO pessoa (id_pessoa, tipo_documento,documento,nome,data_nascimento,nome_pais_origem) VALUES ('3771','PASS','000356148','Caride','19841201','Syria');
INSERT INTO emprega_gravacao (id_gravacao, id_pessoa) VALUES ('9','3771');
INSERT INTO pessoa (id_pessoa, tipo_documento,documento,nome,data_nascimento,nome_pais_origem) VALUES ('3772','PASS','000665391','Boutiette','19730113','Rica');
INSERT INTO emprega_gravacao (id_gravacao, id_pessoa) VALUES ('9','3772');
INSERT INTO pessoa (id_pessoa, tipo_documento,documento,nome,data_nascimento,nome_pais_origem) VALUES ('3773','PASS','000197005','Delmendo','19700214','Liechtenstein');
INSERT INTO emprega_gravacao (id_gravacao, id_pessoa) VALUES ('9','3773');
INSERT INTO pessoa (id_pessoa, tipo_documento,documento,nome,data_nascimento,nome_pais_origem) VALUES ('3774','PASS','000434013','Grondahl','19780226','Chad');
INSERT INTO emprega_gravacao (id_gravacao, id_pessoa) VALUES ('9','3774');
INSERT INTO pessoa (id_pessoa, tipo_documento,documento,nome,data_nascimento,nome_pais_origem) VALUES ('3775','PASS','000147712','Cinar','19780321','Estonia');
INSERT INTO emprega_gravacao (id_gravacao, id_pessoa) VALUES ('9','3775');
INSERT INTO pessoa (id_pessoa, tipo_documento,documento,nome,data_nascimento,nome_pais_origem) VALUES ('3776','PASS','000552516','Bridget','19750106','Greece');
INSERT INTO emprega_gravacao (id_gravacao, id_pessoa) VALUES ('9','3776');
INSERT INTO pessoa (id_pessoa, tipo_documento,documento,nome,data_nascimento,nome_pais_origem) VALUES ('3777','PASS','000774013','Andrades','19760924','India');
INSERT INTO emprega_gravacao (id_gravacao, id_pessoa) VALUES ('9','3777');
INSERT INTO pessoa (id_pessoa, tipo_documento,documento,nome,data_nascimento,nome_pais_origem) VALUES ('3778','PASS','000563411','Guarino','19811127','Australia');
INSERT INTO emprega_gravacao (id_gravacao, id_pessoa) VALUES ('9','3778');
INSERT INTO pessoa (id_pessoa, tipo_documento,documento,nome,data_nascimento,nome_pais_origem) VALUES ('3779','PASS','000771536','Drumwright','19750919','Mongolia');
INSERT INTO emprega_gravacao (id_gravacao, id_pessoa) VALUES ('9','3779');
INSERT INTO pessoa (id_pessoa, tipo_documento,documento,nome,data_nascimento,nome_pais_origem) VALUES ('3780','PASS','000572555','Chanoine','19800703','Armenia');
INSERT INTO emprega_gravacao (id_gravacao, id_pessoa) VALUES ('9','3780');
INSERT INTO pessoa (id_pessoa, tipo_documento,documento,nome,data_nascimento,nome_pais_origem) VALUES ('3781','PASS','000806390','Chee','19831005','Algeria');
INSERT INTO emprega_gravacao (id_gravacao, id_pessoa) VALUES ('9','3781');
INSERT INTO pessoa (id_pessoa, tipo_documento,documento,nome,data_nascimento,nome_pais_origem) VALUES ('3782','PASS','000885332','Ensz','19770402','Turkey');
INSERT INTO emprega_gravacao (id_gravacao, id_pessoa) VALUES ('9','3782');
INSERT INTO pessoa (id_pessoa, tipo_documento,documento,nome,data_nascimento,nome_pais_origem) VALUES ('3783','PASS','000402509','Baiotto','19710123','Ukraine');
INSERT INTO emprega_gravacao (id_gravacao, id_pessoa) VALUES ('9','3783');
INSERT INTO pessoa (id_pessoa, tipo_documento,documento,nome,data_nascimento,nome_pais_origem) VALUES ('3784','PASS','000429947','Bockoven','19790425','Belgium');
INSERT INTO emprega_gravacao (id_gravacao, id_pessoa) VALUES ('9','3784');
INSERT INTO equipe_de_gravacao (id_gravacao,nome_empresa) VALUES ('10','WTMCEIJ');
INSERT INTO pessoa (id_pessoa, tipo_documento,documento,nome,data_nascimento,nome_pais_origem) VALUES ('3785','PASS','000412436','Dresher','19781119','Liechtenstein');
INSERT INTO emprega_gravacao (id_gravacao, id_pessoa) VALUES ('10','3785');
INSERT INTO pessoa (id_pessoa, tipo_documento,documento,nome,data_nascimento,nome_pais_origem) VALUES ('3786','PASS','000111902','Ebling','19820824','Switzerland');
INSERT INTO emprega_gravacao (id_gravacao, id_pessoa) VALUES ('10','3786');
INSERT INTO pessoa (id_pessoa, tipo_documento,documento,nome,data_nascimento,nome_pais_origem) VALUES ('3787','PASS','000822883','Aery','19780215','Greece');
INSERT INTO emprega_gravacao (id_gravacao, id_pessoa) VALUES ('10','3787');
INSERT INTO pessoa (id_pessoa, tipo_documento,documento,nome,data_nascimento,nome_pais_origem) VALUES ('3788','PASS','000251296','Correy','19780404','Denmark');
INSERT INTO emprega_gravacao (id_gravacao, id_pessoa) VALUES ('10','3788');
INSERT INTO pessoa (id_pessoa, tipo_documento,documento,nome,data_nascimento,nome_pais_origem) VALUES ('3789','PASS','000731558','Dettman','19861220','Serbia');
INSERT INTO emprega_gravacao (id_gravacao, id_pessoa) VALUES ('10','3789');
INSERT INTO pessoa (id_pessoa, tipo_documento,documento,nome,data_nascimento,nome_pais_origem) VALUES ('3790','PASS','000194644','Baldassarre','19790813','Bahamas');
INSERT INTO emprega_gravacao (id_gravacao, id_pessoa) VALUES ('10','3790');
INSERT INTO pessoa (id_pessoa, tipo_documento,documento,nome,data_nascimento,nome_pais_origem) VALUES ('3791','PASS','000483921','Brackins','19771206','Australia');
INSERT INTO emprega_gravacao (id_gravacao, id_pessoa) VALUES ('10','3791');
INSERT INTO pessoa (id_pessoa, tipo_documento,documento,nome,data_nascimento,nome_pais_origem) VALUES ('3792','PASS','000946448','Derosby','19770918','Afghanistan');
INSERT INTO emprega_gravacao (id_gravacao, id_pessoa) VALUES ('10','3792');
INSERT INTO pessoa (id_pessoa, tipo_documento,documento,nome,data_nascimento,nome_pais_origem) VALUES ('3793','PASS','000427254','Carlberg','19770915','Uzbekistan');
INSERT INTO emprega_gravacao (id_gravacao, id_pessoa) VALUES ('10','3793');
INSERT INTO pessoa (id_pessoa, tipo_documento,documento,nome,data_nascimento,nome_pais_origem) VALUES ('3794','PASS','000197683','Devargas','19760721','Cuba');
INSERT INTO emprega_gravacao (id_gravacao, id_pessoa) VALUES ('10','3794');
INSERT INTO pessoa (id_pessoa, tipo_documento,documento,nome,data_nascimento,nome_pais_origem) VALUES ('3795','PASS','000331928','Dec','19840203','Bangladesh');
INSERT INTO emprega_gravacao (id_gravacao, id_pessoa) VALUES ('10','3795');
INSERT INTO pessoa (id_pessoa, tipo_documento,documento,nome,data_nascimento,nome_pais_origem) VALUES ('3796','PASS','000951440','Dickmann','19711201','Switzerland');
INSERT INTO emprega_gravacao (id_gravacao, id_pessoa) VALUES ('10','3796');
INSERT INTO pessoa (id_pessoa, tipo_documento,documento,nome,data_nascimento,nome_pais_origem) VALUES ('3797','PASS','000646716','Dugi','19710807','Nepal');
INSERT INTO emprega_gravacao (id_gravacao, id_pessoa) VALUES ('10','3797');
INSERT INTO pessoa (id_pessoa, tipo_documento,documento,nome,data_nascimento,nome_pais_origem) VALUES ('3798','PASS','000655072','Dhamer','19740222','Brazil');
INSERT INTO emprega_gravacao (id_gravacao, id_pessoa) VALUES ('10','3798');
INSERT INTO pessoa (id_pessoa, tipo_documento,documento,nome,data_nascimento,nome_pais_origem) VALUES ('3799','PASS','000196422','Derringer','19881227','Austria');
INSERT INTO emprega_gravacao (id_gravacao, id_pessoa) VALUES ('10','3799');
INSERT INTO pessoa (id_pessoa, tipo_documento,documento,nome,data_nascimento,nome_pais_origem) VALUES ('3800','PASS','000611171','Corlee','19770205','India');
INSERT INTO emprega_gravacao (id_gravacao, id_pessoa) VALUES ('10','3800');
INSERT INTO pessoa (id_pessoa, tipo_documento,documento,nome,data_nascimento,nome_pais_origem) VALUES ('3801','PASS','000735430','Fallone','19751112','Peru');
INSERT INTO emprega_gravacao (id_gravacao, id_pessoa) VALUES ('10','3801');
INSERT INTO pessoa (id_pessoa, tipo_documento,documento,nome,data_nascimento,nome_pais_origem) VALUES ('3802','PASS','000167894','Fessler','19870714','Slovakia');
INSERT INTO emprega_gravacao (id_gravacao, id_pessoa) VALUES ('10','3802');
INSERT INTO pessoa (id_pessoa, tipo_documento,documento,nome,data_nascimento,nome_pais_origem) VALUES ('3803','PASS','000321148','Fucci','19870124','Japan');
INSERT INTO emprega_gravacao (id_gravacao, id_pessoa) VALUES ('10','3803');
INSERT INTO pessoa (id_pessoa, tipo_documento,documento,nome,data_nascimento,nome_pais_origem) VALUES ('3804','PASS','000757452','Essner','19780507','Slovakia');
INSERT INTO emprega_gravacao (id_gravacao, id_pessoa) VALUES ('10','3804');
INSERT INTO equipe_de_gravacao (id_gravacao,nome_empresa) VALUES ('11','CLOGRSR');
INSERT INTO pessoa (id_pessoa, tipo_documento,documento,nome,data_nascimento,nome_pais_origem) VALUES ('3805','PASS','000743999','Gettenberg','19750203','Poland');
INSERT INTO emprega_gravacao (id_gravacao, id_pessoa) VALUES ('11','3805');
INSERT INTO pessoa (id_pessoa, tipo_documento,documento,nome,data_nascimento,nome_pais_origem) VALUES ('3806','PASS','000108338','Donnel','19731118','Brazil');
INSERT INTO emprega_gravacao (id_gravacao, id_pessoa) VALUES ('11','3806');
INSERT INTO pessoa (id_pessoa, tipo_documento,documento,nome,data_nascimento,nome_pais_origem) VALUES ('3807','PASS','000492487','Diones','19721116','Poland');
INSERT INTO emprega_gravacao (id_gravacao, id_pessoa) VALUES ('11','3807');
INSERT INTO pessoa (id_pessoa, tipo_documento,documento,nome,data_nascimento,nome_pais_origem) VALUES ('3808','PASS','000253980','Domingues','19790902','Thailand');
INSERT INTO emprega_gravacao (id_gravacao, id_pessoa) VALUES ('11','3808');
INSERT INTO pessoa (id_pessoa, tipo_documento,documento,nome,data_nascimento,nome_pais_origem) VALUES ('3809','PASS','000354972','Allscheid','19750415','Estonia');
INSERT INTO emprega_gravacao (id_gravacao, id_pessoa) VALUES ('11','3809');
INSERT INTO pessoa (id_pessoa, tipo_documento,documento,nome,data_nascimento,nome_pais_origem) VALUES ('3810','PASS','000657475','Genier','19810903','Cuba');
INSERT INTO emprega_gravacao (id_gravacao, id_pessoa) VALUES ('11','3810');
INSERT INTO pessoa (id_pessoa, tipo_documento,documento,nome,data_nascimento,nome_pais_origem) VALUES ('3811','PASS','000399051','Cordier','19840618','Bangladesh');
INSERT INTO emprega_gravacao (id_gravacao, id_pessoa) VALUES ('11','3811');
INSERT INTO pessoa (id_pessoa, tipo_documento,documento,nome,data_nascimento,nome_pais_origem) VALUES ('3812','PASS','000319282','Craveiro','19831014','Romania');
INSERT INTO emprega_gravacao (id_gravacao, id_pessoa) VALUES ('11','3812');
INSERT INTO pessoa (id_pessoa, tipo_documento,documento,nome,data_nascimento,nome_pais_origem) VALUES ('3813','PASS','000181408','Elizbeth','19780421','Norway');
INSERT INTO emprega_gravacao (id_gravacao, id_pessoa) VALUES ('11','3813');
INSERT INTO pessoa (id_pessoa, tipo_documento,documento,nome,data_nascimento,nome_pais_origem) VALUES ('3814','PASS','000505678','Camerino','19820724','Thailand');
INSERT INTO emprega_gravacao (id_gravacao, id_pessoa) VALUES ('11','3814');
INSERT INTO pessoa (id_pessoa, tipo_documento,documento,nome,data_nascimento,nome_pais_origem) VALUES ('3815','PASS','000653551','Duliba','19750212','Rica');
INSERT INTO emprega_gravacao (id_gravacao, id_pessoa) VALUES ('11','3815');
INSERT INTO pessoa (id_pessoa, tipo_documento,documento,nome,data_nascimento,nome_pais_origem) VALUES ('3816','PASS','000691456','Berdy','19700611','Turkey');
INSERT INTO emprega_gravacao (id_gravacao, id_pessoa) VALUES ('11','3816');
INSERT INTO pessoa (id_pessoa, tipo_documento,documento,nome,data_nascimento,nome_pais_origem) VALUES ('3817','PASS','000190922','Demarzio','19800609','Saudi');
INSERT INTO emprega_gravacao (id_gravacao, id_pessoa) VALUES ('11','3817');
INSERT INTO pessoa (id_pessoa, tipo_documento,documento,nome,data_nascimento,nome_pais_origem) VALUES ('3818','PASS','000623470','Aiudi','19700627','Monaco');
INSERT INTO emprega_gravacao (id_gravacao, id_pessoa) VALUES ('11','3818');
INSERT INTO pessoa (id_pessoa, tipo_documento,documento,nome,data_nascimento,nome_pais_origem) VALUES ('3819','PASS','000131915','Gimenez','19810911','Cuba');
INSERT INTO emprega_gravacao (id_gravacao, id_pessoa) VALUES ('11','3819');
INSERT INTO pessoa (id_pessoa, tipo_documento,documento,nome,data_nascimento,nome_pais_origem) VALUES ('3820','PASS','000654139','Crabill','19760925','Angola');
INSERT INTO emprega_gravacao (id_gravacao, id_pessoa) VALUES ('11','3820');
INSERT INTO pessoa (id_pessoa, tipo_documento,documento,nome,data_nascimento,nome_pais_origem) VALUES ('3821','PASS','000561714','Brys','19800101','Philippines');
INSERT INTO emprega_gravacao (id_gravacao, id_pessoa) VALUES ('11','3821');
INSERT INTO pessoa (id_pessoa, tipo_documento,documento,nome,data_nascimento,nome_pais_origem) VALUES ('3822','PASS','000380813','Beddo','19860411','Armenia');
INSERT INTO emprega_gravacao (id_gravacao, id_pessoa) VALUES ('11','3822');
INSERT INTO pessoa (id_pessoa, tipo_documento,documento,nome,data_nascimento,nome_pais_origem) VALUES ('3823','PASS','000539059','Cozadd','19790823','Germany');
INSERT INTO emprega_gravacao (id_gravacao, id_pessoa) VALUES ('11','3823');
INSERT INTO pessoa (id_pessoa, tipo_documento,documento,nome,data_nascimento,nome_pais_origem) VALUES ('3824','PASS','000213604','Floriano','19780416','Costa');
INSERT INTO emprega_gravacao (id_gravacao, id_pessoa) VALUES ('11','3824');
INSERT INTO pessoa (id_pessoa, tipo_documento,documento,nome,data_nascimento,nome_pais_origem) VALUES ('3825','PASS','000738490','Arkins','19801117','Belarus');
INSERT INTO emprega_gravacao (id_gravacao, id_pessoa) VALUES ('11','3825');
INSERT INTO pessoa (id_pessoa, tipo_documento,documento,nome,data_nascimento,nome_pais_origem) VALUES ('3826','PASS','000277566','Goelz','19780926','Nicaragua');
INSERT INTO emprega_gravacao (id_gravacao, id_pessoa) VALUES ('11','3826');
INSERT INTO pessoa (id_pessoa, tipo_documento,documento,nome,data_nascimento,nome_pais_origem) VALUES ('3827','PASS','000411478','Carrano','19741104','China');
INSERT INTO emprega_gravacao (id_gravacao, id_pessoa) VALUES ('11','3827');
INSERT INTO pessoa (id_pessoa, tipo_documento,documento,nome,data_nascimento,nome_pais_origem) VALUES ('3828','PASS','000297125','Duve','19821013','Chad');
INSERT INTO emprega_gravacao (id_gravacao, id_pessoa) VALUES ('11','3828');
INSERT INTO pessoa (id_pessoa, tipo_documento,documento,nome,data_nascimento,nome_pais_origem) VALUES ('3829','PASS','000146353','Desantos','19820924','Senegal');
INSERT INTO emprega_gravacao (id_gravacao, id_pessoa) VALUES ('11','3829');
INSERT INTO pessoa (id_pessoa, tipo_documento,documento,nome,data_nascimento,nome_pais_origem) VALUES ('3830','PASS','000152841','Bosley','19811106','Brazil');
INSERT INTO emprega_gravacao (id_gravacao, id_pessoa) VALUES ('11','3830');
INSERT INTO pessoa (id_pessoa, tipo_documento,documento,nome,data_nascimento,nome_pais_origem) VALUES ('3831','PASS','000673825','Compean','19840224','Lithuania');
INSERT INTO emprega_gravacao (id_gravacao, id_pessoa) VALUES ('11','3831');
INSERT INTO pessoa (id_pessoa, tipo_documento,documento,nome,data_nascimento,nome_pais_origem) VALUES ('3832','PASS','000340573','Chace','19881101','Japan');
INSERT INTO emprega_gravacao (id_gravacao, id_pessoa) VALUES ('11','3832');
INSERT INTO equipe_de_gravacao (id_gravacao,nome_empresa) VALUES ('12','PUYCQIT');
INSERT INTO pessoa (id_pessoa, tipo_documento,documento,nome,data_nascimento,nome_pais_origem) VALUES ('3833','PASS','000568601','Brockberg','19890723','Zealand');
INSERT INTO emprega_gravacao (id_gravacao, id_pessoa) VALUES ('12','3833');
INSERT INTO pessoa (id_pessoa, tipo_documento,documento,nome,data_nascimento,nome_pais_origem) VALUES ('3834','PASS','000127050','Greem','19841008','Sweden');
INSERT INTO emprega_gravacao (id_gravacao, id_pessoa) VALUES ('12','3834');
INSERT INTO pessoa (id_pessoa, tipo_documento,documento,nome,data_nascimento,nome_pais_origem) VALUES ('3835','PASS','000805708','Crismon','19870718','Afghanistan');
INSERT INTO emprega_gravacao (id_gravacao, id_pessoa) VALUES ('12','3835');
INSERT INTO pessoa (id_pessoa, tipo_documento,documento,nome,data_nascimento,nome_pais_origem) VALUES ('3836','PASS','000282330','Aynes','19810108','Bahrain');
INSERT INTO emprega_gravacao (id_gravacao, id_pessoa) VALUES ('12','3836');
INSERT INTO pessoa (id_pessoa, tipo_documento,documento,nome,data_nascimento,nome_pais_origem) VALUES ('3837','PASS','000647989','Abbs','19830802','Uzbekistan');
INSERT INTO emprega_gravacao (id_gravacao, id_pessoa) VALUES ('12','3837');
INSERT INTO pessoa (id_pessoa, tipo_documento,documento,nome,data_nascimento,nome_pais_origem) VALUES ('3838','PASS','000978172','Gornto','19761201','Zealand');
INSERT INTO emprega_gravacao (id_gravacao, id_pessoa) VALUES ('12','3838');
INSERT INTO pessoa (id_pessoa, tipo_documento,documento,nome,data_nascimento,nome_pais_origem) VALUES ('3839','PASS','000929887','Citarella','19880221','Hungary');
INSERT INTO emprega_gravacao (id_gravacao, id_pessoa) VALUES ('12','3839');
INSERT INTO pessoa (id_pessoa, tipo_documento,documento,nome,data_nascimento,nome_pais_origem) VALUES ('3840','PASS','000507672','Alge','19850216','Saudi');
INSERT INTO emprega_gravacao (id_gravacao, id_pessoa) VALUES ('12','3840');
INSERT INTO pessoa (id_pessoa, tipo_documento,documento,nome,data_nascimento,nome_pais_origem) VALUES ('3841','PASS','000482558','Chester','19810404','Brazil');
INSERT INTO emprega_gravacao (id_gravacao, id_pessoa) VALUES ('12','3841');
INSERT INTO pessoa (id_pessoa, tipo_documento,documento,nome,data_nascimento,nome_pais_origem) VALUES ('3842','PASS','000489817','Dokuchitz','19830712','Uzbekistan');
INSERT INTO emprega_gravacao (id_gravacao, id_pessoa) VALUES ('12','3842');
INSERT INTO pessoa (id_pessoa, tipo_documento,documento,nome,data_nascimento,nome_pais_origem) VALUES ('3843','PASS','000353474','Ermitanio','19760408','Sweden');
INSERT INTO emprega_gravacao (id_gravacao, id_pessoa) VALUES ('12','3843');
INSERT INTO pessoa (id_pessoa, tipo_documento,documento,nome,data_nascimento,nome_pais_origem) VALUES ('3844','PASS','000814784','Coplen','19801227','Syria');
INSERT INTO emprega_gravacao (id_gravacao, id_pessoa) VALUES ('12','3844');
INSERT INTO pessoa (id_pessoa, tipo_documento,documento,nome,data_nascimento,nome_pais_origem) VALUES ('3845','PASS','000585291','Grewe','19890919','Austria');
INSERT INTO emprega_gravacao (id_gravacao, id_pessoa) VALUES ('12','3845');
INSERT INTO pessoa (id_pessoa, tipo_documento,documento,nome,data_nascimento,nome_pais_origem) VALUES ('3846','PASS','000529667','Forney','19750725','Monaco');
INSERT INTO emprega_gravacao (id_gravacao, id_pessoa) VALUES ('12','3846');
INSERT INTO pessoa (id_pessoa, tipo_documento,documento,nome,data_nascimento,nome_pais_origem) VALUES ('3847','PASS','000516553','Groceman','19810714','Turkey');
INSERT INTO emprega_gravacao (id_gravacao, id_pessoa) VALUES ('12','3847');
INSERT INTO pessoa (id_pessoa, tipo_documento,documento,nome,data_nascimento,nome_pais_origem) VALUES ('3848','PASS','000814317','Findlen','19841013','Peru');
INSERT INTO emprega_gravacao (id_gravacao, id_pessoa) VALUES ('12','3848');
INSERT INTO pessoa (id_pessoa, tipo_documento,documento,nome,data_nascimento,nome_pais_origem) VALUES ('3849','PASS','000256373','Aquas','19810722','Turkey');
INSERT INTO emprega_gravacao (id_gravacao, id_pessoa) VALUES ('12','3849');
INSERT INTO pessoa (id_pessoa, tipo_documento,documento,nome,data_nascimento,nome_pais_origem) VALUES ('3850','PASS','000290607','Dellis','19740605','Mozambique');
INSERT INTO emprega_gravacao (id_gravacao, id_pessoa) VALUES ('12','3850');
INSERT INTO pessoa (id_pessoa, tipo_documento,documento,nome,data_nascimento,nome_pais_origem) VALUES ('3851','PASS','000404057','Bodin','19770615','Nepal');
INSERT INTO emprega_gravacao (id_gravacao, id_pessoa) VALUES ('12','3851');
INSERT INTO pessoa (id_pessoa, tipo_documento,documento,nome,data_nascimento,nome_pais_origem) VALUES ('3852','PASS','000457643','Fitzherbert','19871225','Costa');
INSERT INTO emprega_gravacao (id_gravacao, id_pessoa) VALUES ('12','3852');
INSERT INTO pessoa (id_pessoa, tipo_documento,documento,nome,data_nascimento,nome_pais_origem) VALUES ('3853','PASS','000122624','Bene','19820709','Iran');
INSERT INTO emprega_gravacao (id_gravacao, id_pessoa) VALUES ('12','3853');
INSERT INTO pessoa (id_pessoa, tipo_documento,documento,nome,data_nascimento,nome_pais_origem) VALUES ('3854','PASS','000395274','Dasch','19751209','Slovakia');
INSERT INTO emprega_gravacao (id_gravacao, id_pessoa) VALUES ('12','3854');
INSERT INTO pessoa (id_pessoa, tipo_documento,documento,nome,data_nascimento,nome_pais_origem) VALUES ('3855','PASS','000320377','Fairy','19750111','Lithuania');
INSERT INTO emprega_gravacao (id_gravacao, id_pessoa) VALUES ('12','3855');
INSERT INTO pessoa (id_pessoa, tipo_documento,documento,nome,data_nascimento,nome_pais_origem) VALUES ('3856','PASS','000353062','Capito','19760218','China');
INSERT INTO emprega_gravacao (id_gravacao, id_pessoa) VALUES ('12','3856');
INSERT INTO pessoa (id_pessoa, tipo_documento,documento,nome,data_nascimento,nome_pais_origem) VALUES ('3857','PASS','000706665','Bringman','19860321','New');
INSERT INTO emprega_gravacao (id_gravacao, id_pessoa) VALUES ('12','3857');
INSERT INTO pessoa (id_pessoa, tipo_documento,documento,nome,data_nascimento,nome_pais_origem) VALUES ('3858','PASS','000576021','Benton','19830226','Costa');
INSERT INTO emprega_gravacao (id_gravacao, id_pessoa) VALUES ('12','3858');
INSERT INTO pessoa (id_pessoa, tipo_documento,documento,nome,data_nascimento,nome_pais_origem) VALUES ('3859','PASS','000888636','Friedenberg','19840810','Australia');
INSERT INTO emprega_gravacao (id_gravacao, id_pessoa) VALUES ('12','3859');
INSERT INTO pessoa (id_pessoa, tipo_documento,documento,nome,data_nascimento,nome_pais_origem) VALUES ('3860','PASS','000155367','Burgin','19750719','Liechtenstein');
INSERT INTO emprega_gravacao (id_gravacao, id_pessoa) VALUES ('12','3860');
INSERT INTO pessoa (id_pessoa, tipo_documento,documento,nome,data_nascimento,nome_pais_origem) VALUES ('3861','PASS','000460312','Floer','19750401','Iraq');
INSERT INTO emprega_gravacao (id_gravacao, id_pessoa) VALUES ('12','3861');
INSERT INTO pessoa (id_pessoa, tipo_documento,documento,nome,data_nascimento,nome_pais_origem) VALUES ('3862','PASS','000923633','Glavin','19780316','Bahamas');
INSERT INTO emprega_gravacao (id_gravacao, id_pessoa) VALUES ('12','3862');
INSERT INTO equipe_de_gravacao (id_gravacao,nome_empresa) VALUES ('13','UXYVTST');
INSERT INTO pessoa (id_pessoa, tipo_documento,documento,nome,data_nascimento,nome_pais_origem) VALUES ('3863','PASS','000823245','Flewelling','19790217','Iran');
INSERT INTO emprega_gravacao (id_gravacao, id_pessoa) VALUES ('13','3863');
INSERT INTO pessoa (id_pessoa, tipo_documento,documento,nome,data_nascimento,nome_pais_origem) VALUES ('3864','PASS','000514517','Coller','19880401','Colombia');
INSERT INTO emprega_gravacao (id_gravacao, id_pessoa) VALUES ('13','3864');
INSERT INTO pessoa (id_pessoa, tipo_documento,documento,nome,data_nascimento,nome_pais_origem) VALUES ('3865','PASS','000381514','Blakeslee','19760917','Iran');
INSERT INTO emprega_gravacao (id_gravacao, id_pessoa) VALUES ('13','3865');
INSERT INTO equipe_de_gravacao (id_gravacao,nome_empresa) VALUES ('14','VQXURCN');
INSERT INTO pessoa (id_pessoa, tipo_documento,documento,nome,data_nascimento,nome_pais_origem) VALUES ('3866','PASS','000427614','Beiswenger','19771003','Iran');
INSERT INTO emprega_gravacao (id_gravacao, id_pessoa) VALUES ('14','3866');
INSERT INTO pessoa (id_pessoa, tipo_documento,documento,nome,data_nascimento,nome_pais_origem) VALUES ('3867','PASS','000651399','Barbo','19831208','Indonesia');
INSERT INTO emprega_gravacao (id_gravacao, id_pessoa) VALUES ('14','3867');
INSERT INTO pessoa (id_pessoa, tipo_documento,documento,nome,data_nascimento,nome_pais_origem) VALUES ('3868','PASS','000216120','Cardazone','19850508','Poland');
INSERT INTO emprega_gravacao (id_gravacao, id_pessoa) VALUES ('14','3868');
INSERT INTO pessoa (id_pessoa, tipo_documento,documento,nome,data_nascimento,nome_pais_origem) VALUES ('3869','PASS','000342844','Amidon','19850514','Croatia');
INSERT INTO emprega_gravacao (id_gravacao, id_pessoa) VALUES ('14','3869');
INSERT INTO pessoa (id_pessoa, tipo_documento,documento,nome,data_nascimento,nome_pais_origem) VALUES ('3870','PASS','000957052','Aretha','19770715','Turkey');
INSERT INTO emprega_gravacao (id_gravacao, id_pessoa) VALUES ('14','3870');
INSERT INTO pessoa (id_pessoa, tipo_documento,documento,nome,data_nascimento,nome_pais_origem) VALUES ('3871','PASS','000957615','Chandra','19840503','Germany');
INSERT INTO emprega_gravacao (id_gravacao, id_pessoa) VALUES ('14','3871');
INSERT INTO pessoa (id_pessoa, tipo_documento,documento,nome,data_nascimento,nome_pais_origem) VALUES ('3872','PASS','000522328','Gallager','19810911','Paraguay');
INSERT INTO emprega_gravacao (id_gravacao, id_pessoa) VALUES ('14','3872');
INSERT INTO pessoa (id_pessoa, tipo_documento,documento,nome,data_nascimento,nome_pais_origem) VALUES ('3873','PASS','000194000','Cardeiro','19870717','Indonesia');
INSERT INTO emprega_gravacao (id_gravacao, id_pessoa) VALUES ('14','3873');
INSERT INTO pessoa (id_pessoa, tipo_documento,documento,nome,data_nascimento,nome_pais_origem) VALUES ('3874','PASS','000328711','Deshong','19710221','Uzbekistan');
INSERT INTO emprega_gravacao (id_gravacao, id_pessoa) VALUES ('14','3874');
INSERT INTO pessoa (id_pessoa, tipo_documento,documento,nome,data_nascimento,nome_pais_origem) VALUES ('3875','PASS','000683957','Gendel','19760602','Belgium');
INSERT INTO emprega_gravacao (id_gravacao, id_pessoa) VALUES ('14','3875');
INSERT INTO pessoa (id_pessoa, tipo_documento,documento,nome,data_nascimento,nome_pais_origem) VALUES ('3876','PASS','000695918','Grabe','19701103','Vietnam');
INSERT INTO emprega_gravacao (id_gravacao, id_pessoa) VALUES ('14','3876');
INSERT INTO pessoa (id_pessoa, tipo_documento,documento,nome,data_nascimento,nome_pais_origem) VALUES ('3877','PASS','000640883','Gavilanes','19730910','Norway');
INSERT INTO emprega_gravacao (id_gravacao, id_pessoa) VALUES ('14','3877');
INSERT INTO pessoa (id_pessoa, tipo_documento,documento,nome,data_nascimento,nome_pais_origem) VALUES ('3878','PASS','000722458','Falor','19701215','Vietnam');
INSERT INTO emprega_gravacao (id_gravacao, id_pessoa) VALUES ('14','3878');
INSERT INTO pessoa (id_pessoa, tipo_documento,documento,nome,data_nascimento,nome_pais_origem) VALUES ('3879','PASS','000802673','Bowlick','19800902','Singapore');
INSERT INTO emprega_gravacao (id_gravacao, id_pessoa) VALUES ('14','3879');
INSERT INTO pessoa (id_pessoa, tipo_documento,documento,nome,data_nascimento,nome_pais_origem) VALUES ('3880','PASS','000586544','Chia','19880602','Costa');
INSERT INTO emprega_gravacao (id_gravacao, id_pessoa) VALUES ('14','3880');
INSERT INTO pessoa (id_pessoa, tipo_documento,documento,nome,data_nascimento,nome_pais_origem) VALUES ('3881','PASS','000291390','Goulet','19850910','Iran');
INSERT INTO emprega_gravacao (id_gravacao, id_pessoa) VALUES ('14','3881');
INSERT INTO pessoa (id_pessoa, tipo_documento,documento,nome,data_nascimento,nome_pais_origem) VALUES ('3882','PASS','000769967','Embertson','19831014','Iraq');
INSERT INTO emprega_gravacao (id_gravacao, id_pessoa) VALUES ('14','3882');
INSERT INTO pessoa (id_pessoa, tipo_documento,documento,nome,data_nascimento,nome_pais_origem) VALUES ('3883','PASS','000566041','Barredo','19880918','Luxembourg');
INSERT INTO emprega_gravacao (id_gravacao, id_pessoa) VALUES ('14','3883');
INSERT INTO pessoa (id_pessoa, tipo_documento,documento,nome,data_nascimento,nome_pais_origem) VALUES ('3884','PASS','000835330','Benya','19730426','Sweden');
INSERT INTO emprega_gravacao (id_gravacao, id_pessoa) VALUES ('14','3884');
INSERT INTO pessoa (id_pessoa, tipo_documento,documento,nome,data_nascimento,nome_pais_origem) VALUES ('3885','PASS','000132429','Batley','19871127','Zealand');
INSERT INTO emprega_gravacao (id_gravacao, id_pessoa) VALUES ('14','3885');
INSERT INTO pessoa (id_pessoa, tipo_documento,documento,nome,data_nascimento,nome_pais_origem) VALUES ('3886','PASS','000548119','Fluaitt','19841006','Romania');
INSERT INTO emprega_gravacao (id_gravacao, id_pessoa) VALUES ('14','3886');
INSERT INTO pessoa (id_pessoa, tipo_documento,documento,nome,data_nascimento,nome_pais_origem) VALUES ('3887','PASS','000478381','Draffen','19841019','Argentina');
INSERT INTO emprega_gravacao (id_gravacao, id_pessoa) VALUES ('14','3887');
INSERT INTO pessoa (id_pessoa, tipo_documento,documento,nome,data_nascimento,nome_pais_origem) VALUES ('3888','PASS','000200288','Cossette','19780813','Mozambique');
INSERT INTO emprega_gravacao (id_gravacao, id_pessoa) VALUES ('14','3888');
INSERT INTO pessoa (id_pessoa, tipo_documento,documento,nome,data_nascimento,nome_pais_origem) VALUES ('3889','PASS','000456558','Abdelmuti','19730826','Monaco');
INSERT INTO emprega_gravacao (id_gravacao, id_pessoa) VALUES ('14','3889');
INSERT INTO pessoa (id_pessoa, tipo_documento,documento,nome,data_nascimento,nome_pais_origem) VALUES ('3890','PASS','000611871','Everitt','19891219','Mexico');
INSERT INTO emprega_gravacao (id_gravacao, id_pessoa) VALUES ('14','3890');
INSERT INTO pessoa (id_pessoa, tipo_documento,documento,nome,data_nascimento,nome_pais_origem) VALUES ('3891','PASS','000413271','Goodard','19850416','Estonia');
INSERT INTO emprega_gravacao (id_gravacao, id_pessoa) VALUES ('14','3891');
INSERT INTO pessoa (id_pessoa, tipo_documento,documento,nome,data_nascimento,nome_pais_origem) VALUES ('3892','PASS','000844085','Extine','19830125','France');
INSERT INTO emprega_gravacao (id_gravacao, id_pessoa) VALUES ('14','3892');
INSERT INTO pessoa (id_pessoa, tipo_documento,documento,nome,data_nascimento,nome_pais_origem) VALUES ('3893','PASS','000677777','Fletcher','19820125','Rica');
INSERT INTO emprega_gravacao (id_gravacao, id_pessoa) VALUES ('14','3893');
INSERT INTO pessoa (id_pessoa, tipo_documento,documento,nome,data_nascimento,nome_pais_origem) VALUES ('3894','PASS','000313681','Carlie','19750608','Peru');
INSERT INTO emprega_gravacao (id_gravacao, id_pessoa) VALUES ('14','3894');
INSERT INTO equipe_de_gravacao (id_gravacao,nome_empresa) VALUES ('15','ZOUZFOC');
INSERT INTO pessoa (id_pessoa, tipo_documento,documento,nome,data_nascimento,nome_pais_origem) VALUES ('3895','PASS','000436192','Degasparre','19781102','Saudi');
INSERT INTO emprega_gravacao (id_gravacao, id_pessoa) VALUES ('15','3895');
INSERT INTO pessoa (id_pessoa, tipo_documento,documento,nome,data_nascimento,nome_pais_origem) VALUES ('3896','PASS','000811399','Carns','19781211','Uzbekistan');
INSERT INTO emprega_gravacao (id_gravacao, id_pessoa) VALUES ('15','3896');
INSERT INTO pessoa (id_pessoa, tipo_documento,documento,nome,data_nascimento,nome_pais_origem) VALUES ('3897','PASS','000421053','Gehron','19810118','Austria');
INSERT INTO emprega_gravacao (id_gravacao, id_pessoa) VALUES ('15','3897');
INSERT INTO pessoa (id_pessoa, tipo_documento,documento,nome,data_nascimento,nome_pais_origem) VALUES ('3898','PASS','000681429','Drumgoole','19810223','Australia');
INSERT INTO emprega_gravacao (id_gravacao, id_pessoa) VALUES ('15','3898');
INSERT INTO pessoa (id_pessoa, tipo_documento,documento,nome,data_nascimento,nome_pais_origem) VALUES ('3899','PASS','000523175','Attwood','19770621','Thailand');
INSERT INTO emprega_gravacao (id_gravacao, id_pessoa) VALUES ('15','3899');
INSERT INTO pessoa (id_pessoa, tipo_documento,documento,nome,data_nascimento,nome_pais_origem) VALUES ('3900','PASS','000524025','Akright','19820201','Chad');
INSERT INTO emprega_gravacao (id_gravacao, id_pessoa) VALUES ('15','3900');
INSERT INTO pessoa (id_pessoa, tipo_documento,documento,nome,data_nascimento,nome_pais_origem) VALUES ('3901','PASS','000663795','Ealy','19760602','Liechtenstein');
INSERT INTO emprega_gravacao (id_gravacao, id_pessoa) VALUES ('15','3901');
INSERT INTO pessoa (id_pessoa, tipo_documento,documento,nome,data_nascimento,nome_pais_origem) VALUES ('3902','PASS','000172581','Finklea','19760918','China');
INSERT INTO emprega_gravacao (id_gravacao, id_pessoa) VALUES ('15','3902');
INSERT INTO pessoa (id_pessoa, tipo_documento,documento,nome,data_nascimento,nome_pais_origem) VALUES ('3903','PASS','000584660','Butta','19770827','Saudi');
INSERT INTO emprega_gravacao (id_gravacao, id_pessoa) VALUES ('15','3903');
INSERT INTO pessoa (id_pessoa, tipo_documento,documento,nome,data_nascimento,nome_pais_origem) VALUES ('3904','PASS','000687820','Golds','19750619','Italy');
INSERT INTO emprega_gravacao (id_gravacao, id_pessoa) VALUES ('15','3904');
INSERT INTO pessoa (id_pessoa, tipo_documento,documento,nome,data_nascimento,nome_pais_origem) VALUES ('3905','PASS','000563467','Elderkin','19861219','Australia');
INSERT INTO emprega_gravacao (id_gravacao, id_pessoa) VALUES ('15','3905');
INSERT INTO pessoa (id_pessoa, tipo_documento,documento,nome,data_nascimento,nome_pais_origem) VALUES ('3906','PASS','000373877','Bagg','19830907','Monaco');
INSERT INTO emprega_gravacao (id_gravacao, id_pessoa) VALUES ('15','3906');
INSERT INTO pessoa (id_pessoa, tipo_documento,documento,nome,data_nascimento,nome_pais_origem) VALUES ('3907','PASS','000650445','Dregrich','19840326','Poland');
INSERT INTO emprega_gravacao (id_gravacao, id_pessoa) VALUES ('15','3907');
INSERT INTO pessoa (id_pessoa, tipo_documento,documento,nome,data_nascimento,nome_pais_origem) VALUES ('3908','PASS','000709957','Capilla','19830527','Belarus');
INSERT INTO emprega_gravacao (id_gravacao, id_pessoa) VALUES ('15','3908');
INSERT INTO pessoa (id_pessoa, tipo_documento,documento,nome,data_nascimento,nome_pais_origem) VALUES ('3909','PASS','000585892','Borgerding','19831026','Philippines');
INSERT INTO emprega_gravacao (id_gravacao, id_pessoa) VALUES ('15','3909');
INSERT INTO pessoa (id_pessoa, tipo_documento,documento,nome,data_nascimento,nome_pais_origem) VALUES ('3910','PASS','000396641','Emberger','19750717','Mexico');
INSERT INTO emprega_gravacao (id_gravacao, id_pessoa) VALUES ('15','3910');
INSERT INTO pessoa (id_pessoa, tipo_documento,documento,nome,data_nascimento,nome_pais_origem) VALUES ('3911','PASS','000419782','Gemmen','19720706','Slovakia');
INSERT INTO emprega_gravacao (id_gravacao, id_pessoa) VALUES ('15','3911');
INSERT INTO pessoa (id_pessoa, tipo_documento,documento,nome,data_nascimento,nome_pais_origem) VALUES ('3912','PASS','000449467','Crieghton','19880615','Paraguay');
INSERT INTO emprega_gravacao (id_gravacao, id_pessoa) VALUES ('15','3912');
INSERT INTO pessoa (id_pessoa, tipo_documento,documento,nome,data_nascimento,nome_pais_origem) VALUES ('3913','PASS','000287890','Goyal','19801204','Mozambique');
INSERT INTO emprega_gravacao (id_gravacao, id_pessoa) VALUES ('15','3913');
INSERT INTO pessoa (id_pessoa, tipo_documento,documento,nome,data_nascimento,nome_pais_origem) VALUES ('3914','PASS','000351561','Brodes','19881027','Belarus');
INSERT INTO emprega_gravacao (id_gravacao, id_pessoa) VALUES ('15','3914');
INSERT INTO equipe_de_gravacao (id_gravacao,nome_empresa) VALUES ('16','TLCULUI');
INSERT INTO pessoa (id_pessoa, tipo_documento,documento,nome,data_nascimento,nome_pais_origem) VALUES ('3915','PASS','000243058','Arney','19810505','Zealand');
INSERT INTO emprega_gravacao (id_gravacao, id_pessoa) VALUES ('16','3915');
INSERT INTO pessoa (id_pessoa, tipo_documento,documento,nome,data_nascimento,nome_pais_origem) VALUES ('3916','PASS','000192694','Casamento','19840206','Colombia');
INSERT INTO emprega_gravacao (id_gravacao, id_pessoa) VALUES ('16','3916');
INSERT INTO pessoa (id_pessoa, tipo_documento,documento,nome,data_nascimento,nome_pais_origem) VALUES ('3917','PASS','000868895','Elfriede','19890111','Lithuania');
INSERT INTO emprega_gravacao (id_gravacao, id_pessoa) VALUES ('16','3917');
INSERT INTO pessoa (id_pessoa, tipo_documento,documento,nome,data_nascimento,nome_pais_origem) VALUES ('3918','PASS','000152068','Baucom','19810304','Liechtenstein');
INSERT INTO emprega_gravacao (id_gravacao, id_pessoa) VALUES ('16','3918');
INSERT INTO pessoa (id_pessoa, tipo_documento,documento,nome,data_nascimento,nome_pais_origem) VALUES ('3919','PASS','000855849','Engeman','19880220','Luxembourg');
INSERT INTO emprega_gravacao (id_gravacao, id_pessoa) VALUES ('16','3919');
INSERT INTO pessoa (id_pessoa, tipo_documento,documento,nome,data_nascimento,nome_pais_origem) VALUES ('3920','PASS','000210471','Greenaway','19800214','Arabia');
INSERT INTO emprega_gravacao (id_gravacao, id_pessoa) VALUES ('16','3920');
INSERT INTO pessoa (id_pessoa, tipo_documento,documento,nome,data_nascimento,nome_pais_origem) VALUES ('3921','PASS','000447472','Cornette','19720417','Estonia');
INSERT INTO emprega_gravacao (id_gravacao, id_pessoa) VALUES ('16','3921');
INSERT INTO pessoa (id_pessoa, tipo_documento,documento,nome,data_nascimento,nome_pais_origem) VALUES ('3922','PASS','000301883','Cashio','19701013','Denmark');
INSERT INTO emprega_gravacao (id_gravacao, id_pessoa) VALUES ('16','3922');
INSERT INTO pessoa (id_pessoa, tipo_documento,documento,nome,data_nascimento,nome_pais_origem) VALUES ('3923','PASS','000976956','Freguson','19771121','Algeria');
INSERT INTO emprega_gravacao (id_gravacao, id_pessoa) VALUES ('16','3923');
INSERT INTO pessoa (id_pessoa, tipo_documento,documento,nome,data_nascimento,nome_pais_origem) VALUES ('3924','PASS','000229353','Catozzi','19870502','Saudi');
INSERT INTO emprega_gravacao (id_gravacao, id_pessoa) VALUES ('16','3924');
INSERT INTO pessoa (id_pessoa, tipo_documento,documento,nome,data_nascimento,nome_pais_origem) VALUES ('3925','PASS','000912815','Contrera','19760719','Iran');
INSERT INTO emprega_gravacao (id_gravacao, id_pessoa) VALUES ('16','3925');
INSERT INTO pessoa (id_pessoa, tipo_documento,documento,nome,data_nascimento,nome_pais_origem) VALUES ('3926','PASS','000658936','Baley','19861208','Thailand');
INSERT INTO emprega_gravacao (id_gravacao, id_pessoa) VALUES ('16','3926');
INSERT INTO pessoa (id_pessoa, tipo_documento,documento,nome,data_nascimento,nome_pais_origem) VALUES ('3927','PASS','000609919','Daubendiek','19840906','Croatia');
INSERT INTO emprega_gravacao (id_gravacao, id_pessoa) VALUES ('16','3927');
INSERT INTO pessoa (id_pessoa, tipo_documento,documento,nome,data_nascimento,nome_pais_origem) VALUES ('3928','PASS','000274888','Bunck','19890410','India');
INSERT INTO emprega_gravacao (id_gravacao, id_pessoa) VALUES ('16','3928');
INSERT INTO pessoa (id_pessoa, tipo_documento,documento,nome,data_nascimento,nome_pais_origem) VALUES ('3929','PASS','000398088','Falci','19711119','Mozambique');
INSERT INTO emprega_gravacao (id_gravacao, id_pessoa) VALUES ('16','3929');
INSERT INTO pessoa (id_pessoa, tipo_documento,documento,nome,data_nascimento,nome_pais_origem) VALUES ('3930','PASS','000590963','Durkes','19830412','Uruguay');
INSERT INTO emprega_gravacao (id_gravacao, id_pessoa) VALUES ('16','3930');
INSERT INTO pessoa (id_pessoa, tipo_documento,documento,nome,data_nascimento,nome_pais_origem) VALUES ('3931','PASS','000137453','Giammona','19890504','Hungary');
INSERT INTO emprega_gravacao (id_gravacao, id_pessoa) VALUES ('16','3931');
INSERT INTO pessoa (id_pessoa, tipo_documento,documento,nome,data_nascimento,nome_pais_origem) VALUES ('3932','PASS','000333369','Auprey','19730907','Finland');
INSERT INTO emprega_gravacao (id_gravacao, id_pessoa) VALUES ('16','3932');
INSERT INTO pessoa (id_pessoa, tipo_documento,documento,nome,data_nascimento,nome_pais_origem) VALUES ('3933','PASS','000880655','Figueiredo','19831117','Netherlands');
INSERT INTO emprega_gravacao (id_gravacao, id_pessoa) VALUES ('16','3933');
INSERT INTO equipe_de_gravacao (id_gravacao,nome_empresa) VALUES ('17','BDSPRDL');
INSERT INTO pessoa (id_pessoa, tipo_documento,documento,nome,data_nascimento,nome_pais_origem) VALUES ('3934','PASS','000719110','Coit','19830120','Armenia');
INSERT INTO emprega_gravacao (id_gravacao, id_pessoa) VALUES ('17','3934');
INSERT INTO pessoa (id_pessoa, tipo_documento,documento,nome,data_nascimento,nome_pais_origem) VALUES ('3935','PASS','000487995','Agueda','19800627','Thailand');
INSERT INTO emprega_gravacao (id_gravacao, id_pessoa) VALUES ('17','3935');
INSERT INTO pessoa (id_pessoa, tipo_documento,documento,nome,data_nascimento,nome_pais_origem) VALUES ('3936','PASS','000153344','Gravino','19840911','Costa');
INSERT INTO emprega_gravacao (id_gravacao, id_pessoa) VALUES ('17','3936');
INSERT INTO pessoa (id_pessoa, tipo_documento,documento,nome,data_nascimento,nome_pais_origem) VALUES ('3937','PASS','000730730','Chrabaszcz','19841125','Norway');
INSERT INTO emprega_gravacao (id_gravacao, id_pessoa) VALUES ('17','3937');
INSERT INTO pessoa (id_pessoa, tipo_documento,documento,nome,data_nascimento,nome_pais_origem) VALUES ('3938','PASS','000745870','Botting','19771103','Estonia');
INSERT INTO emprega_gravacao (id_gravacao, id_pessoa) VALUES ('17','3938');
INSERT INTO pessoa (id_pessoa, tipo_documento,documento,nome,data_nascimento,nome_pais_origem) VALUES ('3939','PASS','000997971','Deale','19801201','Netherlands');
INSERT INTO emprega_gravacao (id_gravacao, id_pessoa) VALUES ('17','3939');
INSERT INTO pessoa (id_pessoa, tipo_documento,documento,nome,data_nascimento,nome_pais_origem) VALUES ('3940','PASS','000222120','Cantella','19840101','Bulgaria');
INSERT INTO emprega_gravacao (id_gravacao, id_pessoa) VALUES ('17','3940');
INSERT INTO pessoa (id_pessoa, tipo_documento,documento,nome,data_nascimento,nome_pais_origem) VALUES ('3941','PASS','000216360','Allie','19710812','Cuba');
INSERT INTO emprega_gravacao (id_gravacao, id_pessoa) VALUES ('17','3941');
INSERT INTO pessoa (id_pessoa, tipo_documento,documento,nome,data_nascimento,nome_pais_origem) VALUES ('3942','PASS','000332794','Brusco','19750518','Mozambique');
INSERT INTO emprega_gravacao (id_gravacao, id_pessoa) VALUES ('17','3942');
INSERT INTO pessoa (id_pessoa, tipo_documento,documento,nome,data_nascimento,nome_pais_origem) VALUES ('3943','PASS','000929366','Balboni','19701103','Italy');
INSERT INTO emprega_gravacao (id_gravacao, id_pessoa) VALUES ('17','3943');
INSERT INTO pessoa (id_pessoa, tipo_documento,documento,nome,data_nascimento,nome_pais_origem) VALUES ('3944','PASS','000233073','Fairhurst','19860906','China');
INSERT INTO emprega_gravacao (id_gravacao, id_pessoa) VALUES ('17','3944');
INSERT INTO pessoa (id_pessoa, tipo_documento,documento,nome,data_nascimento,nome_pais_origem) VALUES ('3945','PASS','000535955','Frisina','19700308','Cuba');
INSERT INTO emprega_gravacao (id_gravacao, id_pessoa) VALUES ('17','3945');
INSERT INTO pessoa (id_pessoa, tipo_documento,documento,nome,data_nascimento,nome_pais_origem) VALUES ('3946','PASS','000968144','Amigo','19821107','Estonia');
INSERT INTO emprega_gravacao (id_gravacao, id_pessoa) VALUES ('17','3946');
INSERT INTO pessoa (id_pessoa, tipo_documento,documento,nome,data_nascimento,nome_pais_origem) VALUES ('3947','PASS','000898690','Capdeville','19711226','Brazil');
INSERT INTO emprega_gravacao (id_gravacao, id_pessoa) VALUES ('17','3947');
INSERT INTO pessoa (id_pessoa, tipo_documento,documento,nome,data_nascimento,nome_pais_origem) VALUES ('3948','PASS','000943424','Abbassi','19810825','Thailand');
INSERT INTO emprega_gravacao (id_gravacao, id_pessoa) VALUES ('17','3948');
INSERT INTO pessoa (id_pessoa, tipo_documento,documento,nome,data_nascimento,nome_pais_origem) VALUES ('3949','PASS','000504159','Gemmill','19840417','Uzbekistan');
INSERT INTO emprega_gravacao (id_gravacao, id_pessoa) VALUES ('17','3949');
INSERT INTO pessoa (id_pessoa, tipo_documento,documento,nome,data_nascimento,nome_pais_origem) VALUES ('3950','PASS','000879135','Bergeson','19760426','Spain');
INSERT INTO emprega_gravacao (id_gravacao, id_pessoa) VALUES ('17','3950');
INSERT INTO pessoa (id_pessoa, tipo_documento,documento,nome,data_nascimento,nome_pais_origem) VALUES ('3951','PASS','000589148','Bourgon','19860319','India');
INSERT INTO emprega_gravacao (id_gravacao, id_pessoa) VALUES ('17','3951');
INSERT INTO pessoa (id_pessoa, tipo_documento,documento,nome,data_nascimento,nome_pais_origem) VALUES ('3952','PASS','000149776','Frary','19731007','Senegal');
INSERT INTO emprega_gravacao (id_gravacao, id_pessoa) VALUES ('17','3952');
INSERT INTO pessoa (id_pessoa, tipo_documento,documento,nome,data_nascimento,nome_pais_origem) VALUES ('3953','PASS','000960750','Elsmore','19780318','China');
INSERT INTO emprega_gravacao (id_gravacao, id_pessoa) VALUES ('17','3953');
INSERT INTO pessoa (id_pessoa, tipo_documento,documento,nome,data_nascimento,nome_pais_origem) VALUES ('3954','PASS','000117471','Bartos','19711215','Croatia');
INSERT INTO emprega_gravacao (id_gravacao, id_pessoa) VALUES ('17','3954');
INSERT INTO pessoa (id_pessoa, tipo_documento,documento,nome,data_nascimento,nome_pais_origem) VALUES ('3955','PASS','000692515','Batalla','19750326','Cuba');
INSERT INTO emprega_gravacao (id_gravacao, id_pessoa) VALUES ('17','3955');
INSERT INTO pessoa (id_pessoa, tipo_documento,documento,nome,data_nascimento,nome_pais_origem) VALUES ('3956','PASS','000649321','Eskind','19860417','Syria');
INSERT INTO emprega_gravacao (id_gravacao, id_pessoa) VALUES ('17','3956');
INSERT INTO pessoa (id_pessoa, tipo_documento,documento,nome,data_nascimento,nome_pais_origem) VALUES ('3957','PASS','000898885','Floros','19891224','Germany');
INSERT INTO emprega_gravacao (id_gravacao, id_pessoa) VALUES ('17','3957');
INSERT INTO pessoa (id_pessoa, tipo_documento,documento,nome,data_nascimento,nome_pais_origem) VALUES ('3958','PASS','000977800','Byse','19830201','Afghanistan');
INSERT INTO emprega_gravacao (id_gravacao, id_pessoa) VALUES ('17','3958');
INSERT INTO pessoa (id_pessoa, tipo_documento,documento,nome,data_nascimento,nome_pais_origem) VALUES ('3959','PASS','000965279','Bosefski','19811113','Switzerland');
INSERT INTO emprega_gravacao (id_gravacao, id_pessoa) VALUES ('17','3959');
INSERT INTO equipe_de_gravacao (id_gravacao,nome_empresa) VALUES ('18','SRQDHJV');
INSERT INTO pessoa (id_pessoa, tipo_documento,documento,nome,data_nascimento,nome_pais_origem) VALUES ('3960','PASS','000351560','Grunert','19810509','Egypt');
INSERT INTO emprega_gravacao (id_gravacao, id_pessoa) VALUES ('18','3960');
INSERT INTO pessoa (id_pessoa, tipo_documento,documento,nome,data_nascimento,nome_pais_origem) VALUES ('3961','PASS','000114515','Bonetti','19701219','Romania');
INSERT INTO emprega_gravacao (id_gravacao, id_pessoa) VALUES ('18','3961');
INSERT INTO pessoa (id_pessoa, tipo_documento,documento,nome,data_nascimento,nome_pais_origem) VALUES ('3962','PASS','000500909','Canes','19750316','Serbia');
INSERT INTO emprega_gravacao (id_gravacao, id_pessoa) VALUES ('18','3962');
INSERT INTO pessoa (id_pessoa, tipo_documento,documento,nome,data_nascimento,nome_pais_origem) VALUES ('3963','PASS','000886098','Danoski','19771006','France');
INSERT INTO emprega_gravacao (id_gravacao, id_pessoa) VALUES ('18','3963');
INSERT INTO pessoa (id_pessoa, tipo_documento,documento,nome,data_nascimento,nome_pais_origem) VALUES ('3964','PASS','000723913','Cestero','19830917','Mongolia');
INSERT INTO emprega_gravacao (id_gravacao, id_pessoa) VALUES ('18','3964');
INSERT INTO pessoa (id_pessoa, tipo_documento,documento,nome,data_nascimento,nome_pais_origem) VALUES ('3965','PASS','000580120','Bimler','19700311','Uruguay');
INSERT INTO emprega_gravacao (id_gravacao, id_pessoa) VALUES ('18','3965');
INSERT INTO pessoa (id_pessoa, tipo_documento,documento,nome,data_nascimento,nome_pais_origem) VALUES ('3966','PASS','000715166','Dates','19721116','Algeria');
INSERT INTO emprega_gravacao (id_gravacao, id_pessoa) VALUES ('18','3966');
INSERT INTO pessoa (id_pessoa, tipo_documento,documento,nome,data_nascimento,nome_pais_origem) VALUES ('3967','PASS','000906956','Cowder','19730924','Italy');
INSERT INTO emprega_gravacao (id_gravacao, id_pessoa) VALUES ('18','3967');
INSERT INTO pessoa (id_pessoa, tipo_documento,documento,nome,data_nascimento,nome_pais_origem) VALUES ('3968','PASS','000669422','Brossmann','19751106','Philippines');
INSERT INTO emprega_gravacao (id_gravacao, id_pessoa) VALUES ('18','3968');
INSERT INTO pessoa (id_pessoa, tipo_documento,documento,nome,data_nascimento,nome_pais_origem) VALUES ('3969','PASS','000451354','Gioe','19830627','Bahrain');
INSERT INTO emprega_gravacao (id_gravacao, id_pessoa) VALUES ('18','3969');
INSERT INTO pessoa (id_pessoa, tipo_documento,documento,nome,data_nascimento,nome_pais_origem) VALUES ('3970','PASS','000467631','Boniface','19851212','Australia');
INSERT INTO emprega_gravacao (id_gravacao, id_pessoa) VALUES ('18','3970');
INSERT INTO pessoa (id_pessoa, tipo_documento,documento,nome,data_nascimento,nome_pais_origem) VALUES ('3971','PASS','000497243','Berdy','19791107','Denmark');
INSERT INTO emprega_gravacao (id_gravacao, id_pessoa) VALUES ('18','3971');
INSERT INTO pessoa (id_pessoa, tipo_documento,documento,nome,data_nascimento,nome_pais_origem) VALUES ('3972','PASS','000644455','Bleau','19730312','Slovakia');
INSERT INTO emprega_gravacao (id_gravacao, id_pessoa) VALUES ('18','3972');
INSERT INTO pessoa (id_pessoa, tipo_documento,documento,nome,data_nascimento,nome_pais_origem) VALUES ('3973','PASS','000680442','Fote','19881014','Slovakia');
INSERT INTO emprega_gravacao (id_gravacao, id_pessoa) VALUES ('18','3973');
INSERT INTO pessoa (id_pessoa, tipo_documento,documento,nome,data_nascimento,nome_pais_origem) VALUES ('3974','PASS','000684090','Ehmke','19740717','Cuba');
INSERT INTO emprega_gravacao (id_gravacao, id_pessoa) VALUES ('18','3974');
INSERT INTO pessoa (id_pessoa, tipo_documento,documento,nome,data_nascimento,nome_pais_origem) VALUES ('3975','PASS','000342800','Batala','19750220','Slovakia');
INSERT INTO emprega_gravacao (id_gravacao, id_pessoa) VALUES ('18','3975');
INSERT INTO pessoa (id_pessoa, tipo_documento,documento,nome,data_nascimento,nome_pais_origem) VALUES ('3976','PASS','000948029','Biddleman','19770120','Portugal');
INSERT INTO emprega_gravacao (id_gravacao, id_pessoa) VALUES ('18','3976');
INSERT INTO pessoa (id_pessoa, tipo_documento,documento,nome,data_nascimento,nome_pais_origem) VALUES ('3977','PASS','000905606','Gaeddert','19831014','Spain');
INSERT INTO emprega_gravacao (id_gravacao, id_pessoa) VALUES ('18','3977');
INSERT INTO pessoa (id_pessoa, tipo_documento,documento,nome,data_nascimento,nome_pais_origem) VALUES ('3978','PASS','000462764','Birenbaum','19721125','Nepal');
INSERT INTO emprega_gravacao (id_gravacao, id_pessoa) VALUES ('18','3978');
INSERT INTO pessoa (id_pessoa, tipo_documento,documento,nome,data_nascimento,nome_pais_origem) VALUES ('3979','PASS','000874028','Biggers','19710526','Slovakia');
INSERT INTO emprega_gravacao (id_gravacao, id_pessoa) VALUES ('18','3979');
INSERT INTO pessoa (id_pessoa, tipo_documento,documento,nome,data_nascimento,nome_pais_origem) VALUES ('3980','PASS','000350748','Ashe','19730223','Saudi');
INSERT INTO emprega_gravacao (id_gravacao, id_pessoa) VALUES ('18','3980');
INSERT INTO pessoa (id_pessoa, tipo_documento,documento,nome,data_nascimento,nome_pais_origem) VALUES ('3981','PASS','000242063','Burnstein','19741206','Morocco');
INSERT INTO emprega_gravacao (id_gravacao, id_pessoa) VALUES ('18','3981');
INSERT INTO pessoa (id_pessoa, tipo_documento,documento,nome,data_nascimento,nome_pais_origem) VALUES ('3982','PASS','000763928','Depree','19720512','Norway');
INSERT INTO emprega_gravacao (id_gravacao, id_pessoa) VALUES ('18','3982');
INSERT INTO pessoa (id_pessoa, tipo_documento,documento,nome,data_nascimento,nome_pais_origem) VALUES ('3983','PASS','000885593','Gauss','19741108','Japan');
INSERT INTO emprega_gravacao (id_gravacao, id_pessoa) VALUES ('18','3983');
INSERT INTO equipe_de_gravacao (id_gravacao,nome_empresa) VALUES ('19','SLSLTKI');
INSERT INTO pessoa (id_pessoa, tipo_documento,documento,nome,data_nascimento,nome_pais_origem) VALUES ('3984','PASS','000934206','Cambel','19830926','Barbados');
INSERT INTO emprega_gravacao (id_gravacao, id_pessoa) VALUES ('19','3984');
INSERT INTO equipe_de_gravacao (id_gravacao,nome_empresa) VALUES ('20','OYIEZXB');
INSERT INTO pessoa (id_pessoa, tipo_documento,documento,nome,data_nascimento,nome_pais_origem) VALUES ('3985','PASS','000873222','Betenson','19720709','Armenia');
INSERT INTO emprega_gravacao (id_gravacao, id_pessoa) VALUES ('20','3985');
INSERT INTO pessoa (id_pessoa, tipo_documento,documento,nome,data_nascimento,nome_pais_origem) VALUES ('3986','PASS','000599632','Confalone','19790708','Barbados');
INSERT INTO emprega_gravacao (id_gravacao, id_pessoa) VALUES ('20','3986');
INSERT INTO pessoa (id_pessoa, tipo_documento,documento,nome,data_nascimento,nome_pais_origem) VALUES ('3987','PASS','000308792','Daylong','19780320','Belarus');
INSERT INTO emprega_gravacao (id_gravacao, id_pessoa) VALUES ('20','3987');
INSERT INTO pessoa (id_pessoa, tipo_documento,documento,nome,data_nascimento,nome_pais_origem) VALUES ('3988','PASS','000404409','Chelette','19790712','Bangladesh');
INSERT INTO emprega_gravacao (id_gravacao, id_pessoa) VALUES ('20','3988');
INSERT INTO pessoa (id_pessoa, tipo_documento,documento,nome,data_nascimento,nome_pais_origem) VALUES ('3989','PASS','000832634','Brickell','19890214','New');
INSERT INTO emprega_gravacao (id_gravacao, id_pessoa) VALUES ('20','3989');
INSERT INTO pessoa (id_pessoa, tipo_documento,documento,nome,data_nascimento,nome_pais_origem) VALUES ('3990','PASS','000967299','Cruthird','19751101','Bahamas');
INSERT INTO emprega_gravacao (id_gravacao, id_pessoa) VALUES ('20','3990');
INSERT INTO pessoa (id_pessoa, tipo_documento,documento,nome,data_nascimento,nome_pais_origem) VALUES ('3991','PASS','000632465','Bartoletti','19700121','Netherlands');
INSERT INTO emprega_gravacao (id_gravacao, id_pessoa) VALUES ('20','3991');
INSERT INTO pessoa (id_pessoa, tipo_documento,documento,nome,data_nascimento,nome_pais_origem) VALUES ('3992','PASS','000872596','Breman','19761026','Arabia');
INSERT INTO emprega_gravacao (id_gravacao, id_pessoa) VALUES ('20','3992');
INSERT INTO pessoa (id_pessoa, tipo_documento,documento,nome,data_nascimento,nome_pais_origem) VALUES ('3993','PASS','000124035','Byles','19850626','Iran');
INSERT INTO emprega_gravacao (id_gravacao, id_pessoa) VALUES ('20','3993');
INSERT INTO pessoa (id_pessoa, tipo_documento,documento,nome,data_nascimento,nome_pais_origem) VALUES ('3994','PASS','000840595','Amo','19850801','Nepal');
INSERT INTO emprega_gravacao (id_gravacao, id_pessoa) VALUES ('20','3994');
INSERT INTO pessoa (id_pessoa, tipo_documento,documento,nome,data_nascimento,nome_pais_origem) VALUES ('3995','PASS','000443219','Fluck','19810125','Senegal');
INSERT INTO emprega_gravacao (id_gravacao, id_pessoa) VALUES ('20','3995');
INSERT INTO pessoa (id_pessoa, tipo_documento,documento,nome,data_nascimento,nome_pais_origem) VALUES ('3996','PASS','000309166','Brummel','19800208','Angola');
INSERT INTO emprega_gravacao (id_gravacao, id_pessoa) VALUES ('20','3996');
INSERT INTO pessoa (id_pessoa, tipo_documento,documento,nome,data_nascimento,nome_pais_origem) VALUES ('3997','PASS','000370554','Bacote','19760719','Peru');
INSERT INTO emprega_gravacao (id_gravacao, id_pessoa) VALUES ('20','3997');
INSERT INTO pessoa (id_pessoa, tipo_documento,documento,nome,data_nascimento,nome_pais_origem) VALUES ('3998','PASS','000305038','Grazyna','19870913','Georgia');
INSERT INTO emprega_gravacao (id_gravacao, id_pessoa) VALUES ('20','3998');
INSERT INTO pessoa (id_pessoa, tipo_documento,documento,nome,data_nascimento,nome_pais_origem) VALUES ('3999','PASS','000225507','Andalora','19860523','Romania');
INSERT INTO emprega_gravacao (id_gravacao, id_pessoa) VALUES ('20','3999');
INSERT INTO pessoa (id_pessoa, tipo_documento,documento,nome,data_nascimento,nome_pais_origem) VALUES ('4000','PASS','000995129','Alisa','19740824','Estonia');
INSERT INTO emprega_gravacao (id_gravacao, id_pessoa) VALUES ('20','4000');
INSERT INTO pessoa (id_pessoa, tipo_documento,documento,nome,data_nascimento,nome_pais_origem) VALUES ('4001','PASS','000290976','Cellupica','19760818','Brazil');
INSERT INTO emprega_gravacao (id_gravacao, id_pessoa) VALUES ('20','4001');
INSERT INTO equipe_de_gravacao (id_gravacao,nome_empresa) VALUES ('21','FJYLHJJ');
INSERT INTO pessoa (id_pessoa, tipo_documento,documento,nome,data_nascimento,nome_pais_origem) VALUES ('4002','PASS','000387637','Grey','19850210','Poland');
INSERT INTO emprega_gravacao (id_gravacao, id_pessoa) VALUES ('21','4002');
INSERT INTO equipe_de_gravacao (id_gravacao,nome_empresa) VALUES ('22','XXBNCNA');
INSERT INTO pessoa (id_pessoa, tipo_documento,documento,nome,data_nascimento,nome_pais_origem) VALUES ('4003','PASS','000703504','Cantarella','19811007','Bulgaria');
INSERT INTO emprega_gravacao (id_gravacao, id_pessoa) VALUES ('22','4003');
INSERT INTO pessoa (id_pessoa, tipo_documento,documento,nome,data_nascimento,nome_pais_origem) VALUES ('4004','PASS','000959935','Busman','19880210','Bulgaria');
INSERT INTO emprega_gravacao (id_gravacao, id_pessoa) VALUES ('22','4004');
INSERT INTO pessoa (id_pessoa, tipo_documento,documento,nome,data_nascimento,nome_pais_origem) VALUES ('4005','PASS','000375149','Forrer','19720512','Monaco');
INSERT INTO emprega_gravacao (id_gravacao, id_pessoa) VALUES ('22','4005');
INSERT INTO pessoa (id_pessoa, tipo_documento,documento,nome,data_nascimento,nome_pais_origem) VALUES ('4006','PASS','000558184','Ehrlich','19881104','Brazil');
INSERT INTO emprega_gravacao (id_gravacao, id_pessoa) VALUES ('22','4006');
INSERT INTO pessoa (id_pessoa, tipo_documento,documento,nome,data_nascimento,nome_pais_origem) VALUES ('4007','PASS','000888177','Goldenberg','19841110','Netherlands');
INSERT INTO emprega_gravacao (id_gravacao, id_pessoa) VALUES ('22','4007');
INSERT INTO equipe_de_gravacao (id_gravacao,nome_empresa) VALUES ('23','WBHSWRO');
INSERT INTO pessoa (id_pessoa, tipo_documento,documento,nome,data_nascimento,nome_pais_origem) VALUES ('4008','PASS','000888869','Edie','19850225','Netherlands');
INSERT INTO emprega_gravacao (id_gravacao, id_pessoa) VALUES ('23','4008');
INSERT INTO pessoa (id_pessoa, tipo_documento,documento,nome,data_nascimento,nome_pais_origem) VALUES ('4009','PASS','000495787','Boback','19801124','Belgium');
INSERT INTO emprega_gravacao (id_gravacao, id_pessoa) VALUES ('23','4009');
INSERT INTO pessoa (id_pessoa, tipo_documento,documento,nome,data_nascimento,nome_pais_origem) VALUES ('4010','PASS','000574244','Eppley','19750527','Albania');
INSERT INTO emprega_gravacao (id_gravacao, id_pessoa) VALUES ('23','4010');
INSERT INTO pessoa (id_pessoa, tipo_documento,documento,nome,data_nascimento,nome_pais_origem) VALUES ('4011','PASS','000259848','Dallago','19870705','Iraq');
INSERT INTO emprega_gravacao (id_gravacao, id_pessoa) VALUES ('23','4011');
INSERT INTO pessoa (id_pessoa, tipo_documento,documento,nome,data_nascimento,nome_pais_origem) VALUES ('4012','PASS','000267492','Desaulniers','19851210','Saudi');
INSERT INTO emprega_gravacao (id_gravacao, id_pessoa) VALUES ('23','4012');
INSERT INTO pessoa (id_pessoa, tipo_documento,documento,nome,data_nascimento,nome_pais_origem) VALUES ('4013','PASS','000561779','Bradigan','19711003','Iraq');
INSERT INTO emprega_gravacao (id_gravacao, id_pessoa) VALUES ('23','4013');
INSERT INTO pessoa (id_pessoa, tipo_documento,documento,nome,data_nascimento,nome_pais_origem) VALUES ('4014','PASS','000662173','Barrows','19860108','Arabia');
INSERT INTO emprega_gravacao (id_gravacao, id_pessoa) VALUES ('23','4014');
INSERT INTO pessoa (id_pessoa, tipo_documento,documento,nome,data_nascimento,nome_pais_origem) VALUES ('4015','PASS','000421377','Farrall','19871124','Chile');
INSERT INTO emprega_gravacao (id_gravacao, id_pessoa) VALUES ('23','4015');
INSERT INTO pessoa (id_pessoa, tipo_documento,documento,nome,data_nascimento,nome_pais_origem) VALUES ('4016','PASS','000353472','Bagni','19741109','Mongolia');
INSERT INTO emprega_gravacao (id_gravacao, id_pessoa) VALUES ('23','4016');
INSERT INTO pessoa (id_pessoa, tipo_documento,documento,nome,data_nascimento,nome_pais_origem) VALUES ('4017','PASS','000707073','Guadarrama','19790502','Switzerland');
INSERT INTO emprega_gravacao (id_gravacao, id_pessoa) VALUES ('23','4017');
INSERT INTO equipe_de_gravacao (id_gravacao,nome_empresa) VALUES ('24','RLNEHLA');
INSERT INTO pessoa (id_pessoa, tipo_documento,documento,nome,data_nascimento,nome_pais_origem) VALUES ('4018','PASS','000648383','Brevell','19800702','Belarus');
INSERT INTO emprega_gravacao (id_gravacao, id_pessoa) VALUES ('24','4018');
INSERT INTO pessoa (id_pessoa, tipo_documento,documento,nome,data_nascimento,nome_pais_origem) VALUES ('4019','PASS','000721539','Campbel','19710305','Australia');
INSERT INTO emprega_gravacao (id_gravacao, id_pessoa) VALUES ('24','4019');
INSERT INTO pessoa (id_pessoa, tipo_documento,documento,nome,data_nascimento,nome_pais_origem) VALUES ('4020','PASS','000771614','Conolly','19860416','Iraq');
INSERT INTO emprega_gravacao (id_gravacao, id_pessoa) VALUES ('24','4020');
INSERT INTO pessoa (id_pessoa, tipo_documento,documento,nome,data_nascimento,nome_pais_origem) VALUES ('4021','PASS','000475699','Funck','19770318','Netherlands');
INSERT INTO emprega_gravacao (id_gravacao, id_pessoa) VALUES ('24','4021');
INSERT INTO pessoa (id_pessoa, tipo_documento,documento,nome,data_nascimento,nome_pais_origem) VALUES ('4022','PASS','000778126','Geagan','19841111','Thailand');
INSERT INTO emprega_gravacao (id_gravacao, id_pessoa) VALUES ('24','4022');
INSERT INTO pessoa (id_pessoa, tipo_documento,documento,nome,data_nascimento,nome_pais_origem) VALUES ('4023','PASS','000857493','Gilgour','19810315','Rica');
INSERT INTO emprega_gravacao (id_gravacao, id_pessoa) VALUES ('24','4023');
INSERT INTO pessoa (id_pessoa, tipo_documento,documento,nome,data_nascimento,nome_pais_origem) VALUES ('4024','PASS','000919219','Fiaschetti','19711102','Georgia');
INSERT INTO emprega_gravacao (id_gravacao, id_pessoa) VALUES ('24','4024');
INSERT INTO pessoa (id_pessoa, tipo_documento,documento,nome,data_nascimento,nome_pais_origem) VALUES ('4025','PASS','000715198','Baar','19781007','Germany');
INSERT INTO emprega_gravacao (id_gravacao, id_pessoa) VALUES ('24','4025');
INSERT INTO pessoa (id_pessoa, tipo_documento,documento,nome,data_nascimento,nome_pais_origem) VALUES ('4026','PASS','000901529','Bonifield','19760610','Bulgaria');
INSERT INTO emprega_gravacao (id_gravacao, id_pessoa) VALUES ('24','4026');
INSERT INTO pessoa (id_pessoa, tipo_documento,documento,nome,data_nascimento,nome_pais_origem) VALUES ('4027','PASS','000575238','Bunyard','19800705','Afghanistan');
INSERT INTO emprega_gravacao (id_gravacao, id_pessoa) VALUES ('24','4027');
INSERT INTO pessoa (id_pessoa, tipo_documento,documento,nome,data_nascimento,nome_pais_origem) VALUES ('4028','PASS','000370860','Dardenne','19800217','Mongolia');
INSERT INTO emprega_gravacao (id_gravacao, id_pessoa) VALUES ('24','4028');
INSERT INTO pessoa (id_pessoa, tipo_documento,documento,nome,data_nascimento,nome_pais_origem) VALUES ('4029','PASS','000973129','Douvia','19720621','Norway');
INSERT INTO emprega_gravacao (id_gravacao, id_pessoa) VALUES ('24','4029');
INSERT INTO pessoa (id_pessoa, tipo_documento,documento,nome,data_nascimento,nome_pais_origem) VALUES ('4030','PASS','000575434','Doepke','19720206','Chad');
INSERT INTO emprega_gravacao (id_gravacao, id_pessoa) VALUES ('24','4030');
INSERT INTO pessoa (id_pessoa, tipo_documento,documento,nome,data_nascimento,nome_pais_origem) VALUES ('4031','PASS','000229290','Criton','19710225','Turkey');
INSERT INTO emprega_gravacao (id_gravacao, id_pessoa) VALUES ('24','4031');
INSERT INTO pessoa (id_pessoa, tipo_documento,documento,nome,data_nascimento,nome_pais_origem) VALUES ('4032','PASS','000986245','Ellebrecht','19781003','Germany');
INSERT INTO emprega_gravacao (id_gravacao, id_pessoa) VALUES ('24','4032');
INSERT INTO pessoa (id_pessoa, tipo_documento,documento,nome,data_nascimento,nome_pais_origem) VALUES ('4033','PASS','000748322','Bolz','19730526','Italy');
INSERT INTO emprega_gravacao (id_gravacao, id_pessoa) VALUES ('24','4033');
INSERT INTO pessoa (id_pessoa, tipo_documento,documento,nome,data_nascimento,nome_pais_origem) VALUES ('4034','PASS','000360116','Bellusci','19700124','Vietnam');
INSERT INTO emprega_gravacao (id_gravacao, id_pessoa) VALUES ('24','4034');
INSERT INTO pessoa (id_pessoa, tipo_documento,documento,nome,data_nascimento,nome_pais_origem) VALUES ('4035','PASS','000361220','Bogguess','19750318','Mozambique');
INSERT INTO emprega_gravacao (id_gravacao, id_pessoa) VALUES ('24','4035');
INSERT INTO pessoa (id_pessoa, tipo_documento,documento,nome,data_nascimento,nome_pais_origem) VALUES ('4036','PASS','000609788','Brendlinger','19750821','Uruguay');
INSERT INTO emprega_gravacao (id_gravacao, id_pessoa) VALUES ('24','4036');
INSERT INTO pessoa (id_pessoa, tipo_documento,documento,nome,data_nascimento,nome_pais_origem) VALUES ('4037','PASS','000838405','Baitg','19780421','Slovakia');
INSERT INTO emprega_gravacao (id_gravacao, id_pessoa) VALUES ('24','4037');
INSERT INTO pessoa (id_pessoa, tipo_documento,documento,nome,data_nascimento,nome_pais_origem) VALUES ('4038','PASS','000961385','Gamberg','19861223','Nepal');
INSERT INTO emprega_gravacao (id_gravacao, id_pessoa) VALUES ('24','4038');
INSERT INTO pessoa (id_pessoa, tipo_documento,documento,nome,data_nascimento,nome_pais_origem) VALUES ('4039','PASS','000813022','Agredano','19821101','Thailand');
INSERT INTO emprega_gravacao (id_gravacao, id_pessoa) VALUES ('24','4039');
INSERT INTO pessoa (id_pessoa, tipo_documento,documento,nome,data_nascimento,nome_pais_origem) VALUES ('4040','PASS','000718028','Bayes','19880420','Hungary');
INSERT INTO emprega_gravacao (id_gravacao, id_pessoa) VALUES ('24','4040');
INSERT INTO pessoa (id_pessoa, tipo_documento,documento,nome,data_nascimento,nome_pais_origem) VALUES ('4041','PASS','000981833','Fuapau','19760810','Portugal');
INSERT INTO emprega_gravacao (id_gravacao, id_pessoa) VALUES ('24','4041');
INSERT INTO pessoa (id_pessoa, tipo_documento,documento,nome,data_nascimento,nome_pais_origem) VALUES ('4042','PASS','000687746','Coffen','19841216','Mongolia');
INSERT INTO emprega_gravacao (id_gravacao, id_pessoa) VALUES ('24','4042');
INSERT INTO pessoa (id_pessoa, tipo_documento,documento,nome,data_nascimento,nome_pais_origem) VALUES ('4043','PASS','000880344','Citrin','19890907','India');
INSERT INTO emprega_gravacao (id_gravacao, id_pessoa) VALUES ('24','4043');
INSERT INTO pessoa (id_pessoa, tipo_documento,documento,nome,data_nascimento,nome_pais_origem) VALUES ('4044','PASS','000151525','Antwine','19770322','Bahamas');
INSERT INTO emprega_gravacao (id_gravacao, id_pessoa) VALUES ('24','4044');
INSERT INTO pessoa (id_pessoa, tipo_documento,documento,nome,data_nascimento,nome_pais_origem) VALUES ('4045','PASS','000257386','Banana','19880508','Bahrain');
INSERT INTO emprega_gravacao (id_gravacao, id_pessoa) VALUES ('24','4045');
INSERT INTO pessoa (id_pessoa, tipo_documento,documento,nome,data_nascimento,nome_pais_origem) VALUES ('4046','PASS','000800137','Frandeen','19710808','Iraq');
INSERT INTO emprega_gravacao (id_gravacao, id_pessoa) VALUES ('24','4046');
INSERT INTO pessoa (id_pessoa, tipo_documento,documento,nome,data_nascimento,nome_pais_origem) VALUES ('4047','PASS','000685649','Emore','19731022','Ukraine');
INSERT INTO emprega_gravacao (id_gravacao, id_pessoa) VALUES ('24','4047');
INSERT INTO equipe_de_gravacao (id_gravacao,nome_empresa) VALUES ('25','IQGEBKH');
INSERT INTO pessoa (id_pessoa, tipo_documento,documento,nome,data_nascimento,nome_pais_origem) VALUES ('4048','PASS','000402599','Ennist','19860303','Bangladesh');
INSERT INTO emprega_gravacao (id_gravacao, id_pessoa) VALUES ('25','4048');
INSERT INTO pessoa (id_pessoa, tipo_documento,documento,nome,data_nascimento,nome_pais_origem) VALUES ('4049','PASS','000517182','Cager','19780321','Nepal');
INSERT INTO emprega_gravacao (id_gravacao, id_pessoa) VALUES ('25','4049');
INSERT INTO pessoa (id_pessoa, tipo_documento,documento,nome,data_nascimento,nome_pais_origem) VALUES ('4050','PASS','000408829','Babinski','19780324','Armenia');
INSERT INTO emprega_gravacao (id_gravacao, id_pessoa) VALUES ('25','4050');
INSERT INTO pessoa (id_pessoa, tipo_documento,documento,nome,data_nascimento,nome_pais_origem) VALUES ('4051','PASS','000269311','Genaro','19881207','Slovakia');
INSERT INTO emprega_gravacao (id_gravacao, id_pessoa) VALUES ('25','4051');
INSERT INTO pessoa (id_pessoa, tipo_documento,documento,nome,data_nascimento,nome_pais_origem) VALUES ('4052','PASS','000568051','Cardish','19830622','Estonia');
INSERT INTO emprega_gravacao (id_gravacao, id_pessoa) VALUES ('25','4052');
INSERT INTO pessoa (id_pessoa, tipo_documento,documento,nome,data_nascimento,nome_pais_origem) VALUES ('4053','PASS','000124713','Bush','19760321','Chile');
INSERT INTO emprega_gravacao (id_gravacao, id_pessoa) VALUES ('25','4053');
INSERT INTO pessoa (id_pessoa, tipo_documento,documento,nome,data_nascimento,nome_pais_origem) VALUES ('4054','PASS','000713336','Dorris','19710503','Nepal');
INSERT INTO emprega_gravacao (id_gravacao, id_pessoa) VALUES ('25','4054');
INSERT INTO pessoa (id_pessoa, tipo_documento,documento,nome,data_nascimento,nome_pais_origem) VALUES ('4055','PASS','000169846','Buetow','19860319','Colombia');
INSERT INTO emprega_gravacao (id_gravacao, id_pessoa) VALUES ('25','4055');
INSERT INTO pessoa (id_pessoa, tipo_documento,documento,nome,data_nascimento,nome_pais_origem) VALUES ('4056','PASS','000577783','Degraffenried','19800113','Albania');
INSERT INTO emprega_gravacao (id_gravacao, id_pessoa) VALUES ('25','4056');
INSERT INTO pessoa (id_pessoa, tipo_documento,documento,nome,data_nascimento,nome_pais_origem) VALUES ('4057','PASS','000200078','Cesar','19721219','Mongolia');
INSERT INTO emprega_gravacao (id_gravacao, id_pessoa) VALUES ('25','4057');
INSERT INTO pessoa (id_pessoa, tipo_documento,documento,nome,data_nascimento,nome_pais_origem) VALUES ('4058','PASS','000176858','Gonzolez','19740717','Senegal');
INSERT INTO emprega_gravacao (id_gravacao, id_pessoa) VALUES ('25','4058');
INSERT INTO pessoa (id_pessoa, tipo_documento,documento,nome,data_nascimento,nome_pais_origem) VALUES ('4059','PASS','000331590','Dokes','19770518','New');
INSERT INTO emprega_gravacao (id_gravacao, id_pessoa) VALUES ('25','4059');
INSERT INTO pessoa (id_pessoa, tipo_documento,documento,nome,data_nascimento,nome_pais_origem) VALUES ('4060','PASS','000650899','Dimascio','19710619','Iran');
INSERT INTO emprega_gravacao (id_gravacao, id_pessoa) VALUES ('25','4060');
INSERT INTO pessoa (id_pessoa, tipo_documento,documento,nome,data_nascimento,nome_pais_origem) VALUES ('4061','PASS','000646862','Cegla','19881108','Chile');
INSERT INTO emprega_gravacao (id_gravacao, id_pessoa) VALUES ('25','4061');
INSERT INTO pessoa (id_pessoa, tipo_documento,documento,nome,data_nascimento,nome_pais_origem) VALUES ('4062','PASS','000765587','Chittam','19790724','Luxembourg');
INSERT INTO emprega_gravacao (id_gravacao, id_pessoa) VALUES ('25','4062');
INSERT INTO pessoa (id_pessoa, tipo_documento,documento,nome,data_nascimento,nome_pais_origem) VALUES ('4063','PASS','000782906','Caccia','19860216','France');
INSERT INTO emprega_gravacao (id_gravacao, id_pessoa) VALUES ('25','4063');
INSERT INTO pessoa (id_pessoa, tipo_documento,documento,nome,data_nascimento,nome_pais_origem) VALUES ('4064','PASS','000910772','Gowans','19830218','Angola');
INSERT INTO emprega_gravacao (id_gravacao, id_pessoa) VALUES ('25','4064');
INSERT INTO pessoa (id_pessoa, tipo_documento,documento,nome,data_nascimento,nome_pais_origem) VALUES ('4065','PASS','000551188','Chilek','19870112','Costa');
INSERT INTO emprega_gravacao (id_gravacao, id_pessoa) VALUES ('25','4065');
INSERT INTO pessoa (id_pessoa, tipo_documento,documento,nome,data_nascimento,nome_pais_origem) VALUES ('4066','PASS','000758135','Eckrote','19750914','Nicaragua');
INSERT INTO emprega_gravacao (id_gravacao, id_pessoa) VALUES ('25','4066');
INSERT INTO pessoa (id_pessoa, tipo_documento,documento,nome,data_nascimento,nome_pais_origem) VALUES ('4067','PASS','000946851','Georgianne','19760808','Chad');
INSERT INTO emprega_gravacao (id_gravacao, id_pessoa) VALUES ('25','4067');
INSERT INTO pessoa (id_pessoa, tipo_documento,documento,nome,data_nascimento,nome_pais_origem) VALUES ('4068','PASS','000866929','Brydges','19831212','Luxembourg');
INSERT INTO emprega_gravacao (id_gravacao, id_pessoa) VALUES ('25','4068');
INSERT INTO pessoa (id_pessoa, tipo_documento,documento,nome,data_nascimento,nome_pais_origem) VALUES ('4069','PASS','000632459','Eary','19780205','Georgia');
INSERT INTO emprega_gravacao (id_gravacao, id_pessoa) VALUES ('25','4069');
INSERT INTO pessoa (id_pessoa, tipo_documento,documento,nome,data_nascimento,nome_pais_origem) VALUES ('4070','PASS','000816997','Domenick','19740403','Algeria');
INSERT INTO emprega_gravacao (id_gravacao, id_pessoa) VALUES ('25','4070');
INSERT INTO pessoa (id_pessoa, tipo_documento,documento,nome,data_nascimento,nome_pais_origem) VALUES ('4071','PASS','000973807','Bartolini','19840117','Nepal');
INSERT INTO emprega_gravacao (id_gravacao, id_pessoa) VALUES ('25','4071');
INSERT INTO pessoa (id_pessoa, tipo_documento,documento,nome,data_nascimento,nome_pais_origem) VALUES ('4072','PASS','000388037','Astor','19760401','India');
INSERT INTO emprega_gravacao (id_gravacao, id_pessoa) VALUES ('25','4072');
INSERT INTO pessoa (id_pessoa, tipo_documento,documento,nome,data_nascimento,nome_pais_origem) VALUES ('4073','PASS','000394452','Gruenberg','19841116','Greece');
INSERT INTO emprega_gravacao (id_gravacao, id_pessoa) VALUES ('25','4073');
INSERT INTO pessoa (id_pessoa, tipo_documento,documento,nome,data_nascimento,nome_pais_origem) VALUES ('4074','PASS','000579451','Capas','19831103','Morocco');
INSERT INTO emprega_gravacao (id_gravacao, id_pessoa) VALUES ('25','4074');
INSERT INTO pessoa (id_pessoa, tipo_documento,documento,nome,data_nascimento,nome_pais_origem) VALUES ('4075','PASS','000678674','Dietzman','19760722','Mexico');
INSERT INTO emprega_gravacao (id_gravacao, id_pessoa) VALUES ('25','4075');
INSERT INTO pessoa (id_pessoa, tipo_documento,documento,nome,data_nascimento,nome_pais_origem) VALUES ('4076','PASS','000614361','Cates','19700218','Syria');
INSERT INTO emprega_gravacao (id_gravacao, id_pessoa) VALUES ('25','4076');
INSERT INTO pessoa (id_pessoa, tipo_documento,documento,nome,data_nascimento,nome_pais_origem) VALUES ('4077','PASS','000604845','Couty','19711222','Zealand');
INSERT INTO emprega_gravacao (id_gravacao, id_pessoa) VALUES ('25','4077');
INSERT INTO equipe_de_gravacao (id_gravacao,nome_empresa) VALUES ('26','UNZYCPE');
INSERT INTO pessoa (id_pessoa, tipo_documento,documento,nome,data_nascimento,nome_pais_origem) VALUES ('4078','PASS','000350185','Fandel','19800819','Spain');
INSERT INTO emprega_gravacao (id_gravacao, id_pessoa) VALUES ('26','4078');
INSERT INTO pessoa (id_pessoa, tipo_documento,documento,nome,data_nascimento,nome_pais_origem) VALUES ('4079','PASS','000365257','Allgeier','19831118','Switzerland');
INSERT INTO emprega_gravacao (id_gravacao, id_pessoa) VALUES ('26','4079');
INSERT INTO pessoa (id_pessoa, tipo_documento,documento,nome,data_nascimento,nome_pais_origem) VALUES ('4080','PASS','000115963','Detjen','19760410','Paraguay');
INSERT INTO emprega_gravacao (id_gravacao, id_pessoa) VALUES ('26','4080');
INSERT INTO pessoa (id_pessoa, tipo_documento,documento,nome,data_nascimento,nome_pais_origem) VALUES ('4081','PASS','000924534','Clar','19861020','Morocco');
INSERT INTO emprega_gravacao (id_gravacao, id_pessoa) VALUES ('26','4081');
INSERT INTO pessoa (id_pessoa, tipo_documento,documento,nome,data_nascimento,nome_pais_origem) VALUES ('4082','PASS','000170732','Economou','19771121','Bulgaria');
INSERT INTO emprega_gravacao (id_gravacao, id_pessoa) VALUES ('26','4082');
INSERT INTO pessoa (id_pessoa, tipo_documento,documento,nome,data_nascimento,nome_pais_origem) VALUES ('4083','PASS','000781146','Farfalla','19820613','Japan');
INSERT INTO emprega_gravacao (id_gravacao, id_pessoa) VALUES ('26','4083');
INSERT INTO pessoa (id_pessoa, tipo_documento,documento,nome,data_nascimento,nome_pais_origem) VALUES ('4084','PASS','000565383','Chestnutt','19710426','Slovakia');
INSERT INTO emprega_gravacao (id_gravacao, id_pessoa) VALUES ('26','4084');
INSERT INTO pessoa (id_pessoa, tipo_documento,documento,nome,data_nascimento,nome_pais_origem) VALUES ('4085','PASS','000781070','Ailts','19801018','Italy');
INSERT INTO emprega_gravacao (id_gravacao, id_pessoa) VALUES ('26','4085');
INSERT INTO pessoa (id_pessoa, tipo_documento,documento,nome,data_nascimento,nome_pais_origem) VALUES ('4086','PASS','000794882','Belchior','19830912','Senegal');
INSERT INTO emprega_gravacao (id_gravacao, id_pessoa) VALUES ('26','4086');
INSERT INTO pessoa (id_pessoa, tipo_documento,documento,nome,data_nascimento,nome_pais_origem) VALUES ('4087','PASS','000899835','Esquivias','19890106','Arabia');
INSERT INTO emprega_gravacao (id_gravacao, id_pessoa) VALUES ('26','4087');
INSERT INTO pessoa (id_pessoa, tipo_documento,documento,nome,data_nascimento,nome_pais_origem) VALUES ('4088','PASS','000322736','Badoni','19781221','Colombia');
INSERT INTO emprega_gravacao (id_gravacao, id_pessoa) VALUES ('26','4088');
INSERT INTO pessoa (id_pessoa, tipo_documento,documento,nome,data_nascimento,nome_pais_origem) VALUES ('4089','PASS','000969471','Gonzalaz','19710405','Mozambique');
INSERT INTO emprega_gravacao (id_gravacao, id_pessoa) VALUES ('26','4089');
INSERT INTO pessoa (id_pessoa, tipo_documento,documento,nome,data_nascimento,nome_pais_origem) VALUES ('4090','PASS','000854465','Eckrich','19700505','Denmark');
INSERT INTO emprega_gravacao (id_gravacao, id_pessoa) VALUES ('26','4090');
INSERT INTO pessoa (id_pessoa, tipo_documento,documento,nome,data_nascimento,nome_pais_origem) VALUES ('4091','PASS','000982982','Comee','19800907','Nicaragua');
INSERT INTO emprega_gravacao (id_gravacao, id_pessoa) VALUES ('26','4091');
INSERT INTO pessoa (id_pessoa, tipo_documento,documento,nome,data_nascimento,nome_pais_origem) VALUES ('4092','PASS','000235662','Abbe','19841012','Egypt');
INSERT INTO emprega_gravacao (id_gravacao, id_pessoa) VALUES ('26','4092');
INSERT INTO pessoa (id_pessoa, tipo_documento,documento,nome,data_nascimento,nome_pais_origem) VALUES ('4093','PASS','000160491','Fishbaugh','19700101','Vietnam');
INSERT INTO emprega_gravacao (id_gravacao, id_pessoa) VALUES ('26','4093');
INSERT INTO pessoa (id_pessoa, tipo_documento,documento,nome,data_nascimento,nome_pais_origem) VALUES ('4094','PASS','000452884','Bielak','19800405','Poland');
INSERT INTO emprega_gravacao (id_gravacao, id_pessoa) VALUES ('26','4094');
INSERT INTO pessoa (id_pessoa, tipo_documento,documento,nome,data_nascimento,nome_pais_origem) VALUES ('4095','PASS','000925836','Besa','19860222','Portugal');
INSERT INTO emprega_gravacao (id_gravacao, id_pessoa) VALUES ('26','4095');
INSERT INTO pessoa (id_pessoa, tipo_documento,documento,nome,data_nascimento,nome_pais_origem) VALUES ('4096','PASS','000987129','Debbra','19750503','Ukraine');
INSERT INTO emprega_gravacao (id_gravacao, id_pessoa) VALUES ('26','4096');
INSERT INTO pessoa (id_pessoa, tipo_documento,documento,nome,data_nascimento,nome_pais_origem) VALUES ('4097','PASS','000972948','Bachmeier','19720805','Lithuania');
INSERT INTO emprega_gravacao (id_gravacao, id_pessoa) VALUES ('26','4097');
INSERT INTO pessoa (id_pessoa, tipo_documento,documento,nome,data_nascimento,nome_pais_origem) VALUES ('4098','PASS','000345462','Fioritto','19880716','Arabia');
INSERT INTO emprega_gravacao (id_gravacao, id_pessoa) VALUES ('26','4098');
INSERT INTO pessoa (id_pessoa, tipo_documento,documento,nome,data_nascimento,nome_pais_origem) VALUES ('4099','PASS','000236092','Botros','19750519','Denmark');
INSERT INTO emprega_gravacao (id_gravacao, id_pessoa) VALUES ('26','4099');
INSERT INTO pessoa (id_pessoa, tipo_documento,documento,nome,data_nascimento,nome_pais_origem) VALUES ('4100','PASS','000817409','Gregorio','19750727','Barbados');
INSERT INTO emprega_gravacao (id_gravacao, id_pessoa) VALUES ('26','4100');
INSERT INTO pessoa (id_pessoa, tipo_documento,documento,nome,data_nascimento,nome_pais_origem) VALUES ('4101','PASS','000325065','Boelter','19700225','Bulgaria');
INSERT INTO emprega_gravacao (id_gravacao, id_pessoa) VALUES ('26','4101');
INSERT INTO equipe_de_gravacao (id_gravacao,nome_empresa) VALUES ('27','HAVYUZF');
INSERT INTO pessoa (id_pessoa, tipo_documento,documento,nome,data_nascimento,nome_pais_origem) VALUES ('4102','PASS','000122373','Grossen','19870127','Georgia');
INSERT INTO emprega_gravacao (id_gravacao, id_pessoa) VALUES ('27','4102');
INSERT INTO pessoa (id_pessoa, tipo_documento,documento,nome,data_nascimento,nome_pais_origem) VALUES ('4103','PASS','000949687','Glomski','19890510','Arabia');
INSERT INTO emprega_gravacao (id_gravacao, id_pessoa) VALUES ('27','4103');
INSERT INTO pessoa (id_pessoa, tipo_documento,documento,nome,data_nascimento,nome_pais_origem) VALUES ('4104','PASS','000765376','Calliham','19710502','Uzbekistan');
INSERT INTO emprega_gravacao (id_gravacao, id_pessoa) VALUES ('27','4104');
INSERT INTO pessoa (id_pessoa, tipo_documento,documento,nome,data_nascimento,nome_pais_origem) VALUES ('4105','PASS','000447220','Breger','19780814','Finland');
INSERT INTO emprega_gravacao (id_gravacao, id_pessoa) VALUES ('27','4105');
INSERT INTO pessoa (id_pessoa, tipo_documento,documento,nome,data_nascimento,nome_pais_origem) VALUES ('4106','PASS','000938174','Cardenal','19810618','Bulgaria');
INSERT INTO emprega_gravacao (id_gravacao, id_pessoa) VALUES ('27','4106');
INSERT INTO pessoa (id_pessoa, tipo_documento,documento,nome,data_nascimento,nome_pais_origem) VALUES ('4107','PASS','000841880','Durepo','19720102','Austria');
INSERT INTO emprega_gravacao (id_gravacao, id_pessoa) VALUES ('27','4107');
INSERT INTO pessoa (id_pessoa, tipo_documento,documento,nome,data_nascimento,nome_pais_origem) VALUES ('4108','PASS','000498554','Algire','19781124','Zealand');
INSERT INTO emprega_gravacao (id_gravacao, id_pessoa) VALUES ('27','4108');
INSERT INTO pessoa (id_pessoa, tipo_documento,documento,nome,data_nascimento,nome_pais_origem) VALUES ('4109','PASS','000215998','Breckley','19800904','Bahrain');
INSERT INTO emprega_gravacao (id_gravacao, id_pessoa) VALUES ('27','4109');
INSERT INTO pessoa (id_pessoa, tipo_documento,documento,nome,data_nascimento,nome_pais_origem) VALUES ('4110','PASS','000602244','Contini','19800818','Nepal');
INSERT INTO emprega_gravacao (id_gravacao, id_pessoa) VALUES ('27','4110');
INSERT INTO pessoa (id_pessoa, tipo_documento,documento,nome,data_nascimento,nome_pais_origem) VALUES ('4111','PASS','000338759','Fenimore','19840113','Angola');
INSERT INTO emprega_gravacao (id_gravacao, id_pessoa) VALUES ('27','4111');
INSERT INTO pessoa (id_pessoa, tipo_documento,documento,nome,data_nascimento,nome_pais_origem) VALUES ('4112','PASS','000900056','Bodamer','19810306','Turkey');
INSERT INTO emprega_gravacao (id_gravacao, id_pessoa) VALUES ('27','4112');
INSERT INTO pessoa (id_pessoa, tipo_documento,documento,nome,data_nascimento,nome_pais_origem) VALUES ('4113','PASS','000501387','Geissel','19890511','Singapore');
INSERT INTO emprega_gravacao (id_gravacao, id_pessoa) VALUES ('27','4113');
INSERT INTO pessoa (id_pessoa, tipo_documento,documento,nome,data_nascimento,nome_pais_origem) VALUES ('4114','PASS','000561640','Engleby','19791207','France');
INSERT INTO emprega_gravacao (id_gravacao, id_pessoa) VALUES ('27','4114');
INSERT INTO pessoa (id_pessoa, tipo_documento,documento,nome,data_nascimento,nome_pais_origem) VALUES ('4115','PASS','000683990','Brabham','19750613','Argentina');
INSERT INTO emprega_gravacao (id_gravacao, id_pessoa) VALUES ('27','4115');
INSERT INTO equipe_de_gravacao (id_gravacao,nome_empresa) VALUES ('28','ULSCOAM');
INSERT INTO pessoa (id_pessoa, tipo_documento,documento,nome,data_nascimento,nome_pais_origem) VALUES ('4116','PASS','000681209','Barnacle','19700321','Monaco');
INSERT INTO emprega_gravacao (id_gravacao, id_pessoa) VALUES ('28','4116');
INSERT INTO pessoa (id_pessoa, tipo_documento,documento,nome,data_nascimento,nome_pais_origem) VALUES ('4117','PASS','000466172','Butsch','19770527','Bangladesh');
INSERT INTO emprega_gravacao (id_gravacao, id_pessoa) VALUES ('28','4117');
INSERT INTO pessoa (id_pessoa, tipo_documento,documento,nome,data_nascimento,nome_pais_origem) VALUES ('4118','PASS','000555810','Angelson','19850520','Egypt');
INSERT INTO emprega_gravacao (id_gravacao, id_pessoa) VALUES ('28','4118');
INSERT INTO pessoa (id_pessoa, tipo_documento,documento,nome,data_nascimento,nome_pais_origem) VALUES ('4119','PASS','000498340','Fadely','19700713','Chad');
INSERT INTO emprega_gravacao (id_gravacao, id_pessoa) VALUES ('28','4119');
INSERT INTO pessoa (id_pessoa, tipo_documento,documento,nome,data_nascimento,nome_pais_origem) VALUES ('4120','PASS','000935934','Bishop','19870608','Syria');
INSERT INTO emprega_gravacao (id_gravacao, id_pessoa) VALUES ('28','4120');
INSERT INTO pessoa (id_pessoa, tipo_documento,documento,nome,data_nascimento,nome_pais_origem) VALUES ('4121','PASS','000773404','Dudak','19860811','Slovakia');
INSERT INTO emprega_gravacao (id_gravacao, id_pessoa) VALUES ('28','4121');
INSERT INTO pessoa (id_pessoa, tipo_documento,documento,nome,data_nascimento,nome_pais_origem) VALUES ('4122','PASS','000136203','Defranceschi','19880421','Albania');
INSERT INTO emprega_gravacao (id_gravacao, id_pessoa) VALUES ('28','4122');
INSERT INTO pessoa (id_pessoa, tipo_documento,documento,nome,data_nascimento,nome_pais_origem) VALUES ('4123','PASS','000487039','Callicoat','19711012','Austria');
INSERT INTO emprega_gravacao (id_gravacao, id_pessoa) VALUES ('28','4123');
INSERT INTO pessoa (id_pessoa, tipo_documento,documento,nome,data_nascimento,nome_pais_origem) VALUES ('4124','PASS','000948026','Breier','19811010','India');
INSERT INTO emprega_gravacao (id_gravacao, id_pessoa) VALUES ('28','4124');
INSERT INTO pessoa (id_pessoa, tipo_documento,documento,nome,data_nascimento,nome_pais_origem) VALUES ('4125','PASS','000418463','Bowline','19870826','Angola');
INSERT INTO emprega_gravacao (id_gravacao, id_pessoa) VALUES ('28','4125');
INSERT INTO pessoa (id_pessoa, tipo_documento,documento,nome,data_nascimento,nome_pais_origem) VALUES ('4126','PASS','000905329','Freeley','19810610','Belgium');
INSERT INTO emprega_gravacao (id_gravacao, id_pessoa) VALUES ('28','4126');
INSERT INTO equipe_de_gravacao (id_gravacao,nome_empresa) VALUES ('29','KRFSIPR');
INSERT INTO pessoa (id_pessoa, tipo_documento,documento,nome,data_nascimento,nome_pais_origem) VALUES ('4127','PASS','000695039','Altmark','19870618','Angola');
INSERT INTO emprega_gravacao (id_gravacao, id_pessoa) VALUES ('29','4127');
INSERT INTO pessoa (id_pessoa, tipo_documento,documento,nome,data_nascimento,nome_pais_origem) VALUES ('4128','PASS','000937359','Cusmano','19850613','Barbados');
INSERT INTO emprega_gravacao (id_gravacao, id_pessoa) VALUES ('29','4128');
INSERT INTO pessoa (id_pessoa, tipo_documento,documento,nome,data_nascimento,nome_pais_origem) VALUES ('4129','PASS','000664723','Coryell','19780503','Singapore');
INSERT INTO emprega_gravacao (id_gravacao, id_pessoa) VALUES ('29','4129');
INSERT INTO pessoa (id_pessoa, tipo_documento,documento,nome,data_nascimento,nome_pais_origem) VALUES ('4130','PASS','000880430','Funez','19751018','Romania');
INSERT INTO emprega_gravacao (id_gravacao, id_pessoa) VALUES ('29','4130');
INSERT INTO pessoa (id_pessoa, tipo_documento,documento,nome,data_nascimento,nome_pais_origem) VALUES ('4131','PASS','000723114','Bone','19871113','Liechtenstein');
INSERT INTO emprega_gravacao (id_gravacao, id_pessoa) VALUES ('29','4131');
INSERT INTO pessoa (id_pessoa, tipo_documento,documento,nome,data_nascimento,nome_pais_origem) VALUES ('4132','PASS','000288937','Dayne','19711114','Bulgaria');
INSERT INTO emprega_gravacao (id_gravacao, id_pessoa) VALUES ('29','4132');
INSERT INTO pessoa (id_pessoa, tipo_documento,documento,nome,data_nascimento,nome_pais_origem) VALUES ('4133','PASS','000615495','Ballagh','19760410','Austria');
INSERT INTO emprega_gravacao (id_gravacao, id_pessoa) VALUES ('29','4133');
INSERT INTO pessoa (id_pessoa, tipo_documento,documento,nome,data_nascimento,nome_pais_origem) VALUES ('4134','PASS','000640788','Colan','19770211','Uzbekistan');
INSERT INTO emprega_gravacao (id_gravacao, id_pessoa) VALUES ('29','4134');
INSERT INTO pessoa (id_pessoa, tipo_documento,documento,nome,data_nascimento,nome_pais_origem) VALUES ('4135','PASS','000206325','Clinkingbeard','19860303','Bahrain');
INSERT INTO emprega_gravacao (id_gravacao, id_pessoa) VALUES ('29','4135');
INSERT INTO equipe_de_gravacao (id_gravacao,nome_empresa) VALUES ('30','EANLKEY');
INSERT INTO pessoa (id_pessoa, tipo_documento,documento,nome,data_nascimento,nome_pais_origem) VALUES ('4136','PASS','000509846','Gaslin','19810125','Saudi');
INSERT INTO emprega_gravacao (id_gravacao, id_pessoa) VALUES ('30','4136');
INSERT INTO pessoa (id_pessoa, tipo_documento,documento,nome,data_nascimento,nome_pais_origem) VALUES ('4137','PASS','000472039','Borzea','19750817','Mozambique');
INSERT INTO emprega_gravacao (id_gravacao, id_pessoa) VALUES ('30','4137');
INSERT INTO pessoa (id_pessoa, tipo_documento,documento,nome,data_nascimento,nome_pais_origem) VALUES ('4138','PASS','000492460','Germani','19760204','Italy');
INSERT INTO emprega_gravacao (id_gravacao, id_pessoa) VALUES ('30','4138');
INSERT INTO pessoa (id_pessoa, tipo_documento,documento,nome,data_nascimento,nome_pais_origem) VALUES ('4139','PASS','000735389','Crume','19740106','Angola');
INSERT INTO emprega_gravacao (id_gravacao, id_pessoa) VALUES ('30','4139');
INSERT INTO pessoa (id_pessoa, tipo_documento,documento,nome,data_nascimento,nome_pais_origem) VALUES ('4140','PASS','000377784','Aguada','19800414','Philippines');
INSERT INTO emprega_gravacao (id_gravacao, id_pessoa) VALUES ('30','4140');
INSERT INTO pessoa (id_pessoa, tipo_documento,documento,nome,data_nascimento,nome_pais_origem) VALUES ('4141','PASS','000852704','Dennen','19770726','Indonesia');
INSERT INTO emprega_gravacao (id_gravacao, id_pessoa) VALUES ('30','4141');
INSERT INTO pessoa (id_pessoa, tipo_documento,documento,nome,data_nascimento,nome_pais_origem) VALUES ('4142','PASS','000954797','Grantz','19800815','Slovakia');
INSERT INTO emprega_gravacao (id_gravacao, id_pessoa) VALUES ('30','4142');
INSERT INTO pessoa (id_pessoa, tipo_documento,documento,nome,data_nascimento,nome_pais_origem) VALUES ('4143','PASS','000876695','Dekalb','19730212','Afghanistan');
INSERT INTO emprega_gravacao (id_gravacao, id_pessoa) VALUES ('30','4143');
INSERT INTO pessoa (id_pessoa, tipo_documento,documento,nome,data_nascimento,nome_pais_origem) VALUES ('4144','PASS','000729597','Ciarletta','19750709','Thailand');
INSERT INTO emprega_gravacao (id_gravacao, id_pessoa) VALUES ('30','4144');
INSERT INTO pessoa (id_pessoa, tipo_documento,documento,nome,data_nascimento,nome_pais_origem) VALUES ('4145','PASS','000389596','Crisafulli','19840213','Nepal');
INSERT INTO emprega_gravacao (id_gravacao, id_pessoa) VALUES ('30','4145');
INSERT INTO pessoa (id_pessoa, tipo_documento,documento,nome,data_nascimento,nome_pais_origem) VALUES ('4146','PASS','000645751','Dardashti','19790326','Bangladesh');
INSERT INTO emprega_gravacao (id_gravacao, id_pessoa) VALUES ('30','4146');
INSERT INTO pessoa (id_pessoa, tipo_documento,documento,nome,data_nascimento,nome_pais_origem) VALUES ('4147','PASS','000283053','Bignell','19780110','Georgia');
INSERT INTO emprega_gravacao (id_gravacao, id_pessoa) VALUES ('30','4147');
INSERT INTO pessoa (id_pessoa, tipo_documento,documento,nome,data_nascimento,nome_pais_origem) VALUES ('4148','PASS','000830825','Deromer','19780703','Australia');
INSERT INTO emprega_gravacao (id_gravacao, id_pessoa) VALUES ('30','4148');
INSERT INTO pessoa (id_pessoa, tipo_documento,documento,nome,data_nascimento,nome_pais_origem) VALUES ('4149','PASS','000196884','Bollich','19731207','Cuba');
INSERT INTO emprega_gravacao (id_gravacao, id_pessoa) VALUES ('30','4149');
INSERT INTO pessoa (id_pessoa, tipo_documento,documento,nome,data_nascimento,nome_pais_origem) VALUES ('4150','PASS','000480702','Ettie','19810122','Denmark');
INSERT INTO emprega_gravacao (id_gravacao, id_pessoa) VALUES ('30','4150');
INSERT INTO pessoa (id_pessoa, tipo_documento,documento,nome,data_nascimento,nome_pais_origem) VALUES ('4151','PASS','000258033','Domianus','19890309','Thailand');
INSERT INTO emprega_gravacao (id_gravacao, id_pessoa) VALUES ('30','4151');
INSERT INTO pessoa (id_pessoa, tipo_documento,documento,nome,data_nascimento,nome_pais_origem) VALUES ('4152','PASS','000101006','Andel','19840523','Hungary');
INSERT INTO emprega_gravacao (id_gravacao, id_pessoa) VALUES ('30','4152');
INSERT INTO pessoa (id_pessoa, tipo_documento,documento,nome,data_nascimento,nome_pais_origem) VALUES ('4153','PASS','000849343','Chretien','19800202','Angola');
INSERT INTO emprega_gravacao (id_gravacao, id_pessoa) VALUES ('30','4153');
INSERT INTO equipe_de_gravacao (id_gravacao,nome_empresa) VALUES ('31','YLEGHTJ');
INSERT INTO pessoa (id_pessoa, tipo_documento,documento,nome,data_nascimento,nome_pais_origem) VALUES ('4154','PASS','000670821','Dorsay','19740627','Uzbekistan');
INSERT INTO emprega_gravacao (id_gravacao, id_pessoa) VALUES ('31','4154');
INSERT INTO pessoa (id_pessoa, tipo_documento,documento,nome,data_nascimento,nome_pais_origem) VALUES ('4155','PASS','000142798','Grussendorf','19700607','Croatia');
INSERT INTO emprega_gravacao (id_gravacao, id_pessoa) VALUES ('31','4155');
INSERT INTO pessoa (id_pessoa, tipo_documento,documento,nome,data_nascimento,nome_pais_origem) VALUES ('4156','PASS','000599533','Glassford','19771204','Peru');
INSERT INTO emprega_gravacao (id_gravacao, id_pessoa) VALUES ('31','4156');
INSERT INTO pessoa (id_pessoa, tipo_documento,documento,nome,data_nascimento,nome_pais_origem) VALUES ('4157','PASS','000856184','Darnold','19761216','Netherlands');
INSERT INTO emprega_gravacao (id_gravacao, id_pessoa) VALUES ('31','4157');
INSERT INTO pessoa (id_pessoa, tipo_documento,documento,nome,data_nascimento,nome_pais_origem) VALUES ('4158','PASS','000232044','Buchheim','19810708','Croatia');
INSERT INTO emprega_gravacao (id_gravacao, id_pessoa) VALUES ('31','4158');
INSERT INTO pessoa (id_pessoa, tipo_documento,documento,nome,data_nascimento,nome_pais_origem) VALUES ('4159','PASS','000914666','Chilton','19820521','Chile');
INSERT INTO emprega_gravacao (id_gravacao, id_pessoa) VALUES ('31','4159');
INSERT INTO pessoa (id_pessoa, tipo_documento,documento,nome,data_nascimento,nome_pais_origem) VALUES ('4160','PASS','000494963','Brier','19741204','Croatia');
INSERT INTO emprega_gravacao (id_gravacao, id_pessoa) VALUES ('31','4160');
INSERT INTO pessoa (id_pessoa, tipo_documento,documento,nome,data_nascimento,nome_pais_origem) VALUES ('4161','PASS','000270860','Dormanen','19850815','Mexico');
INSERT INTO emprega_gravacao (id_gravacao, id_pessoa) VALUES ('31','4161');
INSERT INTO pessoa (id_pessoa, tipo_documento,documento,nome,data_nascimento,nome_pais_origem) VALUES ('4162','PASS','000197074','Duva','19751201','Syria');
INSERT INTO emprega_gravacao (id_gravacao, id_pessoa) VALUES ('31','4162');
INSERT INTO pessoa (id_pessoa, tipo_documento,documento,nome,data_nascimento,nome_pais_origem) VALUES ('4163','PASS','000945016','Dykes','19840204','Barbados');
INSERT INTO emprega_gravacao (id_gravacao, id_pessoa) VALUES ('31','4163');
INSERT INTO pessoa (id_pessoa, tipo_documento,documento,nome,data_nascimento,nome_pais_origem) VALUES ('4164','PASS','000425042','Brandeland','19700705','Luxembourg');
INSERT INTO emprega_gravacao (id_gravacao, id_pessoa) VALUES ('31','4164');
INSERT INTO pessoa (id_pessoa, tipo_documento,documento,nome,data_nascimento,nome_pais_origem) VALUES ('4165','PASS','000557709','Calendine','19740608','Colombia');
INSERT INTO emprega_gravacao (id_gravacao, id_pessoa) VALUES ('31','4165');
INSERT INTO pessoa (id_pessoa, tipo_documento,documento,nome,data_nascimento,nome_pais_origem) VALUES ('4166','PASS','000310306','Gramajo','19780913','Serbia');
INSERT INTO emprega_gravacao (id_gravacao, id_pessoa) VALUES ('31','4166');
INSERT INTO equipe_de_gravacao (id_gravacao,nome_empresa) VALUES ('32','LTGWDIR');
INSERT INTO pessoa (id_pessoa, tipo_documento,documento,nome,data_nascimento,nome_pais_origem) VALUES ('4167','PASS','000832595','Delzell','19730701','Philippines');
INSERT INTO emprega_gravacao (id_gravacao, id_pessoa) VALUES ('32','4167');
INSERT INTO pessoa (id_pessoa, tipo_documento,documento,nome,data_nascimento,nome_pais_origem) VALUES ('4168','PASS','000349417','Bloem','19840519','Greece');
INSERT INTO emprega_gravacao (id_gravacao, id_pessoa) VALUES ('32','4168');
INSERT INTO pessoa (id_pessoa, tipo_documento,documento,nome,data_nascimento,nome_pais_origem) VALUES ('4169','PASS','000407783','Brogdon','19700311','Zealand');
INSERT INTO emprega_gravacao (id_gravacao, id_pessoa) VALUES ('32','4169');
INSERT INTO pessoa (id_pessoa, tipo_documento,documento,nome,data_nascimento,nome_pais_origem) VALUES ('4170','PASS','000496589','Bratton','19800514','Mongolia');
INSERT INTO emprega_gravacao (id_gravacao, id_pessoa) VALUES ('32','4170');
INSERT INTO pessoa (id_pessoa, tipo_documento,documento,nome,data_nascimento,nome_pais_origem) VALUES ('4171','PASS','000607603','Boniello','19740324','Bahamas');
INSERT INTO emprega_gravacao (id_gravacao, id_pessoa) VALUES ('32','4171');
INSERT INTO pessoa (id_pessoa, tipo_documento,documento,nome,data_nascimento,nome_pais_origem) VALUES ('4172','PASS','000312920','Biever','19760706','Peru');
INSERT INTO emprega_gravacao (id_gravacao, id_pessoa) VALUES ('32','4172');
INSERT INTO pessoa (id_pessoa, tipo_documento,documento,nome,data_nascimento,nome_pais_origem) VALUES ('4173','PASS','000810079','Edgerly','19740919','Zealand');
INSERT INTO emprega_gravacao (id_gravacao, id_pessoa) VALUES ('32','4173');
INSERT INTO pessoa (id_pessoa, tipo_documento,documento,nome,data_nascimento,nome_pais_origem) VALUES ('4174','PASS','000217559','Gomoran','19831222','Georgia');
INSERT INTO emprega_gravacao (id_gravacao, id_pessoa) VALUES ('32','4174');
INSERT INTO pessoa (id_pessoa, tipo_documento,documento,nome,data_nascimento,nome_pais_origem) VALUES ('4175','PASS','000396943','Gaudet','19790901','Sweden');
INSERT INTO emprega_gravacao (id_gravacao, id_pessoa) VALUES ('32','4175');
INSERT INTO pessoa (id_pessoa, tipo_documento,documento,nome,data_nascimento,nome_pais_origem) VALUES ('4176','PASS','000450938','Anctil','19770305','Brazil');
INSERT INTO emprega_gravacao (id_gravacao, id_pessoa) VALUES ('32','4176');
INSERT INTO pessoa (id_pessoa, tipo_documento,documento,nome,data_nascimento,nome_pais_origem) VALUES ('4177','PASS','000976680','Dacunha','19760715','Albania');
INSERT INTO emprega_gravacao (id_gravacao, id_pessoa) VALUES ('32','4177');
INSERT INTO pessoa (id_pessoa, tipo_documento,documento,nome,data_nascimento,nome_pais_origem) VALUES ('4178','PASS','000188661','Bathke','19850301','Argentina');
INSERT INTO emprega_gravacao (id_gravacao, id_pessoa) VALUES ('32','4178');
INSERT INTO pessoa (id_pessoa, tipo_documento,documento,nome,data_nascimento,nome_pais_origem) VALUES ('4179','PASS','000166597','Curle','19830218','Zealand');
INSERT INTO emprega_gravacao (id_gravacao, id_pessoa) VALUES ('32','4179');
INSERT INTO pessoa (id_pessoa, tipo_documento,documento,nome,data_nascimento,nome_pais_origem) VALUES ('4180','PASS','000719421','Eyman','19850626','Denmark');
INSERT INTO emprega_gravacao (id_gravacao, id_pessoa) VALUES ('32','4180');
INSERT INTO equipe_de_gravacao (id_gravacao,nome_empresa) VALUES ('33','WZXJEOO');
INSERT INTO pessoa (id_pessoa, tipo_documento,documento,nome,data_nascimento,nome_pais_origem) VALUES ('4181','PASS','000666870','Dunnings','19700218','France');
INSERT INTO emprega_gravacao (id_gravacao, id_pessoa) VALUES ('33','4181');
INSERT INTO pessoa (id_pessoa, tipo_documento,documento,nome,data_nascimento,nome_pais_origem) VALUES ('4182','PASS','000695966','Edholm','19740906','Germany');
INSERT INTO emprega_gravacao (id_gravacao, id_pessoa) VALUES ('33','4182');
INSERT INTO pessoa (id_pessoa, tipo_documento,documento,nome,data_nascimento,nome_pais_origem) VALUES ('4183','PASS','000865447','Felicien','19870912','Slovakia');
INSERT INTO emprega_gravacao (id_gravacao, id_pessoa) VALUES ('33','4183');
INSERT INTO pessoa (id_pessoa, tipo_documento,documento,nome,data_nascimento,nome_pais_origem) VALUES ('4184','PASS','000889323','Camden','19751220','Iran');
INSERT INTO emprega_gravacao (id_gravacao, id_pessoa) VALUES ('33','4184');
INSERT INTO pessoa (id_pessoa, tipo_documento,documento,nome,data_nascimento,nome_pais_origem) VALUES ('4185','PASS','000533285','Blacksher','19821123','Mongolia');
INSERT INTO emprega_gravacao (id_gravacao, id_pessoa) VALUES ('33','4185');
INSERT INTO pessoa (id_pessoa, tipo_documento,documento,nome,data_nascimento,nome_pais_origem) VALUES ('4186','PASS','000347787','Bolander','19770715','Arabia');
INSERT INTO emprega_gravacao (id_gravacao, id_pessoa) VALUES ('33','4186');
INSERT INTO pessoa (id_pessoa, tipo_documento,documento,nome,data_nascimento,nome_pais_origem) VALUES ('4187','PASS','000255884','Germon','19780108','Poland');
INSERT INTO emprega_gravacao (id_gravacao, id_pessoa) VALUES ('33','4187');
INSERT INTO pessoa (id_pessoa, tipo_documento,documento,nome,data_nascimento,nome_pais_origem) VALUES ('4188','PASS','000899811','Finklea','19710716','Netherlands');
INSERT INTO emprega_gravacao (id_gravacao, id_pessoa) VALUES ('33','4188');
INSERT INTO pessoa (id_pessoa, tipo_documento,documento,nome,data_nascimento,nome_pais_origem) VALUES ('4189','PASS','000750953','Delta','19800615','Chile');
INSERT INTO emprega_gravacao (id_gravacao, id_pessoa) VALUES ('33','4189');
INSERT INTO pessoa (id_pessoa, tipo_documento,documento,nome,data_nascimento,nome_pais_origem) VALUES ('4190','PASS','000863595','Foersterling','19850216','Syria');
INSERT INTO emprega_gravacao (id_gravacao, id_pessoa) VALUES ('33','4190');
INSERT INTO pessoa (id_pessoa, tipo_documento,documento,nome,data_nascimento,nome_pais_origem) VALUES ('4191','PASS','000144050','Goldfeld','19850113','Senegal');
INSERT INTO emprega_gravacao (id_gravacao, id_pessoa) VALUES ('33','4191');
INSERT INTO pessoa (id_pessoa, tipo_documento,documento,nome,data_nascimento,nome_pais_origem) VALUES ('4192','PASS','000140515','Bakkala','19730118','Colombia');
INSERT INTO emprega_gravacao (id_gravacao, id_pessoa) VALUES ('33','4192');
INSERT INTO pessoa (id_pessoa, tipo_documento,documento,nome,data_nascimento,nome_pais_origem) VALUES ('4193','PASS','000666583','Fallert','19830520','Switzerland');
INSERT INTO emprega_gravacao (id_gravacao, id_pessoa) VALUES ('33','4193');
INSERT INTO pessoa (id_pessoa, tipo_documento,documento,nome,data_nascimento,nome_pais_origem) VALUES ('4194','PASS','000317241','Croissant','19810124','Serbia');
INSERT INTO emprega_gravacao (id_gravacao, id_pessoa) VALUES ('33','4194');
INSERT INTO pessoa (id_pessoa, tipo_documento,documento,nome,data_nascimento,nome_pais_origem) VALUES ('4195','PASS','000602800','Christopoulos','19760221','Vietnam');
INSERT INTO emprega_gravacao (id_gravacao, id_pessoa) VALUES ('33','4195');
INSERT INTO pessoa (id_pessoa, tipo_documento,documento,nome,data_nascimento,nome_pais_origem) VALUES ('4196','PASS','000182586','Greaser','19840517','Denmark');
INSERT INTO emprega_gravacao (id_gravacao, id_pessoa) VALUES ('33','4196');
INSERT INTO pessoa (id_pessoa, tipo_documento,documento,nome,data_nascimento,nome_pais_origem) VALUES ('4197','PASS','000992484','Fahner','19761117','Argentina');
INSERT INTO emprega_gravacao (id_gravacao, id_pessoa) VALUES ('33','4197');
INSERT INTO pessoa (id_pessoa, tipo_documento,documento,nome,data_nascimento,nome_pais_origem) VALUES ('4198','PASS','000482571','Fedd','19770103','Saudi');
INSERT INTO emprega_gravacao (id_gravacao, id_pessoa) VALUES ('33','4198');
INSERT INTO pessoa (id_pessoa, tipo_documento,documento,nome,data_nascimento,nome_pais_origem) VALUES ('4199','PASS','000708824','Brittni','19761020','Bangladesh');
INSERT INTO emprega_gravacao (id_gravacao, id_pessoa) VALUES ('33','4199');
INSERT INTO pessoa (id_pessoa, tipo_documento,documento,nome,data_nascimento,nome_pais_origem) VALUES ('4200','PASS','000894429','Bilton','19721014','Iran');
INSERT INTO emprega_gravacao (id_gravacao, id_pessoa) VALUES ('33','4200');
INSERT INTO pessoa (id_pessoa, tipo_documento,documento,nome,data_nascimento,nome_pais_origem) VALUES ('4201','PASS','000840263','Colop','19771022','Liechtenstein');
INSERT INTO emprega_gravacao (id_gravacao, id_pessoa) VALUES ('33','4201');
INSERT INTO pessoa (id_pessoa, tipo_documento,documento,nome,data_nascimento,nome_pais_origem) VALUES ('4202','PASS','000369977','Davalos','19840627','Lithuania');
INSERT INTO emprega_gravacao (id_gravacao, id_pessoa) VALUES ('33','4202');
INSERT INTO pessoa (id_pessoa, tipo_documento,documento,nome,data_nascimento,nome_pais_origem) VALUES ('4203','PASS','000764647','Blazon','19800501','Morocco');
INSERT INTO emprega_gravacao (id_gravacao, id_pessoa) VALUES ('33','4203');
INSERT INTO pessoa (id_pessoa, tipo_documento,documento,nome,data_nascimento,nome_pais_origem) VALUES ('4204','PASS','000443785','Clemmon','19760317','Luxembourg');
INSERT INTO emprega_gravacao (id_gravacao, id_pessoa) VALUES ('33','4204');
INSERT INTO pessoa (id_pessoa, tipo_documento,documento,nome,data_nascimento,nome_pais_origem) VALUES ('4205','PASS','000818872','Duley','19820523','Angola');
INSERT INTO emprega_gravacao (id_gravacao, id_pessoa) VALUES ('33','4205');
INSERT INTO pessoa (id_pessoa, tipo_documento,documento,nome,data_nascimento,nome_pais_origem) VALUES ('4206','PASS','000141380','Goedken','19800415','Vietnam');
INSERT INTO emprega_gravacao (id_gravacao, id_pessoa) VALUES ('33','4206');
INSERT INTO pessoa (id_pessoa, tipo_documento,documento,nome,data_nascimento,nome_pais_origem) VALUES ('4207','PASS','000613099','Corbet','19760318','Slovakia');
INSERT INTO emprega_gravacao (id_gravacao, id_pessoa) VALUES ('33','4207');
INSERT INTO pessoa (id_pessoa, tipo_documento,documento,nome,data_nascimento,nome_pais_origem) VALUES ('4208','PASS','000422336','Bawner','19710207','Lithuania');
INSERT INTO emprega_gravacao (id_gravacao, id_pessoa) VALUES ('33','4208');
INSERT INTO pessoa (id_pessoa, tipo_documento,documento,nome,data_nascimento,nome_pais_origem) VALUES ('4209','PASS','000143025','Dearring','19730801','Chile');
INSERT INTO emprega_gravacao (id_gravacao, id_pessoa) VALUES ('33','4209');
INSERT INTO pessoa (id_pessoa, tipo_documento,documento,nome,data_nascimento,nome_pais_origem) VALUES ('4210','PASS','000269732','Donilon','19730319','Japan');
INSERT INTO emprega_gravacao (id_gravacao, id_pessoa) VALUES ('33','4210');
INSERT INTO pessoa (id_pessoa, tipo_documento,documento,nome,data_nascimento,nome_pais_origem) VALUES ('4211','PASS','000284711','Dana','19710226','Serbia');
INSERT INTO emprega_gravacao (id_gravacao, id_pessoa) VALUES ('33','4211');
INSERT INTO equipe_de_gravacao (id_gravacao,nome_empresa) VALUES ('34','CJCNNHT');
INSERT INTO pessoa (id_pessoa, tipo_documento,documento,nome,data_nascimento,nome_pais_origem) VALUES ('4212','PASS','000271784','Grustas','19891220','Bulgaria');
INSERT INTO emprega_gravacao (id_gravacao, id_pessoa) VALUES ('34','4212');
INSERT INTO pessoa (id_pessoa, tipo_documento,documento,nome,data_nascimento,nome_pais_origem) VALUES ('4213','PASS','000414570','Banister','19830619','Georgia');
INSERT INTO emprega_gravacao (id_gravacao, id_pessoa) VALUES ('34','4213');
INSERT INTO pessoa (id_pessoa, tipo_documento,documento,nome,data_nascimento,nome_pais_origem) VALUES ('4214','PASS','000700423','Denni','19841114','Belarus');
INSERT INTO emprega_gravacao (id_gravacao, id_pessoa) VALUES ('34','4214');
INSERT INTO pessoa (id_pessoa, tipo_documento,documento,nome,data_nascimento,nome_pais_origem) VALUES ('4215','PASS','000742453','Crumpler','19761004','Indonesia');
INSERT INTO emprega_gravacao (id_gravacao, id_pessoa) VALUES ('34','4215');
INSERT INTO pessoa (id_pessoa, tipo_documento,documento,nome,data_nascimento,nome_pais_origem) VALUES ('4216','PASS','000360889','Goold','19830408','Peru');
INSERT INTO emprega_gravacao (id_gravacao, id_pessoa) VALUES ('34','4216');
INSERT INTO pessoa (id_pessoa, tipo_documento,documento,nome,data_nascimento,nome_pais_origem) VALUES ('4217','PASS','000517544','Gehrlein','19720208','Australia');
INSERT INTO emprega_gravacao (id_gravacao, id_pessoa) VALUES ('34','4217');
INSERT INTO pessoa (id_pessoa, tipo_documento,documento,nome,data_nascimento,nome_pais_origem) VALUES ('4218','PASS','000602438','Dering','19890327','Finland');
INSERT INTO emprega_gravacao (id_gravacao, id_pessoa) VALUES ('34','4218');
INSERT INTO pessoa (id_pessoa, tipo_documento,documento,nome,data_nascimento,nome_pais_origem) VALUES ('4219','PASS','000783025','Gerena','19701122','Austria');
INSERT INTO emprega_gravacao (id_gravacao, id_pessoa) VALUES ('34','4219');
INSERT INTO pessoa (id_pessoa, tipo_documento,documento,nome,data_nascimento,nome_pais_origem) VALUES ('4220','PASS','000575975','Gerst','19810426','Algeria');
INSERT INTO emprega_gravacao (id_gravacao, id_pessoa) VALUES ('34','4220');
INSERT INTO pessoa (id_pessoa, tipo_documento,documento,nome,data_nascimento,nome_pais_origem) VALUES ('4221','PASS','000228000','Chillo','19870905','Philippines');
INSERT INTO emprega_gravacao (id_gravacao, id_pessoa) VALUES ('34','4221');
INSERT INTO pessoa (id_pessoa, tipo_documento,documento,nome,data_nascimento,nome_pais_origem) VALUES ('4222','PASS','000978483','Gorence','19780511','Mexico');
INSERT INTO emprega_gravacao (id_gravacao, id_pessoa) VALUES ('34','4222');
INSERT INTO pessoa (id_pessoa, tipo_documento,documento,nome,data_nascimento,nome_pais_origem) VALUES ('4223','PASS','000979747','Cinotto','19860501','Iran');
INSERT INTO emprega_gravacao (id_gravacao, id_pessoa) VALUES ('34','4223');
INSERT INTO pessoa (id_pessoa, tipo_documento,documento,nome,data_nascimento,nome_pais_origem) VALUES ('4224','PASS','000569532','Geigle','19860406','Bahamas');
INSERT INTO emprega_gravacao (id_gravacao, id_pessoa) VALUES ('34','4224');
INSERT INTO pessoa (id_pessoa, tipo_documento,documento,nome,data_nascimento,nome_pais_origem) VALUES ('4225','PASS','000725825','Giacomo','19820209','Mozambique');
INSERT INTO emprega_gravacao (id_gravacao, id_pessoa) VALUES ('34','4225');
INSERT INTO pessoa (id_pessoa, tipo_documento,documento,nome,data_nascimento,nome_pais_origem) VALUES ('4226','PASS','000721336','Chadsey','19810405','Brazil');
INSERT INTO emprega_gravacao (id_gravacao, id_pessoa) VALUES ('34','4226');
INSERT INTO pessoa (id_pessoa, tipo_documento,documento,nome,data_nascimento,nome_pais_origem) VALUES ('4227','PASS','000873006','Gonsalues','19870923','Bangladesh');
INSERT INTO emprega_gravacao (id_gravacao, id_pessoa) VALUES ('34','4227');
INSERT INTO pessoa (id_pessoa, tipo_documento,documento,nome,data_nascimento,nome_pais_origem) VALUES ('4228','PASS','000515188','Cancer','19781116','Brazil');
INSERT INTO emprega_gravacao (id_gravacao, id_pessoa) VALUES ('34','4228');
INSERT INTO pessoa (id_pessoa, tipo_documento,documento,nome,data_nascimento,nome_pais_origem) VALUES ('4229','PASS','000604949','Criton','19880721','Zealand');
INSERT INTO emprega_gravacao (id_gravacao, id_pessoa) VALUES ('34','4229');
INSERT INTO pessoa (id_pessoa, tipo_documento,documento,nome,data_nascimento,nome_pais_origem) VALUES ('4230','PASS','000259148','Dequattro','19710308','Iraq');
INSERT INTO emprega_gravacao (id_gravacao, id_pessoa) VALUES ('34','4230');
INSERT INTO pessoa (id_pessoa, tipo_documento,documento,nome,data_nascimento,nome_pais_origem) VALUES ('4231','PASS','000563057','Arlington','19870527','Liechtenstein');
INSERT INTO emprega_gravacao (id_gravacao, id_pessoa) VALUES ('34','4231');
INSERT INTO pessoa (id_pessoa, tipo_documento,documento,nome,data_nascimento,nome_pais_origem) VALUES ('4232','PASS','000838344','Blada','19760308','Mongolia');
INSERT INTO emprega_gravacao (id_gravacao, id_pessoa) VALUES ('34','4232');
INSERT INTO pessoa (id_pessoa, tipo_documento,documento,nome,data_nascimento,nome_pais_origem) VALUES ('4233','PASS','000584303','Bridjmohan','19850806','Georgia');
INSERT INTO emprega_gravacao (id_gravacao, id_pessoa) VALUES ('34','4233');
INSERT INTO pessoa (id_pessoa, tipo_documento,documento,nome,data_nascimento,nome_pais_origem) VALUES ('4234','PASS','000606061','Alberta','19790219','Egypt');
INSERT INTO emprega_gravacao (id_gravacao, id_pessoa) VALUES ('34','4234');
INSERT INTO pessoa (id_pessoa, tipo_documento,documento,nome,data_nascimento,nome_pais_origem) VALUES ('4235','PASS','000598895','Bunce','19870615','Italy');
INSERT INTO emprega_gravacao (id_gravacao, id_pessoa) VALUES ('34','4235');
INSERT INTO pessoa (id_pessoa, tipo_documento,documento,nome,data_nascimento,nome_pais_origem) VALUES ('4236','PASS','000248682','Bastidos','19721025','Sweden');
INSERT INTO emprega_gravacao (id_gravacao, id_pessoa) VALUES ('34','4236');
INSERT INTO pessoa (id_pessoa, tipo_documento,documento,nome,data_nascimento,nome_pais_origem) VALUES ('4237','PASS','000984069','Creach','19830310','Serbia');
INSERT INTO emprega_gravacao (id_gravacao, id_pessoa) VALUES ('34','4237');
INSERT INTO pessoa (id_pessoa, tipo_documento,documento,nome,data_nascimento,nome_pais_origem) VALUES ('4238','PASS','000480093','Bolig','19800708','Bahrain');
INSERT INTO emprega_gravacao (id_gravacao, id_pessoa) VALUES ('34','4238');
INSERT INTO pessoa (id_pessoa, tipo_documento,documento,nome,data_nascimento,nome_pais_origem) VALUES ('4239','PASS','000607505','Bushrod','19730225','Georgia');
INSERT INTO emprega_gravacao (id_gravacao, id_pessoa) VALUES ('34','4239');
INSERT INTO pessoa (id_pessoa, tipo_documento,documento,nome,data_nascimento,nome_pais_origem) VALUES ('4240','PASS','000738701','Arnell','19740504','Portugal');
INSERT INTO emprega_gravacao (id_gravacao, id_pessoa) VALUES ('34','4240');
INSERT INTO pessoa (id_pessoa, tipo_documento,documento,nome,data_nascimento,nome_pais_origem) VALUES ('4241','PASS','000514843','Freeberg','19770913','Bangladesh');
INSERT INTO emprega_gravacao (id_gravacao, id_pessoa) VALUES ('34','4241');
INSERT INTO pessoa (id_pessoa, tipo_documento,documento,nome,data_nascimento,nome_pais_origem) VALUES ('4242','PASS','000195035','Cadiz','19760613','Uruguay');
INSERT INTO emprega_gravacao (id_gravacao, id_pessoa) VALUES ('34','4242');
INSERT INTO equipe_de_gravacao (id_gravacao,nome_empresa) VALUES ('35','USLENOI');
INSERT INTO pessoa (id_pessoa, tipo_documento,documento,nome,data_nascimento,nome_pais_origem) VALUES ('4243','PASS','000114331','Gidwani','19801022','Austria');
INSERT INTO emprega_gravacao (id_gravacao, id_pessoa) VALUES ('35','4243');
INSERT INTO pessoa (id_pessoa, tipo_documento,documento,nome,data_nascimento,nome_pais_origem) VALUES ('4244','PASS','000873989','Ellebracht','19780702','Albania');
INSERT INTO emprega_gravacao (id_gravacao, id_pessoa) VALUES ('35','4244');
INSERT INTO pessoa (id_pessoa, tipo_documento,documento,nome,data_nascimento,nome_pais_origem) VALUES ('4245','PASS','000801547','Frusciante','19820625','Croatia');
INSERT INTO emprega_gravacao (id_gravacao, id_pessoa) VALUES ('35','4245');
INSERT INTO pessoa (id_pessoa, tipo_documento,documento,nome,data_nascimento,nome_pais_origem) VALUES ('4246','PASS','000138562','Griffin','19850103','Armenia');
INSERT INTO emprega_gravacao (id_gravacao, id_pessoa) VALUES ('35','4246');
INSERT INTO pessoa (id_pessoa, tipo_documento,documento,nome,data_nascimento,nome_pais_origem) VALUES ('4247','PASS','000446938','Acly','19821008','Chile');
INSERT INTO emprega_gravacao (id_gravacao, id_pessoa) VALUES ('35','4247');
INSERT INTO pessoa (id_pessoa, tipo_documento,documento,nome,data_nascimento,nome_pais_origem) VALUES ('4248','PASS','000723304','Casareno','19820720','Portugal');
INSERT INTO emprega_gravacao (id_gravacao, id_pessoa) VALUES ('35','4248');
INSERT INTO pessoa (id_pessoa, tipo_documento,documento,nome,data_nascimento,nome_pais_origem) VALUES ('4249','PASS','000969353','Bolante','19720809','Iraq');
INSERT INTO emprega_gravacao (id_gravacao, id_pessoa) VALUES ('35','4249');
INSERT INTO pessoa (id_pessoa, tipo_documento,documento,nome,data_nascimento,nome_pais_origem) VALUES ('4250','PASS','000312655','Ensey','19780506','Romania');
INSERT INTO emprega_gravacao (id_gravacao, id_pessoa) VALUES ('35','4250');
INSERT INTO pessoa (id_pessoa, tipo_documento,documento,nome,data_nascimento,nome_pais_origem) VALUES ('4251','PASS','000746678','Adachi','19800321','Thailand');
INSERT INTO emprega_gravacao (id_gravacao, id_pessoa) VALUES ('35','4251');
INSERT INTO pessoa (id_pessoa, tipo_documento,documento,nome,data_nascimento,nome_pais_origem) VALUES ('4252','PASS','000292245','Armor','19711210','Angola');
INSERT INTO emprega_gravacao (id_gravacao, id_pessoa) VALUES ('35','4252');
INSERT INTO pessoa (id_pessoa, tipo_documento,documento,nome,data_nascimento,nome_pais_origem) VALUES ('4253','PASS','000184517','Ainsworth','19740703','Indonesia');
INSERT INTO emprega_gravacao (id_gravacao, id_pessoa) VALUES ('35','4253');
INSERT INTO pessoa (id_pessoa, tipo_documento,documento,nome,data_nascimento,nome_pais_origem) VALUES ('4254','PASS','000510485','Fuest','19820608','Italy');
INSERT INTO emprega_gravacao (id_gravacao, id_pessoa) VALUES ('35','4254');
INSERT INTO pessoa (id_pessoa, tipo_documento,documento,nome,data_nascimento,nome_pais_origem) VALUES ('4255','PASS','000887290','Brendel','19700612','Hungary');
INSERT INTO emprega_gravacao (id_gravacao, id_pessoa) VALUES ('35','4255');
INSERT INTO pessoa (id_pessoa, tipo_documento,documento,nome,data_nascimento,nome_pais_origem) VALUES ('4256','PASS','000871475','Burrow','19761121','Mozambique');
INSERT INTO emprega_gravacao (id_gravacao, id_pessoa) VALUES ('35','4256');
INSERT INTO pessoa (id_pessoa, tipo_documento,documento,nome,data_nascimento,nome_pais_origem) VALUES ('4257','PASS','000167853','Daquilante','19870111','Egypt');
INSERT INTO emprega_gravacao (id_gravacao, id_pessoa) VALUES ('35','4257');
INSERT INTO pessoa (id_pessoa, tipo_documento,documento,nome,data_nascimento,nome_pais_origem) VALUES ('4258','PASS','000614583','Grala','19720426','New');
INSERT INTO emprega_gravacao (id_gravacao, id_pessoa) VALUES ('35','4258');
INSERT INTO pessoa (id_pessoa, tipo_documento,documento,nome,data_nascimento,nome_pais_origem) VALUES ('4259','PASS','000543301','Debenedittis','19890522','Romania');
INSERT INTO emprega_gravacao (id_gravacao, id_pessoa) VALUES ('35','4259');
INSERT INTO pessoa (id_pessoa, tipo_documento,documento,nome,data_nascimento,nome_pais_origem) VALUES ('4260','PASS','000154402','Crehan','19740820','Bangladesh');
INSERT INTO emprega_gravacao (id_gravacao, id_pessoa) VALUES ('35','4260');
INSERT INTO pessoa (id_pessoa, tipo_documento,documento,nome,data_nascimento,nome_pais_origem) VALUES ('4261','PASS','000110493','Deneen','19710414','Arabia');
INSERT INTO emprega_gravacao (id_gravacao, id_pessoa) VALUES ('35','4261');
INSERT INTO pessoa (id_pessoa, tipo_documento,documento,nome,data_nascimento,nome_pais_origem) VALUES ('4262','PASS','000379486','Brachle','19890212','Egypt');
INSERT INTO emprega_gravacao (id_gravacao, id_pessoa) VALUES ('35','4262');
INSERT INTO pessoa (id_pessoa, tipo_documento,documento,nome,data_nascimento,nome_pais_origem) VALUES ('4263','PASS','000491672','Bennerman','19840319','Argentina');
INSERT INTO emprega_gravacao (id_gravacao, id_pessoa) VALUES ('35','4263');
INSERT INTO equipe_de_gravacao (id_gravacao,nome_empresa) VALUES ('36','XJIXUAO');
INSERT INTO pessoa (id_pessoa, tipo_documento,documento,nome,data_nascimento,nome_pais_origem) VALUES ('4264','PASS','000401172','Charles','19840715','Philippines');
INSERT INTO emprega_gravacao (id_gravacao, id_pessoa) VALUES ('36','4264');
INSERT INTO pessoa (id_pessoa, tipo_documento,documento,nome,data_nascimento,nome_pais_origem) VALUES ('4265','PASS','000180273','Bemer','19750304','Denmark');
INSERT INTO emprega_gravacao (id_gravacao, id_pessoa) VALUES ('36','4265');
INSERT INTO pessoa (id_pessoa, tipo_documento,documento,nome,data_nascimento,nome_pais_origem) VALUES ('4266','PASS','000893577','Benejan','19890105','Indonesia');
INSERT INTO emprega_gravacao (id_gravacao, id_pessoa) VALUES ('36','4266');
INSERT INTO pessoa (id_pessoa, tipo_documento,documento,nome,data_nascimento,nome_pais_origem) VALUES ('4267','PASS','000696160','Filgo','19761205','Nepal');
INSERT INTO emprega_gravacao (id_gravacao, id_pessoa) VALUES ('36','4267');
INSERT INTO pessoa (id_pessoa, tipo_documento,documento,nome,data_nascimento,nome_pais_origem) VALUES ('4268','PASS','000950845','Campas','19781121','Singapore');
INSERT INTO emprega_gravacao (id_gravacao, id_pessoa) VALUES ('36','4268');
INSERT INTO pessoa (id_pessoa, tipo_documento,documento,nome,data_nascimento,nome_pais_origem) VALUES ('4269','PASS','000599308','Carles','19810814','Barbados');
INSERT INTO emprega_gravacao (id_gravacao, id_pessoa) VALUES ('36','4269');
INSERT INTO pessoa (id_pessoa, tipo_documento,documento,nome,data_nascimento,nome_pais_origem) VALUES ('4270','PASS','000797811','Christia','19810511','Italy');
INSERT INTO emprega_gravacao (id_gravacao, id_pessoa) VALUES ('36','4270');
INSERT INTO pessoa (id_pessoa, tipo_documento,documento,nome,data_nascimento,nome_pais_origem) VALUES ('4271','PASS','000236486','Backhaus','19780621','Slovakia');
INSERT INTO emprega_gravacao (id_gravacao, id_pessoa) VALUES ('36','4271');
INSERT INTO pessoa (id_pessoa, tipo_documento,documento,nome,data_nascimento,nome_pais_origem) VALUES ('4272','PASS','000619990','Deibler','19700622','Azerbaijan');
INSERT INTO emprega_gravacao (id_gravacao, id_pessoa) VALUES ('36','4272');
INSERT INTO pessoa (id_pessoa, tipo_documento,documento,nome,data_nascimento,nome_pais_origem) VALUES ('4273','PASS','000866548','Batzli','19750518','Slovakia');
INSERT INTO emprega_gravacao (id_gravacao, id_pessoa) VALUES ('36','4273');
INSERT INTO pessoa (id_pessoa, tipo_documento,documento,nome,data_nascimento,nome_pais_origem) VALUES ('4274','PASS','000828093','Flether','19821201','Mozambique');
INSERT INTO emprega_gravacao (id_gravacao, id_pessoa) VALUES ('36','4274');
INSERT INTO pessoa (id_pessoa, tipo_documento,documento,nome,data_nascimento,nome_pais_origem) VALUES ('4275','PASS','000610468','Burrough','19710818','Nicaragua');
INSERT INTO emprega_gravacao (id_gravacao, id_pessoa) VALUES ('36','4275');
INSERT INTO pessoa (id_pessoa, tipo_documento,documento,nome,data_nascimento,nome_pais_origem) VALUES ('4276','PASS','000538396','Alexandre','19781001','Serbia');
INSERT INTO emprega_gravacao (id_gravacao, id_pessoa) VALUES ('36','4276');
INSERT INTO pessoa (id_pessoa, tipo_documento,documento,nome,data_nascimento,nome_pais_origem) VALUES ('4277','PASS','000338637','Grennan','19761006','Chad');
INSERT INTO emprega_gravacao (id_gravacao, id_pessoa) VALUES ('36','4277');
INSERT INTO pessoa (id_pessoa, tipo_documento,documento,nome,data_nascimento,nome_pais_origem) VALUES ('4278','PASS','000412122','Fout','19740415','Norway');
INSERT INTO emprega_gravacao (id_gravacao, id_pessoa) VALUES ('36','4278');
INSERT INTO pessoa (id_pessoa, tipo_documento,documento,nome,data_nascimento,nome_pais_origem) VALUES ('4279','PASS','000125284','Casuat','19741017','Rica');
INSERT INTO emprega_gravacao (id_gravacao, id_pessoa) VALUES ('36','4279');
INSERT INTO pessoa (id_pessoa, tipo_documento,documento,nome,data_nascimento,nome_pais_origem) VALUES ('4280','PASS','000151152','Greason','19701013','Egypt');
INSERT INTO emprega_gravacao (id_gravacao, id_pessoa) VALUES ('36','4280');
INSERT INTO pessoa (id_pessoa, tipo_documento,documento,nome,data_nascimento,nome_pais_origem) VALUES ('4281','PASS','000834813','Grismore','19820708','Mexico');
INSERT INTO emprega_gravacao (id_gravacao, id_pessoa) VALUES ('36','4281');
INSERT INTO pessoa (id_pessoa, tipo_documento,documento,nome,data_nascimento,nome_pais_origem) VALUES ('4282','PASS','000300966','Callinan','19710115','Slovakia');
INSERT INTO emprega_gravacao (id_gravacao, id_pessoa) VALUES ('36','4282');
INSERT INTO pessoa (id_pessoa, tipo_documento,documento,nome,data_nascimento,nome_pais_origem) VALUES ('4283','PASS','000548487','Amauty','19891224','Portugal');
INSERT INTO emprega_gravacao (id_gravacao, id_pessoa) VALUES ('36','4283');
INSERT INTO pessoa (id_pessoa, tipo_documento,documento,nome,data_nascimento,nome_pais_origem) VALUES ('4284','PASS','000324828','Fleitman','19790227','Spain');
INSERT INTO emprega_gravacao (id_gravacao, id_pessoa) VALUES ('36','4284');
INSERT INTO pessoa (id_pessoa, tipo_documento,documento,nome,data_nascimento,nome_pais_origem) VALUES ('4285','PASS','000803269','Gogel','19741123','Albania');
INSERT INTO emprega_gravacao (id_gravacao, id_pessoa) VALUES ('36','4285');
INSERT INTO pessoa (id_pessoa, tipo_documento,documento,nome,data_nascimento,nome_pais_origem) VALUES ('4286','PASS','000120341','Angulo','19850227','France');
INSERT INTO emprega_gravacao (id_gravacao, id_pessoa) VALUES ('36','4286');
INSERT INTO pessoa (id_pessoa, tipo_documento,documento,nome,data_nascimento,nome_pais_origem) VALUES ('4287','PASS','000766146','Armendarez','19710401','Mozambique');
INSERT INTO emprega_gravacao (id_gravacao, id_pessoa) VALUES ('36','4287');
INSERT INTO pessoa (id_pessoa, tipo_documento,documento,nome,data_nascimento,nome_pais_origem) VALUES ('4288','PASS','000718135','Banh','19700116','Mexico');
INSERT INTO emprega_gravacao (id_gravacao, id_pessoa) VALUES ('36','4288');
INSERT INTO pessoa (id_pessoa, tipo_documento,documento,nome,data_nascimento,nome_pais_origem) VALUES ('4289','PASS','000286156','Gingery','19721213','Belarus');
INSERT INTO emprega_gravacao (id_gravacao, id_pessoa) VALUES ('36','4289');
INSERT INTO pessoa (id_pessoa, tipo_documento,documento,nome,data_nascimento,nome_pais_origem) VALUES ('4290','PASS','000194208','Ellyson','19740327','Uzbekistan');
INSERT INTO emprega_gravacao (id_gravacao, id_pessoa) VALUES ('36','4290');
INSERT INTO pessoa (id_pessoa, tipo_documento,documento,nome,data_nascimento,nome_pais_origem) VALUES ('4291','PASS','000293335','Breiling','19720410','Brazil');
INSERT INTO emprega_gravacao (id_gravacao, id_pessoa) VALUES ('36','4291');
INSERT INTO equipe_de_gravacao (id_gravacao,nome_empresa) VALUES ('37','VXBGQUE');
INSERT INTO pessoa (id_pessoa, tipo_documento,documento,nome,data_nascimento,nome_pais_origem) VALUES ('4292','PASS','000715982','Beynon','19730807','Vietnam');
INSERT INTO emprega_gravacao (id_gravacao, id_pessoa) VALUES ('37','4292');
INSERT INTO pessoa (id_pessoa, tipo_documento,documento,nome,data_nascimento,nome_pais_origem) VALUES ('4293','PASS','000796602','Barrell','19861224','Bahamas');
INSERT INTO emprega_gravacao (id_gravacao, id_pessoa) VALUES ('37','4293');
INSERT INTO pessoa (id_pessoa, tipo_documento,documento,nome,data_nascimento,nome_pais_origem) VALUES ('4294','PASS','000792401','Brantly','19801211','Romania');
INSERT INTO emprega_gravacao (id_gravacao, id_pessoa) VALUES ('37','4294');
INSERT INTO pessoa (id_pessoa, tipo_documento,documento,nome,data_nascimento,nome_pais_origem) VALUES ('4295','PASS','000442298','Earl','19850112','Monaco');
INSERT INTO emprega_gravacao (id_gravacao, id_pessoa) VALUES ('37','4295');
INSERT INTO equipe_de_gravacao (id_gravacao,nome_empresa) VALUES ('38','XQFAOAC');
INSERT INTO pessoa (id_pessoa, tipo_documento,documento,nome,data_nascimento,nome_pais_origem) VALUES ('4296','PASS','000740455','Garczynski','19801115','Georgia');
INSERT INTO emprega_gravacao (id_gravacao, id_pessoa) VALUES ('38','4296');
INSERT INTO equipe_de_gravacao (id_gravacao,nome_empresa) VALUES ('39','FAACTWV');
INSERT INTO pessoa (id_pessoa, tipo_documento,documento,nome,data_nascimento,nome_pais_origem) VALUES ('4297','PASS','000456741','Dedier','19860627','Slovakia');
INSERT INTO emprega_gravacao (id_gravacao, id_pessoa) VALUES ('39','4297');
INSERT INTO pessoa (id_pessoa, tipo_documento,documento,nome,data_nascimento,nome_pais_origem) VALUES ('4298','PASS','000424672','Avella','19700522','Austria');
INSERT INTO emprega_gravacao (id_gravacao, id_pessoa) VALUES ('39','4298');
INSERT INTO pessoa (id_pessoa, tipo_documento,documento,nome,data_nascimento,nome_pais_origem) VALUES ('4299','PASS','000187734','Erker','19750301','China');
INSERT INTO emprega_gravacao (id_gravacao, id_pessoa) VALUES ('39','4299');
INSERT INTO pessoa (id_pessoa, tipo_documento,documento,nome,data_nascimento,nome_pais_origem) VALUES ('4300','PASS','000821942','Champine','19811002','Monaco');
INSERT INTO emprega_gravacao (id_gravacao, id_pessoa) VALUES ('39','4300');
INSERT INTO pessoa (id_pessoa, tipo_documento,documento,nome,data_nascimento,nome_pais_origem) VALUES ('4301','PASS','000738044','Glade','19760213','Australia');
INSERT INTO emprega_gravacao (id_gravacao, id_pessoa) VALUES ('39','4301');
INSERT INTO pessoa (id_pessoa, tipo_documento,documento,nome,data_nascimento,nome_pais_origem) VALUES ('4302','PASS','000859139','Collaer','19831210','Lithuania');
INSERT INTO emprega_gravacao (id_gravacao, id_pessoa) VALUES ('39','4302');
INSERT INTO pessoa (id_pessoa, tipo_documento,documento,nome,data_nascimento,nome_pais_origem) VALUES ('4303','PASS','000613851','Derouin','19790401','Mozambique');
INSERT INTO emprega_gravacao (id_gravacao, id_pessoa) VALUES ('39','4303');
INSERT INTO pessoa (id_pessoa, tipo_documento,documento,nome,data_nascimento,nome_pais_origem) VALUES ('4304','PASS','000402928','Cerda','19751122','Bahrain');
INSERT INTO emprega_gravacao (id_gravacao, id_pessoa) VALUES ('39','4304');
INSERT INTO pessoa (id_pessoa, tipo_documento,documento,nome,data_nascimento,nome_pais_origem) VALUES ('4305','PASS','000764945','Brees','19731105','Nepal');
INSERT INTO emprega_gravacao (id_gravacao, id_pessoa) VALUES ('39','4305');
INSERT INTO pessoa (id_pessoa, tipo_documento,documento,nome,data_nascimento,nome_pais_origem) VALUES ('4306','PASS','000930672','Belloma','19761114','Mexico');
INSERT INTO emprega_gravacao (id_gravacao, id_pessoa) VALUES ('39','4306');
INSERT INTO pessoa (id_pessoa, tipo_documento,documento,nome,data_nascimento,nome_pais_origem) VALUES ('4307','PASS','000272071','Antionette','19890823','Cuba');
INSERT INTO emprega_gravacao (id_gravacao, id_pessoa) VALUES ('39','4307');
INSERT INTO pessoa (id_pessoa, tipo_documento,documento,nome,data_nascimento,nome_pais_origem) VALUES ('4308','PASS','000314201','Bournes','19730618','Argentina');
INSERT INTO emprega_gravacao (id_gravacao, id_pessoa) VALUES ('39','4308');
INSERT INTO pessoa (id_pessoa, tipo_documento,documento,nome,data_nascimento,nome_pais_origem) VALUES ('4309','PASS','000664946','Colford','19890111','Cuba');
INSERT INTO emprega_gravacao (id_gravacao, id_pessoa) VALUES ('39','4309');
INSERT INTO pessoa (id_pessoa, tipo_documento,documento,nome,data_nascimento,nome_pais_origem) VALUES ('4310','PASS','000688453','Follmer','19730702','Afghanistan');
INSERT INTO emprega_gravacao (id_gravacao, id_pessoa) VALUES ('39','4310');
INSERT INTO pessoa (id_pessoa, tipo_documento,documento,nome,data_nascimento,nome_pais_origem) VALUES ('4311','PASS','000693187','Dezan','19790807','Mexico');
INSERT INTO emprega_gravacao (id_gravacao, id_pessoa) VALUES ('39','4311');
INSERT INTO pessoa (id_pessoa, tipo_documento,documento,nome,data_nascimento,nome_pais_origem) VALUES ('4312','PASS','000870374','Brashear','19740308','Luxembourg');
INSERT INTO emprega_gravacao (id_gravacao, id_pessoa) VALUES ('39','4312');
INSERT INTO pessoa (id_pessoa, tipo_documento,documento,nome,data_nascimento,nome_pais_origem) VALUES ('4313','PASS','000577246','Condo','19700920','Arabia');
INSERT INTO emprega_gravacao (id_gravacao, id_pessoa) VALUES ('39','4313');
INSERT INTO pessoa (id_pessoa, tipo_documento,documento,nome,data_nascimento,nome_pais_origem) VALUES ('4314','PASS','000894668','Desautels','19760604','Slovakia');
INSERT INTO emprega_gravacao (id_gravacao, id_pessoa) VALUES ('39','4314');
INSERT INTO pessoa (id_pessoa, tipo_documento,documento,nome,data_nascimento,nome_pais_origem) VALUES ('4315','PASS','000399736','Bruker','19771208','Mexico');
INSERT INTO emprega_gravacao (id_gravacao, id_pessoa) VALUES ('39','4315');
INSERT INTO pessoa (id_pessoa, tipo_documento,documento,nome,data_nascimento,nome_pais_origem) VALUES ('4316','PASS','000437636','Dinius','19710518','Arabia');
INSERT INTO emprega_gravacao (id_gravacao, id_pessoa) VALUES ('39','4316');
INSERT INTO pessoa (id_pessoa, tipo_documento,documento,nome,data_nascimento,nome_pais_origem) VALUES ('4317','PASS','000430255','Balsis','19820601','Peru');
INSERT INTO emprega_gravacao (id_gravacao, id_pessoa) VALUES ('39','4317');
INSERT INTO pessoa (id_pessoa, tipo_documento,documento,nome,data_nascimento,nome_pais_origem) VALUES ('4318','PASS','000626126','Glodo','19820112','Uruguay');
INSERT INTO emprega_gravacao (id_gravacao, id_pessoa) VALUES ('39','4318');
INSERT INTO equipe_de_gravacao (id_gravacao,nome_empresa) VALUES ('40','ZCRWHXV');
INSERT INTO pessoa (id_pessoa, tipo_documento,documento,nome,data_nascimento,nome_pais_origem) VALUES ('4319','PASS','000733211','Cacciola','19740813','Barbados');
INSERT INTO emprega_gravacao (id_gravacao, id_pessoa) VALUES ('40','4319');
INSERT INTO pessoa (id_pessoa, tipo_documento,documento,nome,data_nascimento,nome_pais_origem) VALUES ('4320','PASS','000222205','Ackison','19720127','Mongolia');
INSERT INTO emprega_gravacao (id_gravacao, id_pessoa) VALUES ('40','4320');
INSERT INTO equipe_de_gravacao (id_gravacao,nome_empresa) VALUES ('41','QGAXGUX');
INSERT INTO pessoa (id_pessoa, tipo_documento,documento,nome,data_nascimento,nome_pais_origem) VALUES ('4321','PASS','000461908','Dicello','19851108','Switzerland');
INSERT INTO emprega_gravacao (id_gravacao, id_pessoa) VALUES ('41','4321');
INSERT INTO pessoa (id_pessoa, tipo_documento,documento,nome,data_nascimento,nome_pais_origem) VALUES ('4322','PASS','000415579','Fitzner','19870305','Armenia');
INSERT INTO emprega_gravacao (id_gravacao, id_pessoa) VALUES ('41','4322');
INSERT INTO pessoa (id_pessoa, tipo_documento,documento,nome,data_nascimento,nome_pais_origem) VALUES ('4323','PASS','000210942','Albea','19860520','France');
INSERT INTO emprega_gravacao (id_gravacao, id_pessoa) VALUES ('41','4323');
INSERT INTO pessoa (id_pessoa, tipo_documento,documento,nome,data_nascimento,nome_pais_origem) VALUES ('4324','PASS','000423652','Edelen','19750821','Mongolia');
INSERT INTO emprega_gravacao (id_gravacao, id_pessoa) VALUES ('41','4324');
INSERT INTO pessoa (id_pessoa, tipo_documento,documento,nome,data_nascimento,nome_pais_origem) VALUES ('4325','PASS','000377346','Bortignon','19890127','Thailand');
INSERT INTO emprega_gravacao (id_gravacao, id_pessoa) VALUES ('41','4325');
INSERT INTO pessoa (id_pessoa, tipo_documento,documento,nome,data_nascimento,nome_pais_origem) VALUES ('4326','PASS','000641446','Botting','19720503','Chile');
INSERT INTO emprega_gravacao (id_gravacao, id_pessoa) VALUES ('41','4326');
INSERT INTO pessoa (id_pessoa, tipo_documento,documento,nome,data_nascimento,nome_pais_origem) VALUES ('4327','PASS','000435154','Becerra','19811215','Nepal');
INSERT INTO emprega_gravacao (id_gravacao, id_pessoa) VALUES ('41','4327');
INSERT INTO pessoa (id_pessoa, tipo_documento,documento,nome,data_nascimento,nome_pais_origem) VALUES ('4328','PASS','000647843','Dirosa','19870202','Azerbaijan');
INSERT INTO emprega_gravacao (id_gravacao, id_pessoa) VALUES ('41','4328');
INSERT INTO pessoa (id_pessoa, tipo_documento,documento,nome,data_nascimento,nome_pais_origem) VALUES ('4329','PASS','000824924','Colesar','19890622','Lithuania');
INSERT INTO emprega_gravacao (id_gravacao, id_pessoa) VALUES ('41','4329');
INSERT INTO pessoa (id_pessoa, tipo_documento,documento,nome,data_nascimento,nome_pais_origem) VALUES ('4330','PASS','000139855','Ebel','19820923','Finland');
INSERT INTO emprega_gravacao (id_gravacao, id_pessoa) VALUES ('41','4330');
INSERT INTO pessoa (id_pessoa, tipo_documento,documento,nome,data_nascimento,nome_pais_origem) VALUES ('4331','PASS','000747256','Affeltranger','19850920','Germany');
INSERT INTO emprega_gravacao (id_gravacao, id_pessoa) VALUES ('41','4331');
INSERT INTO pessoa (id_pessoa, tipo_documento,documento,nome,data_nascimento,nome_pais_origem) VALUES ('4332','PASS','000374727','Ahlquist','19730221','Azerbaijan');
INSERT INTO emprega_gravacao (id_gravacao, id_pessoa) VALUES ('41','4332');
INSERT INTO pessoa (id_pessoa, tipo_documento,documento,nome,data_nascimento,nome_pais_origem) VALUES ('4333','PASS','000944838','Castellon','19820913','Philippines');
INSERT INTO emprega_gravacao (id_gravacao, id_pessoa) VALUES ('41','4333');
INSERT INTO pessoa (id_pessoa, tipo_documento,documento,nome,data_nascimento,nome_pais_origem) VALUES ('4334','PASS','000654625','Alberg','19730219','Peru');
INSERT INTO emprega_gravacao (id_gravacao, id_pessoa) VALUES ('41','4334');
INSERT INTO pessoa (id_pessoa, tipo_documento,documento,nome,data_nascimento,nome_pais_origem) VALUES ('4335','PASS','000430157','Acosto','19770804','Mexico');
INSERT INTO emprega_gravacao (id_gravacao, id_pessoa) VALUES ('41','4335');
INSERT INTO pessoa (id_pessoa, tipo_documento,documento,nome,data_nascimento,nome_pais_origem) VALUES ('4336','PASS','000405786','Bliske','19711221','Mexico');
INSERT INTO emprega_gravacao (id_gravacao, id_pessoa) VALUES ('41','4336');
INSERT INTO pessoa (id_pessoa, tipo_documento,documento,nome,data_nascimento,nome_pais_origem) VALUES ('4337','PASS','000600491','Benedict','19750110','Chile');
INSERT INTO emprega_gravacao (id_gravacao, id_pessoa) VALUES ('41','4337');
INSERT INTO pessoa (id_pessoa, tipo_documento,documento,nome,data_nascimento,nome_pais_origem) VALUES ('4338','PASS','000124072','Guedes','19840413','Iraq');
INSERT INTO emprega_gravacao (id_gravacao, id_pessoa) VALUES ('41','4338');
INSERT INTO pessoa (id_pessoa, tipo_documento,documento,nome,data_nascimento,nome_pais_origem) VALUES ('4339','PASS','000378259','Abalos','19791117','Bulgaria');
INSERT INTO emprega_gravacao (id_gravacao, id_pessoa) VALUES ('41','4339');
INSERT INTO pessoa (id_pessoa, tipo_documento,documento,nome,data_nascimento,nome_pais_origem) VALUES ('4340','PASS','000371213','Arlia','19750401','Italy');
INSERT INTO emprega_gravacao (id_gravacao, id_pessoa) VALUES ('41','4340');
INSERT INTO pessoa (id_pessoa, tipo_documento,documento,nome,data_nascimento,nome_pais_origem) VALUES ('4341','PASS','000880069','Dikens','19721122','Monaco');
INSERT INTO emprega_gravacao (id_gravacao, id_pessoa) VALUES ('41','4341');
INSERT INTO pessoa (id_pessoa, tipo_documento,documento,nome,data_nascimento,nome_pais_origem) VALUES ('4342','PASS','000375829','Drorbaugh','19880627','Iraq');
INSERT INTO emprega_gravacao (id_gravacao, id_pessoa) VALUES ('41','4342');
INSERT INTO pessoa (id_pessoa, tipo_documento,documento,nome,data_nascimento,nome_pais_origem) VALUES ('4343','PASS','000886154','Gayles','19830601','Uzbekistan');
INSERT INTO emprega_gravacao (id_gravacao, id_pessoa) VALUES ('41','4343');
INSERT INTO pessoa (id_pessoa, tipo_documento,documento,nome,data_nascimento,nome_pais_origem) VALUES ('4344','PASS','000412893','Agarwal','19840623','Rica');
INSERT INTO emprega_gravacao (id_gravacao, id_pessoa) VALUES ('41','4344');
INSERT INTO pessoa (id_pessoa, tipo_documento,documento,nome,data_nascimento,nome_pais_origem) VALUES ('4345','PASS','000800520','Cannuli','19740807','Croatia');
INSERT INTO emprega_gravacao (id_gravacao, id_pessoa) VALUES ('41','4345');
INSERT INTO pessoa (id_pessoa, tipo_documento,documento,nome,data_nascimento,nome_pais_origem) VALUES ('4346','PASS','000464093','Biedrzycki','19820424','Slovakia');
INSERT INTO emprega_gravacao (id_gravacao, id_pessoa) VALUES ('41','4346');
INSERT INTO pessoa (id_pessoa, tipo_documento,documento,nome,data_nascimento,nome_pais_origem) VALUES ('4347','PASS','000998431','Absalon','19740402','Zealand');
INSERT INTO emprega_gravacao (id_gravacao, id_pessoa) VALUES ('41','4347');
INSERT INTO equipe_de_gravacao (id_gravacao,nome_empresa) VALUES ('42','ORLUCYV');
INSERT INTO pessoa (id_pessoa, tipo_documento,documento,nome,data_nascimento,nome_pais_origem) VALUES ('4348','PASS','000784775','Fondow','19721224','Turkey');
INSERT INTO emprega_gravacao (id_gravacao, id_pessoa) VALUES ('42','4348');
INSERT INTO pessoa (id_pessoa, tipo_documento,documento,nome,data_nascimento,nome_pais_origem) VALUES ('4349','PASS','000249515','Ally','19761205','Thailand');
INSERT INTO emprega_gravacao (id_gravacao, id_pessoa) VALUES ('42','4349');
INSERT INTO pessoa (id_pessoa, tipo_documento,documento,nome,data_nascimento,nome_pais_origem) VALUES ('4350','PASS','000691713','Brettschneide','19760107','Spain');
INSERT INTO emprega_gravacao (id_gravacao, id_pessoa) VALUES ('42','4350');
INSERT INTO pessoa (id_pessoa, tipo_documento,documento,nome,data_nascimento,nome_pais_origem) VALUES ('4351','PASS','000328150','Danison','19860502','Chile');
INSERT INTO emprega_gravacao (id_gravacao, id_pessoa) VALUES ('42','4351');
INSERT INTO pessoa (id_pessoa, tipo_documento,documento,nome,data_nascimento,nome_pais_origem) VALUES ('4352','PASS','000640275','Callicott','19820423','Argentina');
INSERT INTO emprega_gravacao (id_gravacao, id_pessoa) VALUES ('42','4352');
INSERT INTO pessoa (id_pessoa, tipo_documento,documento,nome,data_nascimento,nome_pais_origem) VALUES ('4353','PASS','000490262','Carrao','19740625','Brazil');
INSERT INTO emprega_gravacao (id_gravacao, id_pessoa) VALUES ('42','4353');
INSERT INTO pessoa (id_pessoa, tipo_documento,documento,nome,data_nascimento,nome_pais_origem) VALUES ('4354','PASS','000935858','Amburn','19700816','Estonia');
INSERT INTO emprega_gravacao (id_gravacao, id_pessoa) VALUES ('42','4354');
INSERT INTO pessoa (id_pessoa, tipo_documento,documento,nome,data_nascimento,nome_pais_origem) VALUES ('4355','PASS','000166085','Generalao','19861107','Uzbekistan');
INSERT INTO emprega_gravacao (id_gravacao, id_pessoa) VALUES ('42','4355');
INSERT INTO pessoa (id_pessoa, tipo_documento,documento,nome,data_nascimento,nome_pais_origem) VALUES ('4356','PASS','000188360','Dryman','19880414','Bangladesh');
INSERT INTO emprega_gravacao (id_gravacao, id_pessoa) VALUES ('42','4356');
INSERT INTO pessoa (id_pessoa, tipo_documento,documento,nome,data_nascimento,nome_pais_origem) VALUES ('4357','PASS','000208707','Felzien','19840322','Finland');
INSERT INTO emprega_gravacao (id_gravacao, id_pessoa) VALUES ('42','4357');
INSERT INTO pessoa (id_pessoa, tipo_documento,documento,nome,data_nascimento,nome_pais_origem) VALUES ('4358','PASS','000225444','Geagan','19730425','Turkey');
INSERT INTO emprega_gravacao (id_gravacao, id_pessoa) VALUES ('42','4358');
INSERT INTO pessoa (id_pessoa, tipo_documento,documento,nome,data_nascimento,nome_pais_origem) VALUES ('4359','PASS','000607053','Ami','19760124','Nepal');
INSERT INTO emprega_gravacao (id_gravacao, id_pessoa) VALUES ('42','4359');
INSERT INTO pessoa (id_pessoa, tipo_documento,documento,nome,data_nascimento,nome_pais_origem) VALUES ('4360','PASS','000154093','Eppert','19781004','Barbados');
INSERT INTO emprega_gravacao (id_gravacao, id_pessoa) VALUES ('42','4360');
INSERT INTO pessoa (id_pessoa, tipo_documento,documento,nome,data_nascimento,nome_pais_origem) VALUES ('4361','PASS','000246414','Flinn','19800910','Colombia');
INSERT INTO emprega_gravacao (id_gravacao, id_pessoa) VALUES ('42','4361');
INSERT INTO pessoa (id_pessoa, tipo_documento,documento,nome,data_nascimento,nome_pais_origem) VALUES ('4362','PASS','000879507','Fetterly','19880316','Arabia');
INSERT INTO emprega_gravacao (id_gravacao, id_pessoa) VALUES ('42','4362');
INSERT INTO pessoa (id_pessoa, tipo_documento,documento,nome,data_nascimento,nome_pais_origem) VALUES ('4363','PASS','000282641','Esquer','19850127','Poland');
INSERT INTO emprega_gravacao (id_gravacao, id_pessoa) VALUES ('42','4363');
INSERT INTO pessoa (id_pessoa, tipo_documento,documento,nome,data_nascimento,nome_pais_origem) VALUES ('4364','PASS','000204388','Gaetano','19770517','Poland');
INSERT INTO emprega_gravacao (id_gravacao, id_pessoa) VALUES ('42','4364');
INSERT INTO pessoa (id_pessoa, tipo_documento,documento,nome,data_nascimento,nome_pais_origem) VALUES ('4365','PASS','000970562','Fennessey','19820123','Lithuania');
INSERT INTO emprega_gravacao (id_gravacao, id_pessoa) VALUES ('42','4365');
INSERT INTO pessoa (id_pessoa, tipo_documento,documento,nome,data_nascimento,nome_pais_origem) VALUES ('4366','PASS','000274518','Fingado','19790727','Iran');
INSERT INTO emprega_gravacao (id_gravacao, id_pessoa) VALUES ('42','4366');
INSERT INTO pessoa (id_pessoa, tipo_documento,documento,nome,data_nascimento,nome_pais_origem) VALUES ('4367','PASS','000929528','Afzal','19750401','France');
INSERT INTO emprega_gravacao (id_gravacao, id_pessoa) VALUES ('42','4367');
INSERT INTO pessoa (id_pessoa, tipo_documento,documento,nome,data_nascimento,nome_pais_origem) VALUES ('4368','PASS','000793637','Bejcek','19810607','Japan');
INSERT INTO emprega_gravacao (id_gravacao, id_pessoa) VALUES ('42','4368');
INSERT INTO pessoa (id_pessoa, tipo_documento,documento,nome,data_nascimento,nome_pais_origem) VALUES ('4369','PASS','000592133','Bazinet','19880606','Portugal');
INSERT INTO emprega_gravacao (id_gravacao, id_pessoa) VALUES ('42','4369');
INSERT INTO pessoa (id_pessoa, tipo_documento,documento,nome,data_nascimento,nome_pais_origem) VALUES ('4370','PASS','000599364','Faidley','19840310','Afghanistan');
INSERT INTO emprega_gravacao (id_gravacao, id_pessoa) VALUES ('42','4370');
INSERT INTO pessoa (id_pessoa, tipo_documento,documento,nome,data_nascimento,nome_pais_origem) VALUES ('4371','PASS','000547602','Groehler','19891107','Singapore');
INSERT INTO emprega_gravacao (id_gravacao, id_pessoa) VALUES ('42','4371');
INSERT INTO pessoa (id_pessoa, tipo_documento,documento,nome,data_nascimento,nome_pais_origem) VALUES ('4372','PASS','000564604','Blandon','19710609','Saudi');
INSERT INTO emprega_gravacao (id_gravacao, id_pessoa) VALUES ('42','4372');
INSERT INTO pessoa (id_pessoa, tipo_documento,documento,nome,data_nascimento,nome_pais_origem) VALUES ('4373','PASS','000772840','Fremin','19830925','Mongolia');
INSERT INTO emprega_gravacao (id_gravacao, id_pessoa) VALUES ('42','4373');
INSERT INTO pessoa (id_pessoa, tipo_documento,documento,nome,data_nascimento,nome_pais_origem) VALUES ('4374','PASS','000256968','Ahl','19830505','Algeria');
INSERT INTO emprega_gravacao (id_gravacao, id_pessoa) VALUES ('42','4374');
INSERT INTO pessoa (id_pessoa, tipo_documento,documento,nome,data_nascimento,nome_pais_origem) VALUES ('4375','PASS','000916965','Dwana','19781014','Angola');
INSERT INTO emprega_gravacao (id_gravacao, id_pessoa) VALUES ('42','4375');
INSERT INTO equipe_de_gravacao (id_gravacao,nome_empresa) VALUES ('43','DRDSJWK');
INSERT INTO pessoa (id_pessoa, tipo_documento,documento,nome,data_nascimento,nome_pais_origem) VALUES ('4376','PASS','000570957','Bade','19741127','Albania');
INSERT INTO emprega_gravacao (id_gravacao, id_pessoa) VALUES ('43','4376');
INSERT INTO pessoa (id_pessoa, tipo_documento,documento,nome,data_nascimento,nome_pais_origem) VALUES ('4377','PASS','000538407','Coggin','19710824','Austria');
INSERT INTO emprega_gravacao (id_gravacao, id_pessoa) VALUES ('43','4377');
INSERT INTO pessoa (id_pessoa, tipo_documento,documento,nome,data_nascimento,nome_pais_origem) VALUES ('4378','PASS','000756370','Bedeker','19880626','China');
INSERT INTO emprega_gravacao (id_gravacao, id_pessoa) VALUES ('43','4378');
INSERT INTO pessoa (id_pessoa, tipo_documento,documento,nome,data_nascimento,nome_pais_origem) VALUES ('4379','PASS','000117009','Cervenka','19740424','Iraq');
INSERT INTO emprega_gravacao (id_gravacao, id_pessoa) VALUES ('43','4379');
INSERT INTO pessoa (id_pessoa, tipo_documento,documento,nome,data_nascimento,nome_pais_origem) VALUES ('4380','PASS','000483855','Deetta','19750612','Serbia');
INSERT INTO emprega_gravacao (id_gravacao, id_pessoa) VALUES ('43','4380');
INSERT INTO pessoa (id_pessoa, tipo_documento,documento,nome,data_nascimento,nome_pais_origem) VALUES ('4381','PASS','000291173','Beachell','19750406','Belarus');
INSERT INTO emprega_gravacao (id_gravacao, id_pessoa) VALUES ('43','4381');
INSERT INTO pessoa (id_pessoa, tipo_documento,documento,nome,data_nascimento,nome_pais_origem) VALUES ('4382','PASS','000272715','Baria','19810804','Slovakia');
INSERT INTO emprega_gravacao (id_gravacao, id_pessoa) VALUES ('43','4382');
INSERT INTO pessoa (id_pessoa, tipo_documento,documento,nome,data_nascimento,nome_pais_origem) VALUES ('4383','PASS','000555463','Corgiat','19830221','Switzerland');
INSERT INTO emprega_gravacao (id_gravacao, id_pessoa) VALUES ('43','4383');
INSERT INTO pessoa (id_pessoa, tipo_documento,documento,nome,data_nascimento,nome_pais_origem) VALUES ('4384','PASS','000599862','Eshenbrenner','19820611','Azerbaijan');
INSERT INTO emprega_gravacao (id_gravacao, id_pessoa) VALUES ('43','4384');
INSERT INTO pessoa (id_pessoa, tipo_documento,documento,nome,data_nascimento,nome_pais_origem) VALUES ('4385','PASS','000310549','Bleininger','19730722','Serbia');
INSERT INTO emprega_gravacao (id_gravacao, id_pessoa) VALUES ('43','4385');
INSERT INTO pessoa (id_pessoa, tipo_documento,documento,nome,data_nascimento,nome_pais_origem) VALUES ('4386','PASS','000764184','Chadsey','19820414','Australia');
INSERT INTO emprega_gravacao (id_gravacao, id_pessoa) VALUES ('43','4386');
INSERT INTO pessoa (id_pessoa, tipo_documento,documento,nome,data_nascimento,nome_pais_origem) VALUES ('4387','PASS','000185099','Blose','19800318','Croatia');
INSERT INTO emprega_gravacao (id_gravacao, id_pessoa) VALUES ('43','4387');
INSERT INTO pessoa (id_pessoa, tipo_documento,documento,nome,data_nascimento,nome_pais_origem) VALUES ('4388','PASS','000689072','Badey','19780309','Switzerland');
INSERT INTO emprega_gravacao (id_gravacao, id_pessoa) VALUES ('43','4388');
INSERT INTO pessoa (id_pessoa, tipo_documento,documento,nome,data_nascimento,nome_pais_origem) VALUES ('4389','PASS','000731346','Essinger','19760105','China');
INSERT INTO emprega_gravacao (id_gravacao, id_pessoa) VALUES ('43','4389');
INSERT INTO pessoa (id_pessoa, tipo_documento,documento,nome,data_nascimento,nome_pais_origem) VALUES ('4390','PASS','000299710','Brighton','19790719','Paraguay');
INSERT INTO emprega_gravacao (id_gravacao, id_pessoa) VALUES ('43','4390');
INSERT INTO pessoa (id_pessoa, tipo_documento,documento,nome,data_nascimento,nome_pais_origem) VALUES ('4391','PASS','000609532','Gonsar','19770913','Singapore');
INSERT INTO emprega_gravacao (id_gravacao, id_pessoa) VALUES ('43','4391');
INSERT INTO pessoa (id_pessoa, tipo_documento,documento,nome,data_nascimento,nome_pais_origem) VALUES ('4392','PASS','000545935','Eunice','19710220','Spain');
INSERT INTO emprega_gravacao (id_gravacao, id_pessoa) VALUES ('43','4392');
INSERT INTO pessoa (id_pessoa, tipo_documento,documento,nome,data_nascimento,nome_pais_origem) VALUES ('4393','PASS','000422670','Attanasio','19851015','India');
INSERT INTO emprega_gravacao (id_gravacao, id_pessoa) VALUES ('43','4393');
INSERT INTO pessoa (id_pessoa, tipo_documento,documento,nome,data_nascimento,nome_pais_origem) VALUES ('4394','PASS','000595580','Eichberg','19810103','Albania');
INSERT INTO emprega_gravacao (id_gravacao, id_pessoa) VALUES ('43','4394');
INSERT INTO equipe_de_gravacao (id_gravacao,nome_empresa) VALUES ('44','XQPIGRS');
INSERT INTO pessoa (id_pessoa, tipo_documento,documento,nome,data_nascimento,nome_pais_origem) VALUES ('4395','PASS','000363833','Birdie','19811019','Mexico');
INSERT INTO emprega_gravacao (id_gravacao, id_pessoa) VALUES ('44','4395');
INSERT INTO pessoa (id_pessoa, tipo_documento,documento,nome,data_nascimento,nome_pais_origem) VALUES ('4396','PASS','000680142','Boyl','19770709','Austria');
INSERT INTO emprega_gravacao (id_gravacao, id_pessoa) VALUES ('44','4396');
INSERT INTO pessoa (id_pessoa, tipo_documento,documento,nome,data_nascimento,nome_pais_origem) VALUES ('4397','PASS','000544904','Cartin','19780827','Belarus');
INSERT INTO emprega_gravacao (id_gravacao, id_pessoa) VALUES ('44','4397');
INSERT INTO pessoa (id_pessoa, tipo_documento,documento,nome,data_nascimento,nome_pais_origem) VALUES ('4398','PASS','000412661','Folker','19880504','Egypt');
INSERT INTO emprega_gravacao (id_gravacao, id_pessoa) VALUES ('44','4398');
INSERT INTO pessoa (id_pessoa, tipo_documento,documento,nome,data_nascimento,nome_pais_origem) VALUES ('4399','PASS','000948421','Chatterson','19850310','Turkey');
INSERT INTO emprega_gravacao (id_gravacao, id_pessoa) VALUES ('44','4399');
INSERT INTO pessoa (id_pessoa, tipo_documento,documento,nome,data_nascimento,nome_pais_origem) VALUES ('4400','PASS','000465501','Bacayo','19820922','Sweden');
INSERT INTO emprega_gravacao (id_gravacao, id_pessoa) VALUES ('44','4400');
INSERT INTO pessoa (id_pessoa, tipo_documento,documento,nome,data_nascimento,nome_pais_origem) VALUES ('4401','PASS','000371236','Felberbaum','19760601','Rica');
INSERT INTO emprega_gravacao (id_gravacao, id_pessoa) VALUES ('44','4401');
INSERT INTO pessoa (id_pessoa, tipo_documento,documento,nome,data_nascimento,nome_pais_origem) VALUES ('4402','PASS','000955746','Baires','19891206','New');
INSERT INTO emprega_gravacao (id_gravacao, id_pessoa) VALUES ('44','4402');
INSERT INTO pessoa (id_pessoa, tipo_documento,documento,nome,data_nascimento,nome_pais_origem) VALUES ('4403','PASS','000328366','Chiappetta','19700720','Mexico');
INSERT INTO emprega_gravacao (id_gravacao, id_pessoa) VALUES ('44','4403');
INSERT INTO pessoa (id_pessoa, tipo_documento,documento,nome,data_nascimento,nome_pais_origem) VALUES ('4404','PASS','000217693','Glick','19811117','Monaco');
INSERT INTO emprega_gravacao (id_gravacao, id_pessoa) VALUES ('44','4404');
INSERT INTO pessoa (id_pessoa, tipo_documento,documento,nome,data_nascimento,nome_pais_origem) VALUES ('4405','PASS','000408763','Fullilove','19890701','Barbados');
INSERT INTO emprega_gravacao (id_gravacao, id_pessoa) VALUES ('44','4405');
INSERT INTO pessoa (id_pessoa, tipo_documento,documento,nome,data_nascimento,nome_pais_origem) VALUES ('4406','PASS','000605017','Beeching','19800915','Rica');
INSERT INTO emprega_gravacao (id_gravacao, id_pessoa) VALUES ('44','4406');
INSERT INTO pessoa (id_pessoa, tipo_documento,documento,nome,data_nascimento,nome_pais_origem) VALUES ('4407','PASS','000824833','Glore','19890224','Japan');
INSERT INTO emprega_gravacao (id_gravacao, id_pessoa) VALUES ('44','4407');
INSERT INTO equipe_de_gravacao (id_gravacao,nome_empresa) VALUES ('45','DJSUQRI');
INSERT INTO pessoa (id_pessoa, tipo_documento,documento,nome,data_nascimento,nome_pais_origem) VALUES ('4408','PASS','000417719','Fanner','19741002','Finland');
INSERT INTO emprega_gravacao (id_gravacao, id_pessoa) VALUES ('45','4408');
INSERT INTO pessoa (id_pessoa, tipo_documento,documento,nome,data_nascimento,nome_pais_origem) VALUES ('4409','PASS','000572278','Elin','19810110','Lithuania');
INSERT INTO emprega_gravacao (id_gravacao, id_pessoa) VALUES ('45','4409');
INSERT INTO pessoa (id_pessoa, tipo_documento,documento,nome,data_nascimento,nome_pais_origem) VALUES ('4410','PASS','000271274','Bechthold','19861121','Ukraine');
INSERT INTO emprega_gravacao (id_gravacao, id_pessoa) VALUES ('45','4410');
INSERT INTO pessoa (id_pessoa, tipo_documento,documento,nome,data_nascimento,nome_pais_origem) VALUES ('4411','PASS','000540795','Egersdorf','19730303','Barbados');
INSERT INTO emprega_gravacao (id_gravacao, id_pessoa) VALUES ('45','4411');
INSERT INTO equipe_de_gravacao (id_gravacao,nome_empresa) VALUES ('46','GQVVDOK');
INSERT INTO pessoa (id_pessoa, tipo_documento,documento,nome,data_nascimento,nome_pais_origem) VALUES ('4412','PASS','000936585','Guerinot','19770421','France');
INSERT INTO emprega_gravacao (id_gravacao, id_pessoa) VALUES ('46','4412');
INSERT INTO pessoa (id_pessoa, tipo_documento,documento,nome,data_nascimento,nome_pais_origem) VALUES ('4413','PASS','000347055','Beetz','19770209','Turkey');
INSERT INTO emprega_gravacao (id_gravacao, id_pessoa) VALUES ('46','4413');
INSERT INTO equipe_de_gravacao (id_gravacao,nome_empresa) VALUES ('47','VVSUQBD');
INSERT INTO pessoa (id_pessoa, tipo_documento,documento,nome,data_nascimento,nome_pais_origem) VALUES ('4414','PASS','000786466','Eckles','19810327','Georgia');
INSERT INTO emprega_gravacao (id_gravacao, id_pessoa) VALUES ('47','4414');
INSERT INTO pessoa (id_pessoa, tipo_documento,documento,nome,data_nascimento,nome_pais_origem) VALUES ('4415','PASS','000656049','Gilio','19701013','Vietnam');
INSERT INTO emprega_gravacao (id_gravacao, id_pessoa) VALUES ('47','4415');
INSERT INTO pessoa (id_pessoa, tipo_documento,documento,nome,data_nascimento,nome_pais_origem) VALUES ('4416','PASS','000638365','Fetterly','19831123','Iraq');
INSERT INTO emprega_gravacao (id_gravacao, id_pessoa) VALUES ('47','4416');
INSERT INTO pessoa (id_pessoa, tipo_documento,documento,nome,data_nascimento,nome_pais_origem) VALUES ('4417','PASS','000920326','Bergstedt','19880115','Lithuania');
INSERT INTO emprega_gravacao (id_gravacao, id_pessoa) VALUES ('47','4417');
INSERT INTO pessoa (id_pessoa, tipo_documento,documento,nome,data_nascimento,nome_pais_origem) VALUES ('4418','PASS','000835973','Gattis','19801222','Slovakia');
INSERT INTO emprega_gravacao (id_gravacao, id_pessoa) VALUES ('47','4418');
INSERT INTO pessoa (id_pessoa, tipo_documento,documento,nome,data_nascimento,nome_pais_origem) VALUES ('4419','PASS','000567853','Dickson','19710125','Uruguay');
INSERT INTO emprega_gravacao (id_gravacao, id_pessoa) VALUES ('47','4419');
INSERT INTO equipe_de_gravacao (id_gravacao,nome_empresa) VALUES ('48','TJMAKWQ');
INSERT INTO pessoa (id_pessoa, tipo_documento,documento,nome,data_nascimento,nome_pais_origem) VALUES ('4420','PASS','000111294','Colom','19790221','Uruguay');
INSERT INTO emprega_gravacao (id_gravacao, id_pessoa) VALUES ('48','4420');
INSERT INTO pessoa (id_pessoa, tipo_documento,documento,nome,data_nascimento,nome_pais_origem) VALUES ('4421','PASS','000316012','Cianciulli','19810711','Serbia');
INSERT INTO emprega_gravacao (id_gravacao, id_pessoa) VALUES ('48','4421');
INSERT INTO pessoa (id_pessoa, tipo_documento,documento,nome,data_nascimento,nome_pais_origem) VALUES ('4422','PASS','000298369','Fiume','19740104','Romania');
INSERT INTO emprega_gravacao (id_gravacao, id_pessoa) VALUES ('48','4422');
INSERT INTO pessoa (id_pessoa, tipo_documento,documento,nome,data_nascimento,nome_pais_origem) VALUES ('4423','PASS','000428832','Derga','19870216','Costa');
INSERT INTO emprega_gravacao (id_gravacao, id_pessoa) VALUES ('48','4423');
INSERT INTO pessoa (id_pessoa, tipo_documento,documento,nome,data_nascimento,nome_pais_origem) VALUES ('4424','PASS','000849354','Colschen','19830115','Brazil');
INSERT INTO emprega_gravacao (id_gravacao, id_pessoa) VALUES ('48','4424');
INSERT INTO pessoa (id_pessoa, tipo_documento,documento,nome,data_nascimento,nome_pais_origem) VALUES ('4425','PASS','000477111','Chartrand','19761217','Costa');
INSERT INTO emprega_gravacao (id_gravacao, id_pessoa) VALUES ('48','4425');
INSERT INTO pessoa (id_pessoa, tipo_documento,documento,nome,data_nascimento,nome_pais_origem) VALUES ('4426','PASS','000965139','Colcher','19841109','Mexico');
INSERT INTO emprega_gravacao (id_gravacao, id_pessoa) VALUES ('48','4426');
INSERT INTO pessoa (id_pessoa, tipo_documento,documento,nome,data_nascimento,nome_pais_origem) VALUES ('4427','PASS','000771388','Alanis','19740818','Thailand');
INSERT INTO emprega_gravacao (id_gravacao, id_pessoa) VALUES ('48','4427');
INSERT INTO pessoa (id_pessoa, tipo_documento,documento,nome,data_nascimento,nome_pais_origem) VALUES ('4428','PASS','000430485','Grosman','19771207','Slovakia');
INSERT INTO emprega_gravacao (id_gravacao, id_pessoa) VALUES ('48','4428');
INSERT INTO pessoa (id_pessoa, tipo_documento,documento,nome,data_nascimento,nome_pais_origem) VALUES ('4429','PASS','000264591','Foux','19830303','Bahrain');
INSERT INTO emprega_gravacao (id_gravacao, id_pessoa) VALUES ('48','4429');
INSERT INTO pessoa (id_pessoa, tipo_documento,documento,nome,data_nascimento,nome_pais_origem) VALUES ('4430','PASS','000635420','Gloor','19730805','Algeria');
INSERT INTO emprega_gravacao (id_gravacao, id_pessoa) VALUES ('48','4430');
INSERT INTO pessoa (id_pessoa, tipo_documento,documento,nome,data_nascimento,nome_pais_origem) VALUES ('4431','PASS','000776685','Gates','19770707','Egypt');
INSERT INTO emprega_gravacao (id_gravacao, id_pessoa) VALUES ('48','4431');
INSERT INTO pessoa (id_pessoa, tipo_documento,documento,nome,data_nascimento,nome_pais_origem) VALUES ('4432','PASS','000460426','Brumlow','19780721','Lithuania');
INSERT INTO emprega_gravacao (id_gravacao, id_pessoa) VALUES ('48','4432');
INSERT INTO equipe_de_gravacao (id_gravacao,nome_empresa) VALUES ('49','NKEJUJB');
INSERT INTO pessoa (id_pessoa, tipo_documento,documento,nome,data_nascimento,nome_pais_origem) VALUES ('4433','PASS','000954338','Berringer','19840106','Cuba');
INSERT INTO emprega_gravacao (id_gravacao, id_pessoa) VALUES ('49','4433');
INSERT INTO pessoa (id_pessoa, tipo_documento,documento,nome,data_nascimento,nome_pais_origem) VALUES ('4434','PASS','000357850','Dame','19820719','Denmark');
INSERT INTO emprega_gravacao (id_gravacao, id_pessoa) VALUES ('49','4434');
INSERT INTO pessoa (id_pessoa, tipo_documento,documento,nome,data_nascimento,nome_pais_origem) VALUES ('4435','PASS','000283318','Bodovsky','19710903','Sweden');
INSERT INTO emprega_gravacao (id_gravacao, id_pessoa) VALUES ('49','4435');
INSERT INTO pessoa (id_pessoa, tipo_documento,documento,nome,data_nascimento,nome_pais_origem) VALUES ('4436','PASS','000641038','Covert','19880507','Greece');
INSERT INTO emprega_gravacao (id_gravacao, id_pessoa) VALUES ('49','4436');
INSERT INTO pessoa (id_pessoa, tipo_documento,documento,nome,data_nascimento,nome_pais_origem) VALUES ('4437','PASS','000430603','Aboulissan','19721123','Monaco');
INSERT INTO emprega_gravacao (id_gravacao, id_pessoa) VALUES ('49','4437');
INSERT INTO pessoa (id_pessoa, tipo_documento,documento,nome,data_nascimento,nome_pais_origem) VALUES ('4438','PASS','000117063','Cogdill','19850906','Croatia');
INSERT INTO emprega_gravacao (id_gravacao, id_pessoa) VALUES ('49','4438');
INSERT INTO pessoa (id_pessoa, tipo_documento,documento,nome,data_nascimento,nome_pais_origem) VALUES ('4439','PASS','000169950','Felonia','19730805','Angola');
INSERT INTO emprega_gravacao (id_gravacao, id_pessoa) VALUES ('49','4439');
INSERT INTO pessoa (id_pessoa, tipo_documento,documento,nome,data_nascimento,nome_pais_origem) VALUES ('4440','PASS','000387761','Coyt','19790903','China');
INSERT INTO emprega_gravacao (id_gravacao, id_pessoa) VALUES ('49','4440');
INSERT INTO pessoa (id_pessoa, tipo_documento,documento,nome,data_nascimento,nome_pais_origem) VALUES ('4441','PASS','000597126','Billafuerte','19770724','Peru');
INSERT INTO emprega_gravacao (id_gravacao, id_pessoa) VALUES ('49','4441');
INSERT INTO pessoa (id_pessoa, tipo_documento,documento,nome,data_nascimento,nome_pais_origem) VALUES ('4442','PASS','000808482','Eilertson','19750505','Monaco');
INSERT INTO emprega_gravacao (id_gravacao, id_pessoa) VALUES ('49','4442');
INSERT INTO equipe_de_gravacao (id_gravacao,nome_empresa) VALUES ('50','YBSGHGC');
INSERT INTO pessoa (id_pessoa, tipo_documento,documento,nome,data_nascimento,nome_pais_origem) VALUES ('4443','PASS','000100100','Bighorse','19850623','Japan');
INSERT INTO emprega_gravacao (id_gravacao, id_pessoa) VALUES ('50','4443');
INSERT INTO pessoa (id_pessoa, tipo_documento,documento,nome,data_nascimento,nome_pais_origem) VALUES ('4444','PASS','000809573','Guarriello','19880626','India');
INSERT INTO emprega_gravacao (id_gravacao, id_pessoa) VALUES ('50','4444');
INSERT INTO pessoa (id_pessoa, tipo_documento,documento,nome,data_nascimento,nome_pais_origem) VALUES ('4445','PASS','000769496','Grodin','19740720','Syria');
INSERT INTO emprega_gravacao (id_gravacao, id_pessoa) VALUES ('50','4445');
INSERT INTO pessoa (id_pessoa, tipo_documento,documento,nome,data_nascimento,nome_pais_origem) VALUES ('4446','PASS','000468508','Cliff','19711114','Bangladesh');
INSERT INTO emprega_gravacao (id_gravacao, id_pessoa) VALUES ('50','4446');
INSERT INTO pessoa (id_pessoa, tipo_documento,documento,nome,data_nascimento,nome_pais_origem) VALUES ('4447','PASS','000162672','Fagen','19710321','Germany');
INSERT INTO emprega_gravacao (id_gravacao, id_pessoa) VALUES ('50','4447');
INSERT INTO pessoa (id_pessoa, tipo_documento,documento,nome,data_nascimento,nome_pais_origem) VALUES ('4448','PASS','000563421','Fones','19790307','Uzbekistan');
INSERT INTO emprega_gravacao (id_gravacao, id_pessoa) VALUES ('50','4448');
INSERT INTO pessoa (id_pessoa, tipo_documento,documento,nome,data_nascimento,nome_pais_origem) VALUES ('4449','PASS','000285861','Crater','19791022','Norway');
INSERT INTO emprega_gravacao (id_gravacao, id_pessoa) VALUES ('50','4449');
INSERT INTO pessoa (id_pessoa, tipo_documento,documento,nome,data_nascimento,nome_pais_origem) VALUES ('4450','PASS','000813739','Bidstrup','19730803','Ukraine');
INSERT INTO emprega_gravacao (id_gravacao, id_pessoa) VALUES ('50','4450');
INSERT INTO pessoa (id_pessoa, tipo_documento,documento,nome,data_nascimento,nome_pais_origem) VALUES ('4451','PASS','000741837','Allred','19850427','Chad');
INSERT INTO emprega_gravacao (id_gravacao, id_pessoa) VALUES ('50','4451');
INSERT INTO pessoa (id_pessoa, tipo_documento,documento,nome,data_nascimento,nome_pais_origem) VALUES ('4452','PASS','000780064','Appleby','19860604','France');
INSERT INTO emprega_gravacao (id_gravacao, id_pessoa) VALUES ('50','4452');
INSERT INTO pessoa (id_pessoa, tipo_documento,documento,nome,data_nascimento,nome_pais_origem) VALUES ('4453','PASS','000343611','Caridad','19780221','Senegal');
INSERT INTO emprega_gravacao (id_gravacao, id_pessoa) VALUES ('50','4453');
INSERT INTO pessoa (id_pessoa, tipo_documento,documento,nome,data_nascimento,nome_pais_origem) VALUES ('4454','PASS','000434762','Chmelik','19880510','Philippines');
INSERT INTO emprega_gravacao (id_gravacao, id_pessoa) VALUES ('50','4454');
INSERT INTO pessoa (id_pessoa, tipo_documento,documento,nome,data_nascimento,nome_pais_origem) VALUES ('4455','PASS','000445239','Cal','19740113','Monaco');
INSERT INTO emprega_gravacao (id_gravacao, id_pessoa) VALUES ('50','4455');
INSERT INTO pessoa (id_pessoa, tipo_documento,documento,nome,data_nascimento,nome_pais_origem) VALUES ('4456','PASS','000811422','Genevie','19730427','Uzbekistan');
INSERT INTO emprega_gravacao (id_gravacao, id_pessoa) VALUES ('50','4456');
INSERT INTO pessoa (id_pessoa, tipo_documento,documento,nome,data_nascimento,nome_pais_origem) VALUES ('4457','PASS','000575788','Bromberek','19880124','Nepal');
INSERT INTO emprega_gravacao (id_gravacao, id_pessoa) VALUES ('50','4457');
INSERT INTO pessoa (id_pessoa, tipo_documento,documento,nome,data_nascimento,nome_pais_origem) VALUES ('4458','PASS','000968032','Borquez','19730316','Finland');
INSERT INTO emprega_gravacao (id_gravacao, id_pessoa) VALUES ('50','4458');
INSERT INTO pessoa (id_pessoa, tipo_documento,documento,nome,data_nascimento,nome_pais_origem) VALUES ('4459','PASS','000466371','Donatien','19730607','Bahamas');
INSERT INTO emprega_gravacao (id_gravacao, id_pessoa) VALUES ('50','4459');
INSERT INTO pessoa (id_pessoa, tipo_documento,documento,nome,data_nascimento,nome_pais_origem) VALUES ('4460','PASS','000988769','Czyz','19731222','Uzbekistan');
INSERT INTO emprega_gravacao (id_gravacao, id_pessoa) VALUES ('50','4460');
INSERT INTO pessoa (id_pessoa, tipo_documento,documento,nome,data_nascimento,nome_pais_origem) VALUES ('4461','PASS','000689677','Bershadsky','19720122','Netherlands');
INSERT INTO emprega_gravacao (id_gravacao, id_pessoa) VALUES ('50','4461');
INSERT INTO pessoa (id_pessoa, tipo_documento,documento,nome,data_nascimento,nome_pais_origem) VALUES ('4462','PASS','000415292','Dornbrook','19860527','Italy');
INSERT INTO emprega_gravacao (id_gravacao, id_pessoa) VALUES ('50','4462');
INSERT INTO pessoa (id_pessoa, tipo_documento,documento,nome,data_nascimento,nome_pais_origem) VALUES ('4463','PASS','000320522','Dannecker','19800908','Norway');
INSERT INTO emprega_gravacao (id_gravacao, id_pessoa) VALUES ('50','4463');
INSERT INTO pessoa (id_pessoa, tipo_documento,documento,nome,data_nascimento,nome_pais_origem) VALUES ('4464','PASS','000712998','Gleghorn','19780717','Netherlands');
INSERT INTO emprega_gravacao (id_gravacao, id_pessoa) VALUES ('50','4464');
INSERT INTO pessoa (id_pessoa, tipo_documento,documento,nome,data_nascimento,nome_pais_origem) VALUES ('4465','PASS','000496205','Flakne','19890125','France');
INSERT INTO emprega_gravacao (id_gravacao, id_pessoa) VALUES ('50','4465');
INSERT INTO pessoa (id_pessoa, tipo_documento,documento,nome,data_nascimento,nome_pais_origem) VALUES ('4466','PASS','000578236','Barrale','19720307','Belgium');
INSERT INTO emprega_gravacao (id_gravacao, id_pessoa) VALUES ('50','4466');
INSERT INTO pessoa (id_pessoa, tipo_documento,documento,nome,data_nascimento,nome_pais_origem) VALUES ('4467','PASS','000163978','Bevel','19720110','Ukraine');
INSERT INTO emprega_gravacao (id_gravacao, id_pessoa) VALUES ('50','4467');
INSERT INTO equipe_de_gravacao (id_gravacao,nome_empresa) VALUES ('51','SDNUXLC');
INSERT INTO pessoa (id_pessoa, tipo_documento,documento,nome,data_nascimento,nome_pais_origem) VALUES ('4468','PASS','000665875','Erich','19880315','Senegal');
INSERT INTO emprega_gravacao (id_gravacao, id_pessoa) VALUES ('51','4468');
INSERT INTO pessoa (id_pessoa, tipo_documento,documento,nome,data_nascimento,nome_pais_origem) VALUES ('4469','PASS','000909153','Cecila','19700824','Chile');
INSERT INTO emprega_gravacao (id_gravacao, id_pessoa) VALUES ('51','4469');
INSERT INTO pessoa (id_pessoa, tipo_documento,documento,nome,data_nascimento,nome_pais_origem) VALUES ('4470','PASS','000322241','Fernstrom','19750521','Uruguay');
INSERT INTO emprega_gravacao (id_gravacao, id_pessoa) VALUES ('51','4470');
INSERT INTO pessoa (id_pessoa, tipo_documento,documento,nome,data_nascimento,nome_pais_origem) VALUES ('4471','PASS','000950282','Caldarone','19881118','Singapore');
INSERT INTO emprega_gravacao (id_gravacao, id_pessoa) VALUES ('51','4471');
INSERT INTO pessoa (id_pessoa, tipo_documento,documento,nome,data_nascimento,nome_pais_origem) VALUES ('4472','PASS','000878425','Chisnall','19890109','Georgia');
INSERT INTO emprega_gravacao (id_gravacao, id_pessoa) VALUES ('51','4472');
INSERT INTO pessoa (id_pessoa, tipo_documento,documento,nome,data_nascimento,nome_pais_origem) VALUES ('4473','PASS','000977146','Gomes','19790613','Sweden');
INSERT INTO emprega_gravacao (id_gravacao, id_pessoa) VALUES ('51','4473');
INSERT INTO pessoa (id_pessoa, tipo_documento,documento,nome,data_nascimento,nome_pais_origem) VALUES ('4474','PASS','000432285','Forlivio','19730427','Bahrain');
INSERT INTO emprega_gravacao (id_gravacao, id_pessoa) VALUES ('51','4474');
INSERT INTO pessoa (id_pessoa, tipo_documento,documento,nome,data_nascimento,nome_pais_origem) VALUES ('4475','PASS','000727983','Carlan','19740709','Ukraine');
INSERT INTO emprega_gravacao (id_gravacao, id_pessoa) VALUES ('51','4475');
INSERT INTO pessoa (id_pessoa, tipo_documento,documento,nome,data_nascimento,nome_pais_origem) VALUES ('4476','PASS','000552890','Bang','19710304','Denmark');
INSERT INTO emprega_gravacao (id_gravacao, id_pessoa) VALUES ('51','4476');
INSERT INTO pessoa (id_pessoa, tipo_documento,documento,nome,data_nascimento,nome_pais_origem) VALUES ('4477','PASS','000485890','Anselm','19840326','Poland');
INSERT INTO emprega_gravacao (id_gravacao, id_pessoa) VALUES ('51','4477');
INSERT INTO pessoa (id_pessoa, tipo_documento,documento,nome,data_nascimento,nome_pais_origem) VALUES ('4478','PASS','000268554','Follansbee','19810814','Brazil');
INSERT INTO emprega_gravacao (id_gravacao, id_pessoa) VALUES ('51','4478');
INSERT INTO pessoa (id_pessoa, tipo_documento,documento,nome,data_nascimento,nome_pais_origem) VALUES ('4479','PASS','000525896','Diaco','19740216','Arabia');
INSERT INTO emprega_gravacao (id_gravacao, id_pessoa) VALUES ('51','4479');
INSERT INTO pessoa (id_pessoa, tipo_documento,documento,nome,data_nascimento,nome_pais_origem) VALUES ('4480','PASS','000779869','Gandhi','19861201','Indonesia');
INSERT INTO emprega_gravacao (id_gravacao, id_pessoa) VALUES ('51','4480');
INSERT INTO pessoa (id_pessoa, tipo_documento,documento,nome,data_nascimento,nome_pais_origem) VALUES ('4481','PASS','000938937','Granzella','19770312','Serbia');
INSERT INTO emprega_gravacao (id_gravacao, id_pessoa) VALUES ('51','4481');
INSERT INTO pessoa (id_pessoa, tipo_documento,documento,nome,data_nascimento,nome_pais_origem) VALUES ('4482','PASS','000285953','Grandjean','19881020','Iraq');
INSERT INTO emprega_gravacao (id_gravacao, id_pessoa) VALUES ('51','4482');
INSERT INTO pessoa (id_pessoa, tipo_documento,documento,nome,data_nascimento,nome_pais_origem) VALUES ('4483','PASS','000610229','Ermert','19830212','Austria');
INSERT INTO emprega_gravacao (id_gravacao, id_pessoa) VALUES ('51','4483');
INSERT INTO pessoa (id_pessoa, tipo_documento,documento,nome,data_nascimento,nome_pais_origem) VALUES ('4484','PASS','000726886','Dedaj','19730708','Algeria');
INSERT INTO emprega_gravacao (id_gravacao, id_pessoa) VALUES ('51','4484');
INSERT INTO pessoa (id_pessoa, tipo_documento,documento,nome,data_nascimento,nome_pais_origem) VALUES ('4485','PASS','000587383','Dauteuil','19850613','Georgia');
INSERT INTO emprega_gravacao (id_gravacao, id_pessoa) VALUES ('51','4485');
INSERT INTO pessoa (id_pessoa, tipo_documento,documento,nome,data_nascimento,nome_pais_origem) VALUES ('4486','PASS','000591718','Chanler','19750719','Angola');
INSERT INTO emprega_gravacao (id_gravacao, id_pessoa) VALUES ('51','4486');
INSERT INTO pessoa (id_pessoa, tipo_documento,documento,nome,data_nascimento,nome_pais_origem) VALUES ('4487','PASS','000704019','Guenthner','19760502','Brazil');
INSERT INTO emprega_gravacao (id_gravacao, id_pessoa) VALUES ('51','4487');
INSERT INTO pessoa (id_pessoa, tipo_documento,documento,nome,data_nascimento,nome_pais_origem) VALUES ('4488','PASS','000535467','Beltrame','19730206','Zealand');
INSERT INTO emprega_gravacao (id_gravacao, id_pessoa) VALUES ('51','4488');
INSERT INTO pessoa (id_pessoa, tipo_documento,documento,nome,data_nascimento,nome_pais_origem) VALUES ('4489','PASS','000860266','Gobin','19880425','Japan');
INSERT INTO emprega_gravacao (id_gravacao, id_pessoa) VALUES ('51','4489');
INSERT INTO pessoa (id_pessoa, tipo_documento,documento,nome,data_nascimento,nome_pais_origem) VALUES ('4490','PASS','000370093','Frawkin','19850918','Arabia');
INSERT INTO emprega_gravacao (id_gravacao, id_pessoa) VALUES ('51','4490');
INSERT INTO pessoa (id_pessoa, tipo_documento,documento,nome,data_nascimento,nome_pais_origem) VALUES ('4491','PASS','000219435','Christopherso','19850904','Slovakia');
INSERT INTO emprega_gravacao (id_gravacao, id_pessoa) VALUES ('51','4491');
INSERT INTO pessoa (id_pessoa, tipo_documento,documento,nome,data_nascimento,nome_pais_origem) VALUES ('4492','PASS','000140445','Bast','19720821','Ukraine');
INSERT INTO emprega_gravacao (id_gravacao, id_pessoa) VALUES ('51','4492');
INSERT INTO pessoa (id_pessoa, tipo_documento,documento,nome,data_nascimento,nome_pais_origem) VALUES ('4493','PASS','000794711','Ewell','19750121','Iran');
INSERT INTO emprega_gravacao (id_gravacao, id_pessoa) VALUES ('51','4493');
INSERT INTO equipe_de_gravacao (id_gravacao,nome_empresa) VALUES ('52','AFYSAXW');
INSERT INTO pessoa (id_pessoa, tipo_documento,documento,nome,data_nascimento,nome_pais_origem) VALUES ('4494','PASS','000238924','Blovin','19791101','Philippines');
INSERT INTO emprega_gravacao (id_gravacao, id_pessoa) VALUES ('52','4494');
INSERT INTO equipe_de_gravacao (id_gravacao,nome_empresa) VALUES ('53','KMCWXHQ');
INSERT INTO pessoa (id_pessoa, tipo_documento,documento,nome,data_nascimento,nome_pais_origem) VALUES ('4495','PASS','000299653','Chacko','19770223','Bangladesh');
INSERT INTO emprega_gravacao (id_gravacao, id_pessoa) VALUES ('53','4495');
INSERT INTO pessoa (id_pessoa, tipo_documento,documento,nome,data_nascimento,nome_pais_origem) VALUES ('4496','PASS','000507155','Borucki','19760102','Mexico');
INSERT INTO emprega_gravacao (id_gravacao, id_pessoa) VALUES ('53','4496');
INSERT INTO pessoa (id_pessoa, tipo_documento,documento,nome,data_nascimento,nome_pais_origem) VALUES ('4497','PASS','000635451','Ellinger','19870223','Germany');
INSERT INTO emprega_gravacao (id_gravacao, id_pessoa) VALUES ('53','4497');
INSERT INTO pessoa (id_pessoa, tipo_documento,documento,nome,data_nascimento,nome_pais_origem) VALUES ('4498','PASS','000489912','Bonker','19711219','Morocco');
INSERT INTO emprega_gravacao (id_gravacao, id_pessoa) VALUES ('53','4498');
INSERT INTO pessoa (id_pessoa, tipo_documento,documento,nome,data_nascimento,nome_pais_origem) VALUES ('4499','PASS','000483869','Cuperus','19890602','Brazil');
INSERT INTO emprega_gravacao (id_gravacao, id_pessoa) VALUES ('53','4499');
INSERT INTO pessoa (id_pessoa, tipo_documento,documento,nome,data_nascimento,nome_pais_origem) VALUES ('4500','PASS','000936365','Drawy','19791006','Singapore');
INSERT INTO emprega_gravacao (id_gravacao, id_pessoa) VALUES ('53','4500');
INSERT INTO equipe_de_gravacao (id_gravacao,nome_empresa) VALUES ('54','LGGDXPN');
INSERT INTO pessoa (id_pessoa, tipo_documento,documento,nome,data_nascimento,nome_pais_origem) VALUES ('4501','PASS','000968698','Bar','19800408','Romania');
INSERT INTO emprega_gravacao (id_gravacao, id_pessoa) VALUES ('54','4501');
INSERT INTO pessoa (id_pessoa, tipo_documento,documento,nome,data_nascimento,nome_pais_origem) VALUES ('4502','PASS','000400727','Auclair','19840620','Finland');
INSERT INTO emprega_gravacao (id_gravacao, id_pessoa) VALUES ('54','4502');
INSERT INTO pessoa (id_pessoa, tipo_documento,documento,nome,data_nascimento,nome_pais_origem) VALUES ('4503','PASS','000135215','Bettye','19740514','Egypt');
INSERT INTO emprega_gravacao (id_gravacao, id_pessoa) VALUES ('54','4503');
INSERT INTO pessoa (id_pessoa, tipo_documento,documento,nome,data_nascimento,nome_pais_origem) VALUES ('4504','PASS','000228735','Beauvais','19810525','Ukraine');
INSERT INTO emprega_gravacao (id_gravacao, id_pessoa) VALUES ('54','4504');
INSERT INTO equipe_de_gravacao (id_gravacao,nome_empresa) VALUES ('55','KOEAAPC');
INSERT INTO pessoa (id_pessoa, tipo_documento,documento,nome,data_nascimento,nome_pais_origem) VALUES ('4505','PASS','000478756','Brownley','19771024','Argentina');
INSERT INTO emprega_gravacao (id_gravacao, id_pessoa) VALUES ('55','4505');
INSERT INTO pessoa (id_pessoa, tipo_documento,documento,nome,data_nascimento,nome_pais_origem) VALUES ('4506','PASS','000956132','Dowdell','19891103','Albania');
INSERT INTO emprega_gravacao (id_gravacao, id_pessoa) VALUES ('55','4506');
INSERT INTO pessoa (id_pessoa, tipo_documento,documento,nome,data_nascimento,nome_pais_origem) VALUES ('4507','PASS','000295648','Greto','19770112','Austria');
INSERT INTO emprega_gravacao (id_gravacao, id_pessoa) VALUES ('55','4507');
INSERT INTO pessoa (id_pessoa, tipo_documento,documento,nome,data_nascimento,nome_pais_origem) VALUES ('4508','PASS','000237356','Doderer','19890109','Hungary');
INSERT INTO emprega_gravacao (id_gravacao, id_pessoa) VALUES ('55','4508');
INSERT INTO pessoa (id_pessoa, tipo_documento,documento,nome,data_nascimento,nome_pais_origem) VALUES ('4509','PASS','000863991','Barrios','19780919','Albania');
INSERT INTO emprega_gravacao (id_gravacao, id_pessoa) VALUES ('55','4509');
INSERT INTO pessoa (id_pessoa, tipo_documento,documento,nome,data_nascimento,nome_pais_origem) VALUES ('4510','PASS','000773913','Bhagat','19831008','Paraguay');
INSERT INTO emprega_gravacao (id_gravacao, id_pessoa) VALUES ('55','4510');
INSERT INTO pessoa (id_pessoa, tipo_documento,documento,nome,data_nascimento,nome_pais_origem) VALUES ('4511','PASS','000222537','Gallaty','19710207','Netherlands');
INSERT INTO emprega_gravacao (id_gravacao, id_pessoa) VALUES ('55','4511');
INSERT INTO pessoa (id_pessoa, tipo_documento,documento,nome,data_nascimento,nome_pais_origem) VALUES ('4512','PASS','000289238','Elkan','19770215','Poland');
INSERT INTO emprega_gravacao (id_gravacao, id_pessoa) VALUES ('55','4512');
INSERT INTO pessoa (id_pessoa, tipo_documento,documento,nome,data_nascimento,nome_pais_origem) VALUES ('4513','PASS','000150941','Dawkins','19790709','Philippines');
INSERT INTO emprega_gravacao (id_gravacao, id_pessoa) VALUES ('55','4513');
INSERT INTO pessoa (id_pessoa, tipo_documento,documento,nome,data_nascimento,nome_pais_origem) VALUES ('4514','PASS','000967503','Garverick','19740712','Nicaragua');
INSERT INTO emprega_gravacao (id_gravacao, id_pessoa) VALUES ('55','4514');
INSERT INTO pessoa (id_pessoa, tipo_documento,documento,nome,data_nascimento,nome_pais_origem) VALUES ('4515','PASS','000714200','Alphonso','19730327','Chile');
INSERT INTO emprega_gravacao (id_gravacao, id_pessoa) VALUES ('55','4515');
INSERT INTO pessoa (id_pessoa, tipo_documento,documento,nome,data_nascimento,nome_pais_origem) VALUES ('4516','PASS','000156325','Furry','19850414','Singapore');
INSERT INTO emprega_gravacao (id_gravacao, id_pessoa) VALUES ('55','4516');
INSERT INTO pessoa (id_pessoa, tipo_documento,documento,nome,data_nascimento,nome_pais_origem) VALUES ('4517','PASS','000512662','Grev','19780715','New');
INSERT INTO emprega_gravacao (id_gravacao, id_pessoa) VALUES ('55','4517');
INSERT INTO pessoa (id_pessoa, tipo_documento,documento,nome,data_nascimento,nome_pais_origem) VALUES ('4518','PASS','000431479','Chough','19820607','Vietnam');
INSERT INTO emprega_gravacao (id_gravacao, id_pessoa) VALUES ('55','4518');
INSERT INTO pessoa (id_pessoa, tipo_documento,documento,nome,data_nascimento,nome_pais_origem) VALUES ('4519','PASS','000854156','Blankship','19871217','Zealand');
INSERT INTO emprega_gravacao (id_gravacao, id_pessoa) VALUES ('55','4519');
INSERT INTO pessoa (id_pessoa, tipo_documento,documento,nome,data_nascimento,nome_pais_origem) VALUES ('4520','PASS','000357965','Ciano','19840216','Luxembourg');
INSERT INTO emprega_gravacao (id_gravacao, id_pessoa) VALUES ('55','4520');
INSERT INTO pessoa (id_pessoa, tipo_documento,documento,nome,data_nascimento,nome_pais_origem) VALUES ('4521','PASS','000372672','Disch','19821210','Armenia');
INSERT INTO emprega_gravacao (id_gravacao, id_pessoa) VALUES ('55','4521');
INSERT INTO pessoa (id_pessoa, tipo_documento,documento,nome,data_nascimento,nome_pais_origem) VALUES ('4522','PASS','000216768','Braunsdorf','19850705','France');
INSERT INTO emprega_gravacao (id_gravacao, id_pessoa) VALUES ('55','4522');
INSERT INTO pessoa (id_pessoa, tipo_documento,documento,nome,data_nascimento,nome_pais_origem) VALUES ('4523','PASS','000828536','Clesca','19860821','Egypt');
INSERT INTO emprega_gravacao (id_gravacao, id_pessoa) VALUES ('55','4523');
INSERT INTO pessoa (id_pessoa, tipo_documento,documento,nome,data_nascimento,nome_pais_origem) VALUES ('4524','PASS','000111758','Foucha','19720814','France');
INSERT INTO emprega_gravacao (id_gravacao, id_pessoa) VALUES ('55','4524');
INSERT INTO pessoa (id_pessoa, tipo_documento,documento,nome,data_nascimento,nome_pais_origem) VALUES ('4525','PASS','000655221','Buescher','19720123','Nicaragua');
INSERT INTO emprega_gravacao (id_gravacao, id_pessoa) VALUES ('55','4525');
INSERT INTO pessoa (id_pessoa, tipo_documento,documento,nome,data_nascimento,nome_pais_origem) VALUES ('4526','PASS','000815853','Dena','19771201','Georgia');
INSERT INTO emprega_gravacao (id_gravacao, id_pessoa) VALUES ('55','4526');
INSERT INTO pessoa (id_pessoa, tipo_documento,documento,nome,data_nascimento,nome_pais_origem) VALUES ('4527','PASS','000250733','Cullison','19870518','Bulgaria');
INSERT INTO emprega_gravacao (id_gravacao, id_pessoa) VALUES ('55','4527');
INSERT INTO pessoa (id_pessoa, tipo_documento,documento,nome,data_nascimento,nome_pais_origem) VALUES ('4528','PASS','000932513','Beltran','19771110','Senegal');
INSERT INTO emprega_gravacao (id_gravacao, id_pessoa) VALUES ('55','4528');
INSERT INTO pessoa (id_pessoa, tipo_documento,documento,nome,data_nascimento,nome_pais_origem) VALUES ('4529','PASS','000708062','Geissel','19811210','Spain');
INSERT INTO emprega_gravacao (id_gravacao, id_pessoa) VALUES ('55','4529');
INSERT INTO pessoa (id_pessoa, tipo_documento,documento,nome,data_nascimento,nome_pais_origem) VALUES ('4530','PASS','000929621','Cromeans','19870508','Sweden');
INSERT INTO emprega_gravacao (id_gravacao, id_pessoa) VALUES ('55','4530');
INSERT INTO equipe_de_gravacao (id_gravacao,nome_empresa) VALUES ('56','VZTLWHB');
INSERT INTO pessoa (id_pessoa, tipo_documento,documento,nome,data_nascimento,nome_pais_origem) VALUES ('4531','PASS','000431904','Casterline','19870417','Mozambique');
INSERT INTO emprega_gravacao (id_gravacao, id_pessoa) VALUES ('56','4531');
INSERT INTO pessoa (id_pessoa, tipo_documento,documento,nome,data_nascimento,nome_pais_origem) VALUES ('4532','PASS','000308046','Bleiweiss','19781024','Belgium');
INSERT INTO emprega_gravacao (id_gravacao, id_pessoa) VALUES ('56','4532');
INSERT INTO pessoa (id_pessoa, tipo_documento,documento,nome,data_nascimento,nome_pais_origem) VALUES ('4533','PASS','000164414','Christena','19850703','Cuba');
INSERT INTO emprega_gravacao (id_gravacao, id_pessoa) VALUES ('56','4533');
INSERT INTO pessoa (id_pessoa, tipo_documento,documento,nome,data_nascimento,nome_pais_origem) VALUES ('4534','PASS','000323061','Granelli','19801004','Ukraine');
INSERT INTO emprega_gravacao (id_gravacao, id_pessoa) VALUES ('56','4534');
INSERT INTO pessoa (id_pessoa, tipo_documento,documento,nome,data_nascimento,nome_pais_origem) VALUES ('4535','PASS','000927527','Duka','19790214','Indonesia');
INSERT INTO emprega_gravacao (id_gravacao, id_pessoa) VALUES ('56','4535');
INSERT INTO pessoa (id_pessoa, tipo_documento,documento,nome,data_nascimento,nome_pais_origem) VALUES ('4536','PASS','000218315','Abare','19890923','Nepal');
INSERT INTO emprega_gravacao (id_gravacao, id_pessoa) VALUES ('56','4536');
INSERT INTO pessoa (id_pessoa, tipo_documento,documento,nome,data_nascimento,nome_pais_origem) VALUES ('4537','PASS','000754272','Aleyandrez','19880213','Ukraine');
INSERT INTO emprega_gravacao (id_gravacao, id_pessoa) VALUES ('56','4537');
INSERT INTO pessoa (id_pessoa, tipo_documento,documento,nome,data_nascimento,nome_pais_origem) VALUES ('4538','PASS','000892015','Akhavan','19830326','Chile');
INSERT INTO emprega_gravacao (id_gravacao, id_pessoa) VALUES ('56','4538');
INSERT INTO pessoa (id_pessoa, tipo_documento,documento,nome,data_nascimento,nome_pais_origem) VALUES ('4539','PASS','000966334','Crespin','19811202','Syria');
INSERT INTO emprega_gravacao (id_gravacao, id_pessoa) VALUES ('56','4539');
INSERT INTO pessoa (id_pessoa, tipo_documento,documento,nome,data_nascimento,nome_pais_origem) VALUES ('4540','PASS','000302822','Cheely','19711216','Senegal');
INSERT INTO emprega_gravacao (id_gravacao, id_pessoa) VALUES ('56','4540');
INSERT INTO pessoa (id_pessoa, tipo_documento,documento,nome,data_nascimento,nome_pais_origem) VALUES ('4541','PASS','000220352','Derosier','19780820','Finland');
INSERT INTO emprega_gravacao (id_gravacao, id_pessoa) VALUES ('56','4541');
INSERT INTO pessoa (id_pessoa, tipo_documento,documento,nome,data_nascimento,nome_pais_origem) VALUES ('4542','PASS','000495444','Becklin','19760503','Albania');
INSERT INTO emprega_gravacao (id_gravacao, id_pessoa) VALUES ('56','4542');
INSERT INTO pessoa (id_pessoa, tipo_documento,documento,nome,data_nascimento,nome_pais_origem) VALUES ('4543','PASS','000313684','Elland','19861016','Mozambique');
INSERT INTO emprega_gravacao (id_gravacao, id_pessoa) VALUES ('56','4543');
INSERT INTO pessoa (id_pessoa, tipo_documento,documento,nome,data_nascimento,nome_pais_origem) VALUES ('4544','PASS','000160360','Carberry','19740822','Peru');
INSERT INTO emprega_gravacao (id_gravacao, id_pessoa) VALUES ('56','4544');
INSERT INTO pessoa (id_pessoa, tipo_documento,documento,nome,data_nascimento,nome_pais_origem) VALUES ('4545','PASS','000235935','Bachand','19830719','Uruguay');
INSERT INTO emprega_gravacao (id_gravacao, id_pessoa) VALUES ('56','4545');
INSERT INTO pessoa (id_pessoa, tipo_documento,documento,nome,data_nascimento,nome_pais_origem) VALUES ('4546','PASS','000391052','Barshaw','19780824','Romania');
INSERT INTO emprega_gravacao (id_gravacao, id_pessoa) VALUES ('56','4546');
INSERT INTO pessoa (id_pessoa, tipo_documento,documento,nome,data_nascimento,nome_pais_origem) VALUES ('4547','PASS','000222118','Deppe','19820909','Belarus');
INSERT INTO emprega_gravacao (id_gravacao, id_pessoa) VALUES ('56','4547');
INSERT INTO pessoa (id_pessoa, tipo_documento,documento,nome,data_nascimento,nome_pais_origem) VALUES ('4548','PASS','000404277','Eliopoulos','19801114','Germany');
INSERT INTO emprega_gravacao (id_gravacao, id_pessoa) VALUES ('56','4548');
INSERT INTO pessoa (id_pessoa, tipo_documento,documento,nome,data_nascimento,nome_pais_origem) VALUES ('4549','PASS','000237381','Delfavero','19871020','Zealand');
INSERT INTO emprega_gravacao (id_gravacao, id_pessoa) VALUES ('56','4549');
INSERT INTO pessoa (id_pessoa, tipo_documento,documento,nome,data_nascimento,nome_pais_origem) VALUES ('4550','PASS','000390376','Butkowski','19741102','Mozambique');
INSERT INTO emprega_gravacao (id_gravacao, id_pessoa) VALUES ('56','4550');
INSERT INTO pessoa (id_pessoa, tipo_documento,documento,nome,data_nascimento,nome_pais_origem) VALUES ('4551','PASS','000101846','Ganiban','19860606','Austria');
INSERT INTO emprega_gravacao (id_gravacao, id_pessoa) VALUES ('56','4551');
INSERT INTO pessoa (id_pessoa, tipo_documento,documento,nome,data_nascimento,nome_pais_origem) VALUES ('4552','PASS','000640711','Chass','19820805','Philippines');
INSERT INTO emprega_gravacao (id_gravacao, id_pessoa) VALUES ('56','4552');
INSERT INTO pessoa (id_pessoa, tipo_documento,documento,nome,data_nascimento,nome_pais_origem) VALUES ('4553','PASS','000851380','Engram','19710524','Colombia');
INSERT INTO emprega_gravacao (id_gravacao, id_pessoa) VALUES ('56','4553');
INSERT INTO pessoa (id_pessoa, tipo_documento,documento,nome,data_nascimento,nome_pais_origem) VALUES ('4554','PASS','000797654','Furrer','19720624','Slovakia');
INSERT INTO emprega_gravacao (id_gravacao, id_pessoa) VALUES ('56','4554');
INSERT INTO pessoa (id_pessoa, tipo_documento,documento,nome,data_nascimento,nome_pais_origem) VALUES ('4555','PASS','000444341','Boumthavee','19780922','Liechtenstein');
INSERT INTO emprega_gravacao (id_gravacao, id_pessoa) VALUES ('56','4555');
INSERT INTO pessoa (id_pessoa, tipo_documento,documento,nome,data_nascimento,nome_pais_origem) VALUES ('4556','PASS','000519274','Gramham','19790706','Nepal');
INSERT INTO emprega_gravacao (id_gravacao, id_pessoa) VALUES ('56','4556');
INSERT INTO equipe_de_gravacao (id_gravacao,nome_empresa) VALUES ('57','XLRHPEP');
INSERT INTO pessoa (id_pessoa, tipo_documento,documento,nome,data_nascimento,nome_pais_origem) VALUES ('4557','PASS','000272377','Davies','19710421','Vietnam');
INSERT INTO emprega_gravacao (id_gravacao, id_pessoa) VALUES ('57','4557');
INSERT INTO pessoa (id_pessoa, tipo_documento,documento,nome,data_nascimento,nome_pais_origem) VALUES ('4558','PASS','000632991','Crebs','19740718','Finland');
INSERT INTO emprega_gravacao (id_gravacao, id_pessoa) VALUES ('57','4558');
INSERT INTO pessoa (id_pessoa, tipo_documento,documento,nome,data_nascimento,nome_pais_origem) VALUES ('4559','PASS','000122111','Fradkin','19740608','Vietnam');
INSERT INTO emprega_gravacao (id_gravacao, id_pessoa) VALUES ('57','4559');
INSERT INTO pessoa (id_pessoa, tipo_documento,documento,nome,data_nascimento,nome_pais_origem) VALUES ('4560','PASS','000443424','Gottke','19790817','Hungary');
INSERT INTO emprega_gravacao (id_gravacao, id_pessoa) VALUES ('57','4560');
INSERT INTO pessoa (id_pessoa, tipo_documento,documento,nome,data_nascimento,nome_pais_origem) VALUES ('4561','PASS','000727213','Allshouse','19760401','Mozambique');
INSERT INTO emprega_gravacao (id_gravacao, id_pessoa) VALUES ('57','4561');
INSERT INTO pessoa (id_pessoa, tipo_documento,documento,nome,data_nascimento,nome_pais_origem) VALUES ('4562','PASS','000909027','Artley','19861020','Indonesia');
INSERT INTO emprega_gravacao (id_gravacao, id_pessoa) VALUES ('57','4562');
INSERT INTO pessoa (id_pessoa, tipo_documento,documento,nome,data_nascimento,nome_pais_origem) VALUES ('4563','PASS','000788906','Barona','19721121','Spain');
INSERT INTO emprega_gravacao (id_gravacao, id_pessoa) VALUES ('57','4563');
INSERT INTO pessoa (id_pessoa, tipo_documento,documento,nome,data_nascimento,nome_pais_origem) VALUES ('4564','PASS','000228257','Blaskovich','19710725','Greece');
INSERT INTO emprega_gravacao (id_gravacao, id_pessoa) VALUES ('57','4564');
INSERT INTO pessoa (id_pessoa, tipo_documento,documento,nome,data_nascimento,nome_pais_origem) VALUES ('4565','PASS','000489510','Colla','19830720','Azerbaijan');
INSERT INTO emprega_gravacao (id_gravacao, id_pessoa) VALUES ('57','4565');
INSERT INTO pessoa (id_pessoa, tipo_documento,documento,nome,data_nascimento,nome_pais_origem) VALUES ('4566','PASS','000417001','Bon','19740715','China');
INSERT INTO emprega_gravacao (id_gravacao, id_pessoa) VALUES ('57','4566');
INSERT INTO pessoa (id_pessoa, tipo_documento,documento,nome,data_nascimento,nome_pais_origem) VALUES ('4567','PASS','000776818','Glau','19700526','Uruguay');
INSERT INTO emprega_gravacao (id_gravacao, id_pessoa) VALUES ('57','4567');
INSERT INTO equipe_de_gravacao (id_gravacao,nome_empresa) VALUES ('58','LSZHWKP');
INSERT INTO pessoa (id_pessoa, tipo_documento,documento,nome,data_nascimento,nome_pais_origem) VALUES ('4568','PASS','000112050','Boyster','19860905','Hungary');
INSERT INTO emprega_gravacao (id_gravacao, id_pessoa) VALUES ('58','4568');
INSERT INTO pessoa (id_pessoa, tipo_documento,documento,nome,data_nascimento,nome_pais_origem) VALUES ('4569','PASS','000271642','Bocskor','19780111','Liechtenstein');
INSERT INTO emprega_gravacao (id_gravacao, id_pessoa) VALUES ('58','4569');
INSERT INTO pessoa (id_pessoa, tipo_documento,documento,nome,data_nascimento,nome_pais_origem) VALUES ('4570','PASS','000232315','Erker','19730912','Nicaragua');
INSERT INTO emprega_gravacao (id_gravacao, id_pessoa) VALUES ('58','4570');
INSERT INTO pessoa (id_pessoa, tipo_documento,documento,nome,data_nascimento,nome_pais_origem) VALUES ('4571','PASS','000238447','Azar','19840427','Iran');
INSERT INTO emprega_gravacao (id_gravacao, id_pessoa) VALUES ('58','4571');
INSERT INTO pessoa (id_pessoa, tipo_documento,documento,nome,data_nascimento,nome_pais_origem) VALUES ('4572','PASS','000590180','Benkosky','19711015','Rica');
INSERT INTO emprega_gravacao (id_gravacao, id_pessoa) VALUES ('58','4572');
INSERT INTO pessoa (id_pessoa, tipo_documento,documento,nome,data_nascimento,nome_pais_origem) VALUES ('4573','PASS','000403859','Catherine','19800906','New');
INSERT INTO emprega_gravacao (id_gravacao, id_pessoa) VALUES ('58','4573');
INSERT INTO pessoa (id_pessoa, tipo_documento,documento,nome,data_nascimento,nome_pais_origem) VALUES ('4574','PASS','000616389','Grosskopf','19831207','Morocco');
INSERT INTO emprega_gravacao (id_gravacao, id_pessoa) VALUES ('58','4574');
INSERT INTO pessoa (id_pessoa, tipo_documento,documento,nome,data_nascimento,nome_pais_origem) VALUES ('4575','PASS','000256440','Gazza','19870414','Albania');
INSERT INTO emprega_gravacao (id_gravacao, id_pessoa) VALUES ('58','4575');
INSERT INTO pessoa (id_pessoa, tipo_documento,documento,nome,data_nascimento,nome_pais_origem) VALUES ('4576','PASS','000488470','Bambrick','19710109','Argentina');
INSERT INTO emprega_gravacao (id_gravacao, id_pessoa) VALUES ('58','4576');
INSERT INTO pessoa (id_pessoa, tipo_documento,documento,nome,data_nascimento,nome_pais_origem) VALUES ('4577','PASS','000595231','Alfandre','19721211','Albania');
INSERT INTO emprega_gravacao (id_gravacao, id_pessoa) VALUES ('58','4577');
INSERT INTO pessoa (id_pessoa, tipo_documento,documento,nome,data_nascimento,nome_pais_origem) VALUES ('4578','PASS','000817333','Crittenden','19840607','Morocco');
INSERT INTO emprega_gravacao (id_gravacao, id_pessoa) VALUES ('58','4578');
INSERT INTO pessoa (id_pessoa, tipo_documento,documento,nome,data_nascimento,nome_pais_origem) VALUES ('4579','PASS','000242360','Falkiewicz','19780506','Thailand');
INSERT INTO emprega_gravacao (id_gravacao, id_pessoa) VALUES ('58','4579');
INSERT INTO pessoa (id_pessoa, tipo_documento,documento,nome,data_nascimento,nome_pais_origem) VALUES ('4580','PASS','000867542','Carrara','19840201','Denmark');
INSERT INTO emprega_gravacao (id_gravacao, id_pessoa) VALUES ('58','4580');
INSERT INTO pessoa (id_pessoa, tipo_documento,documento,nome,data_nascimento,nome_pais_origem) VALUES ('4581','PASS','000894902','Bolding','19840409','Barbados');
INSERT INTO emprega_gravacao (id_gravacao, id_pessoa) VALUES ('58','4581');
INSERT INTO pessoa (id_pessoa, tipo_documento,documento,nome,data_nascimento,nome_pais_origem) VALUES ('4582','PASS','000271656','Beardsley','19820812','Iraq');
INSERT INTO emprega_gravacao (id_gravacao, id_pessoa) VALUES ('58','4582');
INSERT INTO pessoa (id_pessoa, tipo_documento,documento,nome,data_nascimento,nome_pais_origem) VALUES ('4583','PASS','000401274','Barrows','19741126','Peru');
INSERT INTO emprega_gravacao (id_gravacao, id_pessoa) VALUES ('58','4583');
INSERT INTO pessoa (id_pessoa, tipo_documento,documento,nome,data_nascimento,nome_pais_origem) VALUES ('4584','PASS','000483008','Cabrero','19870911','Arabia');
INSERT INTO emprega_gravacao (id_gravacao, id_pessoa) VALUES ('58','4584');
INSERT INTO pessoa (id_pessoa, tipo_documento,documento,nome,data_nascimento,nome_pais_origem) VALUES ('4585','PASS','000683590','Gedo','19840703','Peru');
INSERT INTO emprega_gravacao (id_gravacao, id_pessoa) VALUES ('58','4585');
INSERT INTO pessoa (id_pessoa, tipo_documento,documento,nome,data_nascimento,nome_pais_origem) VALUES ('4586','PASS','000925098','Gischer','19741118','Switzerland');
INSERT INTO emprega_gravacao (id_gravacao, id_pessoa) VALUES ('58','4586');
INSERT INTO pessoa (id_pessoa, tipo_documento,documento,nome,data_nascimento,nome_pais_origem) VALUES ('4587','PASS','000144415','Getchell','19720119','Spain');
INSERT INTO emprega_gravacao (id_gravacao, id_pessoa) VALUES ('58','4587');
INSERT INTO pessoa (id_pessoa, tipo_documento,documento,nome,data_nascimento,nome_pais_origem) VALUES ('4588','PASS','000804878','Dronen','19770816','Syria');
INSERT INTO emprega_gravacao (id_gravacao, id_pessoa) VALUES ('58','4588');
INSERT INTO equipe_de_gravacao (id_gravacao,nome_empresa) VALUES ('59','IMRSVUU');
INSERT INTO pessoa (id_pessoa, tipo_documento,documento,nome,data_nascimento,nome_pais_origem) VALUES ('4589','PASS','000675410','Blatchford','19741219','Senegal');
INSERT INTO emprega_gravacao (id_gravacao, id_pessoa) VALUES ('59','4589');
INSERT INTO pessoa (id_pessoa, tipo_documento,documento,nome,data_nascimento,nome_pais_origem) VALUES ('4590','PASS','000688004','Golian','19840103','Singapore');
INSERT INTO emprega_gravacao (id_gravacao, id_pessoa) VALUES ('59','4590');
INSERT INTO pessoa (id_pessoa, tipo_documento,documento,nome,data_nascimento,nome_pais_origem) VALUES ('4591','PASS','000101749','Bonn','19780711','Australia');
INSERT INTO emprega_gravacao (id_gravacao, id_pessoa) VALUES ('59','4591');
INSERT INTO pessoa (id_pessoa, tipo_documento,documento,nome,data_nascimento,nome_pais_origem) VALUES ('4592','PASS','000282295','Bleecker','19820314','Philippines');
INSERT INTO emprega_gravacao (id_gravacao, id_pessoa) VALUES ('59','4592');
INSERT INTO pessoa (id_pessoa, tipo_documento,documento,nome,data_nascimento,nome_pais_origem) VALUES ('4593','PASS','000870723','Barriere','19750502','China');
INSERT INTO emprega_gravacao (id_gravacao, id_pessoa) VALUES ('59','4593');
INSERT INTO pessoa (id_pessoa, tipo_documento,documento,nome,data_nascimento,nome_pais_origem) VALUES ('4594','PASS','000708145','Barkalow','19891209','Colombia');
INSERT INTO emprega_gravacao (id_gravacao, id_pessoa) VALUES ('59','4594');
INSERT INTO pessoa (id_pessoa, tipo_documento,documento,nome,data_nascimento,nome_pais_origem) VALUES ('4595','PASS','000989640','Gransberry','19791205','Mozambique');
INSERT INTO emprega_gravacao (id_gravacao, id_pessoa) VALUES ('59','4595');
INSERT INTO pessoa (id_pessoa, tipo_documento,documento,nome,data_nascimento,nome_pais_origem) VALUES ('4596','PASS','000748549','Alverta','19750102','Slovakia');
INSERT INTO emprega_gravacao (id_gravacao, id_pessoa) VALUES ('59','4596');
INSERT INTO pessoa (id_pessoa, tipo_documento,documento,nome,data_nascimento,nome_pais_origem) VALUES ('4597','PASS','000955012','Chinen','19730816','Uruguay');
INSERT INTO emprega_gravacao (id_gravacao, id_pessoa) VALUES ('59','4597');
INSERT INTO pessoa (id_pessoa, tipo_documento,documento,nome,data_nascimento,nome_pais_origem) VALUES ('4598','PASS','000533396','Barvosa','19870426','Chile');
INSERT INTO emprega_gravacao (id_gravacao, id_pessoa) VALUES ('59','4598');
INSERT INTO pessoa (id_pessoa, tipo_documento,documento,nome,data_nascimento,nome_pais_origem) VALUES ('4599','PASS','000130754','Arlinghaus','19890618','Bangladesh');
INSERT INTO emprega_gravacao (id_gravacao, id_pessoa) VALUES ('59','4599');
INSERT INTO pessoa (id_pessoa, tipo_documento,documento,nome,data_nascimento,nome_pais_origem) VALUES ('4600','PASS','000252103','Colbaugh','19790407','Germany');
INSERT INTO emprega_gravacao (id_gravacao, id_pessoa) VALUES ('59','4600');
INSERT INTO pessoa (id_pessoa, tipo_documento,documento,nome,data_nascimento,nome_pais_origem) VALUES ('4601','PASS','000140604','Ferandez','19710409','Mongolia');
INSERT INTO emprega_gravacao (id_gravacao, id_pessoa) VALUES ('59','4601');
INSERT INTO pessoa (id_pessoa, tipo_documento,documento,nome,data_nascimento,nome_pais_origem) VALUES ('4602','PASS','000498891','Belfy','19790420','Norway');
INSERT INTO emprega_gravacao (id_gravacao, id_pessoa) VALUES ('59','4602');
INSERT INTO pessoa (id_pessoa, tipo_documento,documento,nome,data_nascimento,nome_pais_origem) VALUES ('4603','PASS','000192729','Dertinger','19880216','Turkey');
INSERT INTO emprega_gravacao (id_gravacao, id_pessoa) VALUES ('59','4603');
INSERT INTO pessoa (id_pessoa, tipo_documento,documento,nome,data_nascimento,nome_pais_origem) VALUES ('4604','PASS','000488039','Eschenburg','19701014','New');
INSERT INTO emprega_gravacao (id_gravacao, id_pessoa) VALUES ('59','4604');
INSERT INTO pessoa (id_pessoa, tipo_documento,documento,nome,data_nascimento,nome_pais_origem) VALUES ('4605','PASS','000652776','Caskey','19820519','Arabia');
INSERT INTO emprega_gravacao (id_gravacao, id_pessoa) VALUES ('59','4605');
INSERT INTO pessoa (id_pessoa, tipo_documento,documento,nome,data_nascimento,nome_pais_origem) VALUES ('4606','PASS','000386609','Achin','19740722','Belarus');
INSERT INTO emprega_gravacao (id_gravacao, id_pessoa) VALUES ('59','4606');
INSERT INTO pessoa (id_pessoa, tipo_documento,documento,nome,data_nascimento,nome_pais_origem) VALUES ('4607','PASS','000340398','Chaddock','19751019','Morocco');
INSERT INTO emprega_gravacao (id_gravacao, id_pessoa) VALUES ('59','4607');
INSERT INTO equipe_de_gravacao (id_gravacao,nome_empresa) VALUES ('60','UMIAJYS');
INSERT INTO pessoa (id_pessoa, tipo_documento,documento,nome,data_nascimento,nome_pais_origem) VALUES ('4608','PASS','000156133','Cauffman','19710222','Australia');
INSERT INTO emprega_gravacao (id_gravacao, id_pessoa) VALUES ('60','4608');
INSERT INTO pessoa (id_pessoa, tipo_documento,documento,nome,data_nascimento,nome_pais_origem) VALUES ('4609','PASS','000679998','Carras','19840417','Uruguay');
INSERT INTO emprega_gravacao (id_gravacao, id_pessoa) VALUES ('60','4609');
INSERT INTO pessoa (id_pessoa, tipo_documento,documento,nome,data_nascimento,nome_pais_origem) VALUES ('4610','PASS','000315084','Eitniear','19811222','Sweden');
INSERT INTO emprega_gravacao (id_gravacao, id_pessoa) VALUES ('60','4610');
INSERT INTO pessoa (id_pessoa, tipo_documento,documento,nome,data_nascimento,nome_pais_origem) VALUES ('4611','PASS','000765933','Conrady','19760902','India');
INSERT INTO emprega_gravacao (id_gravacao, id_pessoa) VALUES ('60','4611');
INSERT INTO pessoa (id_pessoa, tipo_documento,documento,nome,data_nascimento,nome_pais_origem) VALUES ('4612','PASS','000621890','Coltrin','19880218','Poland');
INSERT INTO emprega_gravacao (id_gravacao, id_pessoa) VALUES ('60','4612');
INSERT INTO pessoa (id_pessoa, tipo_documento,documento,nome,data_nascimento,nome_pais_origem) VALUES ('4613','PASS','000153255','Barre','19721126','Netherlands');
INSERT INTO emprega_gravacao (id_gravacao, id_pessoa) VALUES ('60','4613');
INSERT INTO pessoa (id_pessoa, tipo_documento,documento,nome,data_nascimento,nome_pais_origem) VALUES ('4614','PASS','000922887','Cervenak','19750108','Netherlands');
INSERT INTO emprega_gravacao (id_gravacao, id_pessoa) VALUES ('60','4614');
INSERT INTO pessoa (id_pessoa, tipo_documento,documento,nome,data_nascimento,nome_pais_origem) VALUES ('4615','PASS','000708876','Gookin','19831201','Zealand');
INSERT INTO emprega_gravacao (id_gravacao, id_pessoa) VALUES ('60','4615');
INSERT INTO pessoa (id_pessoa, tipo_documento,documento,nome,data_nascimento,nome_pais_origem) VALUES ('4616','PASS','000724363','Finland','19800315','Liechtenstein');
INSERT INTO emprega_gravacao (id_gravacao, id_pessoa) VALUES ('60','4616');
INSERT INTO pessoa (id_pessoa, tipo_documento,documento,nome,data_nascimento,nome_pais_origem) VALUES ('4617','PASS','000429922','Forts','19841220','Nepal');
INSERT INTO emprega_gravacao (id_gravacao, id_pessoa) VALUES ('60','4617');
INSERT INTO equipe_de_gravacao (id_gravacao,nome_empresa) VALUES ('61','QMNIOMX');
INSERT INTO pessoa (id_pessoa, tipo_documento,documento,nome,data_nascimento,nome_pais_origem) VALUES ('4618','PASS','000324310','Francisca','19700623','Bahamas');
INSERT INTO emprega_gravacao (id_gravacao, id_pessoa) VALUES ('61','4618');
INSERT INTO pessoa (id_pessoa, tipo_documento,documento,nome,data_nascimento,nome_pais_origem) VALUES ('4619','PASS','000618496','Dahlstedt','19850819','Armenia');
INSERT INTO emprega_gravacao (id_gravacao, id_pessoa) VALUES ('61','4619');
INSERT INTO pessoa (id_pessoa, tipo_documento,documento,nome,data_nascimento,nome_pais_origem) VALUES ('4620','PASS','000489053','Delashmit','19820711','France');
INSERT INTO emprega_gravacao (id_gravacao, id_pessoa) VALUES ('61','4620');
INSERT INTO pessoa (id_pessoa, tipo_documento,documento,nome,data_nascimento,nome_pais_origem) VALUES ('4621','PASS','000188735','Afflick','19860118','Senegal');
INSERT INTO emprega_gravacao (id_gravacao, id_pessoa) VALUES ('61','4621');
INSERT INTO pessoa (id_pessoa, tipo_documento,documento,nome,data_nascimento,nome_pais_origem) VALUES ('4622','PASS','000618766','Farran','19791024','Indonesia');
INSERT INTO emprega_gravacao (id_gravacao, id_pessoa) VALUES ('61','4622');
INSERT INTO pessoa (id_pessoa, tipo_documento,documento,nome,data_nascimento,nome_pais_origem) VALUES ('4623','PASS','000461305','Chum','19800903','Indonesia');
INSERT INTO emprega_gravacao (id_gravacao, id_pessoa) VALUES ('61','4623');
INSERT INTO pessoa (id_pessoa, tipo_documento,documento,nome,data_nascimento,nome_pais_origem) VALUES ('4624','PASS','000959407','Casewell','19870124','Switzerland');
INSERT INTO emprega_gravacao (id_gravacao, id_pessoa) VALUES ('61','4624');
INSERT INTO pessoa (id_pessoa, tipo_documento,documento,nome,data_nascimento,nome_pais_origem) VALUES ('4625','PASS','000965294','Friedl','19880207','Iraq');
INSERT INTO emprega_gravacao (id_gravacao, id_pessoa) VALUES ('61','4625');
INSERT INTO pessoa (id_pessoa, tipo_documento,documento,nome,data_nascimento,nome_pais_origem) VALUES ('4626','PASS','000140879','Bastress','19850323','Egypt');
INSERT INTO emprega_gravacao (id_gravacao, id_pessoa) VALUES ('61','4626');
INSERT INTO pessoa (id_pessoa, tipo_documento,documento,nome,data_nascimento,nome_pais_origem) VALUES ('4627','PASS','000549484','Fillhart','19840920','Bulgaria');
INSERT INTO emprega_gravacao (id_gravacao, id_pessoa) VALUES ('61','4627');
INSERT INTO pessoa (id_pessoa, tipo_documento,documento,nome,data_nascimento,nome_pais_origem) VALUES ('4628','PASS','000869559','Golson','19830412','Estonia');
INSERT INTO emprega_gravacao (id_gravacao, id_pessoa) VALUES ('61','4628');
INSERT INTO pessoa (id_pessoa, tipo_documento,documento,nome,data_nascimento,nome_pais_origem) VALUES ('4629','PASS','000758625','Filippelli','19880919','Sweden');
INSERT INTO emprega_gravacao (id_gravacao, id_pessoa) VALUES ('61','4629');
INSERT INTO pessoa (id_pessoa, tipo_documento,documento,nome,data_nascimento,nome_pais_origem) VALUES ('4630','PASS','000873694','Celestino','19810713','Saudi');
INSERT INTO emprega_gravacao (id_gravacao, id_pessoa) VALUES ('61','4630');
INSERT INTO pessoa (id_pessoa, tipo_documento,documento,nome,data_nascimento,nome_pais_origem) VALUES ('4631','PASS','000564801','Ankrapp','19870923','Austria');
INSERT INTO emprega_gravacao (id_gravacao, id_pessoa) VALUES ('61','4631');
INSERT INTO pessoa (id_pessoa, tipo_documento,documento,nome,data_nascimento,nome_pais_origem) VALUES ('4632','PASS','000968645','Bowell','19830125','Uruguay');
INSERT INTO emprega_gravacao (id_gravacao, id_pessoa) VALUES ('61','4632');
INSERT INTO pessoa (id_pessoa, tipo_documento,documento,nome,data_nascimento,nome_pais_origem) VALUES ('4633','PASS','000571743','Fleenor','19840724','Arabia');
INSERT INTO emprega_gravacao (id_gravacao, id_pessoa) VALUES ('61','4633');
INSERT INTO pessoa (id_pessoa, tipo_documento,documento,nome,data_nascimento,nome_pais_origem) VALUES ('4634','PASS','000419405','Days','19880301','Liechtenstein');
INSERT INTO emprega_gravacao (id_gravacao, id_pessoa) VALUES ('61','4634');
INSERT INTO pessoa (id_pessoa, tipo_documento,documento,nome,data_nascimento,nome_pais_origem) VALUES ('4635','PASS','000921846','Barriga','19890104','Hungary');
INSERT INTO emprega_gravacao (id_gravacao, id_pessoa) VALUES ('61','4635');
INSERT INTO pessoa (id_pessoa, tipo_documento,documento,nome,data_nascimento,nome_pais_origem) VALUES ('4636','PASS','000649468','Bolser','19711001','Belgium');
INSERT INTO emprega_gravacao (id_gravacao, id_pessoa) VALUES ('61','4636');
INSERT INTO pessoa (id_pessoa, tipo_documento,documento,nome,data_nascimento,nome_pais_origem) VALUES ('4637','PASS','000459972','Chrabasz','19710519','Italy');
INSERT INTO emprega_gravacao (id_gravacao, id_pessoa) VALUES ('61','4637');
INSERT INTO pessoa (id_pessoa, tipo_documento,documento,nome,data_nascimento,nome_pais_origem) VALUES ('4638','PASS','000263555','Donahoo','19720618','Denmark');
INSERT INTO emprega_gravacao (id_gravacao, id_pessoa) VALUES ('61','4638');
INSERT INTO pessoa (id_pessoa, tipo_documento,documento,nome,data_nascimento,nome_pais_origem) VALUES ('4639','PASS','000683559','Bianchi','19730521','Netherlands');
INSERT INTO emprega_gravacao (id_gravacao, id_pessoa) VALUES ('61','4639');
INSERT INTO pessoa (id_pessoa, tipo_documento,documento,nome,data_nascimento,nome_pais_origem) VALUES ('4640','PASS','000148872','Dunham','19870723','Indonesia');
INSERT INTO emprega_gravacao (id_gravacao, id_pessoa) VALUES ('61','4640');
INSERT INTO pessoa (id_pessoa, tipo_documento,documento,nome,data_nascimento,nome_pais_origem) VALUES ('4641','PASS','000924604','Fannings','19851113','Luxembourg');
INSERT INTO emprega_gravacao (id_gravacao, id_pessoa) VALUES ('61','4641');
INSERT INTO pessoa (id_pessoa, tipo_documento,documento,nome,data_nascimento,nome_pais_origem) VALUES ('4642','PASS','000958924','Geronimo','19731002','Croatia');
INSERT INTO emprega_gravacao (id_gravacao, id_pessoa) VALUES ('61','4642');
INSERT INTO pessoa (id_pessoa, tipo_documento,documento,nome,data_nascimento,nome_pais_origem) VALUES ('4643','PASS','000457735','Gihring','19720825','New');
INSERT INTO emprega_gravacao (id_gravacao, id_pessoa) VALUES ('61','4643');
INSERT INTO pessoa (id_pessoa, tipo_documento,documento,nome,data_nascimento,nome_pais_origem) VALUES ('4644','PASS','000656270','Appleyard','19830823','Belgium');
INSERT INTO emprega_gravacao (id_gravacao, id_pessoa) VALUES ('61','4644');
INSERT INTO pessoa (id_pessoa, tipo_documento,documento,nome,data_nascimento,nome_pais_origem) VALUES ('4645','PASS','000623898','Argote','19770508','Mozambique');
INSERT INTO emprega_gravacao (id_gravacao, id_pessoa) VALUES ('61','4645');
INSERT INTO pessoa (id_pessoa, tipo_documento,documento,nome,data_nascimento,nome_pais_origem) VALUES ('4646','PASS','000501664','Beckel','19840218','Bulgaria');
INSERT INTO emprega_gravacao (id_gravacao, id_pessoa) VALUES ('61','4646');
INSERT INTO pessoa (id_pessoa, tipo_documento,documento,nome,data_nascimento,nome_pais_origem) VALUES ('4647','PASS','000370052','Flem','19830407','Albania');
INSERT INTO emprega_gravacao (id_gravacao, id_pessoa) VALUES ('61','4647');
INSERT INTO pessoa (id_pessoa, tipo_documento,documento,nome,data_nascimento,nome_pais_origem) VALUES ('4648','PASS','000829440','Farver','19750508','Uzbekistan');
INSERT INTO emprega_gravacao (id_gravacao, id_pessoa) VALUES ('61','4648');
INSERT INTO equipe_de_gravacao (id_gravacao,nome_empresa) VALUES ('62','HAEVRCY');
INSERT INTO pessoa (id_pessoa, tipo_documento,documento,nome,data_nascimento,nome_pais_origem) VALUES ('4649','PASS','000589576','Bartlette','19790107','Lithuania');
INSERT INTO emprega_gravacao (id_gravacao, id_pessoa) VALUES ('62','4649');
INSERT INTO pessoa (id_pessoa, tipo_documento,documento,nome,data_nascimento,nome_pais_origem) VALUES ('4650','PASS','000512977','Dura','19830803','Uzbekistan');
INSERT INTO emprega_gravacao (id_gravacao, id_pessoa) VALUES ('62','4650');
INSERT INTO pessoa (id_pessoa, tipo_documento,documento,nome,data_nascimento,nome_pais_origem) VALUES ('4651','PASS','000630886','Arceo','19820917','Chile');
INSERT INTO emprega_gravacao (id_gravacao, id_pessoa) VALUES ('62','4651');
INSERT INTO pessoa (id_pessoa, tipo_documento,documento,nome,data_nascimento,nome_pais_origem) VALUES ('4652','PASS','000360558','Cusanelli','19800619','Chad');
INSERT INTO emprega_gravacao (id_gravacao, id_pessoa) VALUES ('62','4652');
INSERT INTO pessoa (id_pessoa, tipo_documento,documento,nome,data_nascimento,nome_pais_origem) VALUES ('4653','PASS','000952732','Averhart','19820425','Peru');
INSERT INTO emprega_gravacao (id_gravacao, id_pessoa) VALUES ('62','4653');
INSERT INTO pessoa (id_pessoa, tipo_documento,documento,nome,data_nascimento,nome_pais_origem) VALUES ('4654','PASS','000605443','Biscahall','19820404','Portugal');
INSERT INTO emprega_gravacao (id_gravacao, id_pessoa) VALUES ('62','4654');
INSERT INTO pessoa (id_pessoa, tipo_documento,documento,nome,data_nascimento,nome_pais_origem) VALUES ('4655','PASS','000735975','Cliett','19870921','Austria');
INSERT INTO emprega_gravacao (id_gravacao, id_pessoa) VALUES ('62','4655');
INSERT INTO pessoa (id_pessoa, tipo_documento,documento,nome,data_nascimento,nome_pais_origem) VALUES ('4656','PASS','000902566','Coar','19710825','Nicaragua');
INSERT INTO emprega_gravacao (id_gravacao, id_pessoa) VALUES ('62','4656');
INSERT INTO pessoa (id_pessoa, tipo_documento,documento,nome,data_nascimento,nome_pais_origem) VALUES ('4657','PASS','000901962','Dobrushin','19730803','France');
INSERT INTO emprega_gravacao (id_gravacao, id_pessoa) VALUES ('62','4657');
INSERT INTO pessoa (id_pessoa, tipo_documento,documento,nome,data_nascimento,nome_pais_origem) VALUES ('4658','PASS','000230169','Defaria','19810114','Spain');
INSERT INTO emprega_gravacao (id_gravacao, id_pessoa) VALUES ('62','4658');
INSERT INTO pessoa (id_pessoa, tipo_documento,documento,nome,data_nascimento,nome_pais_origem) VALUES ('4659','PASS','000258012','Desmeules','19751020','Algeria');
INSERT INTO emprega_gravacao (id_gravacao, id_pessoa) VALUES ('62','4659');
INSERT INTO pessoa (id_pessoa, tipo_documento,documento,nome,data_nascimento,nome_pais_origem) VALUES ('4660','PASS','000606489','Cossin','19720221','Belgium');
INSERT INTO emprega_gravacao (id_gravacao, id_pessoa) VALUES ('62','4660');
INSERT INTO pessoa (id_pessoa, tipo_documento,documento,nome,data_nascimento,nome_pais_origem) VALUES ('4661','PASS','000389290','Dohrmann','19871108','Slovakia');
INSERT INTO emprega_gravacao (id_gravacao, id_pessoa) VALUES ('62','4661');
INSERT INTO pessoa (id_pessoa, tipo_documento,documento,nome,data_nascimento,nome_pais_origem) VALUES ('4662','PASS','000162388','Espaillat','19850508','Mozambique');
INSERT INTO emprega_gravacao (id_gravacao, id_pessoa) VALUES ('62','4662');
INSERT INTO equipe_de_gravacao (id_gravacao,nome_empresa) VALUES ('63','IDZYJRU');
INSERT INTO pessoa (id_pessoa, tipo_documento,documento,nome,data_nascimento,nome_pais_origem) VALUES ('4663','PASS','000161624','Dolence','19800518','Portugal');
INSERT INTO emprega_gravacao (id_gravacao, id_pessoa) VALUES ('63','4663');
INSERT INTO pessoa (id_pessoa, tipo_documento,documento,nome,data_nascimento,nome_pais_origem) VALUES ('4664','PASS','000447559','Berdugo','19741101','Syria');
INSERT INTO emprega_gravacao (id_gravacao, id_pessoa) VALUES ('63','4664');
INSERT INTO pessoa (id_pessoa, tipo_documento,documento,nome,data_nascimento,nome_pais_origem) VALUES ('4665','PASS','000445238','Edrington','19850608','Portugal');
INSERT INTO emprega_gravacao (id_gravacao, id_pessoa) VALUES ('63','4665');
INSERT INTO pessoa (id_pessoa, tipo_documento,documento,nome,data_nascimento,nome_pais_origem) VALUES ('4666','PASS','000956242','Elois','19840924','Australia');
INSERT INTO emprega_gravacao (id_gravacao, id_pessoa) VALUES ('63','4666');
INSERT INTO pessoa (id_pessoa, tipo_documento,documento,nome,data_nascimento,nome_pais_origem) VALUES ('4667','PASS','000352427','Cannella','19890814','Estonia');
INSERT INTO emprega_gravacao (id_gravacao, id_pessoa) VALUES ('63','4667');
INSERT INTO pessoa (id_pessoa, tipo_documento,documento,nome,data_nascimento,nome_pais_origem) VALUES ('4668','PASS','000941626','Edie','19840716','Georgia');
INSERT INTO emprega_gravacao (id_gravacao, id_pessoa) VALUES ('63','4668');
INSERT INTO pessoa (id_pessoa, tipo_documento,documento,nome,data_nascimento,nome_pais_origem) VALUES ('4669','PASS','000443887','Gudat','19810403','Colombia');
INSERT INTO emprega_gravacao (id_gravacao, id_pessoa) VALUES ('63','4669');
INSERT INTO pessoa (id_pessoa, tipo_documento,documento,nome,data_nascimento,nome_pais_origem) VALUES ('4670','PASS','000715051','Beyerlein','19850320','Georgia');
INSERT INTO emprega_gravacao (id_gravacao, id_pessoa) VALUES ('63','4670');
INSERT INTO pessoa (id_pessoa, tipo_documento,documento,nome,data_nascimento,nome_pais_origem) VALUES ('4671','PASS','000927098','Abington','19880607','Peru');
INSERT INTO emprega_gravacao (id_gravacao, id_pessoa) VALUES ('63','4671');
INSERT INTO pessoa (id_pessoa, tipo_documento,documento,nome,data_nascimento,nome_pais_origem) VALUES ('4672','PASS','000867065','Beathe','19880504','Algeria');
INSERT INTO emprega_gravacao (id_gravacao, id_pessoa) VALUES ('63','4672');
INSERT INTO pessoa (id_pessoa, tipo_documento,documento,nome,data_nascimento,nome_pais_origem) VALUES ('4673','PASS','000245191','Baldrige','19880518','Luxembourg');
INSERT INTO emprega_gravacao (id_gravacao, id_pessoa) VALUES ('63','4673');
INSERT INTO pessoa (id_pessoa, tipo_documento,documento,nome,data_nascimento,nome_pais_origem) VALUES ('4674','PASS','000856865','Bertone','19850302','Zealand');
INSERT INTO emprega_gravacao (id_gravacao, id_pessoa) VALUES ('63','4674');
INSERT INTO pessoa (id_pessoa, tipo_documento,documento,nome,data_nascimento,nome_pais_origem) VALUES ('4675','PASS','000613826','Corf','19730525','France');
INSERT INTO emprega_gravacao (id_gravacao, id_pessoa) VALUES ('63','4675');
INSERT INTO pessoa (id_pessoa, tipo_documento,documento,nome,data_nascimento,nome_pais_origem) VALUES ('4676','PASS','000192550','Farruggio','19761207','Thailand');
INSERT INTO emprega_gravacao (id_gravacao, id_pessoa) VALUES ('63','4676');
INSERT INTO equipe_de_gravacao (id_gravacao,nome_empresa) VALUES ('64','XAKNCXY');
INSERT INTO pessoa (id_pessoa, tipo_documento,documento,nome,data_nascimento,nome_pais_origem) VALUES ('4677','PASS','000863132','Dolly','19851126','Nepal');
INSERT INTO emprega_gravacao (id_gravacao, id_pessoa) VALUES ('64','4677');
INSERT INTO pessoa (id_pessoa, tipo_documento,documento,nome,data_nascimento,nome_pais_origem) VALUES ('4678','PASS','000109813','Cinelli','19890823','Costa');
INSERT INTO emprega_gravacao (id_gravacao, id_pessoa) VALUES ('64','4678');
INSERT INTO pessoa (id_pessoa, tipo_documento,documento,nome,data_nascimento,nome_pais_origem) VALUES ('4679','PASS','000607188','Barlow','19860509','Japan');
INSERT INTO emprega_gravacao (id_gravacao, id_pessoa) VALUES ('64','4679');
INSERT INTO pessoa (id_pessoa, tipo_documento,documento,nome,data_nascimento,nome_pais_origem) VALUES ('4680','PASS','000373498','Delevik','19711111','Monaco');
INSERT INTO emprega_gravacao (id_gravacao, id_pessoa) VALUES ('64','4680');
INSERT INTO pessoa (id_pessoa, tipo_documento,documento,nome,data_nascimento,nome_pais_origem) VALUES ('4681','PASS','000537292','Bedward','19701024','Brazil');
INSERT INTO emprega_gravacao (id_gravacao, id_pessoa) VALUES ('64','4681');
INSERT INTO pessoa (id_pessoa, tipo_documento,documento,nome,data_nascimento,nome_pais_origem) VALUES ('4682','PASS','000735772','Bernson','19811211','Mexico');
INSERT INTO emprega_gravacao (id_gravacao, id_pessoa) VALUES ('64','4682');
INSERT INTO pessoa (id_pessoa, tipo_documento,documento,nome,data_nascimento,nome_pais_origem) VALUES ('4683','PASS','000712248','Dvorak','19740520','Afghanistan');
INSERT INTO emprega_gravacao (id_gravacao, id_pessoa) VALUES ('64','4683');
INSERT INTO pessoa (id_pessoa, tipo_documento,documento,nome,data_nascimento,nome_pais_origem) VALUES ('4684','PASS','000240819','Doorley','19730401','Japan');
INSERT INTO emprega_gravacao (id_gravacao, id_pessoa) VALUES ('64','4684');
INSERT INTO pessoa (id_pessoa, tipo_documento,documento,nome,data_nascimento,nome_pais_origem) VALUES ('4685','PASS','000445976','Bornmann','19770617','Vietnam');
INSERT INTO emprega_gravacao (id_gravacao, id_pessoa) VALUES ('64','4685');
INSERT INTO equipe_de_gravacao (id_gravacao,nome_empresa) VALUES ('65','VLOMLSJ');
INSERT INTO pessoa (id_pessoa, tipo_documento,documento,nome,data_nascimento,nome_pais_origem) VALUES ('4686','PASS','000242560','Benita','19800714','Bulgaria');
INSERT INTO emprega_gravacao (id_gravacao, id_pessoa) VALUES ('65','4686');
INSERT INTO pessoa (id_pessoa, tipo_documento,documento,nome,data_nascimento,nome_pais_origem) VALUES ('4687','PASS','000617370','Dunham','19710817','Rica');
INSERT INTO emprega_gravacao (id_gravacao, id_pessoa) VALUES ('65','4687');
INSERT INTO pessoa (id_pessoa, tipo_documento,documento,nome,data_nascimento,nome_pais_origem) VALUES ('4688','PASS','000423270','Govan','19850314','Switzerland');
INSERT INTO emprega_gravacao (id_gravacao, id_pessoa) VALUES ('65','4688');
INSERT INTO pessoa (id_pessoa, tipo_documento,documento,nome,data_nascimento,nome_pais_origem) VALUES ('4689','PASS','000750818','Crotteau','19860824','Indonesia');
INSERT INTO emprega_gravacao (id_gravacao, id_pessoa) VALUES ('65','4689');
INSERT INTO pessoa (id_pessoa, tipo_documento,documento,nome,data_nascimento,nome_pais_origem) VALUES ('4690','PASS','000577109','Cherian','19880801','Ukraine');
INSERT INTO emprega_gravacao (id_gravacao, id_pessoa) VALUES ('65','4690');
INSERT INTO pessoa (id_pessoa, tipo_documento,documento,nome,data_nascimento,nome_pais_origem) VALUES ('4691','PASS','000264656','Aulds','19850220','Albania');
INSERT INTO emprega_gravacao (id_gravacao, id_pessoa) VALUES ('65','4691');
INSERT INTO pessoa (id_pessoa, tipo_documento,documento,nome,data_nascimento,nome_pais_origem) VALUES ('4692','PASS','000430346','Ganas','19780110','Germany');
INSERT INTO emprega_gravacao (id_gravacao, id_pessoa) VALUES ('65','4692');
INSERT INTO pessoa (id_pessoa, tipo_documento,documento,nome,data_nascimento,nome_pais_origem) VALUES ('4693','PASS','000248215','Gojmerac','19710321','Slovakia');
INSERT INTO emprega_gravacao (id_gravacao, id_pessoa) VALUES ('65','4693');
INSERT INTO pessoa (id_pessoa, tipo_documento,documento,nome,data_nascimento,nome_pais_origem) VALUES ('4694','PASS','000353933','Fiscel','19840722','Albania');
INSERT INTO emprega_gravacao (id_gravacao, id_pessoa) VALUES ('65','4694');
INSERT INTO pessoa (id_pessoa, tipo_documento,documento,nome,data_nascimento,nome_pais_origem) VALUES ('4695','PASS','000603271','Annable','19870312','Cuba');
INSERT INTO emprega_gravacao (id_gravacao, id_pessoa) VALUES ('65','4695');
INSERT INTO pessoa (id_pessoa, tipo_documento,documento,nome,data_nascimento,nome_pais_origem) VALUES ('4696','PASS','000984584','Gottshall','19831007','Albania');
INSERT INTO emprega_gravacao (id_gravacao, id_pessoa) VALUES ('65','4696');
INSERT INTO pessoa (id_pessoa, tipo_documento,documento,nome,data_nascimento,nome_pais_origem) VALUES ('4697','PASS','000420077','Egeland','19740827','Estonia');
INSERT INTO emprega_gravacao (id_gravacao, id_pessoa) VALUES ('65','4697');
INSERT INTO pessoa (id_pessoa, tipo_documento,documento,nome,data_nascimento,nome_pais_origem) VALUES ('4698','PASS','000415535','Fusha','19750807','China');
INSERT INTO emprega_gravacao (id_gravacao, id_pessoa) VALUES ('65','4698');
INSERT INTO pessoa (id_pessoa, tipo_documento,documento,nome,data_nascimento,nome_pais_origem) VALUES ('4699','PASS','000367056','Castrejon','19770303','Lithuania');
INSERT INTO emprega_gravacao (id_gravacao, id_pessoa) VALUES ('65','4699');
INSERT INTO pessoa (id_pessoa, tipo_documento,documento,nome,data_nascimento,nome_pais_origem) VALUES ('4700','PASS','000636435','Demateo','19860515','Thailand');
INSERT INTO emprega_gravacao (id_gravacao, id_pessoa) VALUES ('65','4700');
INSERT INTO pessoa (id_pessoa, tipo_documento,documento,nome,data_nascimento,nome_pais_origem) VALUES ('4701','PASS','000968613','Callison','19760202','Chile');
INSERT INTO emprega_gravacao (id_gravacao, id_pessoa) VALUES ('65','4701');
INSERT INTO pessoa (id_pessoa, tipo_documento,documento,nome,data_nascimento,nome_pais_origem) VALUES ('4702','PASS','000431911','All','19770322','Costa');
INSERT INTO emprega_gravacao (id_gravacao, id_pessoa) VALUES ('65','4702');
INSERT INTO pessoa (id_pessoa, tipo_documento,documento,nome,data_nascimento,nome_pais_origem) VALUES ('4703','PASS','000461604','Dwellingham','19890625','Australia');
INSERT INTO emprega_gravacao (id_gravacao, id_pessoa) VALUES ('65','4703');
INSERT INTO pessoa (id_pessoa, tipo_documento,documento,nome,data_nascimento,nome_pais_origem) VALUES ('4704','PASS','000216948','Crawford','19890824','Iraq');
INSERT INTO emprega_gravacao (id_gravacao, id_pessoa) VALUES ('65','4704');
INSERT INTO pessoa (id_pessoa, tipo_documento,documento,nome,data_nascimento,nome_pais_origem) VALUES ('4705','PASS','000692076','Carella','19700406','New');
INSERT INTO emprega_gravacao (id_gravacao, id_pessoa) VALUES ('65','4705');
INSERT INTO pessoa (id_pessoa, tipo_documento,documento,nome,data_nascimento,nome_pais_origem) VALUES ('4706','PASS','000678097','Arseneau','19820303','Morocco');
INSERT INTO emprega_gravacao (id_gravacao, id_pessoa) VALUES ('65','4706');
INSERT INTO pessoa (id_pessoa, tipo_documento,documento,nome,data_nascimento,nome_pais_origem) VALUES ('4707','PASS','000320880','Gess','19770224','Peru');
INSERT INTO emprega_gravacao (id_gravacao, id_pessoa) VALUES ('65','4707');
INSERT INTO pessoa (id_pessoa, tipo_documento,documento,nome,data_nascimento,nome_pais_origem) VALUES ('4708','PASS','000991400','Grossenbacher','19810413','Mozambique');
INSERT INTO emprega_gravacao (id_gravacao, id_pessoa) VALUES ('65','4708');
INSERT INTO pessoa (id_pessoa, tipo_documento,documento,nome,data_nascimento,nome_pais_origem) VALUES ('4709','PASS','000906754','Gerke','19890711','Saudi');
INSERT INTO emprega_gravacao (id_gravacao, id_pessoa) VALUES ('65','4709');
INSERT INTO pessoa (id_pessoa, tipo_documento,documento,nome,data_nascimento,nome_pais_origem) VALUES ('4710','PASS','000894357','Cademartori','19711226','Slovakia');
INSERT INTO emprega_gravacao (id_gravacao, id_pessoa) VALUES ('65','4710');
INSERT INTO pessoa (id_pessoa, tipo_documento,documento,nome,data_nascimento,nome_pais_origem) VALUES ('4711','PASS','000449186','Applebaum','19740412','Syria');
INSERT INTO emprega_gravacao (id_gravacao, id_pessoa) VALUES ('65','4711');
INSERT INTO pessoa (id_pessoa, tipo_documento,documento,nome,data_nascimento,nome_pais_origem) VALUES ('4712','PASS','000194704','Carlsley','19720524','Ukraine');
INSERT INTO emprega_gravacao (id_gravacao, id_pessoa) VALUES ('65','4712');
INSERT INTO pessoa (id_pessoa, tipo_documento,documento,nome,data_nascimento,nome_pais_origem) VALUES ('4713','PASS','000149401','Attig','19751116','Brazil');
INSERT INTO emprega_gravacao (id_gravacao, id_pessoa) VALUES ('65','4713');
INSERT INTO pessoa (id_pessoa, tipo_documento,documento,nome,data_nascimento,nome_pais_origem) VALUES ('4714','PASS','000459877','Collozo','19711108','Colombia');
INSERT INTO emprega_gravacao (id_gravacao, id_pessoa) VALUES ('65','4714');
INSERT INTO pessoa (id_pessoa, tipo_documento,documento,nome,data_nascimento,nome_pais_origem) VALUES ('4715','PASS','000254379','Catching','19701120','Paraguay');
INSERT INTO emprega_gravacao (id_gravacao, id_pessoa) VALUES ('65','4715');
INSERT INTO pessoa (id_pessoa, tipo_documento,documento,nome,data_nascimento,nome_pais_origem) VALUES ('4716','PASS','000272415','Griselda','19720925','Bulgaria');
INSERT INTO emprega_gravacao (id_gravacao, id_pessoa) VALUES ('65','4716');
INSERT INTO equipe_de_gravacao (id_gravacao,nome_empresa) VALUES ('66','UVHRWQI');
INSERT INTO pessoa (id_pessoa, tipo_documento,documento,nome,data_nascimento,nome_pais_origem) VALUES ('4717','PASS','000141179','Demange','19730216','Sweden');
INSERT INTO emprega_gravacao (id_gravacao, id_pessoa) VALUES ('66','4717');
INSERT INTO pessoa (id_pessoa, tipo_documento,documento,nome,data_nascimento,nome_pais_origem) VALUES ('4718','PASS','000401392','Bundy','19760926','Italy');
INSERT INTO emprega_gravacao (id_gravacao, id_pessoa) VALUES ('66','4718');
INSERT INTO pessoa (id_pessoa, tipo_documento,documento,nome,data_nascimento,nome_pais_origem) VALUES ('4719','PASS','000628241','Curles','19870103','Algeria');
INSERT INTO emprega_gravacao (id_gravacao, id_pessoa) VALUES ('66','4719');
INSERT INTO pessoa (id_pessoa, tipo_documento,documento,nome,data_nascimento,nome_pais_origem) VALUES ('4720','PASS','000458730','Galavis','19770401','Norway');
INSERT INTO emprega_gravacao (id_gravacao, id_pessoa) VALUES ('66','4720');
INSERT INTO pessoa (id_pessoa, tipo_documento,documento,nome,data_nascimento,nome_pais_origem) VALUES ('4721','PASS','000221669','Dammad','19870315','New');
INSERT INTO emprega_gravacao (id_gravacao, id_pessoa) VALUES ('66','4721');
INSERT INTO pessoa (id_pessoa, tipo_documento,documento,nome,data_nascimento,nome_pais_origem) VALUES ('4722','PASS','000447554','Erving','19730320','Belgium');
INSERT INTO emprega_gravacao (id_gravacao, id_pessoa) VALUES ('66','4722');
INSERT INTO pessoa (id_pessoa, tipo_documento,documento,nome,data_nascimento,nome_pais_origem) VALUES ('4723','PASS','000727556','Bredy','19810804','Nepal');
INSERT INTO emprega_gravacao (id_gravacao, id_pessoa) VALUES ('66','4723');
INSERT INTO pessoa (id_pessoa, tipo_documento,documento,nome,data_nascimento,nome_pais_origem) VALUES ('4724','PASS','000260056','Cousey','19761110','Australia');
INSERT INTO emprega_gravacao (id_gravacao, id_pessoa) VALUES ('66','4724');
INSERT INTO pessoa (id_pessoa, tipo_documento,documento,nome,data_nascimento,nome_pais_origem) VALUES ('4725','PASS','000312891','Cordon','19781005','Spain');
INSERT INTO emprega_gravacao (id_gravacao, id_pessoa) VALUES ('66','4725');
INSERT INTO pessoa (id_pessoa, tipo_documento,documento,nome,data_nascimento,nome_pais_origem) VALUES ('4726','PASS','000994585','Divelbiss','19801226','Liechtenstein');
INSERT INTO emprega_gravacao (id_gravacao, id_pessoa) VALUES ('66','4726');
INSERT INTO pessoa (id_pessoa, tipo_documento,documento,nome,data_nascimento,nome_pais_origem) VALUES ('4727','PASS','000985957','Fauver','19820712','Denmark');
INSERT INTO emprega_gravacao (id_gravacao, id_pessoa) VALUES ('66','4727');
INSERT INTO pessoa (id_pessoa, tipo_documento,documento,nome,data_nascimento,nome_pais_origem) VALUES ('4728','PASS','000404857','Buetow','19860726','Romania');
INSERT INTO emprega_gravacao (id_gravacao, id_pessoa) VALUES ('66','4728');
INSERT INTO equipe_de_gravacao (id_gravacao,nome_empresa) VALUES ('67','SWCUSVV');
INSERT INTO pessoa (id_pessoa, tipo_documento,documento,nome,data_nascimento,nome_pais_origem) VALUES ('4729','PASS','000577862','Brits','19700321','Costa');
INSERT INTO emprega_gravacao (id_gravacao, id_pessoa) VALUES ('67','4729');
INSERT INTO pessoa (id_pessoa, tipo_documento,documento,nome,data_nascimento,nome_pais_origem) VALUES ('4730','PASS','000481602','Grey','19780716','Mozambique');
INSERT INTO emprega_gravacao (id_gravacao, id_pessoa) VALUES ('67','4730');
INSERT INTO pessoa (id_pessoa, tipo_documento,documento,nome,data_nascimento,nome_pais_origem) VALUES ('4731','PASS','000978575','Cantley','19810119','Turkey');
INSERT INTO emprega_gravacao (id_gravacao, id_pessoa) VALUES ('67','4731');
INSERT INTO pessoa (id_pessoa, tipo_documento,documento,nome,data_nascimento,nome_pais_origem) VALUES ('4732','PASS','000410612','Christena','19891116','Azerbaijan');
INSERT INTO emprega_gravacao (id_gravacao, id_pessoa) VALUES ('67','4732');
INSERT INTO pessoa (id_pessoa, tipo_documento,documento,nome,data_nascimento,nome_pais_origem) VALUES ('4733','PASS','000457949','Ciarletta','19861005','Iraq');
INSERT INTO emprega_gravacao (id_gravacao, id_pessoa) VALUES ('67','4733');
INSERT INTO pessoa (id_pessoa, tipo_documento,documento,nome,data_nascimento,nome_pais_origem) VALUES ('4734','PASS','000872534','Cardenas','19870712','New');
INSERT INTO emprega_gravacao (id_gravacao, id_pessoa) VALUES ('67','4734');
INSERT INTO pessoa (id_pessoa, tipo_documento,documento,nome,data_nascimento,nome_pais_origem) VALUES ('4735','PASS','000280851','Fleurilus','19781217','Australia');
INSERT INTO emprega_gravacao (id_gravacao, id_pessoa) VALUES ('67','4735');
INSERT INTO pessoa (id_pessoa, tipo_documento,documento,nome,data_nascimento,nome_pais_origem) VALUES ('4736','PASS','000880427','Gillaspie','19771001','Paraguay');
INSERT INTO emprega_gravacao (id_gravacao, id_pessoa) VALUES ('67','4736');
INSERT INTO pessoa (id_pessoa, tipo_documento,documento,nome,data_nascimento,nome_pais_origem) VALUES ('4737','PASS','000360665','Aalund','19891012','Switzerland');
INSERT INTO emprega_gravacao (id_gravacao, id_pessoa) VALUES ('67','4737');
INSERT INTO pessoa (id_pessoa, tipo_documento,documento,nome,data_nascimento,nome_pais_origem) VALUES ('4738','PASS','000433698','Facchine','19830520','Slovakia');
INSERT INTO emprega_gravacao (id_gravacao, id_pessoa) VALUES ('67','4738');
INSERT INTO pessoa (id_pessoa, tipo_documento,documento,nome,data_nascimento,nome_pais_origem) VALUES ('4739','PASS','000507719','Chez','19760508','New');
INSERT INTO emprega_gravacao (id_gravacao, id_pessoa) VALUES ('67','4739');
INSERT INTO pessoa (id_pessoa, tipo_documento,documento,nome,data_nascimento,nome_pais_origem) VALUES ('4740','PASS','000701034','Ancell','19711127','Liechtenstein');
INSERT INTO emprega_gravacao (id_gravacao, id_pessoa) VALUES ('67','4740');
INSERT INTO pessoa (id_pessoa, tipo_documento,documento,nome,data_nascimento,nome_pais_origem) VALUES ('4741','PASS','000403469','Agcaoili','19740911','Mozambique');
INSERT INTO emprega_gravacao (id_gravacao, id_pessoa) VALUES ('67','4741');
INSERT INTO pessoa (id_pessoa, tipo_documento,documento,nome,data_nascimento,nome_pais_origem) VALUES ('4742','PASS','000231369','Allstott','19840210','Arabia');
INSERT INTO emprega_gravacao (id_gravacao, id_pessoa) VALUES ('67','4742');
INSERT INTO pessoa (id_pessoa, tipo_documento,documento,nome,data_nascimento,nome_pais_origem) VALUES ('4743','PASS','000398699','Ester','19881014','France');
INSERT INTO emprega_gravacao (id_gravacao, id_pessoa) VALUES ('67','4743');
INSERT INTO pessoa (id_pessoa, tipo_documento,documento,nome,data_nascimento,nome_pais_origem) VALUES ('4744','PASS','000276417','Grivas','19791206','Armenia');
INSERT INTO emprega_gravacao (id_gravacao, id_pessoa) VALUES ('67','4744');
INSERT INTO pessoa (id_pessoa, tipo_documento,documento,nome,data_nascimento,nome_pais_origem) VALUES ('4745','PASS','000109257','Brackman','19760316','Vietnam');
INSERT INTO emprega_gravacao (id_gravacao, id_pessoa) VALUES ('67','4745');
INSERT INTO pessoa (id_pessoa, tipo_documento,documento,nome,data_nascimento,nome_pais_origem) VALUES ('4746','PASS','000384286','Beshore','19750408','Cuba');
INSERT INTO emprega_gravacao (id_gravacao, id_pessoa) VALUES ('67','4746');
INSERT INTO pessoa (id_pessoa, tipo_documento,documento,nome,data_nascimento,nome_pais_origem) VALUES ('4747','PASS','000631870','Chauffe','19710107','Slovakia');
INSERT INTO emprega_gravacao (id_gravacao, id_pessoa) VALUES ('67','4747');
INSERT INTO pessoa (id_pessoa, tipo_documento,documento,nome,data_nascimento,nome_pais_origem) VALUES ('4748','PASS','000957248','Blacher','19701123','Japan');
INSERT INTO emprega_gravacao (id_gravacao, id_pessoa) VALUES ('67','4748');
INSERT INTO pessoa (id_pessoa, tipo_documento,documento,nome,data_nascimento,nome_pais_origem) VALUES ('4749','PASS','000590083','Beene','19730223','Iran');
INSERT INTO emprega_gravacao (id_gravacao, id_pessoa) VALUES ('67','4749');
INSERT INTO pessoa (id_pessoa, tipo_documento,documento,nome,data_nascimento,nome_pais_origem) VALUES ('4750','PASS','000369420','Eno','19880213','Slovakia');
INSERT INTO emprega_gravacao (id_gravacao, id_pessoa) VALUES ('67','4750');
INSERT INTO pessoa (id_pessoa, tipo_documento,documento,nome,data_nascimento,nome_pais_origem) VALUES ('4751','PASS','000186146','Dejager','19740205','Romania');
INSERT INTO emprega_gravacao (id_gravacao, id_pessoa) VALUES ('67','4751');
INSERT INTO pessoa (id_pessoa, tipo_documento,documento,nome,data_nascimento,nome_pais_origem) VALUES ('4752','PASS','000526147','Gerton','19890223','Poland');
INSERT INTO emprega_gravacao (id_gravacao, id_pessoa) VALUES ('67','4752');
INSERT INTO pessoa (id_pessoa, tipo_documento,documento,nome,data_nascimento,nome_pais_origem) VALUES ('4753','PASS','000564704','Costello','19860201','Spain');
INSERT INTO emprega_gravacao (id_gravacao, id_pessoa) VALUES ('67','4753');
INSERT INTO pessoa (id_pessoa, tipo_documento,documento,nome,data_nascimento,nome_pais_origem) VALUES ('4754','PASS','000821742','Fahey','19841124','Angola');
INSERT INTO emprega_gravacao (id_gravacao, id_pessoa) VALUES ('67','4754');
INSERT INTO pessoa (id_pessoa, tipo_documento,documento,nome,data_nascimento,nome_pais_origem) VALUES ('4755','PASS','000207150','Barswell','19810906','Belarus');
INSERT INTO emprega_gravacao (id_gravacao, id_pessoa) VALUES ('67','4755');
INSERT INTO pessoa (id_pessoa, tipo_documento,documento,nome,data_nascimento,nome_pais_origem) VALUES ('4756','PASS','000528277','Bornman','19790319','Afghanistan');
INSERT INTO emprega_gravacao (id_gravacao, id_pessoa) VALUES ('67','4756');
INSERT INTO equipe_de_gravacao (id_gravacao,nome_empresa) VALUES ('68','MVGNCMY');
INSERT INTO pessoa (id_pessoa, tipo_documento,documento,nome,data_nascimento,nome_pais_origem) VALUES ('4757','PASS','000115658','Bilodeau','19730115','France');
INSERT INTO emprega_gravacao (id_gravacao, id_pessoa) VALUES ('68','4757');
INSERT INTO pessoa (id_pessoa, tipo_documento,documento,nome,data_nascimento,nome_pais_origem) VALUES ('4758','PASS','000741854','Florkowski','19850920','Brazil');
INSERT INTO emprega_gravacao (id_gravacao, id_pessoa) VALUES ('68','4758');
INSERT INTO pessoa (id_pessoa, tipo_documento,documento,nome,data_nascimento,nome_pais_origem) VALUES ('4759','PASS','000613554','Earlean','19870621','New');
INSERT INTO emprega_gravacao (id_gravacao, id_pessoa) VALUES ('68','4759');
INSERT INTO pessoa (id_pessoa, tipo_documento,documento,nome,data_nascimento,nome_pais_origem) VALUES ('4760','PASS','000386722','Greely','19880216','Lithuania');
INSERT INTO emprega_gravacao (id_gravacao, id_pessoa) VALUES ('68','4760');
INSERT INTO pessoa (id_pessoa, tipo_documento,documento,nome,data_nascimento,nome_pais_origem) VALUES ('4761','PASS','000514897','Frisbey','19700102','Uzbekistan');
INSERT INTO emprega_gravacao (id_gravacao, id_pessoa) VALUES ('68','4761');
INSERT INTO pessoa (id_pessoa, tipo_documento,documento,nome,data_nascimento,nome_pais_origem) VALUES ('4762','PASS','000591828','Antonakos','19840120','Netherlands');
INSERT INTO emprega_gravacao (id_gravacao, id_pessoa) VALUES ('68','4762');
INSERT INTO pessoa (id_pessoa, tipo_documento,documento,nome,data_nascimento,nome_pais_origem) VALUES ('4763','PASS','000942955','Balbuena','19831016','Sweden');
INSERT INTO emprega_gravacao (id_gravacao, id_pessoa) VALUES ('68','4763');
INSERT INTO pessoa (id_pessoa, tipo_documento,documento,nome,data_nascimento,nome_pais_origem) VALUES ('4764','PASS','000892574','Brunskill','19820310','Switzerland');
INSERT INTO emprega_gravacao (id_gravacao, id_pessoa) VALUES ('68','4764');
INSERT INTO pessoa (id_pessoa, tipo_documento,documento,nome,data_nascimento,nome_pais_origem) VALUES ('4765','PASS','000911220','Duryea','19841127','Uzbekistan');
INSERT INTO emprega_gravacao (id_gravacao, id_pessoa) VALUES ('68','4765');
INSERT INTO pessoa (id_pessoa, tipo_documento,documento,nome,data_nascimento,nome_pais_origem) VALUES ('4766','PASS','000512985','Fan','19750301','Mongolia');
INSERT INTO emprega_gravacao (id_gravacao, id_pessoa) VALUES ('68','4766');
INSERT INTO pessoa (id_pessoa, tipo_documento,documento,nome,data_nascimento,nome_pais_origem) VALUES ('4767','PASS','000683148','Cardoza','19881006','Mongolia');
INSERT INTO emprega_gravacao (id_gravacao, id_pessoa) VALUES ('68','4767');
INSERT INTO pessoa (id_pessoa, tipo_documento,documento,nome,data_nascimento,nome_pais_origem) VALUES ('4768','PASS','000885822','Anstett','19731222','Armenia');
INSERT INTO emprega_gravacao (id_gravacao, id_pessoa) VALUES ('68','4768');
INSERT INTO pessoa (id_pessoa, tipo_documento,documento,nome,data_nascimento,nome_pais_origem) VALUES ('4769','PASS','000690686','Garigen','19730212','Nicaragua');
INSERT INTO emprega_gravacao (id_gravacao, id_pessoa) VALUES ('68','4769');
INSERT INTO pessoa (id_pessoa, tipo_documento,documento,nome,data_nascimento,nome_pais_origem) VALUES ('4770','PASS','000881466','Elton','19731105','Iran');
INSERT INTO emprega_gravacao (id_gravacao, id_pessoa) VALUES ('68','4770');
INSERT INTO pessoa (id_pessoa, tipo_documento,documento,nome,data_nascimento,nome_pais_origem) VALUES ('4771','PASS','000813892','Deluna','19890807','Uzbekistan');
INSERT INTO emprega_gravacao (id_gravacao, id_pessoa) VALUES ('68','4771');
INSERT INTO pessoa (id_pessoa, tipo_documento,documento,nome,data_nascimento,nome_pais_origem) VALUES ('4772','PASS','000276589','Billiar','19721105','Colombia');
INSERT INTO emprega_gravacao (id_gravacao, id_pessoa) VALUES ('68','4772');
INSERT INTO pessoa (id_pessoa, tipo_documento,documento,nome,data_nascimento,nome_pais_origem) VALUES ('4773','PASS','000718293','Clanton','19820901','Rica');
INSERT INTO emprega_gravacao (id_gravacao, id_pessoa) VALUES ('68','4773');
INSERT INTO pessoa (id_pessoa, tipo_documento,documento,nome,data_nascimento,nome_pais_origem) VALUES ('4774','PASS','000941155','Domhoff','19881204','Morocco');
INSERT INTO emprega_gravacao (id_gravacao, id_pessoa) VALUES ('68','4774');
INSERT INTO pessoa (id_pessoa, tipo_documento,documento,nome,data_nascimento,nome_pais_origem) VALUES ('4775','PASS','000350768','Arslan','19820213','Costa');
INSERT INTO emprega_gravacao (id_gravacao, id_pessoa) VALUES ('68','4775');
INSERT INTO pessoa (id_pessoa, tipo_documento,documento,nome,data_nascimento,nome_pais_origem) VALUES ('4776','PASS','000919767','Devary','19830919','Estonia');
INSERT INTO emprega_gravacao (id_gravacao, id_pessoa) VALUES ('68','4776');
INSERT INTO pessoa (id_pessoa, tipo_documento,documento,nome,data_nascimento,nome_pais_origem) VALUES ('4777','PASS','000281926','Amparan','19770313','Bangladesh');
INSERT INTO emprega_gravacao (id_gravacao, id_pessoa) VALUES ('68','4777');
INSERT INTO pessoa (id_pessoa, tipo_documento,documento,nome,data_nascimento,nome_pais_origem) VALUES ('4778','PASS','000535518','Boe','19760604','Chile');
INSERT INTO emprega_gravacao (id_gravacao, id_pessoa) VALUES ('68','4778');
INSERT INTO pessoa (id_pessoa, tipo_documento,documento,nome,data_nascimento,nome_pais_origem) VALUES ('4779','PASS','000625461','Garrels','19800308','Indonesia');
INSERT INTO emprega_gravacao (id_gravacao, id_pessoa) VALUES ('68','4779');
INSERT INTO pessoa (id_pessoa, tipo_documento,documento,nome,data_nascimento,nome_pais_origem) VALUES ('4780','PASS','000168626','Bures','19700926','Singapore');
INSERT INTO emprega_gravacao (id_gravacao, id_pessoa) VALUES ('68','4780');
INSERT INTO pessoa (id_pessoa, tipo_documento,documento,nome,data_nascimento,nome_pais_origem) VALUES ('4781','PASS','000800716','Burzlaff','19700703','Austria');
INSERT INTO emprega_gravacao (id_gravacao, id_pessoa) VALUES ('68','4781');
INSERT INTO pessoa (id_pessoa, tipo_documento,documento,nome,data_nascimento,nome_pais_origem) VALUES ('4782','PASS','000853064','Abelson','19701109','Greece');
INSERT INTO emprega_gravacao (id_gravacao, id_pessoa) VALUES ('68','4782');
INSERT INTO pessoa (id_pessoa, tipo_documento,documento,nome,data_nascimento,nome_pais_origem) VALUES ('4783','PASS','000342114','Gouse','19771016','Spain');
INSERT INTO emprega_gravacao (id_gravacao, id_pessoa) VALUES ('68','4783');
INSERT INTO pessoa (id_pessoa, tipo_documento,documento,nome,data_nascimento,nome_pais_origem) VALUES ('4784','PASS','000232093','Bustillo','19860122','Indonesia');
INSERT INTO emprega_gravacao (id_gravacao, id_pessoa) VALUES ('68','4784');
INSERT INTO pessoa (id_pessoa, tipo_documento,documento,nome,data_nascimento,nome_pais_origem) VALUES ('4785','PASS','000704781','Fagle','19890809','Iran');
INSERT INTO emprega_gravacao (id_gravacao, id_pessoa) VALUES ('68','4785');
INSERT INTO equipe_de_gravacao (id_gravacao,nome_empresa) VALUES ('69','KFLATYI');
INSERT INTO pessoa (id_pessoa, tipo_documento,documento,nome,data_nascimento,nome_pais_origem) VALUES ('4786','PASS','000928454','Brink','19871018','Zealand');
INSERT INTO emprega_gravacao (id_gravacao, id_pessoa) VALUES ('69','4786');
INSERT INTO pessoa (id_pessoa, tipo_documento,documento,nome,data_nascimento,nome_pais_origem) VALUES ('4787','PASS','000584607','Ayoub','19751221','Belarus');
INSERT INTO emprega_gravacao (id_gravacao, id_pessoa) VALUES ('69','4787');
INSERT INTO pessoa (id_pessoa, tipo_documento,documento,nome,data_nascimento,nome_pais_origem) VALUES ('4788','PASS','000588316','Dottie','19820226','Belgium');
INSERT INTO emprega_gravacao (id_gravacao, id_pessoa) VALUES ('69','4788');
INSERT INTO pessoa (id_pessoa, tipo_documento,documento,nome,data_nascimento,nome_pais_origem) VALUES ('4789','PASS','000397305','Frampton','19891017','Monaco');
INSERT INTO emprega_gravacao (id_gravacao, id_pessoa) VALUES ('69','4789');
INSERT INTO equipe_de_gravacao (id_gravacao,nome_empresa) VALUES ('70','FLQLBBV');
INSERT INTO pessoa (id_pessoa, tipo_documento,documento,nome,data_nascimento,nome_pais_origem) VALUES ('4790','PASS','000660701','Domingues','19830611','Greece');
INSERT INTO emprega_gravacao (id_gravacao, id_pessoa) VALUES ('70','4790');
INSERT INTO equipe_de_gravacao (id_gravacao,nome_empresa) VALUES ('71','ONBNFTF');
INSERT INTO pessoa (id_pessoa, tipo_documento,documento,nome,data_nascimento,nome_pais_origem) VALUES ('4791','PASS','000301409','Carmichael','19880404','Egypt');
INSERT INTO emprega_gravacao (id_gravacao, id_pessoa) VALUES ('71','4791');
INSERT INTO pessoa (id_pessoa, tipo_documento,documento,nome,data_nascimento,nome_pais_origem) VALUES ('4792','PASS','000100672','Frappier','19700305','Croatia');
INSERT INTO emprega_gravacao (id_gravacao, id_pessoa) VALUES ('71','4792');
INSERT INTO pessoa (id_pessoa, tipo_documento,documento,nome,data_nascimento,nome_pais_origem) VALUES ('4793','PASS','000633212','Frisbee','19840401','Belgium');
INSERT INTO emprega_gravacao (id_gravacao, id_pessoa) VALUES ('71','4793');
INSERT INTO pessoa (id_pessoa, tipo_documento,documento,nome,data_nascimento,nome_pais_origem) VALUES ('4794','PASS','000978004','Bardach','19830309','Sweden');
INSERT INTO emprega_gravacao (id_gravacao, id_pessoa) VALUES ('71','4794');
INSERT INTO pessoa (id_pessoa, tipo_documento,documento,nome,data_nascimento,nome_pais_origem) VALUES ('4795','PASS','000303253','Funez','19711104','Singapore');
INSERT INTO emprega_gravacao (id_gravacao, id_pessoa) VALUES ('71','4795');
INSERT INTO pessoa (id_pessoa, tipo_documento,documento,nome,data_nascimento,nome_pais_origem) VALUES ('4796','PASS','000544589','Emling','19801211','Colombia');
INSERT INTO emprega_gravacao (id_gravacao, id_pessoa) VALUES ('71','4796');
INSERT INTO pessoa (id_pessoa, tipo_documento,documento,nome,data_nascimento,nome_pais_origem) VALUES ('4797','PASS','000210746','Adolphson','19710111','Costa');
INSERT INTO emprega_gravacao (id_gravacao, id_pessoa) VALUES ('71','4797');
INSERT INTO pessoa (id_pessoa, tipo_documento,documento,nome,data_nascimento,nome_pais_origem) VALUES ('4798','PASS','000522336','Conry','19811223','Arabia');
INSERT INTO emprega_gravacao (id_gravacao, id_pessoa) VALUES ('71','4798');
INSERT INTO pessoa (id_pessoa, tipo_documento,documento,nome,data_nascimento,nome_pais_origem) VALUES ('4799','PASS','000286677','Ciolli','19751205','Egypt');
INSERT INTO emprega_gravacao (id_gravacao, id_pessoa) VALUES ('71','4799');
INSERT INTO pessoa (id_pessoa, tipo_documento,documento,nome,data_nascimento,nome_pais_origem) VALUES ('4800','PASS','000469723','Beckel','19811123','Chad');
INSERT INTO emprega_gravacao (id_gravacao, id_pessoa) VALUES ('71','4800');
INSERT INTO pessoa (id_pessoa, tipo_documento,documento,nome,data_nascimento,nome_pais_origem) VALUES ('4801','PASS','000572467','Deshon','19730613','Saudi');
INSERT INTO emprega_gravacao (id_gravacao, id_pessoa) VALUES ('71','4801');
INSERT INTO pessoa (id_pessoa, tipo_documento,documento,nome,data_nascimento,nome_pais_origem) VALUES ('4802','PASS','000506680','Doerr','19790126','Switzerland');
INSERT INTO emprega_gravacao (id_gravacao, id_pessoa) VALUES ('71','4802');
INSERT INTO pessoa (id_pessoa, tipo_documento,documento,nome,data_nascimento,nome_pais_origem) VALUES ('4803','PASS','000879822','Grandison','19790203','Thailand');
INSERT INTO emprega_gravacao (id_gravacao, id_pessoa) VALUES ('71','4803');
INSERT INTO pessoa (id_pessoa, tipo_documento,documento,nome,data_nascimento,nome_pais_origem) VALUES ('4804','PASS','000686285','Chittum','19840408','Romania');
INSERT INTO emprega_gravacao (id_gravacao, id_pessoa) VALUES ('71','4804');
INSERT INTO pessoa (id_pessoa, tipo_documento,documento,nome,data_nascimento,nome_pais_origem) VALUES ('4805','PASS','000627147','Clothey','19741012','China');
INSERT INTO emprega_gravacao (id_gravacao, id_pessoa) VALUES ('71','4805');
INSERT INTO pessoa (id_pessoa, tipo_documento,documento,nome,data_nascimento,nome_pais_origem) VALUES ('4806','PASS','000311617','Chichester','19820309','Colombia');
INSERT INTO emprega_gravacao (id_gravacao, id_pessoa) VALUES ('71','4806');
INSERT INTO pessoa (id_pessoa, tipo_documento,documento,nome,data_nascimento,nome_pais_origem) VALUES ('4807','PASS','000980035','Bookhart','19860422','Colombia');
INSERT INTO emprega_gravacao (id_gravacao, id_pessoa) VALUES ('71','4807');
INSERT INTO pessoa (id_pessoa, tipo_documento,documento,nome,data_nascimento,nome_pais_origem) VALUES ('4808','PASS','000953088','Gehris','19780111','Argentina');
INSERT INTO emprega_gravacao (id_gravacao, id_pessoa) VALUES ('71','4808');
INSERT INTO pessoa (id_pessoa, tipo_documento,documento,nome,data_nascimento,nome_pais_origem) VALUES ('4809','PASS','000392410','Dar','19701015','Switzerland');
INSERT INTO emprega_gravacao (id_gravacao, id_pessoa) VALUES ('71','4809');
INSERT INTO pessoa (id_pessoa, tipo_documento,documento,nome,data_nascimento,nome_pais_origem) VALUES ('4810','PASS','000993807','Gaufusi','19790816','Argentina');
INSERT INTO emprega_gravacao (id_gravacao, id_pessoa) VALUES ('71','4810');
INSERT INTO pessoa (id_pessoa, tipo_documento,documento,nome,data_nascimento,nome_pais_origem) VALUES ('4811','PASS','000721783','Chitrik','19711106','New');
INSERT INTO emprega_gravacao (id_gravacao, id_pessoa) VALUES ('71','4811');
INSERT INTO pessoa (id_pessoa, tipo_documento,documento,nome,data_nascimento,nome_pais_origem) VALUES ('4812','PASS','000711421','Chauez','19850120','Turkey');
INSERT INTO emprega_gravacao (id_gravacao, id_pessoa) VALUES ('71','4812');
INSERT INTO pessoa (id_pessoa, tipo_documento,documento,nome,data_nascimento,nome_pais_origem) VALUES ('4813','PASS','000246864','Dalaq','19770723','Hungary');
INSERT INTO emprega_gravacao (id_gravacao, id_pessoa) VALUES ('71','4813');
INSERT INTO pessoa (id_pessoa, tipo_documento,documento,nome,data_nascimento,nome_pais_origem) VALUES ('4814','PASS','000690827','Dezarn','19890619','Arabia');
INSERT INTO emprega_gravacao (id_gravacao, id_pessoa) VALUES ('71','4814');
INSERT INTO pessoa (id_pessoa, tipo_documento,documento,nome,data_nascimento,nome_pais_origem) VALUES ('4815','PASS','000254290','Gotter','19890127','Brazil');
INSERT INTO emprega_gravacao (id_gravacao, id_pessoa) VALUES ('71','4815');
INSERT INTO equipe_de_gravacao (id_gravacao,nome_empresa) VALUES ('72','RUGDISB');
INSERT INTO pessoa (id_pessoa, tipo_documento,documento,nome,data_nascimento,nome_pais_origem) VALUES ('4816','PASS','000374771','Gidney','19850119','Syria');
INSERT INTO emprega_gravacao (id_gravacao, id_pessoa) VALUES ('72','4816');
INSERT INTO pessoa (id_pessoa, tipo_documento,documento,nome,data_nascimento,nome_pais_origem) VALUES ('4817','PASS','000234166','Baile','19791116','Brazil');
INSERT INTO emprega_gravacao (id_gravacao, id_pessoa) VALUES ('72','4817');
INSERT INTO pessoa (id_pessoa, tipo_documento,documento,nome,data_nascimento,nome_pais_origem) VALUES ('4818','PASS','000858061','Duenez','19801207','Serbia');
INSERT INTO emprega_gravacao (id_gravacao, id_pessoa) VALUES ('72','4818');
INSERT INTO pessoa (id_pessoa, tipo_documento,documento,nome,data_nascimento,nome_pais_origem) VALUES ('4819','PASS','000254989','Giorgini','19860818','India');
INSERT INTO emprega_gravacao (id_gravacao, id_pessoa) VALUES ('72','4819');
INSERT INTO pessoa (id_pessoa, tipo_documento,documento,nome,data_nascimento,nome_pais_origem) VALUES ('4820','PASS','000945253','Berwick','19800204','Ukraine');
INSERT INTO emprega_gravacao (id_gravacao, id_pessoa) VALUES ('72','4820');
INSERT INTO pessoa (id_pessoa, tipo_documento,documento,nome,data_nascimento,nome_pais_origem) VALUES ('4821','PASS','000316953','Egbert','19751117','Nepal');
INSERT INTO emprega_gravacao (id_gravacao, id_pessoa) VALUES ('72','4821');
INSERT INTO pessoa (id_pessoa, tipo_documento,documento,nome,data_nascimento,nome_pais_origem) VALUES ('4822','PASS','000979860','Bromwell','19821214','Lithuania');
INSERT INTO emprega_gravacao (id_gravacao, id_pessoa) VALUES ('72','4822');
INSERT INTO pessoa (id_pessoa, tipo_documento,documento,nome,data_nascimento,nome_pais_origem) VALUES ('4823','PASS','000916022','Farago','19850104','Armenia');
INSERT INTO emprega_gravacao (id_gravacao, id_pessoa) VALUES ('72','4823');
INSERT INTO pessoa (id_pessoa, tipo_documento,documento,nome,data_nascimento,nome_pais_origem) VALUES ('4824','PASS','000886415','Baisey','19810308','Nepal');
INSERT INTO emprega_gravacao (id_gravacao, id_pessoa) VALUES ('72','4824');
INSERT INTO pessoa (id_pessoa, tipo_documento,documento,nome,data_nascimento,nome_pais_origem) VALUES ('4825','PASS','000523946','Camellia','19751006','Spain');
INSERT INTO emprega_gravacao (id_gravacao, id_pessoa) VALUES ('72','4825');
INSERT INTO pessoa (id_pessoa, tipo_documento,documento,nome,data_nascimento,nome_pais_origem) VALUES ('4826','PASS','000172669','Bonawitz','19751226','Zealand');
INSERT INTO emprega_gravacao (id_gravacao, id_pessoa) VALUES ('72','4826');
INSERT INTO pessoa (id_pessoa, tipo_documento,documento,nome,data_nascimento,nome_pais_origem) VALUES ('4827','PASS','000296964','Argote','19720313','Austria');
INSERT INTO emprega_gravacao (id_gravacao, id_pessoa) VALUES ('72','4827');
INSERT INTO pessoa (id_pessoa, tipo_documento,documento,nome,data_nascimento,nome_pais_origem) VALUES ('4828','PASS','000784955','Gilyard','19751106','Sweden');
INSERT INTO emprega_gravacao (id_gravacao, id_pessoa) VALUES ('72','4828');
INSERT INTO pessoa (id_pessoa, tipo_documento,documento,nome,data_nascimento,nome_pais_origem) VALUES ('4829','PASS','000289944','Dunnahoo','19861222','Switzerland');
INSERT INTO emprega_gravacao (id_gravacao, id_pessoa) VALUES ('72','4829');
INSERT INTO pessoa (id_pessoa, tipo_documento,documento,nome,data_nascimento,nome_pais_origem) VALUES ('4830','PASS','000933960','Brule','19791220','Peru');
INSERT INTO emprega_gravacao (id_gravacao, id_pessoa) VALUES ('72','4830');
INSERT INTO pessoa (id_pessoa, tipo_documento,documento,nome,data_nascimento,nome_pais_origem) VALUES ('4831','PASS','000489949','Baltrip','19781126','Norway');
INSERT INTO emprega_gravacao (id_gravacao, id_pessoa) VALUES ('72','4831');
INSERT INTO pessoa (id_pessoa, tipo_documento,documento,nome,data_nascimento,nome_pais_origem) VALUES ('4832','PASS','000267363','Casuat','19800314','Nepal');
INSERT INTO emprega_gravacao (id_gravacao, id_pessoa) VALUES ('72','4832');
INSERT INTO equipe_de_gravacao (id_gravacao,nome_empresa) VALUES ('73','ZLNJICY');
INSERT INTO pessoa (id_pessoa, tipo_documento,documento,nome,data_nascimento,nome_pais_origem) VALUES ('4833','PASS','000472941','Defreitas','19810717','Mozambique');
INSERT INTO emprega_gravacao (id_gravacao, id_pessoa) VALUES ('73','4833');
INSERT INTO pessoa (id_pessoa, tipo_documento,documento,nome,data_nascimento,nome_pais_origem) VALUES ('4834','PASS','000643568','Dalke','19770502','Mexico');
INSERT INTO emprega_gravacao (id_gravacao, id_pessoa) VALUES ('73','4834');
INSERT INTO pessoa (id_pessoa, tipo_documento,documento,nome,data_nascimento,nome_pais_origem) VALUES ('4835','PASS','000259314','Creasman','19740413','Senegal');
INSERT INTO emprega_gravacao (id_gravacao, id_pessoa) VALUES ('73','4835');
INSERT INTO pessoa (id_pessoa, tipo_documento,documento,nome,data_nascimento,nome_pais_origem) VALUES ('4836','PASS','000699177','Cunha','19831121','Arabia');
INSERT INTO emprega_gravacao (id_gravacao, id_pessoa) VALUES ('73','4836');
INSERT INTO pessoa (id_pessoa, tipo_documento,documento,nome,data_nascimento,nome_pais_origem) VALUES ('4837','PASS','000218977','Artman','19790416','Australia');
INSERT INTO emprega_gravacao (id_gravacao, id_pessoa) VALUES ('73','4837');
INSERT INTO pessoa (id_pessoa, tipo_documento,documento,nome,data_nascimento,nome_pais_origem) VALUES ('4838','PASS','000579274','Bussard','19791119','Bahamas');
INSERT INTO emprega_gravacao (id_gravacao, id_pessoa) VALUES ('73','4838');
INSERT INTO pessoa (id_pessoa, tipo_documento,documento,nome,data_nascimento,nome_pais_origem) VALUES ('4839','PASS','000203269','Crawford','19710921','Hungary');
INSERT INTO emprega_gravacao (id_gravacao, id_pessoa) VALUES ('73','4839');
INSERT INTO pessoa (id_pessoa, tipo_documento,documento,nome,data_nascimento,nome_pais_origem) VALUES ('4840','PASS','000975436','Bauch','19710717','Algeria');
INSERT INTO emprega_gravacao (id_gravacao, id_pessoa) VALUES ('73','4840');
INSERT INTO pessoa (id_pessoa, tipo_documento,documento,nome,data_nascimento,nome_pais_origem) VALUES ('4841','PASS','000161826','Glassing','19730216','Australia');
INSERT INTO emprega_gravacao (id_gravacao, id_pessoa) VALUES ('73','4841');
INSERT INTO pessoa (id_pessoa, tipo_documento,documento,nome,data_nascimento,nome_pais_origem) VALUES ('4842','PASS','000762599','Ammerman','19811023','Colombia');
INSERT INTO emprega_gravacao (id_gravacao, id_pessoa) VALUES ('73','4842');
INSERT INTO equipe_de_gravacao (id_gravacao,nome_empresa) VALUES ('74','MLRMVRJ');
INSERT INTO pessoa (id_pessoa, tipo_documento,documento,nome,data_nascimento,nome_pais_origem) VALUES ('4843','PASS','000795420','Collison','19831214','Nepal');
INSERT INTO emprega_gravacao (id_gravacao, id_pessoa) VALUES ('74','4843');
INSERT INTO pessoa (id_pessoa, tipo_documento,documento,nome,data_nascimento,nome_pais_origem) VALUES ('4844','PASS','000611492','Beyerl','19700416','Mongolia');
INSERT INTO emprega_gravacao (id_gravacao, id_pessoa) VALUES ('74','4844');
INSERT INTO pessoa (id_pessoa, tipo_documento,documento,nome,data_nascimento,nome_pais_origem) VALUES ('4845','PASS','000342369','Bernal','19731107','Barbados');
INSERT INTO emprega_gravacao (id_gravacao, id_pessoa) VALUES ('74','4845');
INSERT INTO pessoa (id_pessoa, tipo_documento,documento,nome,data_nascimento,nome_pais_origem) VALUES ('4846','PASS','000750100','Calista','19750515','Liechtenstein');
INSERT INTO emprega_gravacao (id_gravacao, id_pessoa) VALUES ('74','4846');
INSERT INTO pessoa (id_pessoa, tipo_documento,documento,nome,data_nascimento,nome_pais_origem) VALUES ('4847','PASS','000878191','Erlebach','19710205','Belgium');
INSERT INTO emprega_gravacao (id_gravacao, id_pessoa) VALUES ('74','4847');
INSERT INTO pessoa (id_pessoa, tipo_documento,documento,nome,data_nascimento,nome_pais_origem) VALUES ('4848','PASS','000455140','Glassburn','19790604','Greece');
INSERT INTO emprega_gravacao (id_gravacao, id_pessoa) VALUES ('74','4848');
INSERT INTO pessoa (id_pessoa, tipo_documento,documento,nome,data_nascimento,nome_pais_origem) VALUES ('4849','PASS','000737530','Brasswell','19741106','Rica');
INSERT INTO emprega_gravacao (id_gravacao, id_pessoa) VALUES ('74','4849');
INSERT INTO pessoa (id_pessoa, tipo_documento,documento,nome,data_nascimento,nome_pais_origem) VALUES ('4850','PASS','000543623','Brachle','19881206','Armenia');
INSERT INTO emprega_gravacao (id_gravacao, id_pessoa) VALUES ('74','4850');
INSERT INTO pessoa (id_pessoa, tipo_documento,documento,nome,data_nascimento,nome_pais_origem) VALUES ('4851','PASS','000305741','Barket','19840624','Austria');
INSERT INTO emprega_gravacao (id_gravacao, id_pessoa) VALUES ('74','4851');
INSERT INTO pessoa (id_pessoa, tipo_documento,documento,nome,data_nascimento,nome_pais_origem) VALUES ('4852','PASS','000561132','Bradey','19740816','India');
INSERT INTO emprega_gravacao (id_gravacao, id_pessoa) VALUES ('74','4852');
INSERT INTO pessoa (id_pessoa, tipo_documento,documento,nome,data_nascimento,nome_pais_origem) VALUES ('4853','PASS','000885521','Douthitt','19861219','Paraguay');
INSERT INTO emprega_gravacao (id_gravacao, id_pessoa) VALUES ('74','4853');
INSERT INTO pessoa (id_pessoa, tipo_documento,documento,nome,data_nascimento,nome_pais_origem) VALUES ('4854','PASS','000456010','Gerber','19871025','Japan');
INSERT INTO emprega_gravacao (id_gravacao, id_pessoa) VALUES ('74','4854');
INSERT INTO pessoa (id_pessoa, tipo_documento,documento,nome,data_nascimento,nome_pais_origem) VALUES ('4855','PASS','000501846','Frayser','19811127','Singapore');
INSERT INTO emprega_gravacao (id_gravacao, id_pessoa) VALUES ('74','4855');
INSERT INTO equipe_de_gravacao (id_gravacao,nome_empresa) VALUES ('75','KVHANFX');
INSERT INTO pessoa (id_pessoa, tipo_documento,documento,nome,data_nascimento,nome_pais_origem) VALUES ('4856','PASS','000475673','Domangue','19820727','India');
INSERT INTO emprega_gravacao (id_gravacao, id_pessoa) VALUES ('75','4856');
INSERT INTO pessoa (id_pessoa, tipo_documento,documento,nome,data_nascimento,nome_pais_origem) VALUES ('4857','PASS','000509318','Amescua','19760522','Egypt');
INSERT INTO emprega_gravacao (id_gravacao, id_pessoa) VALUES ('75','4857');
INSERT INTO pessoa (id_pessoa, tipo_documento,documento,nome,data_nascimento,nome_pais_origem) VALUES ('4858','PASS','000368891','Bucci','19800123','Thailand');
INSERT INTO emprega_gravacao (id_gravacao, id_pessoa) VALUES ('75','4858');
INSERT INTO pessoa (id_pessoa, tipo_documento,documento,nome,data_nascimento,nome_pais_origem) VALUES ('4859','PASS','000146334','Arriano','19760113','Uzbekistan');
INSERT INTO emprega_gravacao (id_gravacao, id_pessoa) VALUES ('75','4859');
INSERT INTO pessoa (id_pessoa, tipo_documento,documento,nome,data_nascimento,nome_pais_origem) VALUES ('4860','PASS','000492721','Billips','19760125','Morocco');
INSERT INTO emprega_gravacao (id_gravacao, id_pessoa) VALUES ('75','4860');
INSERT INTO pessoa (id_pessoa, tipo_documento,documento,nome,data_nascimento,nome_pais_origem) VALUES ('4861','PASS','000254254','Castellana','19840508','Hungary');
INSERT INTO emprega_gravacao (id_gravacao, id_pessoa) VALUES ('75','4861');
INSERT INTO pessoa (id_pessoa, tipo_documento,documento,nome,data_nascimento,nome_pais_origem) VALUES ('4862','PASS','000741812','Grosland','19771005','Iran');
INSERT INTO emprega_gravacao (id_gravacao, id_pessoa) VALUES ('75','4862');
INSERT INTO pessoa (id_pessoa, tipo_documento,documento,nome,data_nascimento,nome_pais_origem) VALUES ('4863','PASS','000487040','Beatley','19841114','Nepal');
INSERT INTO emprega_gravacao (id_gravacao, id_pessoa) VALUES ('75','4863');
INSERT INTO pessoa (id_pessoa, tipo_documento,documento,nome,data_nascimento,nome_pais_origem) VALUES ('4864','PASS','000749857','Carns','19880124','Algeria');
INSERT INTO emprega_gravacao (id_gravacao, id_pessoa) VALUES ('75','4864');
INSERT INTO pessoa (id_pessoa, tipo_documento,documento,nome,data_nascimento,nome_pais_origem) VALUES ('4865','PASS','000401271','Corporon','19881210','France');
INSERT INTO emprega_gravacao (id_gravacao, id_pessoa) VALUES ('75','4865');
INSERT INTO pessoa (id_pessoa, tipo_documento,documento,nome,data_nascimento,nome_pais_origem) VALUES ('4866','PASS','000851296','Chiarito','19870109','Vietnam');
INSERT INTO emprega_gravacao (id_gravacao, id_pessoa) VALUES ('75','4866');
INSERT INTO pessoa (id_pessoa, tipo_documento,documento,nome,data_nascimento,nome_pais_origem) VALUES ('4867','PASS','000592971','Amarian','19861227','Angola');
INSERT INTO emprega_gravacao (id_gravacao, id_pessoa) VALUES ('75','4867');
INSERT INTO pessoa (id_pessoa, tipo_documento,documento,nome,data_nascimento,nome_pais_origem) VALUES ('4868','PASS','000180597','Beraun','19830921','Romania');
INSERT INTO emprega_gravacao (id_gravacao, id_pessoa) VALUES ('75','4868');
INSERT INTO pessoa (id_pessoa, tipo_documento,documento,nome,data_nascimento,nome_pais_origem) VALUES ('4869','PASS','000683923','Dearo','19870507','Lithuania');
INSERT INTO emprega_gravacao (id_gravacao, id_pessoa) VALUES ('75','4869');
INSERT INTO pessoa (id_pessoa, tipo_documento,documento,nome,data_nascimento,nome_pais_origem) VALUES ('4870','PASS','000552164','Crigger','19790518','Norway');
INSERT INTO emprega_gravacao (id_gravacao, id_pessoa) VALUES ('75','4870');
INSERT INTO pessoa (id_pessoa, tipo_documento,documento,nome,data_nascimento,nome_pais_origem) VALUES ('4871','PASS','000804107','Crimmins','19720421','Rica');
INSERT INTO emprega_gravacao (id_gravacao, id_pessoa) VALUES ('75','4871');
INSERT INTO pessoa (id_pessoa, tipo_documento,documento,nome,data_nascimento,nome_pais_origem) VALUES ('4872','PASS','000989600','Corr','19770611','Algeria');
INSERT INTO emprega_gravacao (id_gravacao, id_pessoa) VALUES ('75','4872');
INSERT INTO equipe_de_gravacao (id_gravacao,nome_empresa) VALUES ('76','PQAHFQB');
INSERT INTO pessoa (id_pessoa, tipo_documento,documento,nome,data_nascimento,nome_pais_origem) VALUES ('4873','PASS','000346108','Duttry','19740219','France');
INSERT INTO emprega_gravacao (id_gravacao, id_pessoa) VALUES ('76','4873');
INSERT INTO pessoa (id_pessoa, tipo_documento,documento,nome,data_nascimento,nome_pais_origem) VALUES ('4874','PASS','000233025','Elicker','19820117','France');
INSERT INTO emprega_gravacao (id_gravacao, id_pessoa) VALUES ('76','4874');
INSERT INTO pessoa (id_pessoa, tipo_documento,documento,nome,data_nascimento,nome_pais_origem) VALUES ('4875','PASS','000871110','Foose','19770616','Estonia');
INSERT INTO emprega_gravacao (id_gravacao, id_pessoa) VALUES ('76','4875');
INSERT INTO pessoa (id_pessoa, tipo_documento,documento,nome,data_nascimento,nome_pais_origem) VALUES ('4876','PASS','000843566','Asner','19841014','Estonia');
INSERT INTO emprega_gravacao (id_gravacao, id_pessoa) VALUES ('76','4876');
INSERT INTO pessoa (id_pessoa, tipo_documento,documento,nome,data_nascimento,nome_pais_origem) VALUES ('4877','PASS','000996828','Birch','19830113','Chad');
INSERT INTO emprega_gravacao (id_gravacao, id_pessoa) VALUES ('76','4877');
INSERT INTO pessoa (id_pessoa, tipo_documento,documento,nome,data_nascimento,nome_pais_origem) VALUES ('4878','PASS','000340122','Epps','19870722','Romania');
INSERT INTO emprega_gravacao (id_gravacao, id_pessoa) VALUES ('76','4878');
INSERT INTO pessoa (id_pessoa, tipo_documento,documento,nome,data_nascimento,nome_pais_origem) VALUES ('4879','PASS','000733267','Ferell','19810608','Costa');
INSERT INTO emprega_gravacao (id_gravacao, id_pessoa) VALUES ('76','4879');
INSERT INTO pessoa (id_pessoa, tipo_documento,documento,nome,data_nascimento,nome_pais_origem) VALUES ('4880','PASS','000565986','Elizondo','19700927','Philippines');
INSERT INTO emprega_gravacao (id_gravacao, id_pessoa) VALUES ('76','4880');
INSERT INTO pessoa (id_pessoa, tipo_documento,documento,nome,data_nascimento,nome_pais_origem) VALUES ('4881','PASS','000919855','Batrum','19730610','Bahamas');
INSERT INTO emprega_gravacao (id_gravacao, id_pessoa) VALUES ('76','4881');
INSERT INTO pessoa (id_pessoa, tipo_documento,documento,nome,data_nascimento,nome_pais_origem) VALUES ('4882','PASS','000572121','Borson','19780122','Denmark');
INSERT INTO emprega_gravacao (id_gravacao, id_pessoa) VALUES ('76','4882');
INSERT INTO pessoa (id_pessoa, tipo_documento,documento,nome,data_nascimento,nome_pais_origem) VALUES ('4883','PASS','000917844','Dulberg','19870613','Estonia');
INSERT INTO emprega_gravacao (id_gravacao, id_pessoa) VALUES ('76','4883');
INSERT INTO pessoa (id_pessoa, tipo_documento,documento,nome,data_nascimento,nome_pais_origem) VALUES ('4884','PASS','000423629','Griswald','19740812','Bulgaria');
INSERT INTO emprega_gravacao (id_gravacao, id_pessoa) VALUES ('76','4884');
INSERT INTO pessoa (id_pessoa, tipo_documento,documento,nome,data_nascimento,nome_pais_origem) VALUES ('4885','PASS','000937406','Biesenthal','19841023','Thailand');
INSERT INTO emprega_gravacao (id_gravacao, id_pessoa) VALUES ('76','4885');
INSERT INTO pessoa (id_pessoa, tipo_documento,documento,nome,data_nascimento,nome_pais_origem) VALUES ('4886','PASS','000227267','Giaquinto','19780726','Netherlands');
INSERT INTO emprega_gravacao (id_gravacao, id_pessoa) VALUES ('76','4886');
INSERT INTO pessoa (id_pessoa, tipo_documento,documento,nome,data_nascimento,nome_pais_origem) VALUES ('4887','PASS','000952399','Gallager','19810409','Ukraine');
INSERT INTO emprega_gravacao (id_gravacao, id_pessoa) VALUES ('76','4887');
INSERT INTO pessoa (id_pessoa, tipo_documento,documento,nome,data_nascimento,nome_pais_origem) VALUES ('4888','PASS','000395431','Cobos','19800822','Bulgaria');
INSERT INTO emprega_gravacao (id_gravacao, id_pessoa) VALUES ('76','4888');
INSERT INTO pessoa (id_pessoa, tipo_documento,documento,nome,data_nascimento,nome_pais_origem) VALUES ('4889','PASS','000501248','Cookman','19721226','Romania');
INSERT INTO emprega_gravacao (id_gravacao, id_pessoa) VALUES ('76','4889');
INSERT INTO pessoa (id_pessoa, tipo_documento,documento,nome,data_nascimento,nome_pais_origem) VALUES ('4890','PASS','000204719','Grable','19830212','Netherlands');
INSERT INTO emprega_gravacao (id_gravacao, id_pessoa) VALUES ('76','4890');
INSERT INTO pessoa (id_pessoa, tipo_documento,documento,nome,data_nascimento,nome_pais_origem) VALUES ('4891','PASS','000176359','Furnish','19851006','Turkey');
INSERT INTO emprega_gravacao (id_gravacao, id_pessoa) VALUES ('76','4891');
INSERT INTO pessoa (id_pessoa, tipo_documento,documento,nome,data_nascimento,nome_pais_origem) VALUES ('4892','PASS','000952646','Burruel','19710525','China');
INSERT INTO emprega_gravacao (id_gravacao, id_pessoa) VALUES ('76','4892');
INSERT INTO pessoa (id_pessoa, tipo_documento,documento,nome,data_nascimento,nome_pais_origem) VALUES ('4893','PASS','000914912','Bergsma','19810610','Hungary');
INSERT INTO emprega_gravacao (id_gravacao, id_pessoa) VALUES ('76','4893');
INSERT INTO equipe_de_gravacao (id_gravacao,nome_empresa) VALUES ('77','CEDZDUS');
INSERT INTO pessoa (id_pessoa, tipo_documento,documento,nome,data_nascimento,nome_pais_origem) VALUES ('4894','PASS','000675585','Balak','19820615','Uruguay');
INSERT INTO emprega_gravacao (id_gravacao, id_pessoa) VALUES ('77','4894');
INSERT INTO pessoa (id_pessoa, tipo_documento,documento,nome,data_nascimento,nome_pais_origem) VALUES ('4895','PASS','000195100','Gergen','19790727','Argentina');
INSERT INTO emprega_gravacao (id_gravacao, id_pessoa) VALUES ('77','4895');
INSERT INTO pessoa (id_pessoa, tipo_documento,documento,nome,data_nascimento,nome_pais_origem) VALUES ('4896','PASS','000390233','Chaves','19731018','Greece');
INSERT INTO emprega_gravacao (id_gravacao, id_pessoa) VALUES ('77','4896');
INSERT INTO pessoa (id_pessoa, tipo_documento,documento,nome,data_nascimento,nome_pais_origem) VALUES ('4897','PASS','000430284','Dimpfl','19750920','Bahamas');
INSERT INTO emprega_gravacao (id_gravacao, id_pessoa) VALUES ('77','4897');
INSERT INTO pessoa (id_pessoa, tipo_documento,documento,nome,data_nascimento,nome_pais_origem) VALUES ('4898','PASS','000724175','Cuculich','19730210','Paraguay');
INSERT INTO emprega_gravacao (id_gravacao, id_pessoa) VALUES ('77','4898');
INSERT INTO pessoa (id_pessoa, tipo_documento,documento,nome,data_nascimento,nome_pais_origem) VALUES ('4899','PASS','000214385','Gaumont','19710115','Saudi');
INSERT INTO emprega_gravacao (id_gravacao, id_pessoa) VALUES ('77','4899');
INSERT INTO pessoa (id_pessoa, tipo_documento,documento,nome,data_nascimento,nome_pais_origem) VALUES ('4900','PASS','000715517','Garcon','19730715','Saudi');
INSERT INTO emprega_gravacao (id_gravacao, id_pessoa) VALUES ('77','4900');
INSERT INTO pessoa (id_pessoa, tipo_documento,documento,nome,data_nascimento,nome_pais_origem) VALUES ('4901','PASS','000896929','Alce','19741211','Finland');
INSERT INTO emprega_gravacao (id_gravacao, id_pessoa) VALUES ('77','4901');
INSERT INTO pessoa (id_pessoa, tipo_documento,documento,nome,data_nascimento,nome_pais_origem) VALUES ('4902','PASS','000490597','Grant','19821222','Indonesia');
INSERT INTO emprega_gravacao (id_gravacao, id_pessoa) VALUES ('77','4902');
INSERT INTO pessoa (id_pessoa, tipo_documento,documento,nome,data_nascimento,nome_pais_origem) VALUES ('4903','PASS','000900528','Carinio','19740824','Arabia');
INSERT INTO emprega_gravacao (id_gravacao, id_pessoa) VALUES ('77','4903');
INSERT INTO pessoa (id_pessoa, tipo_documento,documento,nome,data_nascimento,nome_pais_origem) VALUES ('4904','PASS','000776777','Buol','19800909','Germany');
INSERT INTO emprega_gravacao (id_gravacao, id_pessoa) VALUES ('77','4904');
INSERT INTO pessoa (id_pessoa, tipo_documento,documento,nome,data_nascimento,nome_pais_origem) VALUES ('4905','PASS','000406284','Dubourg','19740408','Paraguay');
INSERT INTO emprega_gravacao (id_gravacao, id_pessoa) VALUES ('77','4905');
INSERT INTO pessoa (id_pessoa, tipo_documento,documento,nome,data_nascimento,nome_pais_origem) VALUES ('4906','PASS','000389253','Brookskennedy','19800421','Uzbekistan');
INSERT INTO emprega_gravacao (id_gravacao, id_pessoa) VALUES ('77','4906');
INSERT INTO pessoa (id_pessoa, tipo_documento,documento,nome,data_nascimento,nome_pais_origem) VALUES ('4907','PASS','000248309','Cournoyer','19711224','Uzbekistan');
INSERT INTO emprega_gravacao (id_gravacao, id_pessoa) VALUES ('77','4907');
INSERT INTO pessoa (id_pessoa, tipo_documento,documento,nome,data_nascimento,nome_pais_origem) VALUES ('4908','PASS','000386448','Fuller','19780926','Sweden');
INSERT INTO emprega_gravacao (id_gravacao, id_pessoa) VALUES ('77','4908');
INSERT INTO pessoa (id_pessoa, tipo_documento,documento,nome,data_nascimento,nome_pais_origem) VALUES ('4909','PASS','000237013','Feldt','19790708','Angola');
INSERT INTO emprega_gravacao (id_gravacao, id_pessoa) VALUES ('77','4909');
INSERT INTO pessoa (id_pessoa, tipo_documento,documento,nome,data_nascimento,nome_pais_origem) VALUES ('4910','PASS','000635937','Coldwell','19801126','Senegal');
INSERT INTO emprega_gravacao (id_gravacao, id_pessoa) VALUES ('77','4910');
INSERT INTO pessoa (id_pessoa, tipo_documento,documento,nome,data_nascimento,nome_pais_origem) VALUES ('4911','PASS','000978704','Corburn','19711123','Costa');
INSERT INTO emprega_gravacao (id_gravacao, id_pessoa) VALUES ('77','4911');
INSERT INTO pessoa (id_pessoa, tipo_documento,documento,nome,data_nascimento,nome_pais_origem) VALUES ('4912','PASS','000896526','Behning','19820824','Estonia');
INSERT INTO emprega_gravacao (id_gravacao, id_pessoa) VALUES ('77','4912');
INSERT INTO pessoa (id_pessoa, tipo_documento,documento,nome,data_nascimento,nome_pais_origem) VALUES ('4913','PASS','000440892','Deel','19741105','Slovakia');
INSERT INTO emprega_gravacao (id_gravacao, id_pessoa) VALUES ('77','4913');
INSERT INTO pessoa (id_pessoa, tipo_documento,documento,nome,data_nascimento,nome_pais_origem) VALUES ('4914','PASS','000139091','Eavey','19840102','Poland');
INSERT INTO emprega_gravacao (id_gravacao, id_pessoa) VALUES ('77','4914');
INSERT INTO pessoa (id_pessoa, tipo_documento,documento,nome,data_nascimento,nome_pais_origem) VALUES ('4915','PASS','000287546','Bestwick','19800514','Paraguay');
INSERT INTO emprega_gravacao (id_gravacao, id_pessoa) VALUES ('77','4915');
INSERT INTO pessoa (id_pessoa, tipo_documento,documento,nome,data_nascimento,nome_pais_origem) VALUES ('4916','PASS','000687231','Casaus','19871018','India');
INSERT INTO emprega_gravacao (id_gravacao, id_pessoa) VALUES ('77','4916');
INSERT INTO pessoa (id_pessoa, tipo_documento,documento,nome,data_nascimento,nome_pais_origem) VALUES ('4917','PASS','000701252','Derting','19781011','Poland');
INSERT INTO emprega_gravacao (id_gravacao, id_pessoa) VALUES ('77','4917');
INSERT INTO equipe_de_gravacao (id_gravacao,nome_empresa) VALUES ('78','WNAGNAL');
INSERT INTO pessoa (id_pessoa, tipo_documento,documento,nome,data_nascimento,nome_pais_origem) VALUES ('4918','PASS','000422545','Ello','19781222','Poland');
INSERT INTO emprega_gravacao (id_gravacao, id_pessoa) VALUES ('78','4918');
INSERT INTO pessoa (id_pessoa, tipo_documento,documento,nome,data_nascimento,nome_pais_origem) VALUES ('4919','PASS','000837377','Eyestone','19850602','Mozambique');
INSERT INTO emprega_gravacao (id_gravacao, id_pessoa) VALUES ('78','4919');
INSERT INTO pessoa (id_pessoa, tipo_documento,documento,nome,data_nascimento,nome_pais_origem) VALUES ('4920','PASS','000879425','Collazo','19740406','Azerbaijan');
INSERT INTO emprega_gravacao (id_gravacao, id_pessoa) VALUES ('78','4920');
INSERT INTO pessoa (id_pessoa, tipo_documento,documento,nome,data_nascimento,nome_pais_origem) VALUES ('4921','PASS','000377322','Alden','19730919','Saudi');
INSERT INTO emprega_gravacao (id_gravacao, id_pessoa) VALUES ('78','4921');
INSERT INTO equipe_de_gravacao (id_gravacao,nome_empresa) VALUES ('79','AFWJNIM');
INSERT INTO pessoa (id_pessoa, tipo_documento,documento,nome,data_nascimento,nome_pais_origem) VALUES ('4922','PASS','000113964','Cochell','19851004','Saudi');
INSERT INTO emprega_gravacao (id_gravacao, id_pessoa) VALUES ('79','4922');
INSERT INTO pessoa (id_pessoa, tipo_documento,documento,nome,data_nascimento,nome_pais_origem) VALUES ('4923','PASS','000178810','Cadorette','19880805','Cuba');
INSERT INTO emprega_gravacao (id_gravacao, id_pessoa) VALUES ('79','4923');
INSERT INTO pessoa (id_pessoa, tipo_documento,documento,nome,data_nascimento,nome_pais_origem) VALUES ('4924','PASS','000157840','Aluise','19730505','Norway');
INSERT INTO emprega_gravacao (id_gravacao, id_pessoa) VALUES ('79','4924');
INSERT INTO pessoa (id_pessoa, tipo_documento,documento,nome,data_nascimento,nome_pais_origem) VALUES ('4925','PASS','000185101','Capurro','19851113','Philippines');
INSERT INTO emprega_gravacao (id_gravacao, id_pessoa) VALUES ('79','4925');
INSERT INTO pessoa (id_pessoa, tipo_documento,documento,nome,data_nascimento,nome_pais_origem) VALUES ('4926','PASS','000414324','Cribbs','19750111','Singapore');
INSERT INTO emprega_gravacao (id_gravacao, id_pessoa) VALUES ('79','4926');
INSERT INTO pessoa (id_pessoa, tipo_documento,documento,nome,data_nascimento,nome_pais_origem) VALUES ('4927','PASS','000818828','Delima','19750827','Philippines');
INSERT INTO emprega_gravacao (id_gravacao, id_pessoa) VALUES ('79','4927');
INSERT INTO pessoa (id_pessoa, tipo_documento,documento,nome,data_nascimento,nome_pais_origem) VALUES ('4928','PASS','000256932','Gouthier','19820717','Egypt');
INSERT INTO emprega_gravacao (id_gravacao, id_pessoa) VALUES ('79','4928');
INSERT INTO pessoa (id_pessoa, tipo_documento,documento,nome,data_nascimento,nome_pais_origem) VALUES ('4929','PASS','000400684','Armon','19830724','India');
INSERT INTO emprega_gravacao (id_gravacao, id_pessoa) VALUES ('79','4929');
INSERT INTO pessoa (id_pessoa, tipo_documento,documento,nome,data_nascimento,nome_pais_origem) VALUES ('4930','PASS','000784002','Abella','19730113','Thailand');
INSERT INTO emprega_gravacao (id_gravacao, id_pessoa) VALUES ('79','4930');
INSERT INTO pessoa (id_pessoa, tipo_documento,documento,nome,data_nascimento,nome_pais_origem) VALUES ('4931','PASS','000691868','Burd','19880508','Greece');
INSERT INTO emprega_gravacao (id_gravacao, id_pessoa) VALUES ('79','4931');
INSERT INTO pessoa (id_pessoa, tipo_documento,documento,nome,data_nascimento,nome_pais_origem) VALUES ('4932','PASS','000946143','Failing','19890303','Netherlands');
INSERT INTO emprega_gravacao (id_gravacao, id_pessoa) VALUES ('79','4932');
INSERT INTO pessoa (id_pessoa, tipo_documento,documento,nome,data_nascimento,nome_pais_origem) VALUES ('4933','PASS','000279087','Deramo','19850122','Philippines');
INSERT INTO emprega_gravacao (id_gravacao, id_pessoa) VALUES ('79','4933');
INSERT INTO pessoa (id_pessoa, tipo_documento,documento,nome,data_nascimento,nome_pais_origem) VALUES ('4934','PASS','000550368','Derendal','19750109','Bahrain');
INSERT INTO emprega_gravacao (id_gravacao, id_pessoa) VALUES ('79','4934');
INSERT INTO pessoa (id_pessoa, tipo_documento,documento,nome,data_nascimento,nome_pais_origem) VALUES ('4935','PASS','000790137','Debry','19860703','Algeria');
INSERT INTO emprega_gravacao (id_gravacao, id_pessoa) VALUES ('79','4935');
INSERT INTO pessoa (id_pessoa, tipo_documento,documento,nome,data_nascimento,nome_pais_origem) VALUES ('4936','PASS','000704427','Creecy','19700727','Iraq');
INSERT INTO emprega_gravacao (id_gravacao, id_pessoa) VALUES ('79','4936');
INSERT INTO pessoa (id_pessoa, tipo_documento,documento,nome,data_nascimento,nome_pais_origem) VALUES ('4937','PASS','000704197','Burth','19840407','Liechtenstein');
INSERT INTO emprega_gravacao (id_gravacao, id_pessoa) VALUES ('79','4937');
INSERT INTO pessoa (id_pessoa, tipo_documento,documento,nome,data_nascimento,nome_pais_origem) VALUES ('4938','PASS','000471888','Albair','19871014','Nepal');
INSERT INTO emprega_gravacao (id_gravacao, id_pessoa) VALUES ('79','4938');
INSERT INTO pessoa (id_pessoa, tipo_documento,documento,nome,data_nascimento,nome_pais_origem) VALUES ('4939','PASS','000654755','Bernhardt','19770314','Germany');
INSERT INTO emprega_gravacao (id_gravacao, id_pessoa) VALUES ('79','4939');
INSERT INTO pessoa (id_pessoa, tipo_documento,documento,nome,data_nascimento,nome_pais_origem) VALUES ('4940','PASS','000526941','Damiano','19750324','Afghanistan');
INSERT INTO emprega_gravacao (id_gravacao, id_pessoa) VALUES ('79','4940');
INSERT INTO pessoa (id_pessoa, tipo_documento,documento,nome,data_nascimento,nome_pais_origem) VALUES ('4941','PASS','000242047','Baxtor','19860825','Morocco');
INSERT INTO emprega_gravacao (id_gravacao, id_pessoa) VALUES ('79','4941');
INSERT INTO pessoa (id_pessoa, tipo_documento,documento,nome,data_nascimento,nome_pais_origem) VALUES ('4942','PASS','000460048','Cudan','19750418','China');
INSERT INTO emprega_gravacao (id_gravacao, id_pessoa) VALUES ('79','4942');
INSERT INTO pessoa (id_pessoa, tipo_documento,documento,nome,data_nascimento,nome_pais_origem) VALUES ('4943','PASS','000385251','Czajkowski','19780115','Norway');
INSERT INTO emprega_gravacao (id_gravacao, id_pessoa) VALUES ('79','4943');
INSERT INTO pessoa (id_pessoa, tipo_documento,documento,nome,data_nascimento,nome_pais_origem) VALUES ('4944','PASS','000723219','Browing','19890425','Peru');
INSERT INTO emprega_gravacao (id_gravacao, id_pessoa) VALUES ('79','4944');
INSERT INTO pessoa (id_pessoa, tipo_documento,documento,nome,data_nascimento,nome_pais_origem) VALUES ('4945','PASS','000164571','Deculus','19871122','Denmark');
INSERT INTO emprega_gravacao (id_gravacao, id_pessoa) VALUES ('79','4945');
INSERT INTO pessoa (id_pessoa, tipo_documento,documento,nome,data_nascimento,nome_pais_origem) VALUES ('4946','PASS','000753781','Buris','19851226','Belarus');
INSERT INTO emprega_gravacao (id_gravacao, id_pessoa) VALUES ('79','4946');
INSERT INTO pessoa (id_pessoa, tipo_documento,documento,nome,data_nascimento,nome_pais_origem) VALUES ('4947','PASS','000747001','Growney','19860303','Chad');
INSERT INTO emprega_gravacao (id_gravacao, id_pessoa) VALUES ('79','4947');
INSERT INTO pessoa (id_pessoa, tipo_documento,documento,nome,data_nascimento,nome_pais_origem) VALUES ('4948','PASS','000358429','Galofaro','19700107','Azerbaijan');
INSERT INTO emprega_gravacao (id_gravacao, id_pessoa) VALUES ('79','4948');
INSERT INTO pessoa (id_pessoa, tipo_documento,documento,nome,data_nascimento,nome_pais_origem) VALUES ('4949','PASS','000259511','Famiglietti','19720804','Morocco');
INSERT INTO emprega_gravacao (id_gravacao, id_pessoa) VALUES ('79','4949');
INSERT INTO equipe_de_gravacao (id_gravacao,nome_empresa) VALUES ('80','GGYPBVY');
INSERT INTO pessoa (id_pessoa, tipo_documento,documento,nome,data_nascimento,nome_pais_origem) VALUES ('4950','PASS','000778321','Givan','19800616','Barbados');
INSERT INTO emprega_gravacao (id_gravacao, id_pessoa) VALUES ('80','4950');
INSERT INTO equipe_de_gravacao (id_gravacao,nome_empresa) VALUES ('81','YRRYVLA');
INSERT INTO pessoa (id_pessoa, tipo_documento,documento,nome,data_nascimento,nome_pais_origem) VALUES ('4951','PASS','000359362','Clevette','19831007','New');
INSERT INTO emprega_gravacao (id_gravacao, id_pessoa) VALUES ('81','4951');
INSERT INTO pessoa (id_pessoa, tipo_documento,documento,nome,data_nascimento,nome_pais_origem) VALUES ('4952','PASS','000885879','Flueck','19880611','Uruguay');
INSERT INTO emprega_gravacao (id_gravacao, id_pessoa) VALUES ('81','4952');
INSERT INTO pessoa (id_pessoa, tipo_documento,documento,nome,data_nascimento,nome_pais_origem) VALUES ('4953','PASS','000318976','Dullen','19830725','Poland');
INSERT INTO emprega_gravacao (id_gravacao, id_pessoa) VALUES ('81','4953');
INSERT INTO pessoa (id_pessoa, tipo_documento,documento,nome,data_nascimento,nome_pais_origem) VALUES ('4954','PASS','000592091','Axthelm','19860303','Algeria');
INSERT INTO emprega_gravacao (id_gravacao, id_pessoa) VALUES ('81','4954');
INSERT INTO pessoa (id_pessoa, tipo_documento,documento,nome,data_nascimento,nome_pais_origem) VALUES ('4955','PASS','000358337','Gomez','19710919','Netherlands');
INSERT INTO emprega_gravacao (id_gravacao, id_pessoa) VALUES ('81','4955');
INSERT INTO pessoa (id_pessoa, tipo_documento,documento,nome,data_nascimento,nome_pais_origem) VALUES ('4956','PASS','000490017','Dibari','19821117','Singapore');
INSERT INTO emprega_gravacao (id_gravacao, id_pessoa) VALUES ('81','4956');
INSERT INTO pessoa (id_pessoa, tipo_documento,documento,nome,data_nascimento,nome_pais_origem) VALUES ('4957','PASS','000611788','Cherney','19831211','Vietnam');
INSERT INTO emprega_gravacao (id_gravacao, id_pessoa) VALUES ('81','4957');
INSERT INTO pessoa (id_pessoa, tipo_documento,documento,nome,data_nascimento,nome_pais_origem) VALUES ('4958','PASS','000182925','Barsotti','19761021','Brazil');
INSERT INTO emprega_gravacao (id_gravacao, id_pessoa) VALUES ('81','4958');
INSERT INTO pessoa (id_pessoa, tipo_documento,documento,nome,data_nascimento,nome_pais_origem) VALUES ('4959','PASS','000319072','Forsee','19780421','Iran');
INSERT INTO emprega_gravacao (id_gravacao, id_pessoa) VALUES ('81','4959');
INSERT INTO pessoa (id_pessoa, tipo_documento,documento,nome,data_nascimento,nome_pais_origem) VALUES ('4960','PASS','000764440','Chaires','19781018','India');
INSERT INTO emprega_gravacao (id_gravacao, id_pessoa) VALUES ('81','4960');
INSERT INTO pessoa (id_pessoa, tipo_documento,documento,nome,data_nascimento,nome_pais_origem) VALUES ('4961','PASS','000561310','Grandin','19780319','Austria');
INSERT INTO emprega_gravacao (id_gravacao, id_pessoa) VALUES ('81','4961');
INSERT INTO pessoa (id_pessoa, tipo_documento,documento,nome,data_nascimento,nome_pais_origem) VALUES ('4962','PASS','000690421','Bhat','19800517','Serbia');
INSERT INTO emprega_gravacao (id_gravacao, id_pessoa) VALUES ('81','4962');
INSERT INTO pessoa (id_pessoa, tipo_documento,documento,nome,data_nascimento,nome_pais_origem) VALUES ('4963','PASS','000233557','Grotzinger','19770503','Estonia');
INSERT INTO emprega_gravacao (id_gravacao, id_pessoa) VALUES ('81','4963');
INSERT INTO pessoa (id_pessoa, tipo_documento,documento,nome,data_nascimento,nome_pais_origem) VALUES ('4964','PASS','000519047','Autaubo','19770521','Indonesia');
INSERT INTO emprega_gravacao (id_gravacao, id_pessoa) VALUES ('81','4964');
INSERT INTO pessoa (id_pessoa, tipo_documento,documento,nome,data_nascimento,nome_pais_origem) VALUES ('4965','PASS','000287192','Grivna','19720215','Mexico');
INSERT INTO emprega_gravacao (id_gravacao, id_pessoa) VALUES ('81','4965');
INSERT INTO pessoa (id_pessoa, tipo_documento,documento,nome,data_nascimento,nome_pais_origem) VALUES ('4966','PASS','000636631','Gambone','19891220','Estonia');
INSERT INTO emprega_gravacao (id_gravacao, id_pessoa) VALUES ('81','4966');
INSERT INTO pessoa (id_pessoa, tipo_documento,documento,nome,data_nascimento,nome_pais_origem) VALUES ('4967','PASS','000864605','Corsino','19750516','Argentina');
INSERT INTO emprega_gravacao (id_gravacao, id_pessoa) VALUES ('81','4967');
INSERT INTO pessoa (id_pessoa, tipo_documento,documento,nome,data_nascimento,nome_pais_origem) VALUES ('4968','PASS','000587210','Cordts','19810209','Saudi');
INSERT INTO emprega_gravacao (id_gravacao, id_pessoa) VALUES ('81','4968');
INSERT INTO pessoa (id_pessoa, tipo_documento,documento,nome,data_nascimento,nome_pais_origem) VALUES ('4969','PASS','000506741','Chowhan','19810310','Angola');
INSERT INTO emprega_gravacao (id_gravacao, id_pessoa) VALUES ('81','4969');
INSERT INTO pessoa (id_pessoa, tipo_documento,documento,nome,data_nascimento,nome_pais_origem) VALUES ('4970','PASS','000275482','Barefield','19790704','Barbados');
INSERT INTO emprega_gravacao (id_gravacao, id_pessoa) VALUES ('81','4970');
INSERT INTO pessoa (id_pessoa, tipo_documento,documento,nome,data_nascimento,nome_pais_origem) VALUES ('4971','PASS','000514048','Cheri','19770609','Rica');
INSERT INTO emprega_gravacao (id_gravacao, id_pessoa) VALUES ('81','4971');
INSERT INTO pessoa (id_pessoa, tipo_documento,documento,nome,data_nascimento,nome_pais_origem) VALUES ('4972','PASS','000580521','Abdella','19831023','Ukraine');
INSERT INTO emprega_gravacao (id_gravacao, id_pessoa) VALUES ('81','4972');
INSERT INTO pessoa (id_pessoa, tipo_documento,documento,nome,data_nascimento,nome_pais_origem) VALUES ('4973','PASS','000475812','Atcitty','19850101','Serbia');
INSERT INTO emprega_gravacao (id_gravacao, id_pessoa) VALUES ('81','4973');
INSERT INTO pessoa (id_pessoa, tipo_documento,documento,nome,data_nascimento,nome_pais_origem) VALUES ('4974','PASS','000264785','Brandenberger','19700825','Spain');
INSERT INTO emprega_gravacao (id_gravacao, id_pessoa) VALUES ('81','4974');
INSERT INTO pessoa (id_pessoa, tipo_documento,documento,nome,data_nascimento,nome_pais_origem) VALUES ('4975','PASS','000897956','Eubank','19801008','Norway');
INSERT INTO emprega_gravacao (id_gravacao, id_pessoa) VALUES ('81','4975');
INSERT INTO pessoa (id_pessoa, tipo_documento,documento,nome,data_nascimento,nome_pais_origem) VALUES ('4976','PASS','000525364','Gantzler','19820817','Colombia');
INSERT INTO emprega_gravacao (id_gravacao, id_pessoa) VALUES ('81','4976');
INSERT INTO pessoa (id_pessoa, tipo_documento,documento,nome,data_nascimento,nome_pais_origem) VALUES ('4977','PASS','000988341','Buel','19711120','Norway');
INSERT INTO emprega_gravacao (id_gravacao, id_pessoa) VALUES ('81','4977');
INSERT INTO pessoa (id_pessoa, tipo_documento,documento,nome,data_nascimento,nome_pais_origem) VALUES ('4978','PASS','000167131','Cables','19801120','Portugal');
INSERT INTO emprega_gravacao (id_gravacao, id_pessoa) VALUES ('81','4978');
INSERT INTO pessoa (id_pessoa, tipo_documento,documento,nome,data_nascimento,nome_pais_origem) VALUES ('4979','PASS','000611795','Akers','19891112','Liechtenstein');
INSERT INTO emprega_gravacao (id_gravacao, id_pessoa) VALUES ('81','4979');
INSERT INTO equipe_de_gravacao (id_gravacao,nome_empresa) VALUES ('82','FJHPDZK');
INSERT INTO pessoa (id_pessoa, tipo_documento,documento,nome,data_nascimento,nome_pais_origem) VALUES ('4980','PASS','000678922','Deandre','19700512','Egypt');
INSERT INTO emprega_gravacao (id_gravacao, id_pessoa) VALUES ('82','4980');
INSERT INTO pessoa (id_pessoa, tipo_documento,documento,nome,data_nascimento,nome_pais_origem) VALUES ('4981','PASS','000679744','Geringer','19790517','Iran');
INSERT INTO emprega_gravacao (id_gravacao, id_pessoa) VALUES ('82','4981');
INSERT INTO pessoa (id_pessoa, tipo_documento,documento,nome,data_nascimento,nome_pais_origem) VALUES ('4982','PASS','000297676','Echevarria','19720821','Bahrain');
INSERT INTO emprega_gravacao (id_gravacao, id_pessoa) VALUES ('82','4982');
INSERT INTO pessoa (id_pessoa, tipo_documento,documento,nome,data_nascimento,nome_pais_origem) VALUES ('4983','PASS','000917517','Flegle','19710315','Uruguay');
INSERT INTO emprega_gravacao (id_gravacao, id_pessoa) VALUES ('82','4983');
INSERT INTO equipe_de_gravacao (id_gravacao,nome_empresa) VALUES ('83','GCVTDHA');
INSERT INTO pessoa (id_pessoa, tipo_documento,documento,nome,data_nascimento,nome_pais_origem) VALUES ('4984','PASS','000322089','Grayes','19830426','Philippines');
INSERT INTO emprega_gravacao (id_gravacao, id_pessoa) VALUES ('83','4984');
INSERT INTO pessoa (id_pessoa, tipo_documento,documento,nome,data_nascimento,nome_pais_origem) VALUES ('4985','PASS','000132423','Castin','19750323','Romania');
INSERT INTO emprega_gravacao (id_gravacao, id_pessoa) VALUES ('83','4985');
INSERT INTO equipe_de_gravacao (id_gravacao,nome_empresa) VALUES ('84','DXZVZFA');
INSERT INTO pessoa (id_pessoa, tipo_documento,documento,nome,data_nascimento,nome_pais_origem) VALUES ('4986','PASS','000265666','Basilio','19860107','Australia');
INSERT INTO emprega_gravacao (id_gravacao, id_pessoa) VALUES ('84','4986');
INSERT INTO pessoa (id_pessoa, tipo_documento,documento,nome,data_nascimento,nome_pais_origem) VALUES ('4987','PASS','000522629','Aeschlimann','19720311','Morocco');
INSERT INTO emprega_gravacao (id_gravacao, id_pessoa) VALUES ('84','4987');
INSERT INTO pessoa (id_pessoa, tipo_documento,documento,nome,data_nascimento,nome_pais_origem) VALUES ('4988','PASS','000619406','Baysden','19761025','Nicaragua');
INSERT INTO emprega_gravacao (id_gravacao, id_pessoa) VALUES ('84','4988');
INSERT INTO pessoa (id_pessoa, tipo_documento,documento,nome,data_nascimento,nome_pais_origem) VALUES ('4989','PASS','000985738','Aldrich','19870810','France');
INSERT INTO emprega_gravacao (id_gravacao, id_pessoa) VALUES ('84','4989');
INSERT INTO pessoa (id_pessoa, tipo_documento,documento,nome,data_nascimento,nome_pais_origem) VALUES ('4990','PASS','000688278','Funn','19810105','Argentina');
INSERT INTO emprega_gravacao (id_gravacao, id_pessoa) VALUES ('84','4990');
INSERT INTO pessoa (id_pessoa, tipo_documento,documento,nome,data_nascimento,nome_pais_origem) VALUES ('4991','PASS','000876875','Grunert','19870902','Finland');
INSERT INTO emprega_gravacao (id_gravacao, id_pessoa) VALUES ('84','4991');
INSERT INTO pessoa (id_pessoa, tipo_documento,documento,nome,data_nascimento,nome_pais_origem) VALUES ('4992','PASS','000903937','Aulbach','19780315','Vietnam');
INSERT INTO emprega_gravacao (id_gravacao, id_pessoa) VALUES ('84','4992');
INSERT INTO pessoa (id_pessoa, tipo_documento,documento,nome,data_nascimento,nome_pais_origem) VALUES ('4993','PASS','000736005','Capper','19860501','India');
INSERT INTO emprega_gravacao (id_gravacao, id_pessoa) VALUES ('84','4993');
INSERT INTO pessoa (id_pessoa, tipo_documento,documento,nome,data_nascimento,nome_pais_origem) VALUES ('4994','PASS','000707198','Casillo','19741113','Saudi');
INSERT INTO emprega_gravacao (id_gravacao, id_pessoa) VALUES ('84','4994');
INSERT INTO pessoa (id_pessoa, tipo_documento,documento,nome,data_nascimento,nome_pais_origem) VALUES ('4995','PASS','000601219','Grunwald','19700401','Switzerland');
INSERT INTO emprega_gravacao (id_gravacao, id_pessoa) VALUES ('84','4995');
INSERT INTO pessoa (id_pessoa, tipo_documento,documento,nome,data_nascimento,nome_pais_origem) VALUES ('4996','PASS','000910922','Aldous','19740726','Angola');
INSERT INTO emprega_gravacao (id_gravacao, id_pessoa) VALUES ('84','4996');
INSERT INTO pessoa (id_pessoa, tipo_documento,documento,nome,data_nascimento,nome_pais_origem) VALUES ('4997','PASS','000280886','Caver','19710810','Austria');
INSERT INTO emprega_gravacao (id_gravacao, id_pessoa) VALUES ('84','4997');
INSERT INTO pessoa (id_pessoa, tipo_documento,documento,nome,data_nascimento,nome_pais_origem) VALUES ('4998','PASS','000975215','Bednarski','19720714','Morocco');
INSERT INTO emprega_gravacao (id_gravacao, id_pessoa) VALUES ('84','4998');
INSERT INTO pessoa (id_pessoa, tipo_documento,documento,nome,data_nascimento,nome_pais_origem) VALUES ('4999','PASS','000883352','Fussner','19881224','Belarus');
INSERT INTO emprega_gravacao (id_gravacao, id_pessoa) VALUES ('84','4999');
INSERT INTO pessoa (id_pessoa, tipo_documento,documento,nome,data_nascimento,nome_pais_origem) VALUES ('5000','PASS','000187411','Ardis','19780523','Armenia');
INSERT INTO emprega_gravacao (id_gravacao, id_pessoa) VALUES ('84','5000');
INSERT INTO pessoa (id_pessoa, tipo_documento,documento,nome,data_nascimento,nome_pais_origem) VALUES ('5001','PASS','000143219','Esser','19741110','Cuba');
INSERT INTO emprega_gravacao (id_gravacao, id_pessoa) VALUES ('84','5001');
INSERT INTO pessoa (id_pessoa, tipo_documento,documento,nome,data_nascimento,nome_pais_origem) VALUES ('5002','PASS','000345336','Gaydos','19881220','Morocco');
INSERT INTO emprega_gravacao (id_gravacao, id_pessoa) VALUES ('84','5002');
INSERT INTO pessoa (id_pessoa, tipo_documento,documento,nome,data_nascimento,nome_pais_origem) VALUES ('5003','PASS','000679148','Goodly','19770421','Zealand');
INSERT INTO emprega_gravacao (id_gravacao, id_pessoa) VALUES ('84','5003');
INSERT INTO pessoa (id_pessoa, tipo_documento,documento,nome,data_nascimento,nome_pais_origem) VALUES ('5004','PASS','000659360','Barbati','19740310','Mexico');
INSERT INTO emprega_gravacao (id_gravacao, id_pessoa) VALUES ('84','5004');
INSERT INTO pessoa (id_pessoa, tipo_documento,documento,nome,data_nascimento,nome_pais_origem) VALUES ('5005','PASS','000742280','Dorl','19860117','Norway');
INSERT INTO emprega_gravacao (id_gravacao, id_pessoa) VALUES ('84','5005');
INSERT INTO pessoa (id_pessoa, tipo_documento,documento,nome,data_nascimento,nome_pais_origem) VALUES ('5006','PASS','000753492','Alman','19710625','New');
INSERT INTO emprega_gravacao (id_gravacao, id_pessoa) VALUES ('84','5006');
INSERT INTO pessoa (id_pessoa, tipo_documento,documento,nome,data_nascimento,nome_pais_origem) VALUES ('5007','PASS','000608147','Arenales','19770119','Rica');
INSERT INTO emprega_gravacao (id_gravacao, id_pessoa) VALUES ('84','5007');
INSERT INTO pessoa (id_pessoa, tipo_documento,documento,nome,data_nascimento,nome_pais_origem) VALUES ('5008','PASS','000465762','Arendall','19870709','Greece');
INSERT INTO emprega_gravacao (id_gravacao, id_pessoa) VALUES ('84','5008');
INSERT INTO pessoa (id_pessoa, tipo_documento,documento,nome,data_nascimento,nome_pais_origem) VALUES ('5009','PASS','000622007','Doussan','19710218','Spain');
INSERT INTO emprega_gravacao (id_gravacao, id_pessoa) VALUES ('84','5009');
INSERT INTO pessoa (id_pessoa, tipo_documento,documento,nome,data_nascimento,nome_pais_origem) VALUES ('5010','PASS','000155973','Craighead','19731013','Mexico');
INSERT INTO emprega_gravacao (id_gravacao, id_pessoa) VALUES ('84','5010');
INSERT INTO pessoa (id_pessoa, tipo_documento,documento,nome,data_nascimento,nome_pais_origem) VALUES ('5011','PASS','000759516','Duross','19891118','Mexico');
INSERT INTO emprega_gravacao (id_gravacao, id_pessoa) VALUES ('84','5011');
INSERT INTO pessoa (id_pessoa, tipo_documento,documento,nome,data_nascimento,nome_pais_origem) VALUES ('5012','PASS','000910226','Biby','19881212','Iran');
INSERT INTO emprega_gravacao (id_gravacao, id_pessoa) VALUES ('84','5012');
INSERT INTO pessoa (id_pessoa, tipo_documento,documento,nome,data_nascimento,nome_pais_origem) VALUES ('5013','PASS','000726297','Billiott','19840422','Syria');
INSERT INTO emprega_gravacao (id_gravacao, id_pessoa) VALUES ('84','5013');
INSERT INTO equipe_de_gravacao (id_gravacao,nome_empresa) VALUES ('85','SLTIKVE');
INSERT INTO pessoa (id_pessoa, tipo_documento,documento,nome,data_nascimento,nome_pais_origem) VALUES ('5014','PASS','000131829','Felicetti','19720609','Senegal');
INSERT INTO emprega_gravacao (id_gravacao, id_pessoa) VALUES ('85','5014');
INSERT INTO pessoa (id_pessoa, tipo_documento,documento,nome,data_nascimento,nome_pais_origem) VALUES ('5015','PASS','000357841','Fenske','19850610','Nepal');
INSERT INTO emprega_gravacao (id_gravacao, id_pessoa) VALUES ('85','5015');
INSERT INTO pessoa (id_pessoa, tipo_documento,documento,nome,data_nascimento,nome_pais_origem) VALUES ('5016','PASS','000182261','Drescher','19821215','Poland');
INSERT INTO emprega_gravacao (id_gravacao, id_pessoa) VALUES ('85','5016');
INSERT INTO pessoa (id_pessoa, tipo_documento,documento,nome,data_nascimento,nome_pais_origem) VALUES ('5017','PASS','000860755','Butzke','19820318','Argentina');
INSERT INTO emprega_gravacao (id_gravacao, id_pessoa) VALUES ('85','5017');
INSERT INTO pessoa (id_pessoa, tipo_documento,documento,nome,data_nascimento,nome_pais_origem) VALUES ('5018','PASS','000984440','Byers','19820114','Azerbaijan');
INSERT INTO emprega_gravacao (id_gravacao, id_pessoa) VALUES ('85','5018');
INSERT INTO equipe_de_gravacao (id_gravacao,nome_empresa) VALUES ('86','DJQDOGB');
INSERT INTO pessoa (id_pessoa, tipo_documento,documento,nome,data_nascimento,nome_pais_origem) VALUES ('5019','PASS','000202495','Cantoran','19850206','Iraq');
INSERT INTO emprega_gravacao (id_gravacao, id_pessoa) VALUES ('86','5019');
INSERT INTO pessoa (id_pessoa, tipo_documento,documento,nome,data_nascimento,nome_pais_origem) VALUES ('5020','PASS','000749803','Filer','19820313','Rica');
INSERT INTO emprega_gravacao (id_gravacao, id_pessoa) VALUES ('86','5020');
INSERT INTO pessoa (id_pessoa, tipo_documento,documento,nome,data_nascimento,nome_pais_origem) VALUES ('5021','PASS','000862709','Bordelon','19750627','Belarus');
INSERT INTO emprega_gravacao (id_gravacao, id_pessoa) VALUES ('86','5021');
INSERT INTO pessoa (id_pessoa, tipo_documento,documento,nome,data_nascimento,nome_pais_origem) VALUES ('5022','PASS','000317432','Elshant','19881014','Rica');
INSERT INTO emprega_gravacao (id_gravacao, id_pessoa) VALUES ('86','5022');
INSERT INTO pessoa (id_pessoa, tipo_documento,documento,nome,data_nascimento,nome_pais_origem) VALUES ('5023','PASS','000715625','Deluney','19750903','Estonia');
INSERT INTO emprega_gravacao (id_gravacao, id_pessoa) VALUES ('86','5023');
INSERT INTO pessoa (id_pessoa, tipo_documento,documento,nome,data_nascimento,nome_pais_origem) VALUES ('5024','PASS','000938642','Baroody','19740503','Japan');
INSERT INTO emprega_gravacao (id_gravacao, id_pessoa) VALUES ('86','5024');
INSERT INTO pessoa (id_pessoa, tipo_documento,documento,nome,data_nascimento,nome_pais_origem) VALUES ('5025','PASS','000193492','Beranek','19780106','Azerbaijan');
INSERT INTO emprega_gravacao (id_gravacao, id_pessoa) VALUES ('86','5025');
INSERT INTO pessoa (id_pessoa, tipo_documento,documento,nome,data_nascimento,nome_pais_origem) VALUES ('5026','PASS','000253379','Gisele','19760320','Barbados');
INSERT INTO emprega_gravacao (id_gravacao, id_pessoa) VALUES ('86','5026');
INSERT INTO pessoa (id_pessoa, tipo_documento,documento,nome,data_nascimento,nome_pais_origem) VALUES ('5027','PASS','000368706','Ediger','19820417','Morocco');
INSERT INTO emprega_gravacao (id_gravacao, id_pessoa) VALUES ('86','5027');
INSERT INTO pessoa (id_pessoa, tipo_documento,documento,nome,data_nascimento,nome_pais_origem) VALUES ('5028','PASS','000551891','Brevard','19760423','Albania');
INSERT INTO emprega_gravacao (id_gravacao, id_pessoa) VALUES ('86','5028');
INSERT INTO pessoa (id_pessoa, tipo_documento,documento,nome,data_nascimento,nome_pais_origem) VALUES ('5029','PASS','000224536','Gooley','19811213','Arabia');
INSERT INTO emprega_gravacao (id_gravacao, id_pessoa) VALUES ('86','5029');
INSERT INTO pessoa (id_pessoa, tipo_documento,documento,nome,data_nascimento,nome_pais_origem) VALUES ('5030','PASS','000552489','Claborn','19781117','Armenia');
INSERT INTO emprega_gravacao (id_gravacao, id_pessoa) VALUES ('86','5030');
INSERT INTO equipe_de_gravacao (id_gravacao,nome_empresa) VALUES ('87','AQHWUUZ');
INSERT INTO pessoa (id_pessoa, tipo_documento,documento,nome,data_nascimento,nome_pais_origem) VALUES ('5031','PASS','000434343','Cantre','19770226','Peru');
INSERT INTO emprega_gravacao (id_gravacao, id_pessoa) VALUES ('87','5031');
INSERT INTO pessoa (id_pessoa, tipo_documento,documento,nome,data_nascimento,nome_pais_origem) VALUES ('5032','PASS','000542752','Fahning','19830419','Poland');
INSERT INTO emprega_gravacao (id_gravacao, id_pessoa) VALUES ('87','5032');
INSERT INTO pessoa (id_pessoa, tipo_documento,documento,nome,data_nascimento,nome_pais_origem) VALUES ('5033','PASS','000228687','Decena','19800214','Singapore');
INSERT INTO emprega_gravacao (id_gravacao, id_pessoa) VALUES ('87','5033');
INSERT INTO pessoa (id_pessoa, tipo_documento,documento,nome,data_nascimento,nome_pais_origem) VALUES ('5034','PASS','000672317','Bekhit','19720505','Australia');
INSERT INTO emprega_gravacao (id_gravacao, id_pessoa) VALUES ('87','5034');
INSERT INTO pessoa (id_pessoa, tipo_documento,documento,nome,data_nascimento,nome_pais_origem) VALUES ('5035','PASS','000484182','Degrood','19840201','Mozambique');
INSERT INTO emprega_gravacao (id_gravacao, id_pessoa) VALUES ('87','5035');
INSERT INTO pessoa (id_pessoa, tipo_documento,documento,nome,data_nascimento,nome_pais_origem) VALUES ('5036','PASS','000143915','Chhom','19710813','Belgium');
INSERT INTO emprega_gravacao (id_gravacao, id_pessoa) VALUES ('87','5036');
INSERT INTO pessoa (id_pessoa, tipo_documento,documento,nome,data_nascimento,nome_pais_origem) VALUES ('5037','PASS','000713303','Faragoza','19771011','Saudi');
INSERT INTO emprega_gravacao (id_gravacao, id_pessoa) VALUES ('87','5037');
INSERT INTO pessoa (id_pessoa, tipo_documento,documento,nome,data_nascimento,nome_pais_origem) VALUES ('5038','PASS','000179756','Brittni','19750401','Lithuania');
INSERT INTO emprega_gravacao (id_gravacao, id_pessoa) VALUES ('87','5038');
INSERT INTO equipe_de_gravacao (id_gravacao,nome_empresa) VALUES ('88','WYBQVSY');
INSERT INTO pessoa (id_pessoa, tipo_documento,documento,nome,data_nascimento,nome_pais_origem) VALUES ('5039','PASS','000573705','Dencklau','19881009','Estonia');
INSERT INTO emprega_gravacao (id_gravacao, id_pessoa) VALUES ('88','5039');
INSERT INTO pessoa (id_pessoa, tipo_documento,documento,nome,data_nascimento,nome_pais_origem) VALUES ('5040','PASS','000666346','Broadus','19881222','Vietnam');
INSERT INTO emprega_gravacao (id_gravacao, id_pessoa) VALUES ('88','5040');
INSERT INTO pessoa (id_pessoa, tipo_documento,documento,nome,data_nascimento,nome_pais_origem) VALUES ('5041','PASS','000703433','Gatski','19840808','Argentina');
INSERT INTO emprega_gravacao (id_gravacao, id_pessoa) VALUES ('88','5041');
INSERT INTO pessoa (id_pessoa, tipo_documento,documento,nome,data_nascimento,nome_pais_origem) VALUES ('5042','PASS','000280528','Araque','19851203','Sweden');
INSERT INTO emprega_gravacao (id_gravacao, id_pessoa) VALUES ('88','5042');
INSERT INTO pessoa (id_pessoa, tipo_documento,documento,nome,data_nascimento,nome_pais_origem) VALUES ('5043','PASS','000340836','Borok','19730919','Denmark');
INSERT INTO emprega_gravacao (id_gravacao, id_pessoa) VALUES ('88','5043');
INSERT INTO pessoa (id_pessoa, tipo_documento,documento,nome,data_nascimento,nome_pais_origem) VALUES ('5044','PASS','000697032','Ahlin','19830716','Barbados');
INSERT INTO emprega_gravacao (id_gravacao, id_pessoa) VALUES ('88','5044');
INSERT INTO pessoa (id_pessoa, tipo_documento,documento,nome,data_nascimento,nome_pais_origem) VALUES ('5045','PASS','000443234','Carron','19870604','Bahrain');
INSERT INTO emprega_gravacao (id_gravacao, id_pessoa) VALUES ('88','5045');
INSERT INTO pessoa (id_pessoa, tipo_documento,documento,nome,data_nascimento,nome_pais_origem) VALUES ('5046','PASS','000313273','Areizaga','19800511','Austria');
INSERT INTO emprega_gravacao (id_gravacao, id_pessoa) VALUES ('88','5046');
INSERT INTO pessoa (id_pessoa, tipo_documento,documento,nome,data_nascimento,nome_pais_origem) VALUES ('5047','PASS','000318712','Carrales','19810224','Chile');
INSERT INTO emprega_gravacao (id_gravacao, id_pessoa) VALUES ('88','5047');
INSERT INTO pessoa (id_pessoa, tipo_documento,documento,nome,data_nascimento,nome_pais_origem) VALUES ('5048','PASS','000330048','Caughell','19861213','Serbia');
INSERT INTO emprega_gravacao (id_gravacao, id_pessoa) VALUES ('88','5048');
INSERT INTO pessoa (id_pessoa, tipo_documento,documento,nome,data_nascimento,nome_pais_origem) VALUES ('5049','PASS','000426634','Calliham','19851122','Bahamas');
INSERT INTO emprega_gravacao (id_gravacao, id_pessoa) VALUES ('88','5049');
INSERT INTO pessoa (id_pessoa, tipo_documento,documento,nome,data_nascimento,nome_pais_origem) VALUES ('5050','PASS','000551272','Brouhard','19700509','France');
INSERT INTO emprega_gravacao (id_gravacao, id_pessoa) VALUES ('88','5050');
INSERT INTO pessoa (id_pessoa, tipo_documento,documento,nome,data_nascimento,nome_pais_origem) VALUES ('5051','PASS','000991408','Carley','19780725','Vietnam');
INSERT INTO emprega_gravacao (id_gravacao, id_pessoa) VALUES ('88','5051');
INSERT INTO pessoa (id_pessoa, tipo_documento,documento,nome,data_nascimento,nome_pais_origem) VALUES ('5052','PASS','000611609','Eichorst','19700327','Chile');
INSERT INTO emprega_gravacao (id_gravacao, id_pessoa) VALUES ('88','5052');
INSERT INTO pessoa (id_pessoa, tipo_documento,documento,nome,data_nascimento,nome_pais_origem) VALUES ('5053','PASS','000695201','Filteau','19720226','Iran');
INSERT INTO emprega_gravacao (id_gravacao, id_pessoa) VALUES ('88','5053');
INSERT INTO pessoa (id_pessoa, tipo_documento,documento,nome,data_nascimento,nome_pais_origem) VALUES ('5054','PASS','000699777','Fistler','19750522','Liechtenstein');
INSERT INTO emprega_gravacao (id_gravacao, id_pessoa) VALUES ('88','5054');
INSERT INTO pessoa (id_pessoa, tipo_documento,documento,nome,data_nascimento,nome_pais_origem) VALUES ('5055','PASS','000308029','Bieniek','19820202','Belgium');
INSERT INTO emprega_gravacao (id_gravacao, id_pessoa) VALUES ('88','5055');
INSERT INTO pessoa (id_pessoa, tipo_documento,documento,nome,data_nascimento,nome_pais_origem) VALUES ('5056','PASS','000575456','Diestler','19760926','Germany');
INSERT INTO emprega_gravacao (id_gravacao, id_pessoa) VALUES ('88','5056');
INSERT INTO pessoa (id_pessoa, tipo_documento,documento,nome,data_nascimento,nome_pais_origem) VALUES ('5057','PASS','000328667','Balton','19750206','Syria');
INSERT INTO emprega_gravacao (id_gravacao, id_pessoa) VALUES ('88','5057');
INSERT INTO pessoa (id_pessoa, tipo_documento,documento,nome,data_nascimento,nome_pais_origem) VALUES ('5058','PASS','000854286','Ellenbee','19860224','Greece');
INSERT INTO emprega_gravacao (id_gravacao, id_pessoa) VALUES ('88','5058');
INSERT INTO equipe_de_gravacao (id_gravacao,nome_empresa) VALUES ('89','XOVIIJP');
INSERT INTO pessoa (id_pessoa, tipo_documento,documento,nome,data_nascimento,nome_pais_origem) VALUES ('5059','PASS','000338523','Bintner','19740512','Thailand');
INSERT INTO emprega_gravacao (id_gravacao, id_pessoa) VALUES ('89','5059');
INSERT INTO pessoa (id_pessoa, tipo_documento,documento,nome,data_nascimento,nome_pais_origem) VALUES ('5060','PASS','000188295','Ahrent','19750623','Denmark');
INSERT INTO emprega_gravacao (id_gravacao, id_pessoa) VALUES ('89','5060');
INSERT INTO pessoa (id_pessoa, tipo_documento,documento,nome,data_nascimento,nome_pais_origem) VALUES ('5061','PASS','000788306','Calixtro','19840126','Costa');
INSERT INTO emprega_gravacao (id_gravacao, id_pessoa) VALUES ('89','5061');
INSERT INTO pessoa (id_pessoa, tipo_documento,documento,nome,data_nascimento,nome_pais_origem) VALUES ('5062','PASS','000121110','Bozovich','19810526','Austria');
INSERT INTO emprega_gravacao (id_gravacao, id_pessoa) VALUES ('89','5062');
INSERT INTO pessoa (id_pessoa, tipo_documento,documento,nome,data_nascimento,nome_pais_origem) VALUES ('5063','PASS','000892134','Contreros','19740923','Liechtenstein');
INSERT INTO emprega_gravacao (id_gravacao, id_pessoa) VALUES ('89','5063');
INSERT INTO pessoa (id_pessoa, tipo_documento,documento,nome,data_nascimento,nome_pais_origem) VALUES ('5064','PASS','000942729','Bushard','19741011','Cuba');
INSERT INTO emprega_gravacao (id_gravacao, id_pessoa) VALUES ('89','5064');
INSERT INTO pessoa (id_pessoa, tipo_documento,documento,nome,data_nascimento,nome_pais_origem) VALUES ('5065','PASS','000621006','Barreca','19760501','Argentina');
INSERT INTO emprega_gravacao (id_gravacao, id_pessoa) VALUES ('89','5065');
INSERT INTO pessoa (id_pessoa, tipo_documento,documento,nome,data_nascimento,nome_pais_origem) VALUES ('5066','PASS','000946194','Bratz','19780224','Thailand');
INSERT INTO emprega_gravacao (id_gravacao, id_pessoa) VALUES ('89','5066');
INSERT INTO pessoa (id_pessoa, tipo_documento,documento,nome,data_nascimento,nome_pais_origem) VALUES ('5067','PASS','000256023','Analisa','19760519','New');
INSERT INTO emprega_gravacao (id_gravacao, id_pessoa) VALUES ('89','5067');
INSERT INTO pessoa (id_pessoa, tipo_documento,documento,nome,data_nascimento,nome_pais_origem) VALUES ('5068','PASS','000815205','Cornwall','19831124','Singapore');
INSERT INTO emprega_gravacao (id_gravacao, id_pessoa) VALUES ('89','5068');
INSERT INTO pessoa (id_pessoa, tipo_documento,documento,nome,data_nascimento,nome_pais_origem) VALUES ('5069','PASS','000490803','Falso','19840516','Bangladesh');
INSERT INTO emprega_gravacao (id_gravacao, id_pessoa) VALUES ('89','5069');
INSERT INTO pessoa (id_pessoa, tipo_documento,documento,nome,data_nascimento,nome_pais_origem) VALUES ('5070','PASS','000518618','Brownlow','19810307','Egypt');
INSERT INTO emprega_gravacao (id_gravacao, id_pessoa) VALUES ('89','5070');
INSERT INTO pessoa (id_pessoa, tipo_documento,documento,nome,data_nascimento,nome_pais_origem) VALUES ('5071','PASS','000822702','Ballew','19821019','Ukraine');
INSERT INTO emprega_gravacao (id_gravacao, id_pessoa) VALUES ('89','5071');
INSERT INTO pessoa (id_pessoa, tipo_documento,documento,nome,data_nascimento,nome_pais_origem) VALUES ('5072','PASS','000533437','Erixon','19770711','Nepal');
INSERT INTO emprega_gravacao (id_gravacao, id_pessoa) VALUES ('89','5072');
INSERT INTO pessoa (id_pessoa, tipo_documento,documento,nome,data_nascimento,nome_pais_origem) VALUES ('5073','PASS','000902463','Antigua','19870707','Belgium');
INSERT INTO emprega_gravacao (id_gravacao, id_pessoa) VALUES ('89','5073');
INSERT INTO pessoa (id_pessoa, tipo_documento,documento,nome,data_nascimento,nome_pais_origem) VALUES ('5074','PASS','000785712','Gastelun','19790923','Switzerland');
INSERT INTO emprega_gravacao (id_gravacao, id_pessoa) VALUES ('89','5074');
INSERT INTO pessoa (id_pessoa, tipo_documento,documento,nome,data_nascimento,nome_pais_origem) VALUES ('5075','PASS','000523297','Dutro','19821214','Spain');
INSERT INTO emprega_gravacao (id_gravacao, id_pessoa) VALUES ('89','5075');
INSERT INTO pessoa (id_pessoa, tipo_documento,documento,nome,data_nascimento,nome_pais_origem) VALUES ('5076','PASS','000440772','Antoniewicz','19780907','Algeria');
INSERT INTO emprega_gravacao (id_gravacao, id_pessoa) VALUES ('89','5076');
INSERT INTO pessoa (id_pessoa, tipo_documento,documento,nome,data_nascimento,nome_pais_origem) VALUES ('5077','PASS','000210167','Aughe','19711014','Algeria');
INSERT INTO emprega_gravacao (id_gravacao, id_pessoa) VALUES ('89','5077');
INSERT INTO pessoa (id_pessoa, tipo_documento,documento,nome,data_nascimento,nome_pais_origem) VALUES ('5078','PASS','000752481','Cibula','19740903','Spain');
INSERT INTO emprega_gravacao (id_gravacao, id_pessoa) VALUES ('89','5078');
INSERT INTO equipe_de_gravacao (id_gravacao,nome_empresa) VALUES ('90','PIJDOCD');
INSERT INTO pessoa (id_pessoa, tipo_documento,documento,nome,data_nascimento,nome_pais_origem) VALUES ('5079','PASS','000447563','Bizzard','19801220','Egypt');
INSERT INTO emprega_gravacao (id_gravacao, id_pessoa) VALUES ('90','5079');
INSERT INTO pessoa (id_pessoa, tipo_documento,documento,nome,data_nascimento,nome_pais_origem) VALUES ('5080','PASS','000574108','Bellen','19760217','Monaco');
INSERT INTO emprega_gravacao (id_gravacao, id_pessoa) VALUES ('90','5080');
INSERT INTO pessoa (id_pessoa, tipo_documento,documento,nome,data_nascimento,nome_pais_origem) VALUES ('5081','PASS','000700281','Fargnoli','19770812','Nicaragua');
INSERT INTO emprega_gravacao (id_gravacao, id_pessoa) VALUES ('90','5081');
INSERT INTO pessoa (id_pessoa, tipo_documento,documento,nome,data_nascimento,nome_pais_origem) VALUES ('5082','PASS','000855514','Gilpatric','19890415','Nicaragua');
INSERT INTO emprega_gravacao (id_gravacao, id_pessoa) VALUES ('90','5082');
INSERT INTO pessoa (id_pessoa, tipo_documento,documento,nome,data_nascimento,nome_pais_origem) VALUES ('5083','PASS','000861657','Deis','19811221','China');
INSERT INTO emprega_gravacao (id_gravacao, id_pessoa) VALUES ('90','5083');
INSERT INTO pessoa (id_pessoa, tipo_documento,documento,nome,data_nascimento,nome_pais_origem) VALUES ('5084','PASS','000474503','Dedios','19720601','Romania');
INSERT INTO emprega_gravacao (id_gravacao, id_pessoa) VALUES ('90','5084');
INSERT INTO pessoa (id_pessoa, tipo_documento,documento,nome,data_nascimento,nome_pais_origem) VALUES ('5085','PASS','000558391','Blaszak','19710904','Arabia');
INSERT INTO emprega_gravacao (id_gravacao, id_pessoa) VALUES ('90','5085');
INSERT INTO pessoa (id_pessoa, tipo_documento,documento,nome,data_nascimento,nome_pais_origem) VALUES ('5086','PASS','000770326','Buckel','19771110','Peru');
INSERT INTO emprega_gravacao (id_gravacao, id_pessoa) VALUES ('90','5086');
INSERT INTO pessoa (id_pessoa, tipo_documento,documento,nome,data_nascimento,nome_pais_origem) VALUES ('5087','PASS','000640280','Cohenour','19850607','Iraq');
INSERT INTO emprega_gravacao (id_gravacao, id_pessoa) VALUES ('90','5087');
INSERT INTO pessoa (id_pessoa, tipo_documento,documento,nome,data_nascimento,nome_pais_origem) VALUES ('5088','PASS','000105572','Fredieu','19741017','Sweden');
INSERT INTO emprega_gravacao (id_gravacao, id_pessoa) VALUES ('90','5088');
INSERT INTO pessoa (id_pessoa, tipo_documento,documento,nome,data_nascimento,nome_pais_origem) VALUES ('5089','PASS','000926774','Babeu','19890809','Costa');
INSERT INTO emprega_gravacao (id_gravacao, id_pessoa) VALUES ('90','5089');
INSERT INTO pessoa (id_pessoa, tipo_documento,documento,nome,data_nascimento,nome_pais_origem) VALUES ('5090','PASS','000550561','Alvarengo','19701124','Denmark');
INSERT INTO emprega_gravacao (id_gravacao, id_pessoa) VALUES ('90','5090');
INSERT INTO pessoa (id_pessoa, tipo_documento,documento,nome,data_nascimento,nome_pais_origem) VALUES ('5091','PASS','000817714','Baudry','19720818','Zealand');
INSERT INTO emprega_gravacao (id_gravacao, id_pessoa) VALUES ('90','5091');
INSERT INTO equipe_de_gravacao (id_gravacao,nome_empresa) VALUES ('91','MMNOIUV');
INSERT INTO pessoa (id_pessoa, tipo_documento,documento,nome,data_nascimento,nome_pais_origem) VALUES ('5092','PASS','000245909','Filoteo','19721110','Georgia');
INSERT INTO emprega_gravacao (id_gravacao, id_pessoa) VALUES ('91','5092');
INSERT INTO pessoa (id_pessoa, tipo_documento,documento,nome,data_nascimento,nome_pais_origem) VALUES ('5093','PASS','000399685','Burnaman','19830117','Barbados');
INSERT INTO emprega_gravacao (id_gravacao, id_pessoa) VALUES ('91','5093');
INSERT INTO pessoa (id_pessoa, tipo_documento,documento,nome,data_nascimento,nome_pais_origem) VALUES ('5094','PASS','000496394','Curb','19820313','Georgia');
INSERT INTO emprega_gravacao (id_gravacao, id_pessoa) VALUES ('91','5094');
INSERT INTO pessoa (id_pessoa, tipo_documento,documento,nome,data_nascimento,nome_pais_origem) VALUES ('5095','PASS','000676183','Catarina','19851004','Liechtenstein');
INSERT INTO emprega_gravacao (id_gravacao, id_pessoa) VALUES ('91','5095');
INSERT INTO pessoa (id_pessoa, tipo_documento,documento,nome,data_nascimento,nome_pais_origem) VALUES ('5096','PASS','000632158','Christmann','19790508','Morocco');
INSERT INTO emprega_gravacao (id_gravacao, id_pessoa) VALUES ('91','5096');
INSERT INTO pessoa (id_pessoa, tipo_documento,documento,nome,data_nascimento,nome_pais_origem) VALUES ('5097','PASS','000649425','Daubs','19860411','Hungary');
INSERT INTO emprega_gravacao (id_gravacao, id_pessoa) VALUES ('91','5097');
INSERT INTO pessoa (id_pessoa, tipo_documento,documento,nome,data_nascimento,nome_pais_origem) VALUES ('5098','PASS','000783623','Bonte','19841018','Angola');
INSERT INTO emprega_gravacao (id_gravacao, id_pessoa) VALUES ('91','5098');
INSERT INTO pessoa (id_pessoa, tipo_documento,documento,nome,data_nascimento,nome_pais_origem) VALUES ('5099','PASS','000113523','Flebbe','19740110','Barbados');
INSERT INTO emprega_gravacao (id_gravacao, id_pessoa) VALUES ('91','5099');
INSERT INTO pessoa (id_pessoa, tipo_documento,documento,nome,data_nascimento,nome_pais_origem) VALUES ('5100','PASS','000214278','Bolstad','19830922','Bangladesh');
INSERT INTO emprega_gravacao (id_gravacao, id_pessoa) VALUES ('91','5100');
INSERT INTO pessoa (id_pessoa, tipo_documento,documento,nome,data_nascimento,nome_pais_origem) VALUES ('5101','PASS','000596476','Gabriele','19850918','Bahrain');
INSERT INTO emprega_gravacao (id_gravacao, id_pessoa) VALUES ('91','5101');
INSERT INTO pessoa (id_pessoa, tipo_documento,documento,nome,data_nascimento,nome_pais_origem) VALUES ('5102','PASS','000966752','Aliment','19830317','Afghanistan');
INSERT INTO emprega_gravacao (id_gravacao, id_pessoa) VALUES ('91','5102');
INSERT INTO pessoa (id_pessoa, tipo_documento,documento,nome,data_nascimento,nome_pais_origem) VALUES ('5103','PASS','000947657','Geney','19711103','Turkey');
INSERT INTO emprega_gravacao (id_gravacao, id_pessoa) VALUES ('91','5103');
INSERT INTO pessoa (id_pessoa, tipo_documento,documento,nome,data_nascimento,nome_pais_origem) VALUES ('5104','PASS','000142945','Aulder','19880922','Brazil');
INSERT INTO emprega_gravacao (id_gravacao, id_pessoa) VALUES ('91','5104');
INSERT INTO pessoa (id_pessoa, tipo_documento,documento,nome,data_nascimento,nome_pais_origem) VALUES ('5105','PASS','000734814','Firlit','19700513','Uzbekistan');
INSERT INTO emprega_gravacao (id_gravacao, id_pessoa) VALUES ('91','5105');
INSERT INTO pessoa (id_pessoa, tipo_documento,documento,nome,data_nascimento,nome_pais_origem) VALUES ('5106','PASS','000319303','Dapinto','19841213','Azerbaijan');
INSERT INTO emprega_gravacao (id_gravacao, id_pessoa) VALUES ('91','5106');
INSERT INTO pessoa (id_pessoa, tipo_documento,documento,nome,data_nascimento,nome_pais_origem) VALUES ('5107','PASS','000841325','Donegan','19801216','Australia');
INSERT INTO emprega_gravacao (id_gravacao, id_pessoa) VALUES ('91','5107');
INSERT INTO pessoa (id_pessoa, tipo_documento,documento,nome,data_nascimento,nome_pais_origem) VALUES ('5108','PASS','000211944','Egner','19740208','Costa');
INSERT INTO emprega_gravacao (id_gravacao, id_pessoa) VALUES ('91','5108');
INSERT INTO pessoa (id_pessoa, tipo_documento,documento,nome,data_nascimento,nome_pais_origem) VALUES ('5109','PASS','000320488','Ailene','19830225','New');
INSERT INTO emprega_gravacao (id_gravacao, id_pessoa) VALUES ('91','5109');
INSERT INTO pessoa (id_pessoa, tipo_documento,documento,nome,data_nascimento,nome_pais_origem) VALUES ('5110','PASS','000875685','Foxx','19791205','Iraq');
INSERT INTO emprega_gravacao (id_gravacao, id_pessoa) VALUES ('91','5110');
INSERT INTO pessoa (id_pessoa, tipo_documento,documento,nome,data_nascimento,nome_pais_origem) VALUES ('5111','PASS','000290189','Falkenhagen','19781024','Austria');
INSERT INTO emprega_gravacao (id_gravacao, id_pessoa) VALUES ('91','5111');
INSERT INTO pessoa (id_pessoa, tipo_documento,documento,nome,data_nascimento,nome_pais_origem) VALUES ('5112','PASS','000427586','Baver','19780621','Philippines');
INSERT INTO emprega_gravacao (id_gravacao, id_pessoa) VALUES ('91','5112');
INSERT INTO pessoa (id_pessoa, tipo_documento,documento,nome,data_nascimento,nome_pais_origem) VALUES ('5113','PASS','000650727','Gagnier','19780910','Australia');
INSERT INTO emprega_gravacao (id_gravacao, id_pessoa) VALUES ('91','5113');
INSERT INTO pessoa (id_pessoa, tipo_documento,documento,nome,data_nascimento,nome_pais_origem) VALUES ('5114','PASS','000218960','Alisauskas','19780927','Serbia');
INSERT INTO emprega_gravacao (id_gravacao, id_pessoa) VALUES ('91','5114');
INSERT INTO pessoa (id_pessoa, tipo_documento,documento,nome,data_nascimento,nome_pais_origem) VALUES ('5115','PASS','000915768','Garst','19711225','Slovakia');
INSERT INTO emprega_gravacao (id_gravacao, id_pessoa) VALUES ('91','5115');
INSERT INTO pessoa (id_pessoa, tipo_documento,documento,nome,data_nascimento,nome_pais_origem) VALUES ('5116','PASS','000407838','Danser','19820206','Turkey');
INSERT INTO emprega_gravacao (id_gravacao, id_pessoa) VALUES ('91','5116');
INSERT INTO pessoa (id_pessoa, tipo_documento,documento,nome,data_nascimento,nome_pais_origem) VALUES ('5117','PASS','000395968','Crites','19820315','Egypt');
INSERT INTO emprega_gravacao (id_gravacao, id_pessoa) VALUES ('91','5117');
INSERT INTO pessoa (id_pessoa, tipo_documento,documento,nome,data_nascimento,nome_pais_origem) VALUES ('5118','PASS','000359986','Fahner','19730707','Bangladesh');
INSERT INTO emprega_gravacao (id_gravacao, id_pessoa) VALUES ('91','5118');
INSERT INTO pessoa (id_pessoa, tipo_documento,documento,nome,data_nascimento,nome_pais_origem) VALUES ('5119','PASS','000711881','Carrea','19750203','Paraguay');
INSERT INTO emprega_gravacao (id_gravacao, id_pessoa) VALUES ('91','5119');
INSERT INTO equipe_de_gravacao (id_gravacao,nome_empresa) VALUES ('92','FQFEEVR');
INSERT INTO pessoa (id_pessoa, tipo_documento,documento,nome,data_nascimento,nome_pais_origem) VALUES ('5120','PASS','000204829','Bartko','19731127','Paraguay');
INSERT INTO emprega_gravacao (id_gravacao, id_pessoa) VALUES ('92','5120');
INSERT INTO pessoa (id_pessoa, tipo_documento,documento,nome,data_nascimento,nome_pais_origem) VALUES ('5121','PASS','000683954','Bongiovanni','19720411','Lithuania');
INSERT INTO emprega_gravacao (id_gravacao, id_pessoa) VALUES ('92','5121');
INSERT INTO pessoa (id_pessoa, tipo_documento,documento,nome,data_nascimento,nome_pais_origem) VALUES ('5122','PASS','000226435','Bassuk','19840804','Thailand');
INSERT INTO emprega_gravacao (id_gravacao, id_pessoa) VALUES ('92','5122');
INSERT INTO pessoa (id_pessoa, tipo_documento,documento,nome,data_nascimento,nome_pais_origem) VALUES ('5123','PASS','000160857','Duderstadt','19811209','Georgia');
INSERT INTO emprega_gravacao (id_gravacao, id_pessoa) VALUES ('92','5123');
INSERT INTO pessoa (id_pessoa, tipo_documento,documento,nome,data_nascimento,nome_pais_origem) VALUES ('5124','PASS','000747542','Fulmer','19740527','Bangladesh');
INSERT INTO emprega_gravacao (id_gravacao, id_pessoa) VALUES ('92','5124');
INSERT INTO pessoa (id_pessoa, tipo_documento,documento,nome,data_nascimento,nome_pais_origem) VALUES ('5125','PASS','000641236','Bern','19790424','Belarus');
INSERT INTO emprega_gravacao (id_gravacao, id_pessoa) VALUES ('92','5125');
INSERT INTO pessoa (id_pessoa, tipo_documento,documento,nome,data_nascimento,nome_pais_origem) VALUES ('5126','PASS','000613664','Canetta','19740811','Iran');
INSERT INTO emprega_gravacao (id_gravacao, id_pessoa) VALUES ('92','5126');
INSERT INTO pessoa (id_pessoa, tipo_documento,documento,nome,data_nascimento,nome_pais_origem) VALUES ('5127','PASS','000281818','Cradler','19880503','Egypt');
INSERT INTO emprega_gravacao (id_gravacao, id_pessoa) VALUES ('92','5127');
INSERT INTO equipe_de_gravacao (id_gravacao,nome_empresa) VALUES ('93','ZJYMEIE');
INSERT INTO pessoa (id_pessoa, tipo_documento,documento,nome,data_nascimento,nome_pais_origem) VALUES ('5128','PASS','000630904','Godbey','19771103','Cuba');
INSERT INTO emprega_gravacao (id_gravacao, id_pessoa) VALUES ('93','5128');
INSERT INTO pessoa (id_pessoa, tipo_documento,documento,nome,data_nascimento,nome_pais_origem) VALUES ('5129','PASS','000124430','Callin','19760421','Estonia');
INSERT INTO emprega_gravacao (id_gravacao, id_pessoa) VALUES ('93','5129');
INSERT INTO pessoa (id_pessoa, tipo_documento,documento,nome,data_nascimento,nome_pais_origem) VALUES ('5130','PASS','000997871','Ancrum','19830410','Barbados');
INSERT INTO emprega_gravacao (id_gravacao, id_pessoa) VALUES ('93','5130');
INSERT INTO pessoa (id_pessoa, tipo_documento,documento,nome,data_nascimento,nome_pais_origem) VALUES ('5131','PASS','000199494','Antonopoulos','19890821','Greece');
INSERT INTO emprega_gravacao (id_gravacao, id_pessoa) VALUES ('93','5131');
INSERT INTO pessoa (id_pessoa, tipo_documento,documento,nome,data_nascimento,nome_pais_origem) VALUES ('5132','PASS','000474366','Dellos','19770611','Iran');
INSERT INTO emprega_gravacao (id_gravacao, id_pessoa) VALUES ('93','5132');
INSERT INTO pessoa (id_pessoa, tipo_documento,documento,nome,data_nascimento,nome_pais_origem) VALUES ('5133','PASS','000238006','Enyart','19740316','Mozambique');
INSERT INTO emprega_gravacao (id_gravacao, id_pessoa) VALUES ('93','5133');
INSERT INTO pessoa (id_pessoa, tipo_documento,documento,nome,data_nascimento,nome_pais_origem) VALUES ('5134','PASS','000606867','Gillins','19740119','China');
INSERT INTO emprega_gravacao (id_gravacao, id_pessoa) VALUES ('93','5134');
INSERT INTO pessoa (id_pessoa, tipo_documento,documento,nome,data_nascimento,nome_pais_origem) VALUES ('5135','PASS','000986058','Geyette','19830518','Uruguay');
INSERT INTO emprega_gravacao (id_gravacao, id_pessoa) VALUES ('93','5135');
INSERT INTO pessoa (id_pessoa, tipo_documento,documento,nome,data_nascimento,nome_pais_origem) VALUES ('5136','PASS','000403785','Demmer','19820517','Lithuania');
INSERT INTO emprega_gravacao (id_gravacao, id_pessoa) VALUES ('93','5136');
INSERT INTO pessoa (id_pessoa, tipo_documento,documento,nome,data_nascimento,nome_pais_origem) VALUES ('5137','PASS','000105900','Andreessen','19850703','New');
INSERT INTO emprega_gravacao (id_gravacao, id_pessoa) VALUES ('93','5137');
INSERT INTO pessoa (id_pessoa, tipo_documento,documento,nome,data_nascimento,nome_pais_origem) VALUES ('5138','PASS','000335498','Bel','19830211','Thailand');
INSERT INTO emprega_gravacao (id_gravacao, id_pessoa) VALUES ('93','5138');
INSERT INTO pessoa (id_pessoa, tipo_documento,documento,nome,data_nascimento,nome_pais_origem) VALUES ('5139','PASS','000900369','Fullington','19700521','Indonesia');
INSERT INTO emprega_gravacao (id_gravacao, id_pessoa) VALUES ('93','5139');
INSERT INTO pessoa (id_pessoa, tipo_documento,documento,nome,data_nascimento,nome_pais_origem) VALUES ('5140','PASS','000724585','Constantin','19720626','Bulgaria');
INSERT INTO emprega_gravacao (id_gravacao, id_pessoa) VALUES ('93','5140');
INSERT INTO pessoa (id_pessoa, tipo_documento,documento,nome,data_nascimento,nome_pais_origem) VALUES ('5141','PASS','000413274','Galvani','19810611','Luxembourg');
INSERT INTO emprega_gravacao (id_gravacao, id_pessoa) VALUES ('93','5141');
INSERT INTO pessoa (id_pessoa, tipo_documento,documento,nome,data_nascimento,nome_pais_origem) VALUES ('5142','PASS','000364580','Dunkel','19850812','Finland');
INSERT INTO emprega_gravacao (id_gravacao, id_pessoa) VALUES ('93','5142');
INSERT INTO pessoa (id_pessoa, tipo_documento,documento,nome,data_nascimento,nome_pais_origem) VALUES ('5143','PASS','000740251','Depont','19710502','Germany');
INSERT INTO emprega_gravacao (id_gravacao, id_pessoa) VALUES ('93','5143');
INSERT INTO pessoa (id_pessoa, tipo_documento,documento,nome,data_nascimento,nome_pais_origem) VALUES ('5144','PASS','000151221','Goncalves','19821122','Liechtenstein');
INSERT INTO emprega_gravacao (id_gravacao, id_pessoa) VALUES ('93','5144');
INSERT INTO pessoa (id_pessoa, tipo_documento,documento,nome,data_nascimento,nome_pais_origem) VALUES ('5145','PASS','000135306','Benderman','19880917','Albania');
INSERT INTO emprega_gravacao (id_gravacao, id_pessoa) VALUES ('93','5145');
INSERT INTO pessoa (id_pessoa, tipo_documento,documento,nome,data_nascimento,nome_pais_origem) VALUES ('5146','PASS','000534896','Bouwman','19790223','Bangladesh');
INSERT INTO emprega_gravacao (id_gravacao, id_pessoa) VALUES ('93','5146');
INSERT INTO pessoa (id_pessoa, tipo_documento,documento,nome,data_nascimento,nome_pais_origem) VALUES ('5147','PASS','000299688','Eacret','19861208','Philippines');
INSERT INTO emprega_gravacao (id_gravacao, id_pessoa) VALUES ('93','5147');
INSERT INTO pessoa (id_pessoa, tipo_documento,documento,nome,data_nascimento,nome_pais_origem) VALUES ('5148','PASS','000217652','Demian','19871016','Mozambique');
INSERT INTO emprega_gravacao (id_gravacao, id_pessoa) VALUES ('93','5148');
INSERT INTO pessoa (id_pessoa, tipo_documento,documento,nome,data_nascimento,nome_pais_origem) VALUES ('5149','PASS','000770405','Brundrett','19811010','Nicaragua');
INSERT INTO emprega_gravacao (id_gravacao, id_pessoa) VALUES ('93','5149');
INSERT INTO pessoa (id_pessoa, tipo_documento,documento,nome,data_nascimento,nome_pais_origem) VALUES ('5150','PASS','000700868','Detrick','19810427','Sweden');
INSERT INTO emprega_gravacao (id_gravacao, id_pessoa) VALUES ('93','5150');
INSERT INTO equipe_de_gravacao (id_gravacao,nome_empresa) VALUES ('94','XBONXPM');
INSERT INTO pessoa (id_pessoa, tipo_documento,documento,nome,data_nascimento,nome_pais_origem) VALUES ('5151','PASS','000437519','Claribel','19750612','Sweden');
INSERT INTO emprega_gravacao (id_gravacao, id_pessoa) VALUES ('94','5151');
INSERT INTO pessoa (id_pessoa, tipo_documento,documento,nome,data_nascimento,nome_pais_origem) VALUES ('5152','PASS','000925446','Balko','19761020','Belarus');
INSERT INTO emprega_gravacao (id_gravacao, id_pessoa) VALUES ('94','5152');
INSERT INTO pessoa (id_pessoa, tipo_documento,documento,nome,data_nascimento,nome_pais_origem) VALUES ('5153','PASS','000124568','Canfield','19700603','Azerbaijan');
INSERT INTO emprega_gravacao (id_gravacao, id_pessoa) VALUES ('94','5153');
INSERT INTO pessoa (id_pessoa, tipo_documento,documento,nome,data_nascimento,nome_pais_origem) VALUES ('5154','PASS','000734077','Abbie','19840118','Lithuania');
INSERT INTO emprega_gravacao (id_gravacao, id_pessoa) VALUES ('94','5154');
INSERT INTO pessoa (id_pessoa, tipo_documento,documento,nome,data_nascimento,nome_pais_origem) VALUES ('5155','PASS','000149288','Besch','19730211','Luxembourg');
INSERT INTO emprega_gravacao (id_gravacao, id_pessoa) VALUES ('94','5155');
INSERT INTO equipe_de_gravacao (id_gravacao,nome_empresa) VALUES ('95','SYHYQHJ');
INSERT INTO pessoa (id_pessoa, tipo_documento,documento,nome,data_nascimento,nome_pais_origem) VALUES ('5156','PASS','000601414','Gruen','19740417','Sweden');
INSERT INTO emprega_gravacao (id_gravacao, id_pessoa) VALUES ('95','5156');
INSERT INTO pessoa (id_pessoa, tipo_documento,documento,nome,data_nascimento,nome_pais_origem) VALUES ('5157','PASS','000734189','Gosha','19720504','Netherlands');
INSERT INTO emprega_gravacao (id_gravacao, id_pessoa) VALUES ('95','5157');
INSERT INTO equipe_de_gravacao (id_gravacao,nome_empresa) VALUES ('96','PZSCQLW');
INSERT INTO pessoa (id_pessoa, tipo_documento,documento,nome,data_nascimento,nome_pais_origem) VALUES ('5158','PASS','000472970','Blankenbecler','19861127','Poland');
INSERT INTO emprega_gravacao (id_gravacao, id_pessoa) VALUES ('96','5158');
INSERT INTO pessoa (id_pessoa, tipo_documento,documento,nome,data_nascimento,nome_pais_origem) VALUES ('5159','PASS','000110326','Gatza','19821213','Chad');
INSERT INTO emprega_gravacao (id_gravacao, id_pessoa) VALUES ('96','5159');
INSERT INTO pessoa (id_pessoa, tipo_documento,documento,nome,data_nascimento,nome_pais_origem) VALUES ('5160','PASS','000555702','Ballif','19871219','Germany');
INSERT INTO emprega_gravacao (id_gravacao, id_pessoa) VALUES ('96','5160');
INSERT INTO pessoa (id_pessoa, tipo_documento,documento,nome,data_nascimento,nome_pais_origem) VALUES ('5161','PASS','000379498','Delzell','19710616','Spain');
INSERT INTO emprega_gravacao (id_gravacao, id_pessoa) VALUES ('96','5161');
INSERT INTO equipe_de_gravacao (id_gravacao,nome_empresa) VALUES ('97','BPTWQIF');
INSERT INTO pessoa (id_pessoa, tipo_documento,documento,nome,data_nascimento,nome_pais_origem) VALUES ('5162','PASS','000826384','Allenbaugh','19710213','Zealand');
INSERT INTO emprega_gravacao (id_gravacao, id_pessoa) VALUES ('97','5162');
INSERT INTO pessoa (id_pessoa, tipo_documento,documento,nome,data_nascimento,nome_pais_origem) VALUES ('5163','PASS','000800102','Ballen','19800116','Greece');
INSERT INTO emprega_gravacao (id_gravacao, id_pessoa) VALUES ('97','5163');
INSERT INTO pessoa (id_pessoa, tipo_documento,documento,nome,data_nascimento,nome_pais_origem) VALUES ('5164','PASS','000500766','Fendler','19770514','Bulgaria');
INSERT INTO emprega_gravacao (id_gravacao, id_pessoa) VALUES ('97','5164');
INSERT INTO equipe_de_gravacao (id_gravacao,nome_empresa) VALUES ('98','BZOWFVH');
INSERT INTO pessoa (id_pessoa, tipo_documento,documento,nome,data_nascimento,nome_pais_origem) VALUES ('5165','PASS','000364495','Agib','19770816','Estonia');
INSERT INTO emprega_gravacao (id_gravacao, id_pessoa) VALUES ('98','5165');
INSERT INTO pessoa (id_pessoa, tipo_documento,documento,nome,data_nascimento,nome_pais_origem) VALUES ('5166','PASS','000947847','Cutsinger','19741117','Belarus');
INSERT INTO emprega_gravacao (id_gravacao, id_pessoa) VALUES ('98','5166');
INSERT INTO pessoa (id_pessoa, tipo_documento,documento,nome,data_nascimento,nome_pais_origem) VALUES ('5167','PASS','000236995','Demerchant','19840622','China');
INSERT INTO emprega_gravacao (id_gravacao, id_pessoa) VALUES ('98','5167');
INSERT INTO pessoa (id_pessoa, tipo_documento,documento,nome,data_nascimento,nome_pais_origem) VALUES ('5168','PASS','000200947','Councilman','19751119','Costa');
INSERT INTO emprega_gravacao (id_gravacao, id_pessoa) VALUES ('98','5168');
INSERT INTO pessoa (id_pessoa, tipo_documento,documento,nome,data_nascimento,nome_pais_origem) VALUES ('5169','PASS','000928709','Alalem','19831106','Finland');
INSERT INTO emprega_gravacao (id_gravacao, id_pessoa) VALUES ('98','5169');
INSERT INTO pessoa (id_pessoa, tipo_documento,documento,nome,data_nascimento,nome_pais_origem) VALUES ('5170','PASS','000917136','Burkart','19740708','Liechtenstein');
INSERT INTO emprega_gravacao (id_gravacao, id_pessoa) VALUES ('98','5170');
INSERT INTO pessoa (id_pessoa, tipo_documento,documento,nome,data_nascimento,nome_pais_origem) VALUES ('5171','PASS','000309548','Galimore','19780318','Denmark');
INSERT INTO emprega_gravacao (id_gravacao, id_pessoa) VALUES ('98','5171');
INSERT INTO pessoa (id_pessoa, tipo_documento,documento,nome,data_nascimento,nome_pais_origem) VALUES ('5172','PASS','000323015','Amolsch','19791104','Uzbekistan');
INSERT INTO emprega_gravacao (id_gravacao, id_pessoa) VALUES ('98','5172');
INSERT INTO pessoa (id_pessoa, tipo_documento,documento,nome,data_nascimento,nome_pais_origem) VALUES ('5173','PASS','000180391','Corsello','19850409','Syria');
INSERT INTO emprega_gravacao (id_gravacao, id_pessoa) VALUES ('98','5173');
INSERT INTO pessoa (id_pessoa, tipo_documento,documento,nome,data_nascimento,nome_pais_origem) VALUES ('5174','PASS','000835430','Coltrain','19890303','Ukraine');
INSERT INTO emprega_gravacao (id_gravacao, id_pessoa) VALUES ('98','5174');
INSERT INTO pessoa (id_pessoa, tipo_documento,documento,nome,data_nascimento,nome_pais_origem) VALUES ('5175','PASS','000329748','Dixion','19771122','Algeria');
INSERT INTO emprega_gravacao (id_gravacao, id_pessoa) VALUES ('98','5175');
INSERT INTO pessoa (id_pessoa, tipo_documento,documento,nome,data_nascimento,nome_pais_origem) VALUES ('5176','PASS','000460154','Culley','19760111','Chad');
INSERT INTO emprega_gravacao (id_gravacao, id_pessoa) VALUES ('98','5176');
INSERT INTO pessoa (id_pessoa, tipo_documento,documento,nome,data_nascimento,nome_pais_origem) VALUES ('5177','PASS','000942865','Brando','19800926','China');
INSERT INTO emprega_gravacao (id_gravacao, id_pessoa) VALUES ('98','5177');
INSERT INTO pessoa (id_pessoa, tipo_documento,documento,nome,data_nascimento,nome_pais_origem) VALUES ('5178','PASS','000781605','Feezor','19750925','Senegal');
INSERT INTO emprega_gravacao (id_gravacao, id_pessoa) VALUES ('98','5178');
INSERT INTO pessoa (id_pessoa, tipo_documento,documento,nome,data_nascimento,nome_pais_origem) VALUES ('5179','PASS','000657260','Feil','19881110','Georgia');
INSERT INTO emprega_gravacao (id_gravacao, id_pessoa) VALUES ('98','5179');
INSERT INTO pessoa (id_pessoa, tipo_documento,documento,nome,data_nascimento,nome_pais_origem) VALUES ('5180','PASS','000483074','Delashmutt','19750209','Singapore');
INSERT INTO emprega_gravacao (id_gravacao, id_pessoa) VALUES ('98','5180');
INSERT INTO pessoa (id_pessoa, tipo_documento,documento,nome,data_nascimento,nome_pais_origem) VALUES ('5181','PASS','000411196','Fiumara','19730509','Serbia');
INSERT INTO emprega_gravacao (id_gravacao, id_pessoa) VALUES ('98','5181');
INSERT INTO equipe_de_gravacao (id_gravacao,nome_empresa) VALUES ('99','YQUZVQG');
INSERT INTO pessoa (id_pessoa, tipo_documento,documento,nome,data_nascimento,nome_pais_origem) VALUES ('5182','PASS','000793412','Carico','19890201','Albania');
INSERT INTO emprega_gravacao (id_gravacao, id_pessoa) VALUES ('99','5182');
INSERT INTO pessoa (id_pessoa, tipo_documento,documento,nome,data_nascimento,nome_pais_origem) VALUES ('5183','PASS','000534966','Blommer','19860505','Nicaragua');
INSERT INTO emprega_gravacao (id_gravacao, id_pessoa) VALUES ('99','5183');
INSERT INTO pessoa (id_pessoa, tipo_documento,documento,nome,data_nascimento,nome_pais_origem) VALUES ('5184','PASS','000310195','Devenecia','19870401','Mexico');
INSERT INTO emprega_gravacao (id_gravacao, id_pessoa) VALUES ('99','5184');
INSERT INTO pessoa (id_pessoa, tipo_documento,documento,nome,data_nascimento,nome_pais_origem) VALUES ('5185','PASS','000841103','Endorf','19880709','Mongolia');
INSERT INTO emprega_gravacao (id_gravacao, id_pessoa) VALUES ('99','5185');
INSERT INTO pessoa (id_pessoa, tipo_documento,documento,nome,data_nascimento,nome_pais_origem) VALUES ('5186','PASS','000198744','Brost','19760315','Denmark');
INSERT INTO emprega_gravacao (id_gravacao, id_pessoa) VALUES ('99','5186');
INSERT INTO equipe_de_gravacao (id_gravacao,nome_empresa) VALUES ('100','HIBUKPI');
INSERT INTO pessoa (id_pessoa, tipo_documento,documento,nome,data_nascimento,nome_pais_origem) VALUES ('5187','PASS','000453427','Bernabe','19711024','Bulgaria');
INSERT INTO emprega_gravacao (id_gravacao, id_pessoa) VALUES ('100','5187');
INSERT INTO pessoa (id_pessoa, tipo_documento,documento,nome,data_nascimento,nome_pais_origem) VALUES ('5188','PASS','000979909','Antonetty','19870907','Bahrain');
INSERT INTO emprega_gravacao (id_gravacao, id_pessoa) VALUES ('100','5188');
INSERT INTO pessoa (id_pessoa, tipo_documento,documento,nome,data_nascimento,nome_pais_origem) VALUES ('5189','PASS','000218791','Banwell','19860316','Senegal');
INSERT INTO emprega_gravacao (id_gravacao, id_pessoa) VALUES ('100','5189');
INSERT INTO pessoa (id_pessoa, tipo_documento,documento,nome,data_nascimento,nome_pais_origem) VALUES ('5190','PASS','000394793','Garsia','19870109','Syria');
INSERT INTO emprega_gravacao (id_gravacao, id_pessoa) VALUES ('100','5190');
INSERT INTO pessoa (id_pessoa, tipo_documento,documento,nome,data_nascimento,nome_pais_origem) VALUES ('5191','PASS','000754084','Ambrister','19840413','Switzerland');
INSERT INTO emprega_gravacao (id_gravacao, id_pessoa) VALUES ('100','5191');
INSERT INTO pessoa (id_pessoa, tipo_documento,documento,nome,data_nascimento,nome_pais_origem) VALUES ('5192','PASS','000510132','Colpaert','19890804','Bulgaria');
INSERT INTO emprega_gravacao (id_gravacao, id_pessoa) VALUES ('100','5192');
INSERT INTO pessoa (id_pessoa, tipo_documento,documento,nome,data_nascimento,nome_pais_origem) VALUES ('5193','PASS','000673522','Devora','19830723','Liechtenstein');
INSERT INTO emprega_gravacao (id_gravacao, id_pessoa) VALUES ('100','5193');
INSERT INTO pessoa (id_pessoa, tipo_documento,documento,nome,data_nascimento,nome_pais_origem) VALUES ('5194','PASS','000177778','Bronaugh','19891108','Paraguay');
INSERT INTO emprega_gravacao (id_gravacao, id_pessoa) VALUES ('100','5194');
INSERT INTO pessoa (id_pessoa, tipo_documento,documento,nome,data_nascimento,nome_pais_origem) VALUES ('5195','PASS','000319256','Gracia','19811017','Hungary');
INSERT INTO emprega_gravacao (id_gravacao, id_pessoa) VALUES ('100','5195');
INSERT INTO pessoa (id_pessoa, tipo_documento,documento,nome,data_nascimento,nome_pais_origem) VALUES ('5196','PASS','000591757','Bryan','19710226','Cuba');
INSERT INTO emprega_gravacao (id_gravacao, id_pessoa) VALUES ('100','5196');
INSERT INTO pessoa (id_pessoa, tipo_documento,documento,nome,data_nascimento,nome_pais_origem) VALUES ('5197','PASS','000835617','Catignani','19770610','Slovakia');
INSERT INTO emprega_gravacao (id_gravacao, id_pessoa) VALUES ('100','5197');
INSERT INTO pessoa (id_pessoa, tipo_documento,documento,nome,data_nascimento,nome_pais_origem) VALUES ('5198','PASS','000883388','Edgeman','19840125','Romania');
INSERT INTO emprega_gravacao (id_gravacao, id_pessoa) VALUES ('100','5198');
INSERT INTO pessoa (id_pessoa, tipo_documento,documento,nome,data_nascimento,nome_pais_origem) VALUES ('5199','PASS','000877526','Foell','19830810','Austria');
INSERT INTO emprega_gravacao (id_gravacao, id_pessoa) VALUES ('100','5199');
INSERT INTO pessoa (id_pessoa, tipo_documento,documento,nome,data_nascimento,nome_pais_origem) VALUES ('5200','PASS','000721266','Druckman','19760322','Austria');
INSERT INTO emprega_gravacao (id_gravacao, id_pessoa) VALUES ('100','5200');
INSERT INTO pessoa (id_pessoa, tipo_documento,documento,nome,data_nascimento,nome_pais_origem) VALUES ('5201','PASS','000560020','Colbeck','19820415','Australia');
INSERT INTO emprega_gravacao (id_gravacao, id_pessoa) VALUES ('100','5201');
INSERT INTO pessoa (id_pessoa, tipo_documento,documento,nome,data_nascimento,nome_pais_origem) VALUES ('5202','PASS','000514205','Faggins','19821221','Albania');
INSERT INTO emprega_gravacao (id_gravacao, id_pessoa) VALUES ('100','5202');
INSERT INTO pessoa (id_pessoa, tipo_documento,documento,nome,data_nascimento,nome_pais_origem) VALUES ('5203','PASS','000699821','Filak','19710725','Senegal');
INSERT INTO emprega_gravacao (id_gravacao, id_pessoa) VALUES ('100','5203');
INSERT INTO pessoa (id_pessoa, tipo_documento,documento,nome,data_nascimento,nome_pais_origem) VALUES ('5204','PASS','000171765','Broxton','19780122','Poland');
INSERT INTO emprega_gravacao (id_gravacao, id_pessoa) VALUES ('100','5204');
INSERT INTO pessoa (id_pessoa, tipo_documento,documento,nome,data_nascimento,nome_pais_origem) VALUES ('5205','PASS','000792780','Bellerdine','19820926','Afghanistan');
INSERT INTO emprega_gravacao (id_gravacao, id_pessoa) VALUES ('100','5205');
INSERT INTO pessoa (id_pessoa, tipo_documento,documento,nome,data_nascimento,nome_pais_origem) VALUES ('5206','PASS','000568360','Azure','19850624','Germany');
INSERT INTO emprega_gravacao (id_gravacao, id_pessoa) VALUES ('100','5206');
INSERT INTO pessoa (id_pessoa, tipo_documento,documento,nome,data_nascimento,nome_pais_origem) VALUES ('5207','PASS','000782780','Charnley','19720823','Senegal');
INSERT INTO emprega_gravacao (id_gravacao, id_pessoa) VALUES ('100','5207');
INSERT INTO pessoa (id_pessoa, tipo_documento,documento,nome,data_nascimento,nome_pais_origem) VALUES ('5208','PASS','000654980','Dewinne','19830114','Morocco');
INSERT INTO emprega_gravacao (id_gravacao, id_pessoa) VALUES ('100','5208');
